slug,title,asset_count,evidence_terms,representative_assets,reason_not_promoted,owner_decision,owner_notes
geometry,Geometry Coloring Pages,1457,geometry,mandala-geometry-patterns__mandala-geometry-patterns-abstract-mandala__29dbb1eecf; mandala-geometry-patterns__mandala-geometry-patterns-abstract-shapes__96fa3013f6; mandala__mandala-geometry-patterns-animal-mandala-fox__3e8e80a2fd; mandala-geometry-patterns__mandala-geometry-patterns-animal-plushie-hippo__12a7febf5c; mandala-geometry-patterns__mandala-geometry-patterns-bakery-animal-shaped-cookies__02c4796fed; mandala-geometry-patterns__mandala-geometry-patterns-bakery-apple-pie__572ed1fcfb; mandala-geometry-patterns__mandala-geometry-patterns-bakery-baguette__f3931efe05; mandala-geometry-patterns__mandala-geometry-patterns-bakery-baker-hat__85eb9a820b,Held back because the phrase came only from generic n-gram mining rather than a clear subject extractor.,,
anime-girl-summoning,Anime Girl Summoning Coloring Pages,332,anime girl summoning,anime-girls__anime-girl-summoning-angler-fish__89420344d6; anime-girls__anime-girl-summoning-angler-fish-plushies__120c0d8870; anime-girls__anime-girl-summoning-ants__6e07db07e6; anime-girls__anime-girl-summoning-australian-throny-devil-lizard__f64b34131c; anime-girls__anime-girl-summoning-australian-throny-devil-lizard-plushies__b0d3d85b97; anime-girls__anime-girl-summoning-bone-dragon__25525e8031; anime-girls__anime-girl-summoning-bone-dragon-plushies__ac4b8bc72d; anime-girls__anime-girl-summoning-broken-heart-emoji-plushies__eced4f0e1f,Held back because the phrase came only from generic n-gram mining rather than a clear subject extractor.,,
girl-summoning,Girl Summoning Coloring Pages,332,girl summoning,anime-girls__anime-girl-summoning-angler-fish__89420344d6; anime-girls__anime-girl-summoning-angler-fish-plushies__120c0d8870; anime-girls__anime-girl-summoning-ants__6e07db07e6; anime-girls__anime-girl-summoning-australian-throny-devil-lizard__f64b34131c; anime-girls__anime-girl-summoning-australian-throny-devil-lizard-plushies__b0d3d85b97; anime-girls__anime-girl-summoning-bone-dragon__25525e8031; anime-girls__anime-girl-summoning-bone-dragon-plushies__ac4b8bc72d; anime-girls__anime-girl-summoning-broken-heart-emoji-plushies__eced4f0e1f,Held back because the phrase came only from generic n-gram mining rather than a clear subject extractor.,,
holiday-birthday-celebration,Holiday Birthday Celebration Coloring Pages,190,holiday birthday celebration,holiday__holiday-birthday-celebration-cat__d6e01d08ac; holiday__holiday-birthday-celebration-dogs__88ef0db510; holiday__holiday-birthday-celebration-dragon__bc7966ef21; holiday__holiday-birthday-celebration-elf__ee13c4bcbe; holiday__holiday-birthday-celebration-fairy__0d952911e9; holiday__holiday-birthday-celebration-fire-dragon__de6f8bbf33; holiday__holiday-birthday-celebration-foxes__690e06eaa1; holiday__holiday-birthday-celebration-gnome__835212f9b9,Held back because the phrase came only from generic n-gram mining rather than a clear subject extractor.,,
holiday-christmas-plushie,Holiday Christmas Plushie Coloring Pages,183,holiday christmas plushie,holiday__holiday-christmas-plushie-alligator-family__e57629ca9d; holiday__holiday-christmas-plushie-alpaca-family__63b9b19a29; holiday__holiday-christmas-plushie-angelfish-family__cf957a69b5; holiday__holiday-christmas-plushie-anteater-family__5a1c5ed154; holiday__holiday-christmas-plushie-antelope-family__7a59ed3259; holiday__holiday-christmas-plushie-armadillo-family__1f1c5806aa; holiday__holiday-christmas-plushie-axolotl-family__0cc3764936; holiday__holiday-christmas-plushie-baby-alien-family__766caa4fec,Held back because the phrase came only from generic n-gram mining rather than a clear subject extractor.,,
halloween-costume-plushie,Halloween Costume Plushie Coloring Pages,161,halloween costume plushie,holiday__holiday-halloween-costume-plushie-alligator-family__34d6f58480; holiday__holiday-halloween-costume-plushie-alpaca-family__e871be9a53; holiday__holiday-halloween-costume-plushie-angelfish-family__69d0a12846; holiday__holiday-halloween-costume-plushie-anteater-family__1bcc40ecca; holiday__holiday-halloween-costume-plushie-antelope-family__6d1c6cb120; holiday__holiday-halloween-costume-plushie-armadillo-family__920cbb892f; holiday__holiday-halloween-costume-plushie-axolotl-family__934101625f; holiday__holiday-halloween-costume-plushie-baby-alien-family__2b6b4c6303,Held back because the phrase came only from generic n-gram mining rather than a clear subject extractor.,,
holiday-halloween-costume,Holiday Halloween Costume Coloring Pages,161,holiday halloween costume,holiday__holiday-halloween-costume-plushie-alligator-family__34d6f58480; holiday__holiday-halloween-costume-plushie-alpaca-family__e871be9a53; holiday__holiday-halloween-costume-plushie-angelfish-family__69d0a12846; holiday__holiday-halloween-costume-plushie-anteater-family__1bcc40ecca; holiday__holiday-halloween-costume-plushie-antelope-family__6d1c6cb120; holiday__holiday-halloween-costume-plushie-armadillo-family__920cbb892f; holiday__holiday-halloween-costume-plushie-axolotl-family__934101625f; holiday__holiday-halloween-costume-plushie-baby-alien-family__2b6b4c6303,Held back because the phrase came only from generic n-gram mining rather than a clear subject extractor.,,
birthday-celebration-plushie,Birthday Celebration Plushie Coloring Pages,157,birthday celebration plushie,holiday__holiday-birthday-celebration-plushie-alligator-family__88ffd48da0; holiday__holiday-birthday-celebration-plushie-alpaca-family__6c1d2b2765; holiday__holiday-birthday-celebration-plushie-angelfish-family__a79b6012eb; holiday__holiday-birthday-celebration-plushie-anteater-family__867a7d00ff; holiday__holiday-birthday-celebration-plushie-antelope-family__cf8835f947; holiday__holiday-birthday-celebration-plushie-armadillo-family__d6ad162889; holiday__holiday-birthday-celebration-plushie-axolotl-family__68b71fbde5; holiday__holiday-birthday-celebration-plushie-baby-alien-family__8cd588fa8c,Held back because the phrase came only from generic n-gram mining rather than a clear subject extractor.,,
japan,Japan Coloring Pages,111,japan,mandala-geometry-patterns__mandala-geometry-patterns-japan-archer-in-kyudo-style__dabb6ca10c; mandala-geometry-patterns__mandala-geometry-patterns-japan-autumn-maple-leaves__8af9f820a8; mandala-geometry-patterns__mandala-geometry-patterns-japan-awa-odori-dance__0572579546; mandala-geometry-patterns__mandala-geometry-patterns-japan-bamboo-forest__c0b4b1ffdf; mandala-geometry-patterns__mandala-geometry-patterns-japan-bon-odori-dancers__b3afdb4382; mandala-geometry-patterns__mandala-geometry-patterns-japan-buddhist-temple__c9359b333f; mandala-geometry-patterns__mandala-geometry-patterns-japan-cherry-blossom-festival__a8c1e3cec3; mandala-geometry-patterns__mandala-geometry-patterns-japan-cherry-blossom-park__b13d44b517,Held back because the phrase came only from generic n-gram mining rather than a clear subject extractor.,,
train-locomotive,Train Locomotive Coloring Pages,99,train locomotive,mandala-geometry-patterns__mandala-geometry-patterns-trains-locomotives-african-savanna-safari-trai__8343621f41; mandala-geometry-patterns__mandala-geometry-patterns-trains-locomotives-arctic-train-on-snowy-ice-r__f87dc94339; mandala-geometry-patterns__mandala-geometry-patterns-trains-locomotives-australian-outback-ghan-tra__f2c3f525d7; mandala-geometry-patterns__mandala-geometry-patterns-trains-locomotives-british-steam-heritage-trai__6969270142; mandala-geometry-patterns__mandala-geometry-patterns-trains-locomotives-cable-car-climbing-mountain__a2809b8c72; mandala-geometry-patterns__mandala-geometry-patterns-trains-locomotives-canadian-rocky-mountain-tou__6415302ec2; mandala-geometry-patterns__mandala-geometry-patterns-trains-locomotives-cargo-freight-train-with-bo__a0770cfa7a; mandala-geometry-patterns__mandala-geometry-patterns-trains-locomotives-cargo-freight-train-with-co__aa6ebc02d8,Held back because the phrase came only from generic n-gram mining rather than a clear subject extractor.,,
chibi-dungeon,Chibi Dungeon Coloring Pages,96,chibi dungeon,chibi__chibi-dungeon-adventure-bridge-over-lava__906729f5e5; chibi__chibi-dungeon-adventurer__767fe037cf; chibi__chibi-dungeon-adventurer-crystal-cavern__d4303d4069; chibi__chibi-dungeon-adventurer-party__fe4db74674; chibi__chibi-dungeon-ancient-altar__74b69399ca; chibi__chibi-dungeon-ancient-dungeon-map__71572891ce; chibi__chibi-dungeon-ancient-runestone__abe0a4f607; chibi__chibi-dungeon-ancient-treasure-map__b52be3eb75,Held back because the phrase came only from generic n-gram mining rather than a clear subject extractor.,,
chibi-holiday,Chibi Holiday Coloring Pages,93,chibi holiday,chibi__chibi-holiday-halloween-bat-colony-flying-in-night-sky-coloring-page__3624fb1d72; chibi__chibi-holiday-halloween-black-cat-peeking-out-of-pumpkin-coloring-page__c47ea723e5; chibi__chibi-holiday-halloween-black-cat-sitting-on-fence-under-moon-coloring-p__81d2ff4c89; chibi__chibi-holiday-halloween-candy-bucket-filled-with-treats-coloring-page__27d5c14d60; chibi__chibi-holiday-halloween-candy-corn-pattern-background-coloring-page__7e70d5d5ae; chibi__chibi-holiday-halloween-candy-stall-at-halloween-festival-coloring-page__50f8dcfa9b; chibi__chibi-holiday-halloween-candy-trail-leading-to-haunted-door-coloring-pag__64ae58c6d8; chibi__chibi-holiday-halloween-cauldron-bubbling-over-firewood-coloring-page__cea100bc43,Held back because the phrase came only from generic n-gram mining rather than a clear subject extractor.,,
chibi-holiday-halloween,Chibi Holiday Halloween Coloring Pages,93,chibi holiday halloween,chibi__chibi-holiday-halloween-bat-colony-flying-in-night-sky-coloring-page__3624fb1d72; chibi__chibi-holiday-halloween-black-cat-peeking-out-of-pumpkin-coloring-page__c47ea723e5; chibi__chibi-holiday-halloween-black-cat-sitting-on-fence-under-moon-coloring-p__81d2ff4c89; chibi__chibi-holiday-halloween-candy-bucket-filled-with-treats-coloring-page__27d5c14d60; chibi__chibi-holiday-halloween-candy-corn-pattern-background-coloring-page__7e70d5d5ae; chibi__chibi-holiday-halloween-candy-stall-at-halloween-festival-coloring-page__50f8dcfa9b; chibi__chibi-holiday-halloween-candy-trail-leading-to-haunted-door-coloring-pag__64ae58c6d8; chibi__chibi-holiday-halloween-cauldron-bubbling-over-firewood-coloring-page__cea100bc43,Held back because the phrase came only from generic n-gram mining rather than a clear subject extractor.,,
geometry-patterns-bakery,Geometry Patterns Bakery Coloring Pages,93,geometry patterns bakery,mandala-geometry-patterns__mandala-geometry-patterns-bakery-animal-shaped-cookies__02c4796fed; mandala-geometry-patterns__mandala-geometry-patterns-bakery-apple-pie__572ed1fcfb; mandala-geometry-patterns__mandala-geometry-patterns-bakery-baguette__f3931efe05; mandala-geometry-patterns__mandala-geometry-patterns-bakery-baker-hat__85eb9a820b; mandala-geometry-patterns__mandala-geometry-patterns-bakery-baker-holding-bread__b1725567be; mandala-geometry-patterns__mandala-geometry-patterns-bakery-bakery-shop-front__81c0dea658; mandala-geometry-patterns__mandala-geometry-patterns-bakery-bakery-shop-interior__e25e3e5dee; mandala-geometry-patterns__mandala-geometry-patterns-bakery-baking-classroom__0a96a3953d,Held back because the phrase came only from generic n-gram mining rather than a clear subject extractor.,,
patterns-bakery,Patterns Bakery Coloring Pages,93,patterns bakery,mandala-geometry-patterns__mandala-geometry-patterns-bakery-animal-shaped-cookies__02c4796fed; mandala-geometry-patterns__mandala-geometry-patterns-bakery-apple-pie__572ed1fcfb; mandala-geometry-patterns__mandala-geometry-patterns-bakery-baguette__f3931efe05; mandala-geometry-patterns__mandala-geometry-patterns-bakery-baker-hat__85eb9a820b; mandala-geometry-patterns__mandala-geometry-patterns-bakery-baker-holding-bread__b1725567be; mandala-geometry-patterns__mandala-geometry-patterns-bakery-bakery-shop-front__81c0dea658; mandala-geometry-patterns__mandala-geometry-patterns-bakery-bakery-shop-interior__e25e3e5dee; mandala-geometry-patterns__mandala-geometry-patterns-bakery-baking-classroom__0a96a3953d,Held back because the phrase came only from generic n-gram mining rather than a clear subject extractor.,,
creatures,Creatures Coloring Pages,91,creatures,anime-girls__anime-girl-summoning-mushroom-creatures__4c90291dfd; fantasy__fantasy-creatures-banshee-mist__4b9702ab40; fantasy__fantasy-creatures-basilisk__8210607aef; fantasy__fantasy-creatures-centaur__98c12013d2; fantasy__fantasy-creatures-centaur-archer__906c4fd1a5; fantasy__fantasy-creatures-chimera__f75d9f22a7; fantasy__fantasy-creatures-chimera-cliff__d7c2c2f6b4; fantasy__fantasy-creatures-cockatrice-nest__eb62ef98e5,Held back because the phrase came only from generic n-gram mining rather than a clear subject extractor.,,
gardening-mushroom,Gardening Mushroom Coloring Pages,80,gardening mushroom,gardening__gardening-mushroom__e69ff4758c; gardening__gardening-mushroom-angry-cup-fungus-character__9d5610d95b; gardening__gardening-mushroom-artists-conk__7cc9f80fcb; gardening__gardening-mushroom-bay-bolete__4ee30b4305; gardening__gardening-mushroom-beech-mushroom__e19662eaaf; gardening__gardening-mushroom-biolu-minescent-forest-scene__abf83c6370; gardening__gardening-mushroom-birch-bolete__2312788246; gardening__gardening-mushroom-birch-polypore__337bc52c4b,Held back because the phrase came only from generic n-gram mining rather than a clear subject extractor.,,
roll,Roll Coloring Pages,71,roll,mandala-geometry-patterns__mandala-geometry-patterns-bakery-cinnamon-roll__8a420aa6ff; mandala-geometry-patterns__mandala-geometry-patterns-sushi-alaska-roll__14d367c215; mandala-geometry-patterns__mandala-geometry-patterns-sushi-avocado-dragon-roll__0b7ba2cde8; mandala-geometry-patterns__mandala-geometry-patterns-sushi-baked-scallop-roll__e74e82c71d; mandala-geometry-patterns__mandala-geometry-patterns-sushi-bento-box-kawaii-roll-tuna__393d9cd66c; mandala-geometry-patterns__mandala-geometry-patterns-sushi-california-roll__0ad68615e7; mandala-geometry-patterns__mandala-geometry-patterns-sushi-cartoon-snow-crab-roll__37bf46950d; mandala-geometry-patterns__mandala-geometry-patterns-sushi-cartoon-spider-roll__5c40f77da3,Held back because the phrase came only from generic n-gram mining rather than a clear subject extractor.,,
landmarks,Landmarks Coloring Pages,47,landmarks,world-landmarks__world-landmarks__4ccae2c33f; world-landmarks__world-landmarks-abu-simbel-temples__46e1dff5bc; world-landmarks__world-landmarks-angkor-wat__77c1b83183; world-landmarks__world-landmarks-big-ben__cdf7f76284; world-landmarks__world-landmarks-burj-khalifa__6416a6d4ba; world-landmarks__world-landmarks-christ-the-redeemer__717cc8bafa; world-landmarks__world-landmarks-collection__ad7dbe6d24; world-landmarks__world-landmarks-colosseum__f05d9c502c,Held back because the phrase came only from generic n-gram mining rather than a clear subject extractor.,,
roll-mandala,Roll Mandala Coloring Pages,47,roll mandala,mandala-geometry-patterns__mandala-geometry-patterns-bakery-cinnamon-roll__8a420aa6ff; mandala-geometry-patterns__mandala-geometry-patterns-sushi-alaska-roll__14d367c215; mandala-geometry-patterns__mandala-geometry-patterns-sushi-avocado-dragon-roll__0b7ba2cde8; mandala-geometry-patterns__mandala-geometry-patterns-sushi-baked-scallop-roll__e74e82c71d; mandala-geometry-patterns__mandala-geometry-patterns-sushi-california-roll__0ad68615e7; mandala-geometry-patterns__mandala-geometry-patterns-sushi-cartoon-snow-crab-roll__37bf46950d; mandala-geometry-patterns__mandala-geometry-patterns-sushi-cartoon-spider-roll__5c40f77da3; mandala-geometry-patterns__mandala-geometry-patterns-sushi-caterpillar-roll__7f6e6f7506,Held back because the phrase came only from generic n-gram mining rather than a clear subject extractor.,,
roll-mandala-geometry,Roll Mandala Geometry Coloring Pages,47,roll mandala geometry,mandala-geometry-patterns__mandala-geometry-patterns-bakery-cinnamon-roll__8a420aa6ff; mandala-geometry-patterns__mandala-geometry-patterns-sushi-alaska-roll__14d367c215; mandala-geometry-patterns__mandala-geometry-patterns-sushi-avocado-dragon-roll__0b7ba2cde8; mandala-geometry-patterns__mandala-geometry-patterns-sushi-baked-scallop-roll__e74e82c71d; mandala-geometry-patterns__mandala-geometry-patterns-sushi-california-roll__0ad68615e7; mandala-geometry-patterns__mandala-geometry-patterns-sushi-cartoon-snow-crab-roll__37bf46950d; mandala-geometry-patterns__mandala-geometry-patterns-sushi-cartoon-spider-roll__5c40f77da3; mandala-geometry-patterns__mandala-geometry-patterns-sushi-caterpillar-roll__7f6e6f7506,Held back because the phrase came only from generic n-gram mining rather than a clear subject extractor.,,
dragon-anime,Dragon Anime Coloring Pages,44,dragon anime,anime-girls__anime-girl-climbing-a-dragon__308a121c86; anime-girls__anime-girl-climbing-dragon__f3f56244b8; anime-girls__anime-girl-summoning-bone-dragon__25525e8031; anime-girls__anime-girl-summoning-jutsu-african-dragon__be9768fd81; anime-girls__anime-girl-summoning-jutsu-air-dragon__73ba4c872c; anime-girls__anime-girl-summoning-jutsu-battle-dragon__71fb15736c; anime-girls__anime-girl-summoning-jutsu-chinese-dragon__600fb1df99; anime-girls__anime-girl-summoning-jutsu-cockatrice-dragon__ee4b283e19,Held back because the phrase came only from generic n-gram mining rather than a clear subject extractor.,,
dragon-anime-girl,Dragon Anime Girl Coloring Pages,44,dragon anime girl,anime-girls__anime-girl-climbing-a-dragon__308a121c86; anime-girls__anime-girl-climbing-dragon__f3f56244b8; anime-girls__anime-girl-summoning-bone-dragon__25525e8031; anime-girls__anime-girl-summoning-jutsu-african-dragon__be9768fd81; anime-girls__anime-girl-summoning-jutsu-air-dragon__73ba4c872c; anime-girls__anime-girl-summoning-jutsu-battle-dragon__71fb15736c; anime-girls__anime-girl-summoning-jutsu-chinese-dragon__600fb1df99; anime-girls__anime-girl-summoning-jutsu-cockatrice-dragon__ee4b283e19,Held back because the phrase came only from generic n-gram mining rather than a clear subject extractor.,,
dragon-anime-girls,Dragon Anime Girls Coloring Pages,44,dragon anime girls,anime-girls__anime-girl-climbing-a-dragon__308a121c86; anime-girls__anime-girl-climbing-dragon__f3f56244b8; anime-girls__anime-girl-summoning-bone-dragon__25525e8031; anime-girls__anime-girl-summoning-jutsu-african-dragon__be9768fd81; anime-girls__anime-girl-summoning-jutsu-air-dragon__73ba4c872c; anime-girls__anime-girl-summoning-jutsu-battle-dragon__71fb15736c; anime-girls__anime-girl-summoning-jutsu-chinese-dragon__600fb1df99; anime-girls__anime-girl-summoning-jutsu-cockatrice-dragon__ee4b283e19,Held back because the phrase came only from generic n-gram mining rather than a clear subject extractor.,,
dragon-plushies,Dragon Plushies Coloring Pages,44,dragon plushies,anime-girls__anime-girl-summoning-bone-dragon-plushies__ac4b8bc72d; anime-girls__anime-girl-summoning-jutsu-african-dragon-plushies__ff03fa600f; anime-girls__anime-girl-summoning-jutsu-air-dragon-plushies__972d6444a9; anime-girls__anime-girl-summoning-jutsu-amphithere-dragon-plushies__24025b0c63; anime-girls__anime-girl-summoning-jutsu-battle-dragon-plushies__26533b9206; anime-girls__anime-girl-summoning-jutsu-chinese-dragon-plushies__62c625191e; anime-girls__anime-girl-summoning-jutsu-cockatrice-dragon-plushies__3414659f89; anime-girls__anime-girl-summoning-jutsu-crystal-dragon-plushies__4d307cc456,Held back because the phrase came only from generic n-gram mining rather than a clear subject extractor.,,
dragon-plushies-anime,Dragon Plushies Anime Coloring Pages,44,dragon plushies anime,anime-girls__anime-girl-summoning-bone-dragon-plushies__ac4b8bc72d; anime-girls__anime-girl-summoning-jutsu-african-dragon-plushies__ff03fa600f; anime-girls__anime-girl-summoning-jutsu-air-dragon-plushies__972d6444a9; anime-girls__anime-girl-summoning-jutsu-amphithere-dragon-plushies__24025b0c63; anime-girls__anime-girl-summoning-jutsu-battle-dragon-plushies__26533b9206; anime-girls__anime-girl-summoning-jutsu-chinese-dragon-plushies__62c625191e; anime-girls__anime-girl-summoning-jutsu-cockatrice-dragon-plushies__3414659f89; anime-girls__anime-girl-summoning-jutsu-crystal-dragon-plushies__4d307cc456,Held back because the phrase came only from generic n-gram mining rather than a clear subject extractor.,,
wolf,Wolf Coloring Pages,43,wolf,anime-girls__anime-girl-climbing-a-wolf__d5e3c0a447; anime-girls__anime-girl-riding-a-wolf__c352ae4498; anime-girls__anime-girl-riding-a-wolf-1__b8179f4941; anime-girls__anime-girl-riding-a-wolf-2__f0402271c5; anime-girls__anime-girl-summoning-jutsu-dire-wolf__6241cd9562; anime-girls__anime-girl-summoning-jutsu-dire-wolf-plushies__e93d390fee; anime-girls__anime-girl-summoning-jutsu-wolf-plushies__94ac8c5782; anime-girls__anime-girl-tree-clmibing-wolf-buddy__f1eedd2fdd,Held back because the phrase came only from generic n-gram mining rather than a clear subject extractor.,,
turtle,Turtle Coloring Pages,42,turtle,chibi__chibi-plushie-sea-turtle-hatchling__5ca385e431; chibi__chibi-plushie-turtle__f01d2fc6fa; holiday__holiday-birthday-celebration-plushie-turtle-family__722ef534a0; holiday__holiday-christmas-plushie-sea-turtle-family__fcfbe6d439; holiday__holiday-christmas-plushie-turtle-family__384b00c468; holiday__holiday-halloween-costume-plushie-sea-turtle-family__a584de84a9; holiday__holiday-halloween-costume-plushie-turtle-family__f51a94e450; mandala-geometry-patterns__mandala-geometry-patterns-halloween-turtle-snail-costume__b26de7e9fa,Held back because the phrase came only from generic n-gram mining rather than a clear subject extractor.,,
homes,Homes Coloring Pages,39,homes,homes__homes-apartment-building-front-view__f69cf800b3; homes__homes-beach-house-on-stilts__c3b3edc73e; homes__homes-cabin-in-the-woods__5dace00dd6; homes__homes-cabin-in-winter-scene__8a47cc93aa; homes__homes-cabin-with-smoke-from-chimney__3f5acb92af; homes__homes-cape-cod-style-house__901a62a713; homes__homes-cape-cod-style-house-with-dormers__82f772c641; homes__homes-chinese-courtyard-house__7e0c4e5b0c,Held back because the phrase came only from generic n-gram mining rather than a clear subject extractor.,,
face,Face Coloring Pages,35,face,anime-girls__anime-girl-summoning-face-with-emoji-plushies__d5a99f95db; anime-girls__anime-girl-summoning-face-with-emojis__2d4ebd87f5; mandala-geometry-patterns__mandala-geometry-patterns-bald-eagle-face-patterns__74e6423cc2; mandala-geometry-patterns__mandala-geometry-patterns-butterfly-face-patterns__7fdbdb0cde; mandala-geometry-patterns__mandala-geometry-patterns-chameleon-face-patterns__34103ddf91; mandala-geometry-patterns__mandala-geometry-patterns-cobra-face-patterns__3abc17f967; mandala-geometry-patterns__mandala-geometry-patterns-crocodile-face-patterns__e2f1666318; mandala-geometry-patterns__mandala-geometry-patterns-dolphin-face-patterns__a2788fe8a9,Held back because the phrase came only from generic n-gram mining rather than a clear subject extractor.,,
cave,Cave Coloring Pages,34,cave,anime-girls__anime-girl-cave-climbing__14a25b5a14; anime-girls__anime-girl-cave-climbing-1__fa2d0c4eb0; chibi__chibi-cave-bear__34458b23d1; chibi__chibi-cave-lion__6264802ece; chibi__chibi-cave-paintaings__5b114a51df; chibi__chibi-dungeon-cave__3487239306; chibi__chibi-dungeon-cave-spider-nest__2816b4fbee; chibi__chibi-dungeon-crystal-cave-dragon__48aa259e32,Held back because the phrase came only from generic n-gram mining rather than a clear subject extractor.,,
chibi-medieval,Chibi Medieval Coloring Pages,32,chibi medieval,chibi__chibi-midieval-fantasy-ancient-ruins__af5c9fe0a8; chibi__chibi-midieval-fantasy-basilisk__9aa4874ba1; chibi__chibi-midieval-fantasy-castle__b91a8926a6; chibi__chibi-midieval-fantasy-centaur__eed9718a81; chibi__chibi-midieval-fantasy-dragon-slayer__44eb09cef0; chibi__chibi-midieval-fantasy-druid__4f8f62cf4f; chibi__chibi-midieval-fantasy-dwarf__9484c117e0; chibi__chibi-midieval-fantasy-elf__bbd29f276e,Held back because the phrase came only from generic n-gram mining rather than a clear subject extractor.,,
chibi-medieval-fantasy,Chibi Medieval Fantasy Coloring Pages,32,chibi medieval fantasy,chibi__chibi-midieval-fantasy-ancient-ruins__af5c9fe0a8; chibi__chibi-midieval-fantasy-basilisk__9aa4874ba1; chibi__chibi-midieval-fantasy-castle__b91a8926a6; chibi__chibi-midieval-fantasy-centaur__eed9718a81; chibi__chibi-midieval-fantasy-dragon-slayer__44eb09cef0; chibi__chibi-midieval-fantasy-druid__4f8f62cf4f; chibi__chibi-midieval-fantasy-dwarf__9484c117e0; chibi__chibi-midieval-fantasy-elf__bbd29f276e,Held back because the phrase came only from generic n-gram mining rather than a clear subject extractor.,,
tuna,Tuna Coloring Pages,32,tuna,mandala-geometry-patterns__mandala-geometry-patterns-sushi-aburi-tuna-nigiri__9b61ce7e48; mandala-geometry-patterns__mandala-geometry-patterns-sushi-bento-box-kawaii-roll-tuna__393d9cd66c; mandala-geometry-patterns__mandala-geometry-patterns-sushi-chutoro-medium-fatty-tuna__fa24e9f4a5; mandala-geometry-patterns__mandala-geometry-patterns-sushi-cutting-board-and-knife-roll-tuna__b5387b0667; mandala-geometry-patterns__mandala-geometry-patterns-sushi-edamame-roll-tuna__dd3a5ca4a3; mandala-geometry-patterns__mandala-geometry-patterns-sushi-hand-roll-tuna-roll-tuna__f5f95b5a03; mandala-geometry-patterns__mandala-geometry-patterns-sushi-hand-roll-veggie-roll-tuna__d9e94ecd69; mandala-geometry-patterns__mandala-geometry-patterns-sushi-japanese-lantern-at-sushi-bar-roll-tuna__70470a726e,Held back because the phrase came only from generic n-gram mining rather than a clear subject extractor.,,
guardian,Guardian Coloring Pages,31,guardian,chibi__chibi-dungeon-castle-gate-guardian__d54b7a9b36; chibi__chibi-dungeon-treasure-guardian-statue__07f6607a26; fantasy__fantasy-cat-moon-guardian__28e6b21464; fantasy__fantasy-cave-guardian__3b594710d6; fantasy__fantasy-cave-scale-guardian__2d961197ac; fantasy__fantasy-dragon-guardian__80790438a0; fantasy__fantasy-dragon-river-guardian__66167228c1; fantasy__fantasy-dragon-treasure-guardian__84a8f35529,Held back because the phrase came only from generic n-gram mining rather than a clear subject extractor.,,
mountain,Mountain Coloring Pages,29,mountain,anime-girls__anime-girl-yoga-mountain-pose__9fed83ed3c; anime-girls__anime-girl-yoga-mountain-pose__b4108d5a66; birds__birds-snow-bunting-mountain-landscape__53924381a5; chibi__chibi-animals-pets-dogs-bernese-mountain-dog__2be9008a10; chibi__chibi-plushie-mountain-goat__9ae1bb4cae; dogs__dogs-bernese-mountain-dog__9cf878649d; fantasy__fantasy-creatures-wyvern-mountain__4a5ef0dd42; fantasy__fantasy-dragon-mountain__d84c048093,Held back because the phrase came only from generic n-gram mining rather than a clear subject extractor.,,
crystal,Crystal Coloring Pages,27,crystal,anime-girls__anime-girl-crystal-palace-defense__eefbbe6dc4; anime-girls__anime-girl-summoning-jutsu-crystal-dragon__ba9a35e40b; anime-girls__anime-girl-summoning-jutsu-crystal-dragon-plushies__4d307cc456; chibi__chibi-dungeon-adventurer-crystal-cavern__d4303d4069; chibi__chibi-dungeon-crystal-cave-dragon__48aa259e32; chibi__chibi-dungeon-crystal-cave-warrior__7f88258473; chibi__chibi-dungeon-crystal-dragon__ea7f2cb1f5; chibi__chibi-dungeon-magic-crystal-orb__54682316ed,Held back because the phrase came only from generic n-gram mining rather than a clear subject extractor.,,
japanese,Japanese Coloring Pages,27,japanese,anime-girls__anime-girl-houmongi-japanese-dress__21d9871743; anime-girls__anime-girl-junihitoe-japanese-dress__7f78ce3413; anime-girls__anime-girl-uchikake-japanese-dress__902f441c32; homes__homes-japanese-traditional-house-with-garden__7d3da116e5; mandala-geometry-patterns__mandala-geometry-patterns-japan-japanese-bridge__7b16ebebde; mandala-geometry-patterns__mandala-geometry-patterns-japan-japanese-calligraphy__c2db2fe5db; mandala-geometry-patterns__mandala-geometry-patterns-japan-japanese-calligraphy-set__bbc96ea854; mandala-geometry-patterns__mandala-geometry-patterns-japan-japanese-ceramic-tea-cups__75cb3ca880,Held back because the phrase came only from generic n-gram mining rather than a clear subject extractor.,,
battle,Battle Coloring Pages,26,battle,anime-girls__anime-girl-alien-invasion-battle__99f106ca9d; anime-girls__anime-girl-battle-claws__f9d7c62766; anime-girls__anime-girl-battle-worn-claws__1fef7847b3; anime-girls__anime-girl-chainmail-armor-mace-battle__0c5ed4dbdf; anime-girls__anime-girl-energy-ball-attack-leviathan-battle-shounin__d0a627c243; anime-girls__anime-girl-judo-battle-shounin__dcef0e08fe; anime-girls__anime-girl-magician-battle__95ea6db32f; anime-girls__anime-girl-mech-battle__cc5c0afe5a,Held back because the phrase came only from generic n-gram mining rather than a clear subject extractor.,,
ice,Ice Coloring Pages,26,ice,anime-girls__anime-girl-ice-alchemy__ccaccb110f; anime-girls__anime-girl-ice-beam__dc4795e084; anime-girls__anime-girl-ice-climbing__64165ab9f1; anime-girls__anime-girl-ice-climbing__edc1a5d0e7; anime-girls__anime-girl-summoning-jutsu-ice-dragon__e3179fb047; anime-girls__anime-girl-summoning-jutsu-ice-dragon-plushies__6dc8c3582d; birds__birds-penguin-on-ice__0827aa8b09; chibi__chibi-dungeon-ice-dragon__613c45e00a,Held back because the phrase came only from generic n-gram mining rather than a clear subject extractor.,,
castle,Castle Coloring Pages,25,castle,chibi__chibi-castle__d763e81619; chibi__chibi-dungeon-castle-gate-defender__d3cd88319b; chibi__chibi-dungeon-castle-gate-guardian__d54b7a9b36; chibi__chibi-holiday-halloween-creepy-castle-with-torch-lit-windows-coloring-pa__08e80ab431; chibi__chibi-holiday-halloween-dracula-flying-as-bat-over-castle-coloring-page__16b1ef94ce; chibi__chibi-hydra-castle-pet__49e2d5c525; chibi__chibi-midieval-fantasy-castle__b91a8926a6; fantasy__fantasy-floating-castle__96de23c313,Held back because the phrase came only from generic n-gram mining rather than a clear subject extractor.,,
giant,Giant Coloring Pages,25,giant,chibi__chibi-dungeon-giant-bat-swarm__27cc1a9612; chibi__chibi-holiday-halloween-giant-spider-crawling-on-wall-coloring-page__990dc9d87f; chibi__chibi-mushroom-puffball-giant__370648df2d; fantasy__fantasy-creatures-frost-giant__66418ddb29; fantasy__fantasy-forest-giant__eac1d7f3ba; fantasy__fantasy-giant-forest-trek__176a653cdf; fantasy__fantasy-hill-giant-feast__1c58205362; fantasy__fantasy-hill-giant-feasting__b0bbfe8efa,Held back because the phrase came only from generic n-gram mining rather than a clear subject extractor.,,
guardian-fantasy,Guardian Fantasy Coloring Pages,25,guardian fantasy,fantasy__fantasy-cat-moon-guardian__28e6b21464; fantasy__fantasy-cave-guardian__3b594710d6; fantasy__fantasy-cave-scale-guardian__2d961197ac; fantasy__fantasy-dragon-guardian__80790438a0; fantasy__fantasy-dragon-river-guardian__66167228c1; fantasy__fantasy-dragon-treasure-guardian__84a8f35529; fantasy__fantasy-elemental-forest-guardian__50bb58f904; fantasy__fantasy-farm-mushroom-guardian__e7dcbf3e42,Held back because the phrase came only from generic n-gram mining rather than a clear subject extractor.,,
tuna-mandala,Tuna Mandala Coloring Pages,24,tuna mandala,mandala-geometry-patterns__mandala-geometry-patterns-sushi-bento-box-kawaii-roll-tuna__393d9cd66c; mandala-geometry-patterns__mandala-geometry-patterns-sushi-chutoro-medium-fatty-tuna__fa24e9f4a5; mandala-geometry-patterns__mandala-geometry-patterns-sushi-cutting-board-and-knife-roll-tuna__b5387b0667; mandala-geometry-patterns__mandala-geometry-patterns-sushi-edamame-roll-tuna__dd3a5ca4a3; mandala-geometry-patterns__mandala-geometry-patterns-sushi-hand-roll-tuna-roll-tuna__f5f95b5a03; mandala-geometry-patterns__mandala-geometry-patterns-sushi-hand-roll-veggie-roll-tuna__d9e94ecd69; mandala-geometry-patterns__mandala-geometry-patterns-sushi-japanese-lantern-at-sushi-bar-roll-tuna__70470a726e; mandala-geometry-patterns__mandala-geometry-patterns-sushi-kawaii-sushi-character-roll-tuna__d17a18e33d,Held back because the phrase came only from generic n-gram mining rather than a clear subject extractor.,,
tuna-mandala-geometry,Tuna Mandala Geometry Coloring Pages,24,tuna mandala geometry,mandala-geometry-patterns__mandala-geometry-patterns-sushi-bento-box-kawaii-roll-tuna__393d9cd66c; mandala-geometry-patterns__mandala-geometry-patterns-sushi-chutoro-medium-fatty-tuna__fa24e9f4a5; mandala-geometry-patterns__mandala-geometry-patterns-sushi-cutting-board-and-knife-roll-tuna__b5387b0667; mandala-geometry-patterns__mandala-geometry-patterns-sushi-edamame-roll-tuna__dd3a5ca4a3; mandala-geometry-patterns__mandala-geometry-patterns-sushi-hand-roll-tuna-roll-tuna__f5f95b5a03; mandala-geometry-patterns__mandala-geometry-patterns-sushi-hand-roll-veggie-roll-tuna__d9e94ecd69; mandala-geometry-patterns__mandala-geometry-patterns-sushi-japanese-lantern-at-sushi-bar-roll-tuna__70470a726e; mandala-geometry-patterns__mandala-geometry-patterns-sushi-kawaii-sushi-character-roll-tuna__d17a18e33d,Held back because the phrase came only from generic n-gram mining rather than a clear subject extractor.,,
beetle,Beetle Coloring Pages,23,beetle,insects__insects-beetle__60f08d074e; insects__insects-beetle-on-log__677f9ddfac; insects__insects-beetle-spider-hybrid__052d25ef6c; insects__insects-dung-beetle__23318740ad; insects__insects-dung-beetle-rolling-ball__c5d2278e9c; insects__insects-goliath-beetle__387f85ce32; insects__insects-goliath-beetle-largest-insect__246e08d2cf; insects__insects-ground-beetle__a63bbe018a,Held back because the phrase came only from generic n-gram mining rather than a clear subject extractor.,,
bridge,Bridge Coloring Pages,23,bridge,chibi__chibi-dungeon-adventure-bridge-over-lava__906729f5e5; chibi__chibi-dungeon-torch-lit-bridge__f3d6daee01; fantasy__fantasy-astral-bridge__0e1de7f2cc; fantasy__fantasy-creatures-troll-bridge__bcdeff6f1e; fantasy__fantasy-troll-bridge__e39a6b7e65; homes__homes-treehouse-with-rope-bridge__c35de5fd36; mandala-geometry-patterns__mandala-geometry-patterns-japan-japanese-bridge__7b16ebebde; mandala-geometry-patterns__mandala-geometry-patterns-sushi-japanese-bridge-restaurant-view__352733f972,Held back because the phrase came only from generic n-gram mining rather than a clear subject extractor.,,
salamander,Salamander Coloring Pages,23,salamander,anime-girls__anime-girl-summoning-jutsu-salamander-dragon__3e09871b3a; anime-girls__anime-girl-summoning-jutsu-salamander-dragon-plushies__2bf660a975; chibi__chibi-plushie-kawaii-salamander__25e0d7ec1d; chibi__chibi-plushie-salamander__bdd9c02c46; chibi__chibi-poison-salamander-dragon__76507f7ec2; chibi__chibi-salamander__30deeb9936; chibi__chibi-salamander-dragon__b708afe4a7; chibi__chibi-spotted-salamander-dragon__259867da1b,Held back because the phrase came only from generic n-gram mining rather than a clear subject extractor.,,
woolly,Woolly Coloring Pages,23,woolly,anime-girls__anime-girl-summoning-jutsu-woolly-mammoth__49c45dca6d; anime-girls__anime-girl-summoning-jutsu-woolly-mammoth-kawaii-plushies__06dda78301; anime-girls__anime-girl-summoning-jutsu-woolly-mammoth-plushies__40525455d2; anime-girls__anime-girl-summoning-jutsu-woolly-rhinoceros__ed5032bc71; anime-girls__anime-girl-summoning-jutsu-woolly-rhinoceros-plushies__065924f18f; anime-girls__anime-girl-woolly-mammoth-hoodie-plushie__4e018104ac; anime-girls__anime-girl-woolly-mammoth-hoodie-plushie__f4b9879b0d; chibi__chibi-plushie-prehistoric-woolly-mammoth__88facd460e,Held back because the phrase came only from generic n-gram mining rather than a clear subject extractor.,,
haunted,Haunted Coloring Pages,22,haunted,chibi__chibi-dungeon-haunted-armor__bbaa50fccb; chibi__chibi-dungeon-haunted-magic-sword__8d7144eff4; chibi__chibi-dungeon-haunted-throne-room__a6b9928656; chibi__chibi-holiday-halloween-candy-trail-leading-to-haunted-door-coloring-pag__64ae58c6d8; chibi__chibi-holiday-halloween-ghost-floating-in-haunted-hallway-coloring-page__2ecd4724a1; chibi__chibi-holiday-halloween-haunted-house-coloring-page__c0eae7d121; chibi__chibi-holiday-halloween-haunted-house-on-hill-coloring-page__c7aba2cae1; chibi__chibi-holiday-halloween-haunted-house-on-hill-under-full-moon-coloring-p__6de4b2a74b,Held back because the phrase came only from generic n-gram mining rather than a clear subject extractor.,,
king,King Coloring Pages,22,king,anime-girls__anime-girl-chess-king__761b014230; anime-girls__anime-girl-chess-king-cosplay__25b9ccdec5; anime-girls__anime-girl-summoning-jutsu-chess-pieces-king__3f397e3232; anime-girls__anime-girl-summoning-jutsu-chess-pieces-king-plushies__b21780fcb3; chibi__chibi-animals-pets-dogs-cavalier-king-charles-spaniel__4c6f2c88bb; chibi__chibi-dungeon-treasure-king__58f131ad63; chibi__chibi-midieval-fantasy-king__54b8e21267; chibi__chibi-midieval-fantasy-knight-king__9b6be9aa08,Held back because the phrase came only from generic n-gram mining rather than a clear subject extractor.,,
roll-tuna,Roll Tuna Coloring Pages,22,roll tuna,mandala-geometry-patterns__mandala-geometry-patterns-sushi-bento-box-kawaii-roll-tuna__393d9cd66c; mandala-geometry-patterns__mandala-geometry-patterns-sushi-cutting-board-and-knife-roll-tuna__b5387b0667; mandala-geometry-patterns__mandala-geometry-patterns-sushi-edamame-roll-tuna__dd3a5ca4a3; mandala-geometry-patterns__mandala-geometry-patterns-sushi-hand-roll-tuna-roll-tuna__f5f95b5a03; mandala-geometry-patterns__mandala-geometry-patterns-sushi-hand-roll-veggie-roll-tuna__d9e94ecd69; mandala-geometry-patterns__mandala-geometry-patterns-sushi-japanese-lantern-at-sushi-bar-roll-tuna__70470a726e; mandala-geometry-patterns__mandala-geometry-patterns-sushi-kawaii-sushi-character-roll-tuna__d17a18e33d; mandala-geometry-patterns__mandala-geometry-patterns-sushi-pair-of-chopsticks-roll-tuna__499db159a5,Held back because the phrase came only from generic n-gram mining rather than a clear subject extractor.,,
roll-tuna-mandala,Roll Tuna Mandala Coloring Pages,22,roll tuna mandala,mandala-geometry-patterns__mandala-geometry-patterns-sushi-bento-box-kawaii-roll-tuna__393d9cd66c; mandala-geometry-patterns__mandala-geometry-patterns-sushi-cutting-board-and-knife-roll-tuna__b5387b0667; mandala-geometry-patterns__mandala-geometry-patterns-sushi-edamame-roll-tuna__dd3a5ca4a3; mandala-geometry-patterns__mandala-geometry-patterns-sushi-hand-roll-tuna-roll-tuna__f5f95b5a03; mandala-geometry-patterns__mandala-geometry-patterns-sushi-hand-roll-veggie-roll-tuna__d9e94ecd69; mandala-geometry-patterns__mandala-geometry-patterns-sushi-japanese-lantern-at-sushi-bar-roll-tuna__70470a726e; mandala-geometry-patterns__mandala-geometry-patterns-sushi-kawaii-sushi-character-roll-tuna__d17a18e33d; mandala-geometry-patterns__mandala-geometry-patterns-sushi-pair-of-chopsticks-roll-tuna__499db159a5,Held back because the phrase came only from generic n-gram mining rather than a clear subject extractor.,,
eagle,Eagle Coloring Pages,21,eagle,animals__animals-eagle__0e2698945b; birds__birds-bald-eagle__78120718e1; birds__birds-bald-eagle-flying__f56d024672; birds__birds-bald-eagle-taking-flight__c6a7fe5797; birds__birds-eagle__419fc01f51; birds__birds-eagle-majestic__cc84ecdffc; birds__birds-golden-eagle__60db865aca; birds__birds-harpy-eagle__c4e15d34f5,Held back because the phrase came only from generic n-gram mining rather than a clear subject extractor.,,
day-st,Day ST Coloring Pages,20,day st,st-patricks-day__st-patricks-day-celtic-knot-mandala-pattern-coloring-page__46e5c80f77; st-patricks-day__st-patricks-day-dragon-guarding-pot-of-gold-coloring-page__fcdadb8e6a; st-patricks-day__st-patricks-day-irish-castle-on-hilltop-coloring-page__862176e869; st-patricks-day__st-patricks-day-irish-harp-with-shamrocks-coloring-page__118da3d1f5; st-patricks-day__st-patricks-day-kids-dressed-as-leprechauns-coloring-page__fa10cf2184; st-patricks-day__st-patricks-day-leprechaun-dancing-jig-coloring-page__24da6e22e3; st-patricks-day__st-patricks-day-leprechaun-holding-shamrock-coloring-page__f607fb59c7; st-patricks-day__st-patricks-day-leprechaun-rainbow-and-gold-coloring-page__e0a5ebbce1,Held back because the phrase came only from generic n-gram mining rather than a clear subject extractor.,,
day-st-patricks,Day ST Patricks Coloring Pages,20,day st patricks,st-patricks-day__st-patricks-day-celtic-knot-mandala-pattern-coloring-page__46e5c80f77; st-patricks-day__st-patricks-day-dragon-guarding-pot-of-gold-coloring-page__fcdadb8e6a; st-patricks-day__st-patricks-day-irish-castle-on-hilltop-coloring-page__862176e869; st-patricks-day__st-patricks-day-irish-harp-with-shamrocks-coloring-page__118da3d1f5; st-patricks-day__st-patricks-day-kids-dressed-as-leprechauns-coloring-page__fa10cf2184; st-patricks-day__st-patricks-day-leprechaun-dancing-jig-coloring-page__24da6e22e3; st-patricks-day__st-patricks-day-leprechaun-holding-shamrock-coloring-page__f607fb59c7; st-patricks-day__st-patricks-day-leprechaun-rainbow-and-gold-coloring-page__e0a5ebbce1,Held back because the phrase came only from generic n-gram mining rather than a clear subject extractor.,,
fire,Fire Coloring Pages,20,fire,anime-girls__anime-girl-chariot-of-fire-raid__1350e2fd7f; anime-girls__anime-girl-fire-fighter-rescue__dbc4176339; anime-girls__anime-girl-fire-juggler__f477f945f6; anime-girls__anime-girl-fire-juggler-carnival__14055fa13a; anime-girls__anime-girl-summoning-jutsu-fire-dragon__a364a2bf3c; anime-girls__anime-girl-summoning-jutsu-fire-dragon-plushies__3dfa6504bd; anime-girls__anime-girl-summoning-jutsu-fire-walls__1062367642; chibi__chibi-dungeon-fire-breathing-dragon__b3abd6d8be,Held back because the phrase came only from generic n-gram mining rather than a clear subject extractor.,,
over,Over Coloring Pages,20,over,chibi__chibi-dungeon-adventure-bridge-over-lava__906729f5e5; chibi__chibi-holiday-halloween-cauldron-bubbling-over-firewood-coloring-page__cea100bc43; chibi__chibi-holiday-halloween-dracula-flying-as-bat-over-castle-coloring-page__16b1ef94ce; chibi__chibi-holiday-halloween-pumpkin-patch-with-crows-flying-over-coloring-pa__91ce03c1b2; chibi__chibi-holiday-halloween-werewolf-jumping-over-haunted-fence-coloring-pag__7466595531; holiday__holiday-birthday-celebration-plushie-cow-jumps-over-the-moon__deb5945cca; christmas__holiday-christmas-reindeer-team-pulling-sleigh-over-rooftops-coloring-pa__d30dbfb71b; christmas__holiday-christmas-santa-claus-riding-sleigh-over-moonlit-town-coloring-p__ebac4be947,Held back because the phrase came only from generic n-gram mining rather than a clear subject extractor.,,
patricks,Patricks Coloring Pages,20,patricks,st-patricks-day__st-patricks-day-celtic-knot-mandala-pattern-coloring-page__46e5c80f77; st-patricks-day__st-patricks-day-dragon-guarding-pot-of-gold-coloring-page__fcdadb8e6a; st-patricks-day__st-patricks-day-irish-castle-on-hilltop-coloring-page__862176e869; st-patricks-day__st-patricks-day-irish-harp-with-shamrocks-coloring-page__118da3d1f5; st-patricks-day__st-patricks-day-kids-dressed-as-leprechauns-coloring-page__fa10cf2184; st-patricks-day__st-patricks-day-leprechaun-dancing-jig-coloring-page__24da6e22e3; st-patricks-day__st-patricks-day-leprechaun-holding-shamrock-coloring-page__f607fb59c7; st-patricks-day__st-patricks-day-leprechaun-rainbow-and-gold-coloring-page__e0a5ebbce1,Held back because the phrase came only from generic n-gram mining rather than a clear subject extractor.,,
patricks-day,Patricks Day Coloring Pages,20,patricks day,st-patricks-day__st-patricks-day-celtic-knot-mandala-pattern-coloring-page__46e5c80f77; st-patricks-day__st-patricks-day-dragon-guarding-pot-of-gold-coloring-page__fcdadb8e6a; st-patricks-day__st-patricks-day-irish-castle-on-hilltop-coloring-page__862176e869; st-patricks-day__st-patricks-day-irish-harp-with-shamrocks-coloring-page__118da3d1f5; st-patricks-day__st-patricks-day-kids-dressed-as-leprechauns-coloring-page__fa10cf2184; st-patricks-day__st-patricks-day-leprechaun-dancing-jig-coloring-page__24da6e22e3; st-patricks-day__st-patricks-day-leprechaun-holding-shamrock-coloring-page__f607fb59c7; st-patricks-day__st-patricks-day-leprechaun-rainbow-and-gold-coloring-page__e0a5ebbce1,Held back because the phrase came only from generic n-gram mining rather than a clear subject extractor.,,
patricks-day-st,Patricks Day ST Coloring Pages,20,patricks day st,st-patricks-day__st-patricks-day-celtic-knot-mandala-pattern-coloring-page__46e5c80f77; st-patricks-day__st-patricks-day-dragon-guarding-pot-of-gold-coloring-page__fcdadb8e6a; st-patricks-day__st-patricks-day-irish-castle-on-hilltop-coloring-page__862176e869; st-patricks-day__st-patricks-day-irish-harp-with-shamrocks-coloring-page__118da3d1f5; st-patricks-day__st-patricks-day-kids-dressed-as-leprechauns-coloring-page__fa10cf2184; st-patricks-day__st-patricks-day-leprechaun-dancing-jig-coloring-page__24da6e22e3; st-patricks-day__st-patricks-day-leprechaun-holding-shamrock-coloring-page__f607fb59c7; st-patricks-day__st-patricks-day-leprechaun-rainbow-and-gold-coloring-page__e0a5ebbce1,Held back because the phrase came only from generic n-gram mining rather than a clear subject extractor.,,
st-patricks,ST Patricks Coloring Pages,20,st patricks,st-patricks-day__st-patricks-day-celtic-knot-mandala-pattern-coloring-page__46e5c80f77; st-patricks-day__st-patricks-day-dragon-guarding-pot-of-gold-coloring-page__fcdadb8e6a; st-patricks-day__st-patricks-day-irish-castle-on-hilltop-coloring-page__862176e869; st-patricks-day__st-patricks-day-irish-harp-with-shamrocks-coloring-page__118da3d1f5; st-patricks-day__st-patricks-day-kids-dressed-as-leprechauns-coloring-page__fa10cf2184; st-patricks-day__st-patricks-day-leprechaun-dancing-jig-coloring-page__24da6e22e3; st-patricks-day__st-patricks-day-leprechaun-holding-shamrock-coloring-page__f607fb59c7; st-patricks-day__st-patricks-day-leprechaun-rainbow-and-gold-coloring-page__e0a5ebbce1,Held back because the phrase came only from generic n-gram mining rather than a clear subject extractor.,,
steam,Steam Coloring Pages,20,steam,mandala-geometry-patterns__mandala-geometry-patterns-trains-locomotives-british-steam-heritage-trai__6969270142; mandala-geometry-patterns__mandala-geometry-patterns-trains-locomotives-cartoon-smiling-steam-engin__18ac6c6422; mandala-geometry-patterns__mandala-geometry-patterns-trains-locomotives-classic-steam-engine-front-__cce8c2a3b7; mandala-geometry-patterns__mandala-geometry-patterns-trains-locomotives-classic-steam-engine-side-v__45c322a426; mandala-geometry-patterns__mandala-geometry-patterns-trains-locomotives-classic-steam-engine-with-s__55eebd8c6c; mandala-geometry-patterns__mandala-geometry-patterns-trains-locomotives-classic-steam-train-at-smal__937925e879; mandala-geometry-patterns__mandala-geometry-patterns-trains-locomotives-classic-steam-train-in-wint__a4f8bc4dbb; mandala-geometry-patterns__mandala-geometry-patterns-trains-locomotives-classic-steam-train-puffing__7e878a4bef,Held back because the phrase came only from generic n-gram mining rather than a clear subject extractor.,,
water,Water Coloring Pages,20,water,anime-girls__anime-girl-lifeguard-going-down-water-slide__827359767f; chibi__chibi-animals-pets-dogs-portuguese-water-dog__92303ff607; chibi__chibi-dungeon-water-elemental__d8d144215e; dogs__dogs-portuguese-water-dog__89720b4df5; fantasy__fantasy-cleric-water-sanctum__aa69283c56; fantasy__fantasy-creatures-water-elemental__21bb88996d; fantasy__fantasy-magic-fountain-water-tome__25b95964c0; fantasy__fantasy-merfolk-city-under-water__112188da94,Held back because the phrase came only from generic n-gram mining rather than a clear subject extractor.,,
dragon-fantasy,Dragon Fantasy Coloring Pages,19,dragon fantasy,fantasy__fantasy-angry-volcano-dragon__2d2fb81a98; fantasy__fantasy-artificer-clockwork-dragon__50a90d2c07; fantasy__fantasy-celestial-dragon__db3cf87534; fantasy__fantasy-creatures-crystal-dragon__0910ef39dd; fantasy__fantasy-creatures-dragon__3d2c737c54; fantasy__fantasy-creatures-undead-dragon__6b5fab566c; fantasy__fantasy-crystal-dragon__81382b77ca; fantasy__fantasy-light-dragon__2c6e7c8730,Held back because the phrase came only from generic n-gram mining rather than a clear subject extractor.,,
air,Air Coloring Pages,18,air,anime-girls__anime-girl-air-balloon__1f6b5be7bc; anime-girls__anime-girl-riding-air-balloon__749d75428b; anime-girls__anime-girl-summoning-jutsu-air-dragon__73ba4c872c; anime-girls__anime-girl-summoning-jutsu-air-dragon-plushies__972d6444a9; chibi__chibi-air-dragon__28195417f8; fantasy__fantasy-wind-elemental-air-powers__fdc70b1f2a; indoor-plants__indoor-plants-air-plant-tillandsia__d16acd9437; indoor-plants__indoor-plants-air-plant-xerographica__9c67f0b7ff,Held back because the phrase came only from generic n-gram mining rather than a clear subject extractor.,,
ancient,Ancient Coloring Pages,18,ancient,chibi__chibi-dungeon-ancient-altar__74b69399ca; chibi__chibi-dungeon-ancient-dungeon-map__71572891ce; chibi__chibi-dungeon-ancient-runestone__abe0a4f607; chibi__chibi-dungeon-ancient-treasure-map__b52be3eb75; chibi__chibi-midieval-fantasy-ancient-ruins__af5c9fe0a8; fantasy__fantasy-ancient-colossus-running__90ddfdb0af; fantasy__fantasy-ancient-grimoire-collection__8d8cea1169; fantasy__fantasy-ancient-grimoires__8d6e92451a,Held back because the phrase came only from generic n-gram mining rather than a clear subject extractor.,,
centaur,Centaur Coloring Pages,18,centaur,anime-girls__anime-girl-centaur-standoff__d462b8fcc6; chibi__chibi-centaur__6127029f26; chibi__chibi-centaur-archer__f313ab1b5c; chibi__chibi-elf-centaur__efcbbd3047; chibi__chibi-midieval-fantasy-centaur__eed9718a81; chibi__chibi-pirate-centaur__3b808fa86b; chibi__chibi-plushie-centaur__e63c7c3bed; fantasy__fantasy-centaur-hunt__f7987d1033,Held back because the phrase came only from generic n-gram mining rather than a clear subject extractor.,,
gate,Gate Coloring Pages,18,gate,anime-girls__anime-girl-cerberus-gate-guard__17fd627531; chibi__chibi-dungeon-castle-gate-defender__d3cd88319b; chibi__chibi-dungeon-castle-gate-guardian__d54b7a9b36; chibi__chibi-dungeon-magic-mirror-gate__21f64614e7; chibi__chibi-holiday-halloween-haunted-mansion-with-creaky-gate-coloring-page__a27ab1a344; fantasy__fantasy-dark-sorcerer-void-gate__ff7080e573; fantasy__fantasy-magic-mirror-gate__4606f69aba; fantasy__fantasy-portal-gate__340a0b7e4b,Held back because the phrase came only from generic n-gram mining rather than a clear subject extractor.,,
rex,Rex Coloring Pages,18,rex,anime-girls__anime-girl-summoning-jutsu-tyrannosaurus-rex-dinosaur__f9c57f8569; anime-girls__anime-girl-t-rex-hoodie-plushie__518ba8dd62; anime-girls__anime-girl-t-rex-hoodie-plushie__8a87f18c10; anime-girls__anime-girl-t-rex-hoodie-plushie-back-yard__cc05c4a825; anime-girls__anime-girl-t-rex-hoodie-plushie-volcano__089a3007f4; chibi__chibi-plushie-prehistoric-tyrannosaurus-rex__2f73f2fae2; chibi__chibi-tyrannosaurus-rex__b621e67b87; holiday__holiday-birthday-celebration-plushie-prehistoric-tyrannosaurus-rex-famil__e33a4a049f,Held back because the phrase came only from generic n-gram mining rather than a clear subject extractor.,,
saber,Saber Coloring Pages,18,saber,anime-girls__anime-girl-saber-toothed-tiger-hoodie-plushie__0df82031f8; anime-girls__anime-girl-saber-toothed-tiger-hoodie-plushie__14e1ec01ad; anime-girls__anime-girl-summoning-jutsu-saber-toothed-tiger__11270f5fc7; anime-girls__anime-girl-summoning-jutsu-saber-toothed-tiger-plushies__40d1c7a0f7; chibi__chibi-plushie-prehistoric-saber-toothed-tiger__b1b54abff8; chibi__chibi-saber-toothed-tiger__d449186160; holiday__holiday-birthday-celebration-plushie-prehistoric-saber-toothed-tiger-fam__709b072757; holiday__holiday-birthday-celebration-saber-toothed-tiger__4e4755b959,Held back because the phrase came only from generic n-gram mining rather than a clear subject extractor.,,
toothed,Toothed Coloring Pages,18,toothed,anime-girls__anime-girl-saber-toothed-tiger-hoodie-plushie__0df82031f8; anime-girls__anime-girl-saber-toothed-tiger-hoodie-plushie__14e1ec01ad; anime-girls__anime-girl-summoning-jutsu-saber-toothed-tiger__11270f5fc7; anime-girls__anime-girl-summoning-jutsu-saber-toothed-tiger-plushies__40d1c7a0f7; chibi__chibi-plushie-prehistoric-saber-toothed-tiger__b1b54abff8; chibi__chibi-saber-toothed-tiger__d449186160; holiday__holiday-birthday-celebration-plushie-prehistoric-saber-toothed-tiger-fam__709b072757; holiday__holiday-birthday-celebration-saber-toothed-tiger__4e4755b959,Held back because the phrase came only from generic n-gram mining rather than a clear subject extractor.,,
ghost,Ghost Coloring Pages,17,ghost,chibi__chibi-ghost-pirates__78e9538796; chibi__chibi-holiday-halloween-cute-halloween-ghost-cat-bat-friends-coloring-pa__1cc339c68a; chibi__chibi-holiday-halloween-ghost-family-coloring-page__f4a78ca0e4; chibi__chibi-holiday-halloween-ghost-family-with-smiling-faces-coloring-page__fc38fdeb9d; chibi__chibi-holiday-halloween-ghost-floating-above-graveyard-coloring-page__1dcafd9556; chibi__chibi-holiday-halloween-ghost-floating-in-haunted-hallway-coloring-page__2ecd4724a1; chibi__chibi-holiday-halloween-ghost-peeking-behind-tombstone-coloring-page__c136970593; chibi__chibi-holiday-halloween-ghost-peeking-from-pumpkin-coloring-page__55ab382228,Held back because the phrase came only from generic n-gram mining rather than a clear subject extractor.,,
lantern,Lantern Coloring Pages,17,lantern,anime-girls__anime-girl-lantern-festival__f85e9ea41d; chibi__chibi-holiday-halloween-haunted-mansion-with-lantern-lit-path-coloring-p__e05357e953; chibi__chibi-holiday-halloween-jack-o-lantern-faces-variety-coloring-page__0e546b82e0; chibi__chibi-holiday-halloween-jack-o-lantern-glowing-in-window-coloring-page__915e33dd1c; chibi__chibi-holiday-halloween-jack-o-lantern-lined-front-porch-coloring-page__1b72f4cc2e; chibi__chibi-holiday-halloween-jack-o-lantern-stack-of-three-pumpkins-coloring-__a26d735941; fantasy__fantasy-arcane-lantern__55303ab81e; fantasy__fantasy-lantern-wisp__b29589d7bf,Held back because the phrase came only from generic n-gram mining rather than a clear subject extractor.,,
sea-turtle,Sea Turtle Coloring Pages,17,sea turtle,chibi__chibi-plushie-sea-turtle-hatchling__5ca385e431; holiday__holiday-christmas-plushie-sea-turtle-family__fcfbe6d439; holiday__holiday-halloween-costume-plushie-sea-turtle-family__a584de84a9; mandala-geometry-patterns__mandala-geometry-patterns-plushie-sea-turtle__2c276c20da; mandala-geometry-patterns__mandala-geometry-patterns-plushie-sea-turtle-animal__171f0a58d7; mandala-geometry-patterns__mandala-geometry-patterns-plushie-sea-turtle-hatchling__308f25523c; mandala-geometry-patterns__mandala-geometry-patterns-sea-turtle__a7fb2380ea; mandala-geometry-patterns__mandala-geometry-patterns-sea-turtle-face-patterns__bcd1f173d7,Held back because the phrase came only from generic n-gram mining rather than a clear subject extractor.,,
shadow,Shadow Coloring Pages,17,shadow,anime-girls__anime-girl-shadow-ball__585112cb58; anime-girls__anime-girl-shadow-rebellion__ad7d57150e; anime-girls__anime-girl-shadow-sprit-summoning__2b7f59c981; chibi__chibi-holiday-halloween-vampire-with-spooky-shadow-on-wall-coloring-page__560dde82c2; fantasy__fantasy-chibi-shadow-knight__47c317c3b0; fantasy__fantasy-creatures-shadow-drake__f05f3dae79; fantasy__fantasy-dungeon-shadow-mage__20faa26efb; fantasy__fantasy-rogue-shadow-alley__f5a4b54720,Held back because the phrase came only from generic n-gram mining rather than a clear subject extractor.,,
swimming,Swimming Coloring Pages,17,swimming,anime-girls__anime-girl-beluga-whale-hoodie-plushie-swimming-cold__a598161908; anime-girls__anime-girl-swimming__7f34193275; anime-girls__anime-girl-swimming-at-beach__d94476b691; anime-girls__anime-girl-swimming-olympics__829f9b6542; birds__birds-swan-swimming__8481407363; fantasy__fantasy-sea-serpent-swimming__8e5c5d9bf5; homes__homes-modern-house-with-swimming-pool__a084ca70fe; mandala-geometry-patterns__mandala-geometry-patterns-prehistoric-megaladon-swimming__2b3060a058,Held back because the phrase came only from generic n-gram mining rather than a clear subject extractor.,,
coral,Coral Coloring Pages,16,coral,chibi__chibi-mushroom-coral-fungus__3dc67a7396; fantasy__fantasy-mermaid-coral-throne__f732e4901b; fantasy__fantasy-mermaid-princess-coral-throne__9da6f15653; gardening__gardening-mushroom-coral-fungus__f45cb07fc7; indoor-plants__indoor-plants-coral-cactus__6b3cd1f552; mandala-geometry-patterns__mandala-geometry-patterns-mushroom-coral-fungus__d27a8968ec; reptiles__reptiles-hawksbill-sea-turtle-on-coral-reef__42f9b3c3d2; sea-life__sea-life-coral-reef-fish__c022c371ac,Held back because the phrase came only from generic n-gram mining rather than a clear subject extractor.,,
fantasy-forest,Fantasy Forest Coloring Pages,16,fantasy forest,fantasy__fantasy-forest-colossus__d6b210656e; fantasy__fantasy-forest-fawn__9286741575; fantasy__fantasy-forest-giant__eac1d7f3ba; fantasy__fantasy-forest-glade-portal__4222f97948; fantasy__fantasy-forest-guardian__89dfca517c; fantasy__fantasy-forest-kitsune__50fb018177; fantasy__fantasy-forest-mage__3e710d6988; fantasy__fantasy-forest-nymph-hollow__2f8f17a2ac,Held back because the phrase came only from generic n-gram mining rather than a clear subject extractor.,,
polar,Polar Coloring Pages,16,polar,animals__animals-polarbear__fb2c193ae5; anime-girls__anime-girl-polar-bear-hoodie-plushie__9f7c56fd44; anime-girls__anime-girl-polar-bear-hoodie-plushie__e7831d7ddc; chibi__chibi-plushie-kawaii-polar-bear__938c4d4db3; chibi__chibi-plushie-polar-bear__64be79dc44; holiday__holiday-birthday-celebration-plushie-polar-bear-family__c3dffb4b00; christmas__holiday-christmas-animals-polar-bears__d4241df54b; holiday__holiday-christmas-plushie-polar-bear__6baf58d2ab,Held back because the phrase came only from generic n-gram mining rather than a clear subject extractor.,,
sky,Sky Coloring Pages,16,sky,anime-girls__anime-girl-sky-diving__09960a0b94; anime-girls__anime-girl-sky-diving-clouds__2c8f911f6c; chibi__chibi-holiday-halloween-bat-colony-flying-in-night-sky-coloring-page__3624fb1d72; fantasy__fantasy-creatures-roc-sky__a5533c3431; fantasy__fantasy-griffin-sky-cliff__be836088c7; fantasy__fantasy-griffin-sky-perch__920cc37e42; fantasy__fantasy-night-sky-sanctum__5d66daf137; fantasy__fantasy-ruins-sky-temple__40e95663e1,Held back because the phrase came only from generic n-gram mining rather than a clear subject extractor.,,
spirit,Spirit Coloring Pages,16,spirit,anime-girls__anime-girl-phoenix-spirit__73b19f4dd3; anime-girls__anime-girl-summoning-jutsu-spirit-dragon__5923a0a686; chibi__chibi-spirit-dragon__db61393d1d; fantasy__fantasy-creatures-forest-spirit__9747e67304; fantasy__fantasy-fire-spirit-forge__038914f9d2; fantasy__fantasy-forest-spirit__e9d876f48b; fantasy__fantasy-friendly-forest-spirit__eea7d0cd85; fantasy__fantasy-glade-guardian-spirit__a6479088a9,Held back because the phrase came only from generic n-gram mining rather than a clear subject extractor.,,
bear-holiday,Bear Holiday Coloring Pages,15,bear holiday,holiday__holiday-birthday-celebration-plushie-koala-bear-family__d6ef5190be; holiday__holiday-birthday-celebration-plushie-panda-bear-family__90dc7af58e; holiday__holiday-birthday-celebration-plushie-polar-bear-family__c3dffb4b00; holiday__holiday-birthday-celebration-plushie-teddy-bear-family__dab3198aff; holiday__holiday-christmas-plushie-koala-bear-family__0cd33925f7; holiday__holiday-christmas-plushie-panda-bear__d912dad195; holiday__holiday-christmas-plushie-panda-bear-family__f87ac7472d; holiday__holiday-christmas-plushie-polar-bear__6baf58d2ab,Held back because the phrase came only from generic n-gram mining rather than a clear subject extractor.,,
chef,Chef Coloring Pages,15,chef,anime-girls__anime-girl-cooking-food-chef__a4219118e7; chibi__chibi-professions-chef__d89908e525; mandala-geometry-patterns__mandala-geometry-patterns-bakery-pastry-chef__45694162e0; mandala-geometry-patterns__mandala-geometry-patterns-japan-sushi-chef__716b074cb7; mandala-geometry-patterns__mandala-geometry-patterns-sushi-chef-cutting-rolls__5b13a3c368; mandala-geometry-patterns__mandala-geometry-patterns-sushi-chef-flipping-knife__e4f39b7cc5; mandala-geometry-patterns__mandala-geometry-patterns-sushi-chef-holding-platter__803f65197e; mandala-geometry-patterns__mandala-geometry-patterns-sushi-chef-knife-and-fish__f5fc485566,Held back because the phrase came only from generic n-gram mining rather than a clear subject extractor.,,
christmas-plushie-prehistoric,Christmas Plushie Prehistoric Coloring Pages,15,christmas plushie prehistoric,holiday__holiday-christmas-plushie-prehistoric-ankylosaurus-family__d45213567d; holiday__holiday-christmas-plushie-prehistoric-brachiosaurus-family__3fb692c4ca; holiday__holiday-christmas-plushie-prehistoric-diplodocus-family__51ae1a2235; holiday__holiday-christmas-plushie-prehistoric-glyptodon-family__d756e5f5c5; holiday__holiday-christmas-plushie-prehistoric-iguanodon-family__f9fc273f22; holiday__holiday-christmas-plushie-prehistoric-megalodon-family__15efc2b2df; holiday__holiday-christmas-plushie-prehistoric-mosasaurus-family__4fa47852fb; holiday__holiday-christmas-plushie-prehistoric-plesiosaurus-family__e47f78748d,Held back because the phrase came only from generic n-gram mining rather than a clear subject extractor.,,
circle,Circle Coloring Pages,15,circle,chibi__chibi-dungeon-engraved-rune-circle__7a231d0ebe; chibi__chibi-dungeon-summoning-circle__70c4e4f57b; chibi__chibi-holiday-halloween-ghosts-holding-hands-in-circle-coloring-page__9aa47c8b6a; fantasy__fantasy-glade-unicorn-circle__05ca04c26a; fantasy__fantasy-mage-rune-circle__74768d49e6; fantasy__fantasy-monk-meditation-circle__495b334334; fantasy__fantasy-paladin-oath-circle__fed1c13da0; fantasy__fantasy-rune-stone-circle__390378c793,Held back because the phrase came only from generic n-gram mining rather than a clear subject extractor.,,
enchanted,Enchanted Coloring Pages,15,enchanted,anime-girls__anime-girl-enchanted-forest-ambush__e6f3722767; chibi__chibi-dungeon-enchanted-book__afb6f2ea49; chibi__chibi-enchanted-forest-fairy-dancing-in-flower-ring__c4cb5961c2; chibi__chibi-enchanted-forest-fairy-dancing-under-moonlight__00578c2506; chibi__chibi-enchanted-forest-fairy-sitting-on-toadstool__f86d2acf35; chibi__chibi-enchanted-forest-fairy-sleeping-on-leaf-bed__80b63a7407; chibi__chibi-enchanted-forest-fairy-with-dragonfly-wings__c807547c33; chibi__chibi-midieval-fantasy-enchanted-armor__bbb71cceda,Held back because the phrase came only from generic n-gram mining rather than a clear subject extractor.,,
fantasy-knight,Fantasy Knight Coloring Pages,15,fantasy knight,chibi__chibi-midieval-fantasy-knight__48896ba8b7; chibi__chibi-midieval-fantasy-knight-king__9b6be9aa08; fantasy__fantasy-knight-castle-guard__c6cbf34e9c; fantasy__fantasy-knight-castle-rampart__d68af9723f; fantasy__fantasy-knight-dragon-slayer__9accb3c6db; fantasy__fantasy-knight-forest-quest__d69124c805; fantasy__fantasy-knight-holy-blade__bdc892eb83; fantasy__fantasy-knight-lion-shield-crest__271e4c97d0,Held back because the phrase came only from generic n-gram mining rather than a clear subject extractor.,,
fantasy-magic,Fantasy Magic Coloring Pages,15,fantasy magic,fantasy__fantasy-magic-cauldron__2316b2c784; fantasy__fantasy-magic-fire-spirit-forge__1719b08650; fantasy__fantasy-magic-forest-nymph-hollow__2bf4c3afe5; fantasy__fantasy-magic-fountain-water-tome__25b95964c0; fantasy__fantasy-magic-mirror-gate__4606f69aba; fantasy__fantasy-magic-portal__29e8f11e8f; fantasy__fantasy-magic-portal-spell-book__1639eb1c99; fantasy__fantasy-magic-river__ba53d9cef8,Held back because the phrase came only from generic n-gram mining rather than a clear subject extractor.,,
japan-japanese,Japan Japanese Coloring Pages,15,japan japanese,mandala-geometry-patterns__mandala-geometry-patterns-japan-japanese-bridge__7b16ebebde; mandala-geometry-patterns__mandala-geometry-patterns-japan-japanese-calligraphy__c2db2fe5db; mandala-geometry-patterns__mandala-geometry-patterns-japan-japanese-calligraphy-set__bbc96ea854; mandala-geometry-patterns__mandala-geometry-patterns-japan-japanese-ceramic-tea-cups__75cb3ca880; mandala-geometry-patterns__mandala-geometry-patterns-japan-japanese-dessert-mochi__c0c061a05f; mandala-geometry-patterns__mandala-geometry-patterns-japan-japanese-food-platter__13725381d8; mandala-geometry-patterns__mandala-geometry-patterns-japan-japanese-garden__b44a8a9f7b; mandala-geometry-patterns__mandala-geometry-patterns-japan-japanese-lantern__808ca7297e,Held back because the phrase came only from generic n-gram mining rather than a clear subject extractor.,,
party,Party Coloring Pages,15,party,anime-girls__anime-girl-bunny-birthday-party__4a4860c7ac; anime-girls__anime-girl-porcupine-hoodie-plushie-party__06dace4890; chibi__chibi-dungeon-adventurer-party__fe4db74674; chibi__chibi-holiday-halloween-halloween-party-with-balloons-and-streamers-colo__3c16bfa9fb; chibi__chibi-holiday-halloween-pumpkin-carving-party-coloring-page__eb38dfff5d; holiday__holiday-birthday-animals-wearing-party-hats__56714f9a07; holiday__holiday-birthday-dinosaur-birthday-party__b28ce22af6; holiday__holiday-birthday-mermaid-birthday-party__48db16584a,Held back because the phrase came only from generic n-gram mining rather than a clear subject extractor.,,
plushie-koala,Plushie Koala Coloring Pages,15,plushie koala,chibi__chibi-plushie-koala-bear__683bc7db01; chibi__chibi-plushie-koala-joey__35e84d9388; holiday__holiday-birthday-celebration-plushie-koala-bear-family__d6ef5190be; holiday__holiday-birthday-celebration-plushie-koala-joey-family__7f7ed04bdc; holiday__holiday-christmas-plushie-koala-bear-family__0cd33925f7; holiday__holiday-christmas-plushie-koala-joey-family__476a94dedf; holiday__holiday-halloween-costume-plushie-koala-bear-family__6b0df5fb9a; holiday__holiday-halloween-costume-plushie-koala-joey-family__5476982179,Held back because the phrase came only from generic n-gram mining rather than a clear subject extractor.,,
puppy,Puppy Coloring Pages,15,puppy,animals__animals-puppies__093b6e6276; chibi__chibi-plushie-puppy-dog__132f44319f; holiday__holiday-birthday-celebration-plushie-puppy-dog-family__0598064720; christmas__holiday-christmas-animals-puppies__5bd309ca4e; holiday__holiday-christmas-dogs-siberian-husky-puppies__98126e5b28; holiday__holiday-christmas-plushie-puppy-dog__801341ade8; holiday__holiday-christmas-plushie-puppy-dog-family__8b78f3c69d; holiday__holiday-halloween-costume-plushie-puppy-dog-family__14b7901b5e,Held back because the phrase came only from generic n-gram mining rather than a clear subject extractor.,,
rune,Rune Coloring Pages,15,rune,chibi__chibi-dungeon-engraved-rune-circle__7a231d0ebe; fantasy__fantasy-alchemist-rune-cauldron__09f58aa5ae; fantasy__fantasy-bard-rune-song__e646045251; fantasy__fantasy-mage-rune-circle__74768d49e6; fantasy__fantasy-rogue-rune-poison__997593dc4f; fantasy__fantasy-rune-elk__667b57a8ef; fantasy__fantasy-rune-forge__7904b72f3c; fantasy__fantasy-rune-shield-sanctuary__8b7b9ae17d,Held back because the phrase came only from generic n-gram mining rather than a clear subject extractor.,,
teddy-bear,Teddy Bear Coloring Pages,15,teddy bear,anime-girls__anime-girl-cute-teddy-bear-plushie__9e3171aa9b; anime-girls__anime-girl-hugging-teddy-bear__f8328a5844; anime-girls__anime-girl-hugging-teddy-bear-happy__4c64d39c5f; anime-girls__anime-girl-teddy-bear-costume__a28b96c967; anime-girls__anime-girl-teddy-bear-outfit-kawaii__6746a30a00; chibi__chibi-plushie-teddy-bear__614914bb45; holiday__holiday-birthday-celebration-plushie-teddy-bear-family__dab3198aff; holiday__holiday-christmas-plushie-teddy-bear__6f9b320545,Held back because the phrase came only from generic n-gram mining rather than a clear subject extractor.,,
dragon-holiday,Dragon Holiday Coloring Pages,14,dragon holiday,holiday__holiday-birthday-celebration-dragon__bc7966ef21; holiday__holiday-birthday-celebration-fire-dragon__de6f8bbf33; holiday__holiday-birthday-celebration-ice-dragon__a135872bdb; holiday__holiday-birthday-celebration-plushie-baby-dragon-family__2bfeee327f; holiday__holiday-birthday-celebration-plushie-dragon-family__cbfe50b576; holiday__holiday-birthday-celebration-plushie-komodo-dragon-family__8319ab1593; holiday__holiday-christmas-plushie-baby-dragon__13a91bb803; holiday__holiday-christmas-plushie-baby-dragon-family__b2bcf582a7,Held back because the phrase came only from generic n-gram mining rather than a clear subject extractor.,,
floating,Floating Coloring Pages,14,floating,chibi__chibi-dungeon-floating-magic-crystals__9806fcc6f6; chibi__chibi-holiday-halloween-ghost-floating-above-graveyard-coloring-page__1dcafd9556; chibi__chibi-holiday-halloween-ghost-floating-in-haunted-hallway-coloring-page__2ecd4724a1; fantasy__fantasy-floating-archipelago__bf0624e39f; fantasy__fantasy-floating-castle__96de23c313; fantasy__fantasy-floating-fortress__5598390794; fantasy__fantasy-floating-island__2f451dc7d1; fantasy__fantasy-floating-islands__a341ca9769,Held back because the phrase came only from generic n-gram mining rather than a clear subject extractor.,,
iguana,Iguana Coloring Pages,14,iguana,chibi__chibi-plushie-iguana__3bc9de7ca7; holiday__holiday-birthday-celebration-plushie-iguana-family__9e447e3694; holiday__holiday-christmas-plushie-iguana-family__ca96461f58; holiday__holiday-halloween-costume-plushie-iguana-family__68da030e80; mandala-geometry-patterns__mandala-geometry-patterns-iguana__cd45d02db6; mandala-geometry-patterns__mandala-geometry-patterns-iguana-face-patterns__5a7e297ebe; mandala-geometry-patterns__mandala-geometry-patterns-plushie-iguana__2aa74b6976; plushie__plushie-iguana__ddf261a79b,Held back because the phrase came only from generic n-gram mining rather than a clear subject extractor.,,
lemur,Lemur Coloring Pages,14,lemur,anime-girls__anime-girl-lemur-hoodie-plushie__8d75e934fd; anime-girls__anime-girl-studying-with-plushie-lemur__f4e321e2ea; anime-girls__anime-girl-summoning-jutsu-lemur-plushies__e3cb299424; anime-girls__anime-girl-summoning-jutsu-ring-tail-lemur__efd528a933; anime-girls__anime-girl-summoning-jutsu-ring-tail-lemur-plushies__abbfb23184; chibi__chibi-lemur__fa5f860468; chibi__chibi-plushie-lemur__ccee7916e3; holiday__holiday-birthday-celebration-plushie-lemur-family__b9f5d5d475,Held back because the phrase came only from generic n-gram mining rather than a clear subject extractor.,,
polar-bear,Polar Bear Coloring Pages,14,polar bear,animals__animals-polarbear__fb2c193ae5; anime-girls__anime-girl-polar-bear-hoodie-plushie__9f7c56fd44; anime-girls__anime-girl-polar-bear-hoodie-plushie__e7831d7ddc; chibi__chibi-plushie-kawaii-polar-bear__938c4d4db3; chibi__chibi-plushie-polar-bear__64be79dc44; holiday__holiday-birthday-celebration-plushie-polar-bear-family__c3dffb4b00; holiday__holiday-christmas-plushie-polar-bear__6baf58d2ab; holiday__holiday-christmas-plushie-polar-bear-family__3a4b9b469b,Held back because the phrase came only from generic n-gram mining rather than a clear subject extractor.,,
reef,Reef Coloring Pages,14,reef,fantasy__fantasy-ocean-reef-spirits__16b362a052; fantasy__fantasy-ocean-spirits-reef__ddb9548b5c; reptiles__reptiles-hawksbill-sea-turtle-on-coral-reef__42f9b3c3d2; sea-life__sea-life-angelfish-swimming-in-reef__95e70aed68; sea-life__sea-life-butterflyfish-pair-in-reef__81d7feea1f; sea-life__sea-life-coral-reef-fish__c022c371ac; sea-life__sea-life-coral-reef-fish-swimming__f469f498ab; sea-life__sea-life-coral-reef-scene-with-colorful-fish__100c98996c,Held back because the phrase came only from generic n-gram mining rather than a clear subject extractor.,,
river,River Coloring Pages,14,river,chibi__chibi-dungeon-lava-river__a0d17904e8; fantasy__fantasy-creatures-naga-river__a34edd9aa7; fantasy__fantasy-dragon-river-guardian__66167228c1; fantasy__fantasy-magic-river__ba53d9cef8; fantasy__fantasy-magic-river-flowing__fdb38296ae; fantasy__fantasy-nymph-river-bloom__3185162c94; fantasy__fantasy-river-guardian__82f7693f64; fantasy__fantasy-river-naiad__8a9b3418f2,Held back because the phrase came only from generic n-gram mining rather than a clear subject extractor.,,
rock,Rock Coloring Pages,14,rock,anime-girls__anime-girl-rock-climbing__cca1816458; anime-girls__anime-girl-rock-climbing__ed8cc63537; anime-girls__anime-girl-rock-climbing-action-packed__70cec8709c; birds__birds-falcon-on-rock__4fd0fbf0f8; birds__birds-rock-dove__0b5b6a81a2; chibi__chibi-holiday-halloween-werewolf-standing-atop-rock-under-moon-coloring-__a8e1c3adf2; insects__insects-stonefly-on-rock__4ed08fe484; mandala-geometry-patterns__mandala-geometry-patterns-japan-zen-rock-garden__73d2af5769,Held back because the phrase came only from generic n-gram mining rather than a clear subject extractor.,,
serpent,Serpent Coloring Pages,14,serpent,anime-girls__anime-girl-summoning-jutsu-sea-serpent-dragon__5bd52afce7; anime-girls__anime-girl-summoning-jutsu-sea-serpent-dragon-plushies__c2b2f781be; chibi__chibi-sea-serpent__cabaaf4ae2; fantasy__fantasy-ember-serpent__a3789fd811; fantasy__fantasy-ethereal-serpent__5b4fc5d805; fantasy__fantasy-ethereal-serpent-summon__8e1e1b0729; fantasy__fantasy-happy-moonlight-serpent__21e45ee356; fantasy__fantasy-jungle-serpent-god__53aa6a69cd,Held back because the phrase came only from generic n-gram mining rather than a clear subject extractor.,,
stone,Stone Coloring Pages,14,stone,chibi__chibi-dungeon-runic-stone-door__0f35ed5e60; chibi__chibi-dungeon-secret-stone-door__3133159983; chibi__chibi-dungeon-sword-in-stone__69ffaed3cd; fantasy__fantasy-creatures-golem-stone__ec554a3521; fantasy__fantasy-monk-stone-steps__6cca8418a1; fantasy__fantasy-rune-stone-circle__390378c793; fantasy__fantasy-rune-stone-circle-summoning-unicorn__91b607b070; fantasy__fantasy-runebound-stone-golem__2dec074ea4,Held back because the phrase came only from generic n-gram mining rather than a clear subject extractor.,,
tortoise,Tortoise Coloring Pages,14,tortoise,holiday__holiday-birthday-celebration-plushie-tortoise-family__48617cc09f; holiday__holiday-christmas-plushie-tortoise-family__5a1ad1e8fe; holiday__holiday-halloween-costume-plushie-tortoise-family__a926470230; mandala-geometry-patterns__mandala-geometry-patterns-plushie-tortoise__1b82771ccb; plushie__plushie-cute-tortoise__39fda56fb7; plushie__plushie-tortoise__3b16b42013; plushie__plushie-tortoise-family__a1cd5f2358; reptiles__reptiles-desert-tortoise-in-burrow__132904dd51,Held back because the phrase came only from generic n-gram mining rather than a clear subject extractor.,,
werewolf,Werewolf Coloring Pages,14,werewolf,anime-girls__anime-girl-transforming-into-fantasy-werewolf__af448e8995; anime-girls__anime-girl-transforming-into-fantasy-werewolf-full-moon__854ddd88d4; anime-girls__anime-girl-werewolf__58f00f2580; chibi__chibi-holiday-halloween-werewolf-howling-under-full-moon-coloring-page__a6643004a9; chibi__chibi-holiday-halloween-werewolf-in-forest-with-fireflies-coloring-page__eac93f03f5; chibi__chibi-holiday-halloween-werewolf-jumping-over-haunted-fence-coloring-pag__7466595531; chibi__chibi-holiday-halloween-werewolf-standing-atop-rock-under-moon-coloring-__a8e1c3adf2; chibi__chibi-midieval-fantasy-werewolf__996a769caf,Held back because the phrase came only from generic n-gram mining rather than a clear subject extractor.,,
armadillo,Armadillo Coloring Pages,13,armadillo,anime-girls__anime-girl-armadillo-hoodie-animal-plushie__d2e31ff395; anime-girls__anime-girl-armadillo-hoodie-plushie__4388d15510; anime-girls__anime-girl-summoning-jutsu-armadillo__e15ffd9428; anime-girls__anime-girl-summoning-jutsu-armadillo-plushies__d5cf38eb87; chibi__chibi-armadillo__b67dd7fc0d; holiday__holiday-birthday-celebration-plushie-armadillo-family__d6ad162889; holiday__holiday-christmas-plushie-armadillo-family__1f1c5806aa; holiday__holiday-halloween-costume-plushie-armadillo-family__920cbb892f,Held back because the phrase came only from generic n-gram mining rather than a clear subject extractor.,,
cards,Cards Coloring Pages,13,cards,anime-girls__anime-girl-playing-cards__0c676c2206; anime-girls__anime-girl-playing-cards-professionally__1d1ba96ada; animals-playing-cards__cats-playing-cards__c22648db9b; christmas__christmas-holiday-christmas-cards__cc6fed095e; fantasy__fantasy-creatures-flying-unicorn-playing-cards__8254919abd; fantasy__fantasy-creatures-ghost-pirate-ship-playing-cards__a2061c6400; fantasy__fantasy-creatures-magical-unicorn-playing-cards__0e202d55fb; fantasy__fantasy-creatures-mermaid-playing-cards__9830bfb88e,Held back because the phrase came only from generic n-gram mining rather than a clear subject extractor.,,
celestial,Celestial Coloring Pages,13,celestial,anime-girls__anime-girl-celestial-paladin-armor__e770ba34fc; fantasy__fantasy-celestial-dragon__db3cf87534; fantasy__fantasy-celestial-dragon-flying__e50b2c2113; fantasy__fantasy-celestial-fox__71598c8013; fantasy__fantasy-celestial-island-owl__84979a23a7; fantasy__fantasy-celestial-kirin__132dc0fde7; fantasy__fantasy-celestial-owl__02a6371aeb; fantasy__fantasy-celestial-temple__3cfd13faa5,Held back because the phrase came only from generic n-gram mining rather than a clear subject extractor.,,
chameleon,Chameleon Coloring Pages,13,chameleon,chibi__chibi-plushie-chameleon__56571f6da4; holiday__holiday-birthday-celebration-plushie-chameleon-family__637b5fb876; holiday__holiday-christmas-plushie-chameleon-family__3b18728f31; holiday__holiday-halloween-costume-plushie-chameleon-family__9b87e124ef; mandala-geometry-patterns__mandala-geometry-patterns-chameleon__3599fb127b; mandala-geometry-patterns__mandala-geometry-patterns-chameleon-face-patterns__34103ddf91; mandala-geometry-patterns__mandala-geometry-patterns-plushie-chameleon__a918479079; mandala-geometry-patterns__mandala-geometry-patterns-plushie-chameleon-animals__9c03d145ac,Held back because the phrase came only from generic n-gram mining rather than a clear subject extractor.,,
chinese,Chinese Coloring Pages,13,chinese,anime-girls__anime-girl-chinese-fan__d3ac6ff23e; anime-girls__anime-girl-summoning-jutsu-chinese-dragon__600fb1df99; anime-girls__anime-girl-summoning-jutsu-chinese-dragon-plushies__62c625191e; chibi__chibi-animals-pets-dogs-chinese-crested__75a05177cb; dogs__dogs-chinese-crested__2014588380; homes__homes-chinese-courtyard-house__7e0c4e5b0c; indoor-plants__indoor-plants-chinese-evergreen-aglaonema__a325731289; indoor-plants__indoor-plants-chinese-evergreen-red__34202110cd,Held back because the phrase came only from generic n-gram mining rather than a clear subject extractor.,,
desert,Desert Coloring Pages,13,desert,fantasy__fantasy-creatures-manticore-desert__49c00e3fb2; fantasy__fantasy-scout-desert-camp__fd082e3328; insects__insects-desert-scorpion__b2ef356f31; mandala-geometry-patterns__mandala-geometry-patterns-trains-locomotives-desert-safari-train-crossin__fe5b536bcc; mandala-geometry-patterns__mandala-geometry-patterns-trains-locomotives-long-distance-passenger-tra__a608d5a96b; midieval__midieval-fantasy-desert-oasis__42bfafbb98; reptiles__reptiles-bearded-dragon-in-desert-scene__14ae2f3df3; reptiles__reptiles-desert-horned-lizard__24205bcf29,Held back because the phrase came only from generic n-gram mining rather than a clear subject extractor.,,
electric,Electric Coloring Pages,13,electric,anime-girls__anime-girl-summoning-electric-eel-plushies__f0a20a381e; anime-girls__anime-girl-summoning-electric-eels__e0da160465; mandala-geometry-patterns__mandala-geometry-patterns-trains-locomotives-electric-commuter-train-at-__e2315ee4a1; mandala-geometry-patterns__mandala-geometry-patterns-trains-locomotives-electric-light-rail-train-o__deb046a5d2; mandala-geometry-patterns__mandala-geometry-patterns-trains-locomotives-electric-locomotive-on-rail__56700cbf81; mandala-geometry-patterns__mandala-geometry-patterns-trains-locomotives-electric-metro-train-inside__8214b988e9; mandala-geometry-patterns__mandala-geometry-patterns-trains-locomotives-electric-train-on-overhead-__8d0469941d; mandala-geometry-patterns__mandala-geometry-patterns-vehicle-cars-electric-sports-car__63aa3a648e,Held back because the phrase came only from generic n-gram mining rather than a clear subject extractor.,,
elemental,Elemental Coloring Pages,13,elemental,anime-girls__anime-girl-elemental-clash__66d661a796; chibi__chibi-dungeon-water-elemental__d8d144215e; fantasy__fantasy-creatures-earth-elemental__080ab30b84; fantasy__fantasy-creatures-fire-elemental__8e6d8eeef3; fantasy__fantasy-creatures-storm-elemental__5e2dd9a074; fantasy__fantasy-creatures-water-elemental__21bb88996d; fantasy__fantasy-elemental-forest-guardian__50bb58f904; fantasy__fantasy-wind-elemental-air-powers__fdc70b1f2a,Held back because the phrase came only from generic n-gram mining rather than a clear subject extractor.,,
elf,Elf Coloring Pages,13,elf,chibi__chibi-elf__b061b6e57f; chibi__chibi-elf-centaur__efcbbd3047; chibi__chibi-midieval-fantasy-elf__bbd29f276e; fantasy__fantasy-creatures-elf__79bd85d381; fantasy__fantasy-elf-crystal-mage__833187c9ab; fantasy__fantasy-elf-forest-rider__8771d25b0f; fantasy__fantasy-elf-moon-archer__565c967253; fantasy__fantasy-elf-sun-swordsman__4d09831c4d,Held back because the phrase came only from generic n-gram mining rather than a clear subject extractor.,,
festival,Festival Coloring Pages,13,festival,anime-girls__anime-girl-lantern-festival__f85e9ea41d; chibi__chibi-holiday-halloween-candy-stall-at-halloween-festival-coloring-page__50f8dcfa9b; mandala-geometry-patterns__mandala-geometry-patterns-japan-cherry-blossom-festival__a8c1e3cec3; mandala-geometry-patterns__mandala-geometry-patterns-japan-festival-lanterns__1833e65507; mandala-geometry-patterns__mandala-geometry-patterns-japan-golden-week-festival__0bca9f1fe5; mandala-geometry-patterns__mandala-geometry-patterns-japan-kanda-matsuri-festival__95f40f8564; mandala-geometry-patterns__mandala-geometry-patterns-japan-matsuri-festival-dancers__c0f16c3752; mandala-geometry-patterns__mandala-geometry-patterns-japan-sapporo-snow-festival__53b0113d63,Held back because the phrase came only from generic n-gram mining rather than a clear subject extractor.,,
gecko,Gecko Coloring Pages,13,gecko,chibi__chibi-plushie-gecko__7aaf40fa39; holiday__holiday-birthday-celebration-plushie-gecko-family__d23b1dedd9; holiday__holiday-christmas-plushie-gecko-family__d908d79154; holiday__holiday-halloween-costume-plushie-gecko-family__21409e6ca9; mandala-geometry-patterns__mandala-geometry-patterns-plushie-gecko__6fd95fb7e7; plushie__plushie-gecko__ea89eb4b8b; plushie__plushie-gecko-family__5c2755c389; reptiles__reptiles-crested-gecko__476ca0f7ac,Held back because the phrase came only from generic n-gram mining rather than a clear subject extractor.,,
golem,Golem Coloring Pages,13,golem,chibi__chibi-dungeon-earth-golem__c53d120fd0; fantasy__fantasy-artificer-mech-golem__f1d7e3b102; fantasy__fantasy-clockwork-golem__f5d7e04de4; fantasy__fantasy-creatures-golem__c48d081d2a; fantasy__fantasy-creatures-golem-stone__ec554a3521; fantasy__fantasy-crystal-golem-core__68e200644e; fantasy__fantasy-earth-golem-fighter__1a6254f195; fantasy__fantasy-iron-golem-core__5ac5e91d5f,Held back because the phrase came only from generic n-gram mining rather than a clear subject extractor.,,
jaguar,Jaguar Coloring Pages,13,jaguar,anime-girls__anime-girl-jaguar-hoodie-plushie__ea394c62e2; anime-girls__anime-girl-jaguar-hoodie-plushie-cosplay__540d6fcab8; anime-girls__anime-girl-summoning-jutsu-jaguar-plushies__1a27b2abef; chibi__chibi-jaguar__cae69e3522; chibi__chibi-plushie-jaguar__0bb870913d; holiday__holiday-birthday-celebration-plushie-jaguar-family__00e15de90d; holiday__holiday-christmas-plushie-jaguar-family__cfc1562767; holiday__holiday-halloween-costume-plushie-jaguar-family__ae35b88e31,Held back because the phrase came only from generic n-gram mining rather than a clear subject extractor.,,
kraken,Kraken Coloring Pages,13,kraken,anime-girls__anime-girl-riding-a-kraken-1__f7eaf07716; anime-girls__anime-girl-riding-tentacle-kraken-monster__c8734bdf98; chibi__chibi-plushie-baby-kraken__4822d30730; fantasy__fantasy-ancient-kraken-ocean-depths__8a45e5be89; fantasy__fantasy-chibi-kraken-playful__33bdec4570; fantasy__fantasy-creatures-kraken-sea__8211d8ab65; fantasy__fantasy-kraken-lighthouse__3d70e4a3bc; fantasy__fantasy-kraken-ocean-depths__6a95eda3f4,Held back because the phrase came only from generic n-gram mining rather than a clear subject extractor.,,
leaf,Leaf Coloring Pages,13,leaf,chibi__chibi-enchanted-forest-fairy-sleeping-on-leaf-bed__80b63a7407; fantasy__fantasy-leaf-fairy-shrine__86c5b38df3; indoor-plants__indoor-plants-fiddle-leaf-fig__b6db2900d9; insects__insects-earwig-on-leaf-litter__d5d1f70391; insects__insects-lacewing-on-leaf__fa3592b56a; insects__insects-leaf-beetle-on-plant__26caf63705; insects__insects-leafcutter-bee-carrying-leaf__85f955ce13; insects__insects-praying-mantis-on-leaf__dde923fa38,Held back because the phrase came only from generic n-gram mining rather than a clear subject extractor.,,
nigiri-mandala,Nigiri Mandala Coloring Pages,13,nigiri mandala,mandala-geometry-patterns__mandala-geometry-patterns-sushi-aburi-ebi-nigiri__e6a7198dae; mandala-geometry-patterns__mandala-geometry-patterns-sushi-aburi-salmon-nigiri__6009e02cb8; mandala-geometry-patterns__mandala-geometry-patterns-sushi-aburi-tuna-nigiri__9b61ce7e48; mandala-geometry-patterns__mandala-geometry-patterns-sushi-avocado-nigiri__288a9fc35f; mandala-geometry-patterns__mandala-geometry-patterns-sushi-chef-shaping-nigiri__27b23b7c83; mandala-geometry-patterns__mandala-geometry-patterns-sushi-crab-stick-nigiri__dc30d0670d; mandala-geometry-patterns__mandala-geometry-patterns-sushi-egg-tamago-nigiri__8f8f764ac0; mandala-geometry-patterns__mandala-geometry-patterns-sushi-octopus-nigiri__29d634566c,Held back because the phrase came only from generic n-gram mining rather than a clear subject extractor.,,
nigiri-mandala-geometry,Nigiri Mandala Geometry Coloring Pages,13,nigiri mandala geometry,mandala-geometry-patterns__mandala-geometry-patterns-sushi-aburi-ebi-nigiri__e6a7198dae; mandala-geometry-patterns__mandala-geometry-patterns-sushi-aburi-salmon-nigiri__6009e02cb8; mandala-geometry-patterns__mandala-geometry-patterns-sushi-aburi-tuna-nigiri__9b61ce7e48; mandala-geometry-patterns__mandala-geometry-patterns-sushi-avocado-nigiri__288a9fc35f; mandala-geometry-patterns__mandala-geometry-patterns-sushi-chef-shaping-nigiri__27b23b7c83; mandala-geometry-patterns__mandala-geometry-patterns-sushi-crab-stick-nigiri__dc30d0670d; mandala-geometry-patterns__mandala-geometry-patterns-sushi-egg-tamago-nigiri__8f8f764ac0; mandala-geometry-patterns__mandala-geometry-patterns-sushi-octopus-nigiri__29d634566c,Held back because the phrase came only from generic n-gram mining rather than a clear subject extractor.,,
seal,Seal Coloring Pages,13,seal,animals__animals-seal__02d2527a31; chibi__chibi-plushie-seal__9100181a31; holiday__holiday-birthday-celebration-plushie-seal-family__d472242262; holiday__holiday-christmas-plushie-seal-family__9d646b4275; holiday__holiday-halloween-costume-plushie-seal-family__c5767e54ad; mandala-geometry-patterns__mandala-geometry-patterns-plushie-animals-seal__42c0fbef5c; mandala-geometry-patterns__mandala-geometry-patterns-plushie-seal__a249413612; mandala-geometry-patterns__mandala-geometry-patterns-plushie-seal-animals__51320afec7,Held back because the phrase came only from generic n-gram mining rather than a clear subject extractor.,,
skeleton,Skeleton Coloring Pages,13,skeleton,anime-girls__anime-girl-skeleton__216f51c4b6; anime-girls__anime-girl-skeleton-outfit__d14e8c64a8; chibi__chibi-dungeon-skeleton-archer__4e7e721bcd; chibi__chibi-dungeon-skeleton-guard__58f6231f52; chibi__chibi-holiday-halloween-skeleton-band-playing-in-graveyard-coloring-page__beeabe84e8; chibi__chibi-holiday-halloween-skeleton-dancing-with-top-hat-coloring-page__3ddcbf334e; chibi__chibi-holiday-halloween-skeleton-riding-bicycle-through-town-coloring-pa__d08afbfad3; chibi__chibi-holiday-halloween-skeleton-sitting-on-bench-in-park-coloring-page__861748f12e,Held back because the phrase came only from generic n-gram mining rather than a clear subject extractor.,,
sun,Sun Coloring Pages,13,sun,anime-girls__anime-girl-sun-flower__cba5ab3514; chibi__chibi-plushie-sun-character__7221a2c722; fantasy__fantasy-artifact-sun-orb__ee546213e3; fantasy__fantasy-cleric-sun-disc__309ac94cff; fantasy__fantasy-elf-sun-swordsman__4d09831c4d; fantasy__fantasy-paladin-sun-emblem__6a50af44a3; fantasy__fantasy-sun-guardian__2306338dae; fantasy__fantasy-sun-wisp__983012679e,Held back because the phrase came only from generic n-gram mining rather than a clear subject extractor.,,
temple,Temple Coloring Pages,13,temple,fantasy__fantasy-celestial-temple__3cfd13faa5; fantasy__fantasy-monk-temple-garden__778021fcc8; fantasy__fantasy-paladin-temple-guardian__3a0a6a9ded; fantasy__fantasy-ruins-ancient-temple__0bf75a3646; fantasy__fantasy-ruins-ancient-temple-dragon-guard__0147add711; fantasy__fantasy-ruins-sky-temple__40e95663e1; fantasy__fantasy-sky-dragon-temple-guard__47fd851314; fantasy__fantasy-temple-guardian__abfad825fb,Held back because the phrase came only from generic n-gram mining rather than a clear subject extractor.,,
toothed-tiger,Toothed Tiger Coloring Pages,13,toothed tiger,anime-girls__anime-girl-saber-toothed-tiger-hoodie-plushie__0df82031f8; anime-girls__anime-girl-saber-toothed-tiger-hoodie-plushie__14e1ec01ad; anime-girls__anime-girl-summoning-jutsu-saber-toothed-tiger__11270f5fc7; anime-girls__anime-girl-summoning-jutsu-saber-toothed-tiger-plushies__40d1c7a0f7; chibi__chibi-plushie-prehistoric-saber-toothed-tiger__b1b54abff8; chibi__chibi-saber-toothed-tiger__d449186160; holiday__holiday-birthday-celebration-plushie-prehistoric-saber-toothed-tiger-fam__709b072757; holiday__holiday-birthday-celebration-saber-toothed-tiger__4e4755b959,Held back because the phrase came only from generic n-gram mining rather than a clear subject extractor.,,
turkey,Turkey Coloring Pages,13,turkey,animals__animals-turkey__a5e1952cea; birds__birds-turkey__bc342ca0d4; chibi__chibi-mushroom-turkey-tail__cd2674eaf3; chibi__chibi-plushie-turkey__f9d8c7c40f; gardening__gardening-mushroom-turkey-tail__4cbc3e83ee; holiday__holiday-birthday-celebration-plushie-turkey-family__b8180034e7; holiday__holiday-christmas-plushie-turkey-family__dd82779fc9; holiday__holiday-halloween-costume-plushie-turkey-family__25f7b47398,Held back because the phrase came only from generic n-gram mining rather than a clear subject extractor.,,
undead,Undead Coloring Pages,13,undead,anime-girls__anime-girl-summoning-jutsu-undead-dinosaur-fossil-plushies__1d544c4aa0; anime-girls__anime-girl-summoning-jutsu-undead-dinosaur-fossils__4a998aa4d1; anime-girls__anime-girl-summoning-jutsu-undead-dragon__eea9fe5d9e; anime-girls__anime-girl-summoning-jutsu-undead-dragon-plushies__ebe197a95b; anime-girls__anime-girl-undead-uprising__d16098a52b; chibi__chibi-dungeon-undead-warrior__f06c52e19f; chibi__chibi-dungeon-undead-warrior-knight__6635512a9b; chibi__chibi-undead-dragon__93285040c9,Held back because the phrase came only from generic n-gram mining rather than a clear subject extractor.,,
warrior,Warrior Coloring Pages,13,warrior,anime-girls__anime-girl-kimono-warrior-smoke-pipe__746838b0cb; anime-girls__anime-girl-yoga-warrior-i__1a9a130a72; anime-girls__anime-girl-yoga-warrior-i__9064348078; anime-girls__anime-girl-yoga-warrior-ii__63e2eef608; chibi__chibi-dungeon-crystal-cave-warrior__7f88258473; chibi__chibi-dungeon-dwarf-warrior-with-axe__1f0a4e3c62; chibi__chibi-dungeon-goblin-warrior__fecbeef086; chibi__chibi-dungeon-legendary-dragon-warrior__ae638798a9,Held back because the phrase came only from generic n-gram mining rather than a clear subject extractor.,,
winter,Winter Coloring Pages,13,winter,anime-girls__anime-girl-chin-up-outdoor-tree-winter__853f8ff475; anime-girls__anime-girl-skiing-winter__a35cc9afd6; christmas__christmas-holiday-winter-wonderland__ae35457cd8; fantasy__fantasy-barbarian-winter-wolf__74d520a2e6; fantasy__fantasy-female-barbarian-winter-wolf__df2060763f; christmas__holiday-christmas-winter-cabin-in-woods-with-smoke-in-chimney-coloring-p__7458ad600d; christmas__holiday-christmas-winter-ice-skating-rink-in-village-square-coloring-pag__2314a178ce; christmas__holiday-christmas-winter-kids-sledding-down-hill-in-park-coloring-page__661f3b44b5,Held back because the phrase came only from generic n-gram mining rather than a clear subject extractor.,,
alligator,Alligator Coloring Pages,12,alligator,animals__animals-alligator__4feec8505a; chibi__chibi-plushie-alligator__90926f5c7b; holiday__holiday-birthday-celebration-plushie-alligator-family__88ffd48da0; holiday__holiday-christmas-plushie-alligator-family__e57629ca9d; holiday__holiday-halloween-costume-plushie-alligator-family__34d6f58480; holiday__holiday-halloween-plushie-alligator-family__f107f37eb2; mandala-geometry-patterns__mandala-geometry-patterns-plushie-alligator__ffb80964d1; mandala-geometry-patterns__mandala-geometry-patterns-plushie-alligator-animals__870b9979cf,Held back because the phrase came only from generic n-gram mining rather than a clear subject extractor.,,
bunny,Bunny Coloring Pages,12,bunny,anime-girls__anime-girl-bunny-birthday-party__4a4860c7ac; chibi__chibi-plushie-bunny-rabbit__10282745ac; holiday__holiday-birthday-celebration-plushie-bunny-rabbit-family__9b00c4a296; holiday__holiday-christmas-plushie-bunny__e4b1826cbf; holiday__holiday-christmas-plushie-bunny-rabbit__aba4ecf04e; holiday__holiday-christmas-plushie-bunny-rabbit-family__62405ec7d5; holiday__holiday-halloween-costume-plushie-bunny-rabbit-family__81cd406050; mandala-geometry-patterns__mandala-geometry-patterns-plushie-bunny__a00ba76a7e,Held back because the phrase came only from generic n-gram mining rather than a clear subject extractor.,,
cake,Cake Coloring Pages,12,cake,anime-girls__anime-girl-birthday-cake__a75fa3e263; anime-girls__anime-girl-celetbrating-birthday-cake__3e754f4081; holiday__holiday-birthday-cake-with-candles__fa85526c3e; holiday__holiday-birthday-dog-with-birthday-cake__7fabf79cbe; mandala-geometry-patterns__mandala-geometry-patterns-bakery-birthday-cake__63baabceb3; mandala-geometry-patterns__mandala-geometry-patterns-bakery-bundt-cake__84aca9e8c9; mandala-geometry-patterns__mandala-geometry-patterns-bakery-cake-stand__f14fe96685; mandala-geometry-patterns__mandala-geometry-patterns-bakery-carrot-cake-slice__77618ace7c,Held back because the phrase came only from generic n-gram mining rather than a clear subject extractor.,,
camel,Camel Coloring Pages,12,camel,anime-girls__anime-girl-camel-hoodie-animal-plushie__76c784f3af; anime-girls__anime-girl-camel-hoodie-plushie__97eab53f78; anime-girls__anime-girl-summoning-jutsu-camel-plushies__998d5092e8; chibi__chibi-camel__77678a2976; chibi__chibi-plushie-camel__a7571e114e; holiday__holiday-birthday-celebration-plushie-camel-family__ac79c5e3f3; holiday__holiday-christmas-plushie-camel-family__c8800c38f2; holiday__holiday-halloween-costume-plushie-camel-family__3880d4d2f4,Held back because the phrase came only from generic n-gram mining rather than a clear subject extractor.,,
cap,Cap Coloring Pages,12,cap,chibi__chibi-mushroom-inky-cap__a6975c8bea; gardening__gardening-mushroom-cinnamon-cap__e803a22846; gardening__gardening-mushroom-cracked-cap-boletus__50ad1f531e; gardening__gardening-mushroom-death-cap-amanita__57e3f8c124; gardening__gardening-mushroom-inky-cap__d3614e03c4; gardening__gardening-mushroom-lactarius-indigo-blue-milk-cap__0d6c42fcdb; mandala-geometry-patterns__mandala-geometry-patterns-mushroom-cinnamon-cap__8133e34a45; mandala-geometry-patterns__mandala-geometry-patterns-mushroom-cracked-cap-boletus__dd7bd7f449,Held back because the phrase came only from generic n-gram mining rather than a clear subject extractor.,,
earth,Earth Coloring Pages,12,earth,anime-girls__anime-girl-summoning-jutsu-earth-dragon__710623c1c0; anime-girls__anime-girl-summoning-jutsu-earth-dragon-plushies__650c6964a0; chibi__chibi-dungeon-earth-golem__c53d120fd0; chibi__chibi-earth-dragon__4623602646; chibi__chibi-earth-dragon-sitting__eb99d4b700; chibi__chibi-plushie-earth-globe-character__38729dc3d2; fantasy__fantasy-creatures-earth-elemental__080ab30b84; fantasy__fantasy-earth-dragon-burrow__a9e46db10c,Held back because the phrase came only from generic n-gram mining rather than a clear subject extractor.,,
fantasy-sorcerer,Fantasy Sorcerer Coloring Pages,12,fantasy sorcerer,chibi__chibi-midieval-fantasy-sorcerer__1f994253a1; fantasy__fantasy-sorcerer-arcane-sorcery__aaae154c3e; fantasy__fantasy-sorcerer-arcane-veil__00c5a0a998; fantasy__fantasy-sorcerer-bone-familiar__bffd3c9e50; fantasy__fantasy-sorcerer-eldritch-orb__177434f718; fantasy__fantasy-sorcerer-magic-storm__423d46ba5f; fantasy__fantasy-sorcerer-shadow-flame__8945818ea3; fantasy__fantasy-sorcerer-summon-bone-familiar__168c8e4c5a,Held back because the phrase came only from generic n-gram mining rather than a clear subject extractor.,,
goblin,Goblin Coloring Pages,12,goblin,chibi__chibi-dungeon-goblin-archer__c6f5735412; chibi__chibi-dungeon-goblin-warrior__fecbeef086; chibi__chibi-midieval-fantasy-goblin__41a3b6452b; fantasy__fantasy-chibi-goblin-cooking__6d8e360519; fantasy__fantasy-creatures-goblin__efa81a3655; fantasy__fantasy-creatures-goblin-tinker__d81d9ac65e; fantasy__fantasy-goblin-alchemist__8d6890642f; fantasy__fantasy-goblin-market__029c389777,Held back because the phrase came only from generic n-gram mining rather than a clear subject extractor.,,
halloween-ghost,Halloween Ghost Coloring Pages,12,halloween ghost,chibi__chibi-holiday-halloween-cute-halloween-ghost-cat-bat-friends-coloring-pa__1cc339c68a; chibi__chibi-holiday-halloween-ghost-family-coloring-page__f4a78ca0e4; chibi__chibi-holiday-halloween-ghost-family-with-smiling-faces-coloring-page__fc38fdeb9d; chibi__chibi-holiday-halloween-ghost-floating-above-graveyard-coloring-page__1dcafd9556; chibi__chibi-holiday-halloween-ghost-floating-in-haunted-hallway-coloring-page__2ecd4724a1; chibi__chibi-holiday-halloween-ghost-peeking-behind-tombstone-coloring-page__c136970593; chibi__chibi-holiday-halloween-ghost-peeking-from-pumpkin-coloring-page__55ab382228; chibi__chibi-holiday-halloween-ghost-riding-on-broom-with-witch-coloring-page__f62927f988,Held back because the phrase came only from generic n-gram mining rather than a clear subject extractor.,,
komodo,Komodo Coloring Pages,12,komodo,chibi__chibi-plushie-komodo-dragon__c393e03850; holiday__holiday-birthday-celebration-plushie-komodo-dragon-family__8319ab1593; holiday__holiday-christmas-plushie-komodo-dragon-family__d67afb97e4; holiday__holiday-halloween-costume-plushie-komodo-dragon-family__c90921d351; mandala-geometry-patterns__mandala-geometry-patterns-komodo-dragon__f13e5a9425; mandala-geometry-patterns__mandala-geometry-patterns-komodo-dragon-face-patterns__238fcd60e6; mandala-geometry-patterns__mandala-geometry-patterns-plushie-komodo-dragon__e82332af9a; plushie__plushie-komodo-dragon__3b74d686aa,Held back because the phrase came only from generic n-gram mining rather than a clear subject extractor.,,
leopard,Leopard Coloring Pages,12,leopard,chibi__chibi-animals-pets-dogs-catahoula-leopard-dog__b255436134; chibi__chibi-plushie-snow-leopard__e4b24383a1; dogs__dogs-catahoula-leopard-dog__c49e6864b3; holiday__holiday-birthday-celebration-plushie-snow-leopard-family__f904c879e7; holiday__holiday-christmas-plushie-snow-leopard-family__fc7559724d; holiday__holiday-halloween-costume-plushie-snow-leopard-family__f0d59d779b; mandala-geometry-patterns__mandala-geometry-patterns-dogs-catahoula-leopard-dog__0a8f12d1ab; mandala-geometry-patterns__mandala-geometry-patterns-plushie-snow-leopard__250129dbea,Held back because the phrase came only from generic n-gram mining rather than a clear subject extractor.,,
light,Light Coloring Pages,12,light,anime-girls__anime-girl-elven-light-armor__84b23c73c3; chibi__chibi-dungeon-healer-casting-light__e59fab0304; chibi__chibi-dungeon-lord-of-light__6214968add; fantasy__fantasy-cleric-healing-light__bb0764d0c3; fantasy__fantasy-happy-light-spirit-shrine__d22bdef0a8; fantasy__fantasy-light-dragon__2c6e7c8730; fantasy__fantasy-light-dragon-sanctum__fe47661b02; fantasy__fantasy-light-spirit-shrine__623558d709,Held back because the phrase came only from generic n-gram mining rather than a clear subject extractor.,,
log,Log Coloring Pages,12,log,chibi__chibi-mushroom-mossy-log-with-mushrooms__2d117acbc1; christmas__christmas-holiday-yule-log__984d5c8ae2; gardening__gardening-mushroom-mossy-log-with-mushrooms__819a1a9a1a; christmas__holiday-christmas-winter-log-cabin-with-glowing-windows-coloring-page__325a202b5a; homes__homes-log-cabin-by-lake__a2792c99a0; homes__homes-log-cabin-in-mountains__7342eb0d74; insects__insects-beetle-on-log__677f9ddfac; insects__insects-carpenter-ant-on-log__822a690840,Held back because the phrase came only from generic n-gram mining rather than a clear subject extractor.,,
monster,Monster Coloring Pages,12,monster,anime-girls__anime-girl-ninja-teleporting-to-monster-battle-shounin__562cbae255; anime-girls__anime-girl-riding-tentacle-kraken-monster__c8734bdf98; chibi__chibi-dungeon-chained-monster__049b6dd5ac; chibi__chibi-dungeon-monster-egg-hatching__708b4cfceb; chibi__chibi-dungeon-slime-monster__d9a13a8514; chibi__chibi-holiday-halloween-frankenstein-monster-smiling-coloring-page__a39841457f; chibi__chibi-kaiju-monster__5a5847eaec; fantasy__fantasy-knight-monster-slayer__d8f4b27fc2,Held back because the phrase came only from generic n-gram mining rather than a clear subject extractor.,,
newt,Newt Coloring Pages,12,newt,chibi__chibi-plushie-newt__e7baebab04; holiday__holiday-birthday-celebration-newt-family__dd6b081658; holiday__holiday-birthday-celebration-plushie-newt-family__c6bc23a20b; holiday__holiday-christmas-plushie-newt-family__3ddc493508; holiday__holiday-halloween-costume-plushie-newt-family__dcb42abbe9; holiday__holiday-halloween-plushie-newt-family__a1c63c96c9; mandala-geometry-patterns__mandala-geometry-patterns-plushie-newt__fea04d9587; plushie__plushie-cute-newt__48719415b7,Held back because the phrase came only from generic n-gram mining rather than a clear subject extractor.,,
paladin,Paladin Coloring Pages,12,paladin,anime-girls__anime-girl-celestial-paladin-armor__e770ba34fc; fantasy__fantasy-paladin-angel-guard__df0da49424; fantasy__fantasy-paladin-hammer-guardian__969aa4398f; fantasy__fantasy-paladin-holy-aura__7aef0183ae; fantasy__fantasy-paladin-holy-hammer__ca275c23fa; fantasy__fantasy-paladin-light-aura__96b7e24a18; fantasy__fantasy-paladin-oath-circle__fed1c13da0; fantasy__fantasy-paladin-radiant-steed__1d8fbfea2d,Held back because the phrase came only from generic n-gram mining rather than a clear subject extractor.,,
potion,Potion Coloring Pages,12,potion,anime-girls__anime-girl-nurse-drinking-health-potion__47dbcbe714; anime-girls__anime-girl-potion-shop__49612ea98f; anime-girls__anime-girl-potion-shop__6e30ef7e14; anime-girls__anime-girl-potion-shop-1__4630c54cfc; chibi__chibi-dungeon-magic-health-potion__99dae6814e; chibi__chibi-dungeon-magic-potion-table__5f5d85baaa; chibi__chibi-dungeon-potion-shelves__2fb564e0ca; chibi__chibi-holiday-halloween-cauldron-surrounded-by-potion-bottles-coloring-p__2565671600,Held back because the phrase came only from generic n-gram mining rather than a clear subject extractor.,,
seahorse,Seahorse Coloring Pages,12,seahorse,chibi__chibi-plushie-seahorse__e2ef3da10a; holiday__holiday-birthday-celebration-plushie-seahorse-family__56e4df3d71; holiday__holiday-christmas-plushie-seahorse-family__e3d6235b11; holiday__holiday-halloween-costume-plushie-seahorse-family__33b55a6620; mandala-geometry-patterns__mandala-geometry-patterns-plushie-seahorse__72efbf8736; mandala-geometry-patterns__mandala-geometry-patterns-plushie-seahorse-animals__c6240b21e8; mandala-geometry-patterns__mandala-geometry-patterns-seahorse__1db6d415d6; mandala-geometry-patterns__mandala-geometry-patterns-seahorse-face-patterns__762473a336,Held back because the phrase came only from generic n-gram mining rather than a clear subject extractor.,,
sword,Sword Coloring Pages,12,sword,anime-girls__anime-girl-summoning-magic-musical-sword-plushies__72066c4f84; anime-girls__anime-girl-sword-battle__4ded8fff72; anime-girls__anime-girl-sword-fighting__56ce656ecf; anime-girls__anime-girl-sword-fighting-action__68da5e2e6b; chibi__chibi-dungeon-haunted-magic-sword__8d7144eff4; chibi__chibi-dungeon-shield-and-sword__269f2cc7a9; chibi__chibi-dungeon-sword-in-stone__69ffaed3cd; fantasy__fantasy-magic-sword-on-pedestal__5251222f7c,Held back because the phrase came only from generic n-gram mining rather than a clear subject extractor.,,
trick,Trick Coloring Pages,12,trick,anime-girls__anime-girl-bowling-trick-shot__aaa558e9a6; chibi__chibi-holiday-halloween-trick-or-treat-children-with-pumpkin-bags-colori__abe00661e0; chibi__chibi-holiday-halloween-trick-or-treat-dog-in-cute-costume-coloring-page__79fa5d8c2d; chibi__chibi-holiday-halloween-trick-or-treat-doorstep-with-carved-pumpkins-col__764a39620c; chibi__chibi-holiday-halloween-trick-or-treat-front-porch-decorated-coloring-pa__aad2950ba7; chibi__chibi-holiday-halloween-trick-or-treat-walkway-lined-with-lanterns-color__604d716265; chibi__chibi-holiday-halloween-zombie-with-torn-trick-or-treat-bag-coloring-pag__1862dece82; holiday__holiday-halloween-trick-or-treat-dog-in-cute-costume-coloring-page__1914e85657,Held back because the phrase came only from generic n-gram mining rather than a clear subject extractor.,,
under,Under Coloring Pages,12,under,chibi__chibi-enchanted-forest-fairy-dancing-under-moonlight__00578c2506; chibi__chibi-holiday-halloween-black-cat-sitting-on-fence-under-moon-coloring-p__81d2ff4c89; chibi__chibi-holiday-halloween-haunted-house-on-hill-under-full-moon-coloring-p__6de4b2a74b; chibi__chibi-holiday-halloween-vampire-holding-goblet-under-crescent-moon-color__62c9c0a50f; chibi__chibi-holiday-halloween-werewolf-howling-under-full-moon-coloring-page__a6643004a9; chibi__chibi-holiday-halloween-werewolf-standing-atop-rock-under-moon-coloring-__a8e1c3adf2; fantasy__fantasy-merfolk-city-under-water__112188da94; holiday__holiday-halloween-black-cat-sitting-on-fence-under-moon-coloring-page__108e733c60,Held back because the phrase came only from generic n-gram mining rather than a clear subject extractor.,,
baby-dragon,Baby Dragon Coloring Pages,11,baby dragon,chibi__chibi-dungeon-baby-dragon-in-nest__cde9ddcc12; chibi__chibi-plushie-baby-dragon__088c244303; holiday__holiday-birthday-celebration-plushie-baby-dragon-family__2bfeee327f; holiday__holiday-christmas-plushie-baby-dragon__13a91bb803; holiday__holiday-christmas-plushie-baby-dragon-family__b2bcf582a7; holiday__holiday-halloween-costume-plushie-baby-dragon-family__c067c935d8; mandala-geometry-patterns__mandala-geometry-patterns-plushie-baby-dragon__59a3aeae49; mandala-geometry-patterns__mandala-geometry-patterns-plushie-baby-dragon-fantasy__895ef40c0a,Held back because the phrase came only from generic n-gram mining rather than a clear subject extractor.,,
bard,Bard Coloring Pages,11,bard,fantasy__fantasy-bard-camping__a46216c29b; fantasy__fantasy-bard-forest-melody__0a0212ec64; fantasy__fantasy-bard-lute-magic__aaa17bf5cc; fantasy__fantasy-bard-melody__40e17a2c51; fantasy__fantasy-bard-mystic-stage__e5563fed77; fantasy__fantasy-bard-rune-song__e646045251; fantasy__fantasy-bard-singing__65788e605e; fantasy__fantasy-bard-singing-tavern__19d36f4489,Held back because the phrase came only from generic n-gram mining rather than a clear subject extractor.,,
basilisk,Basilisk Coloring Pages,11,basilisk,chibi__chibi-basilisk__6f2bd7b27d; chibi__chibi-basilisk-angry__a4253bd32d; chibi__chibi-midieval-fantasy-basilisk__9aa4874ba1; fantasy__fantasy-basilisk-cave__7a23fdf4fb; fantasy__fantasy-creatures-basilisk__8210607aef; fantasy__fantasy-creatures-two-tail-basilisk-in-cave__0e84f76d23; fantasy__fantasy-scaled-serpant-basilisk-cave__95a3d7524f; midieval__midieval-fantasy-basilisk__e5e7bd8897,Held back because the phrase came only from generic n-gram mining rather than a clear subject extractor.,,
candy,Candy Coloring Pages,11,candy,chibi__chibi-holiday-halloween-candy-bucket-filled-with-treats-coloring-page__27d5c14d60; chibi__chibi-holiday-halloween-candy-corn-pattern-background-coloring-page__7e70d5d5ae; chibi__chibi-holiday-halloween-candy-stall-at-halloween-festival-coloring-page__50f8dcfa9b; chibi__chibi-holiday-halloween-candy-trail-leading-to-haunted-door-coloring-pag__64ae58c6d8; christmas__christmas-holiday-candy-canes__6f112e464c; christmas__holiday-christmas-gingerbread-city-village-with-candy-streets-coloring-p__c3fff62b55; christmas__holiday-christmas-gingerbread-house-decorated-with-candy-coloring-page__4648bc3409; holiday__holiday-halloween-candy-bucket-filled-with-treats-coloring-page__1c60d58016,Held back because the phrase came only from generic n-gram mining rather than a clear subject extractor.,,
cauldron,Cauldron Coloring Pages,11,cauldron,chibi__chibi-holiday-halloween-cauldron-bubbling-over-firewood-coloring-page__cea100bc43; chibi__chibi-holiday-halloween-cauldron-bubbling-with-green-slime-coloring-page__a7e4efaae7; chibi__chibi-holiday-halloween-cauldron-surrounded-by-potion-bottles-coloring-p__2565671600; chibi__chibi-holiday-halloween-cauldron-with-green-smoke-and-bats-coloring-page__9a8a418b04; chibi__chibi-holiday-halloween-witch-cooking-potion-in-cauldron-coloring-page__7d050e8926; chibi__chibi-holiday-halloween-witch-reading-spellbook-near-cauldron-coloring-p__4c5f9d69ca; fantasy__fantasy-alchemist-rune-cauldron__09f58aa5ae; fantasy__fantasy-magic-cauldron__2316b2c784,Held back because the phrase came only from generic n-gram mining rather than a clear subject extractor.,,
chess-pieces,Chess Pieces Coloring Pages,11,chess pieces,anime-girls__anime-girl-summoning-jutsu-chess-pieces-bishop__b9f3877e59; anime-girls__anime-girl-summoning-jutsu-chess-pieces-bishop-plushies__49fc0535e9; anime-girls__anime-girl-summoning-jutsu-chess-pieces-king__3f397e3232; anime-girls__anime-girl-summoning-jutsu-chess-pieces-king-plushies__b21780fcb3; anime-girls__anime-girl-summoning-jutsu-chess-pieces-knight__98861b0a43; anime-girls__anime-girl-summoning-jutsu-chess-pieces-knight-battle-armor__22bd388a6f; anime-girls__anime-girl-summoning-jutsu-chess-pieces-knight-plushies__09c794ed64; anime-girls__anime-girl-summoning-jutsu-chess-pieces-queen__6d96a8c77c,Held back because the phrase came only from generic n-gram mining rather than a clear subject extractor.,,
chimera,Chimera Coloring Pages,11,chimera,chibi__chibi-chimera__aef6b6abb8; chibi__chibi-chimera-skull__905900a7dd; chibi__chibi-dino-chimera__cb8ef931c5; fantasy__fantasy-angry-chimera-lair__a15621aa3d; fantasy__fantasy-chimera-lair__03ddb896d6; fantasy__fantasy-creatures-chimera__f75d9f22a7; fantasy__fantasy-creatures-chimera-cliff__d7c2c2f6b4; mandala-geometry-patterns__mandala-geometry-patterns-prehistoric-fossils-dino-chimera__78bf57b3be,Held back because the phrase came only from generic n-gram mining rather than a clear subject extractor.,,
fantasy-paladin,Fantasy Paladin Coloring Pages,11,fantasy paladin,fantasy__fantasy-paladin-angel-guard__df0da49424; fantasy__fantasy-paladin-hammer-guardian__969aa4398f; fantasy__fantasy-paladin-holy-aura__7aef0183ae; fantasy__fantasy-paladin-holy-hammer__ca275c23fa; fantasy__fantasy-paladin-light-aura__96b7e24a18; fantasy__fantasy-paladin-oath-circle__fed1c13da0; fantasy__fantasy-paladin-radiant-steed__1d8fbfea2d; fantasy__fantasy-paladin-sun-emblem__6a50af44a3,Held back because the phrase came only from generic n-gram mining rather than a clear subject extractor.,,
fantasy-royal,Fantasy Royal Coloring Pages,11,fantasy royal,fantasy__fantasy-royal-griffin__70e628ceda; fantasy__fantasy-royal-griffin-pet__41a476d26b; midieval__midieval-fantasy-royal-banner__c29faea274; midieval__midieval-fantasy-royal-carriage__cb8638470f; midieval__midieval-fantasy-royal-courtyard__aad7a327d1; midieval__midieval-fantasy-royal-dungeon__d5d5f68dab; midieval__midieval-fantasy-royal-family__6cc1ba79c9; midieval__midieval-fantasy-royal-guard__0bbee59649,Held back because the phrase came only from generic n-gram mining rather than a clear subject extractor.,,
ford,Ford Coloring Pages,11,ford,mandala-geometry-patterns__mandala-geometry-patterns-vehiacle-cars-ford__cf1e761eb7; mandala-geometry-patterns__mandala-geometry-patterns-vehicle-cars-classic-ford-model-t__1e85ab8567; mandala-geometry-patterns__mandala-geometry-patterns-vehicle-cars-classic-ford-model-t-car__df0f54a273; mandala-geometry-patterns__mandala-geometry-patterns-vehicle-cars-classic-ford-thunderbird__f8dc8efa85; mandala-geometry-patterns__mandala-geometry-patterns-vehicle-cars-ford-bronco__1156753432; mandala-geometry-patterns__mandala-geometry-patterns-vehicle-cars-ford-f150-lightning__620124ef9c; mandala-geometry-patterns__mandala-geometry-patterns-vehicle-cars-ford-f150-raptor__06b2bed764; mandala-geometry-patterns__mandala-geometry-patterns-vehicle-cars-ford-gt-supercar__4c55ef5237,Held back because the phrase came only from generic n-gram mining rather than a clear subject extractor.,,
front,Front Coloring Pages,11,front,chibi__chibi-holiday-halloween-jack-o-lantern-lined-front-porch-coloring-page__1b72f4cc2e; chibi__chibi-holiday-halloween-trick-or-treat-front-porch-decorated-coloring-pa__aad2950ba7; christmas__holiday-christmas-christmas-wreath-on-front-door-coloring-page__4c2d9ac697; holiday__holiday-halloween-jack-o-lantern-lined-front-porch-coloring-page__dffc2763f4; holiday__holiday-halloween-trick-or-treat-front-porch-decorated-coloring-page__92e42d44a8; homes__homes-apartment-building-front-view__f69cf800b3; homes__homes-victorian-house-front-view__681569f1dd; mandala-geometry-patterns__mandala-geometry-patterns-bakery-bakery-shop-front__81c0dea658,Held back because the phrase came only from generic n-gram mining rather than a clear subject extractor.,,
gold,Gold Coloring Pages,11,gold,anime-girls__anime-girl-summoning-jutsu-gold-hoarding-dragon__c36d2ff8ae; anime-girls__anime-girl-summoning-jutsu-gold-hoarding-dragon-plushies__dbf97d1f19; chibi__chibi-gold-hoarding-dragon__876222b213; midieval__midieval-fantasy-volcanic-dragon-hoarding-gold__6df50897b0; st-patricks-day__st-patricks-day-dragon-guarding-pot-of-gold-coloring-page__fcdadb8e6a; st-patricks-day__st-patricks-day-leprechaun-rainbow-and-gold-coloring-page__e0a5ebbce1; st-patricks-day__st-patricks-day-leprechaun-with-pot-of-gold-coloring-page__3da829fc28; st-patricks-day__st-patricks-day-lucky-gnome-holding-pot-of-gold-coloring-page__a4cb083c40,Held back because the phrase came only from generic n-gram mining rather than a clear subject extractor.,,
halloween-haunted,Halloween Haunted Coloring Pages,11,halloween haunted,chibi__chibi-holiday-halloween-haunted-house-coloring-page__c0eae7d121; chibi__chibi-holiday-halloween-haunted-house-on-hill-coloring-page__c7aba2cae1; chibi__chibi-holiday-halloween-haunted-house-on-hill-under-full-moon-coloring-p__6de4b2a74b; chibi__chibi-holiday-halloween-haunted-house-on-stilts-in-swamp-coloring-page__362fdd250c; chibi__chibi-holiday-halloween-haunted-house-with-bats-flying-around-coloring-p__1cb79db677; chibi__chibi-holiday-halloween-haunted-house-with-broken-fence-coloring-page__c23ca248b8; chibi__chibi-holiday-halloween-haunted-mansion-with-creaky-gate-coloring-page__a27ab1a344; chibi__chibi-holiday-halloween-haunted-mansion-with-lantern-lit-path-coloring-p__e05357e953,Held back because the phrase came only from generic n-gram mining rather than a clear subject extractor.,,
high,High Coloring Pages,11,high,anime-girls__anime-girl-summoning-jutsu-fae-dragon-fairy-dragon-high-detail__6c0f7c30b1; anime-girls__anime-girl-western-high-noon-showdown__9f86eddd58; anime-girls__anime-girl-western-high-noon-showdown-cosplay__9aa070cffb; mandala-geometry-patterns__mandala-geometry-patterns-trains-locomotives-chinese-high-speed-crh-trai__4d8766c6dc; mandala-geometry-patterns__mandala-geometry-patterns-trains-locomotives-french-tgv-high-speed-train__9e03f0fcc7; mandala-geometry-patterns__mandala-geometry-patterns-trains-locomotives-german-ice-high-speed-train__0856777127; mandala-geometry-patterns__mandala-geometry-patterns-trains-locomotives-high-speed-bullet-train-at-__ab0e0253c0; mandala-geometry-patterns__mandala-geometry-patterns-trains-locomotives-high-speed-bullet-train-cro__130d98c162,Held back because the phrase came only from generic n-gram mining rather than a clear subject extractor.,,
holiday-halloween-ghost,Holiday Halloween Ghost Coloring Pages,11,holiday halloween ghost,chibi__chibi-holiday-halloween-ghost-family-coloring-page__f4a78ca0e4; chibi__chibi-holiday-halloween-ghost-family-with-smiling-faces-coloring-page__fc38fdeb9d; chibi__chibi-holiday-halloween-ghost-floating-above-graveyard-coloring-page__1dcafd9556; chibi__chibi-holiday-halloween-ghost-floating-in-haunted-hallway-coloring-page__2ecd4724a1; chibi__chibi-holiday-halloween-ghost-peeking-behind-tombstone-coloring-page__c136970593; chibi__chibi-holiday-halloween-ghost-peeking-from-pumpkin-coloring-page__55ab382228; chibi__chibi-holiday-halloween-ghost-riding-on-broom-with-witch-coloring-page__f62927f988; holiday__holiday-halloween-ghost-family-with-smiling-faces-coloring-page__182de898dd,Held back because the phrase came only from generic n-gram mining rather than a clear subject extractor.,,
holiday-halloween-haunted,Holiday Halloween Haunted Coloring Pages,11,holiday halloween haunted,chibi__chibi-holiday-halloween-haunted-house-coloring-page__c0eae7d121; chibi__chibi-holiday-halloween-haunted-house-on-hill-coloring-page__c7aba2cae1; chibi__chibi-holiday-halloween-haunted-house-on-hill-under-full-moon-coloring-p__6de4b2a74b; chibi__chibi-holiday-halloween-haunted-house-on-stilts-in-swamp-coloring-page__362fdd250c; chibi__chibi-holiday-halloween-haunted-house-with-bats-flying-around-coloring-p__1cb79db677; chibi__chibi-holiday-halloween-haunted-house-with-broken-fence-coloring-page__c23ca248b8; chibi__chibi-holiday-halloween-haunted-mansion-with-creaky-gate-coloring-page__a27ab1a344; chibi__chibi-holiday-halloween-haunted-mansion-with-lantern-lit-path-coloring-p__e05357e953,Held back because the phrase came only from generic n-gram mining rather than a clear subject extractor.,,
irish,Irish Coloring Pages,11,irish,chibi__chibi-animals-pets-dogs-irish-setter__c7dd78cd9b; chibi__chibi-animals-pets-dogs-irish-wolfhound__3ede5fe21f; chibi__chibi-irish-elk__a026e8cc28; dogs__dogs-irish-setter__ed296dbe4e; dogs__dogs-irish-wolfhound__b6100b5ef9; mandala-geometry-patterns__mandala-geometry-patterns-dogs-irish-setter__20dc8c1f9b; mandala-geometry-patterns__mandala-geometry-patterns-dogs-irish-wolfhound__34304de6ab; mandala-geometry-patterns__mandala-geometry-patterns-prehistoric-irish-elk__770ccf8d62,Held back because the phrase came only from generic n-gram mining rather than a clear subject extractor.,,
jack,Jack Coloring Pages,11,jack,chibi__chibi-animals-pets-dogs-jack-russell-terrier__90937679a3; chibi__chibi-holiday-halloween-jack-o-lantern-faces-variety-coloring-page__0e546b82e0; chibi__chibi-holiday-halloween-jack-o-lantern-glowing-in-window-coloring-page__915e33dd1c; chibi__chibi-holiday-halloween-jack-o-lantern-lined-front-porch-coloring-page__1b72f4cc2e; chibi__chibi-holiday-halloween-jack-o-lantern-stack-of-three-pumpkins-coloring-__a26d735941; dogs__dogs-jack-russell-terrier__06260e578f; holiday__holiday-christmas-dogs-jack-russell-terrier__ce6fe3f9a3; holiday__holiday-halloween-jack-o-lantern-faces-variety-coloring-page__f52227a508,Held back because the phrase came only from generic n-gram mining rather than a clear subject extractor.,,
joey,Joey Coloring Pages,11,joey,chibi__chibi-plushie-baby-kangaroo-joey__74e2f66bcf; chibi__chibi-plushie-koala-joey__35e84d9388; holiday__holiday-birthday-celebration-plushie-baby-kangaroo-joey-family__eec8a13ba3; holiday__holiday-birthday-celebration-plushie-koala-joey-family__7f7ed04bdc; holiday__holiday-christmas-plushie-baby-kangaroo-joey-family__2936137b39; holiday__holiday-christmas-plushie-koala-joey-family__476a94dedf; holiday__holiday-halloween-costume-plushie-baby-kangaroo-joey-family__6f9b1745a9; holiday__holiday-halloween-costume-plushie-koala-joey-family__5476982179,Held back because the phrase came only from generic n-gram mining rather than a clear subject extractor.,,
komodo-dragon,Komodo Dragon Coloring Pages,11,komodo dragon,chibi__chibi-plushie-komodo-dragon__c393e03850; holiday__holiday-birthday-celebration-plushie-komodo-dragon-family__8319ab1593; holiday__holiday-christmas-plushie-komodo-dragon-family__d67afb97e4; holiday__holiday-halloween-costume-plushie-komodo-dragon-family__c90921d351; mandala-geometry-patterns__mandala-geometry-patterns-komodo-dragon__f13e5a9425; mandala-geometry-patterns__mandala-geometry-patterns-komodo-dragon-face-patterns__238fcd60e6; mandala-geometry-patterns__mandala-geometry-patterns-plushie-komodo-dragon__e82332af9a; plushie__plushie-komodo-dragon__3b74d686aa,Held back because the phrase came only from generic n-gram mining rather than a clear subject extractor.,,
lobster,Lobster Coloring Pages,11,lobster,chibi__chibi-plushie-lobster__eefb1202e4; holiday__holiday-birthday-celebration-plushie-lobster-family__0d34dae8e7; holiday__holiday-christmas-plushie-lobster-family__675127a252; holiday__holiday-halloween-costume-plushie-lobster-family__7a6957f132; mandala-geometry-patterns__mandala-geometry-patterns-plushie-lobster__495abdfbbb; mandala-geometry-patterns__mandala-geometry-patterns-plushie-lobster-animals__a1fb0a2210; mandala-geometry-patterns__mandala-geometry-patterns-sushi-live-lobster-roll__a8db9c19d8; plushie__plushie-lobster__5b607db4aa,Held back because the phrase came only from generic n-gram mining rather than a clear subject extractor.,,
night,Night Coloring Pages,11,night,anime-girls__anime-girl-sleeping-in-bed-at-night__8a0bea1fc6; chibi__chibi-holiday-halloween-bat-colony-flying-in-night-sky-coloring-page__3624fb1d72; fantasy__fantasy-animal-fox-rogue-night-market__5073be9dee; fantasy__fantasy-night-sky-sanctum__5d66daf137; fantasy__fantasy-rogue-night-market__c974e4fcc0; christmas__holiday-christmas-angel-holding-candle-in-snowy-night-coloring-page__fde31c074f; christmas__holiday-christmas-winter-night-sky-with-northern-lights-coloring-page__cbe38b131a; holiday__holiday-halloween-bat-colony-flying-in-night-sky-coloring-page__b88ffd2d89,Held back because the phrase came only from generic n-gram mining rather than a clear subject extractor.,,
parrot,Parrot Coloring Pages,11,parrot,birds__birds-macaw-parrot__2d746b2e00; birds__birds-macaw-parrot-sitting__ffc0bb9e57; birds__birds-parrot__d216eb0c04; chibi__chibi-plushie-parrot__a8078c56f1; holiday__holiday-birthday-celebration-plushie-parrot-family__2ca8325835; holiday__holiday-christmas-plushie-parrot-family__056b71cb83; holiday__holiday-halloween-costume-plushie-parrot-family__a09c99f6c4; mandala-geometry-patterns__mandala-geometry-patterns-parrot-face-patterns__1947343fb5,Held back because the phrase came only from generic n-gram mining rather than a clear subject extractor.,,
pieces,Pieces Coloring Pages,11,pieces,anime-girls__anime-girl-summoning-jutsu-chess-pieces-bishop__b9f3877e59; anime-girls__anime-girl-summoning-jutsu-chess-pieces-bishop-plushies__49fc0535e9; anime-girls__anime-girl-summoning-jutsu-chess-pieces-king__3f397e3232; anime-girls__anime-girl-summoning-jutsu-chess-pieces-king-plushies__b21780fcb3; anime-girls__anime-girl-summoning-jutsu-chess-pieces-knight__98861b0a43; anime-girls__anime-girl-summoning-jutsu-chess-pieces-knight-battle-armor__22bd388a6f; anime-girls__anime-girl-summoning-jutsu-chess-pieces-knight-plushies__09c794ed64; anime-girls__anime-girl-summoning-jutsu-chess-pieces-queen__6d96a8c77c,Held back because the phrase came only from generic n-gram mining rather than a clear subject extractor.,,
plushie-bunny,Plushie Bunny Coloring Pages,11,plushie bunny,chibi__chibi-plushie-bunny-rabbit__10282745ac; holiday__holiday-birthday-celebration-plushie-bunny-rabbit-family__9b00c4a296; holiday__holiday-christmas-plushie-bunny__e4b1826cbf; holiday__holiday-christmas-plushie-bunny-rabbit__aba4ecf04e; holiday__holiday-christmas-plushie-bunny-rabbit-family__62405ec7d5; holiday__holiday-halloween-costume-plushie-bunny-rabbit-family__81cd406050; mandala-geometry-patterns__mandala-geometry-patterns-plushie-bunny__a00ba76a7e; mandala-geometry-patterns__mandala-geometry-patterns-plushie-bunny-rabbit__e5a8b11950,Held back because the phrase came only from generic n-gram mining rather than a clear subject extractor.,,
plushie-reindeer,Plushie Reindeer Coloring Pages,11,plushie reindeer,chibi__chibi-plushie-reindeer__471ae183de; chibi__chibi-plushie-reindeer-rudolph__7632633df0; holiday__holiday-birthday-celebration-plushie-reindeer-family__aa80cce2ec; holiday__holiday-christmas-plushie-reindeer__f22a73c74f; holiday__holiday-christmas-plushie-reindeer-family__e2ff6858a7; holiday__holiday-halloween-costume-plushie-reindeer-family__ff624a0102; mandala-geometry-patterns__mandala-geometry-patterns-plushie-reindeer__c6ad0ebbfb; mandala-geometry-patterns__mandala-geometry-patterns-plushie-reindeer-animals__2878a77170,Held back because the phrase came only from generic n-gram mining rather than a clear subject extractor.,,
pond,Pond Coloring Pages,11,pond,anime-girls__anime-girl-fishing-in-pond__01d020392f; christmas__holiday-christmas-snowman-ice-skating-on-frozen-pond-coloring-page__e25f11f9cf; insects__insects-dragonfly-hovering-over-pond__afff36c5fd; insects__insects-water-strider-on-pond__34e728422f; mandala-geometry-patterns__mandala-geometry-patterns-japan-koi-pond__302b573ed7; mandala-geometry-patterns__mandala-geometry-patterns-sushi-koi-pond-garden-scene__bdce531eeb; reptiles__reptiles-newt-swimming-in-pond__da2cdb2b6e; reptiles__reptiles-snapping-turtle-in-pond__d640061f47,Held back because the phrase came only from generic n-gram mining rather than a clear subject extractor.,,
royal,Royal Coloring Pages,11,royal,fantasy__fantasy-royal-griffin__70e628ceda; fantasy__fantasy-royal-griffin-pet__41a476d26b; midieval__midieval-fantasy-royal-banner__c29faea274; midieval__midieval-fantasy-royal-carriage__cb8638470f; midieval__midieval-fantasy-royal-courtyard__aad7a327d1; midieval__midieval-fantasy-royal-dungeon__d5d5f68dab; midieval__midieval-fantasy-royal-family__6cc1ba79c9; midieval__midieval-fantasy-royal-guard__0bbee59649,Held back because the phrase came only from generic n-gram mining rather than a clear subject extractor.,,
ruins,Ruins Coloring Pages,11,ruins,anime-girls__anime-girl-cursed-ruins-standoff__706e3072a4; chibi__chibi-midieval-fantasy-ancient-ruins__af5c9fe0a8; fantasy__fantasy-ruins-ancient-temple__0bf75a3646; fantasy__fantasy-ruins-ancient-temple-dragon-guard__0147add711; fantasy__fantasy-ruins-dragon-throne__b293c83a41; fantasy__fantasy-ruins-forgotten-city__fac5dfa99b; fantasy__fantasy-ruins-sky-temple__40e95663e1; fantasy__fantasy-scout-ruins-map__ca792b4ef3,Held back because the phrase came only from generic n-gram mining rather than a clear subject extractor.,,
sea-otter,Sea Otter Coloring Pages,11,sea otter,chibi__chibi-plushie-sea-otter__2044e68336; holiday__holiday-birthday-celebration-plushie-sea-otter-family__7dab2e5461; holiday__holiday-christmas-plushie-sea-otter-family__837be3080f; holiday__holiday-halloween-costume-plushie-sea-otter-family__0b69af134e; mandala-geometry-patterns__mandala-geometry-patterns-plushie-animals-sea-otter__a8b3fc5d99; mandala-geometry-patterns__mandala-geometry-patterns-plushie-sea-otter__c9ca833719; mandala-geometry-patterns__mandala-geometry-patterns-plushie-sea-otter-animals__354f92ff35; plushie__plushie-sea-otter__996eb2521d,Held back because the phrase came only from generic n-gram mining rather than a clear subject extractor.,,
style,Style Coloring Pages,11,style,anime-girls__anime-girl-cyber-punk-style__fc56c60658; chibi__chibi-holiday-halloween-vintage-halloween-postcard-style-scene-coloring-__fd3be2b3e7; fantasy__fantasy-monk-dragon-style__c9ca8dbbf0; homes__homes-cape-cod-style-house__901a62a713; homes__homes-cape-cod-style-house-with-dormers__82f772c641; homes__homes-colonial-style-house-with-pillars__9280377f9d; homes__homes-craftsman-style-house-with-porch__1aa026dbd4; homes__homes-mushroom-house-fantasy-style__8cadaf8b39,Held back because the phrase came only from generic n-gram mining rather than a clear subject extractor.,,
sushi-chef,Sushi Chef Coloring Pages,11,sushi chef,mandala-geometry-patterns__mandala-geometry-patterns-japan-sushi-chef__716b074cb7; mandala-geometry-patterns__mandala-geometry-patterns-sushi-chef-cutting-rolls__5b13a3c368; mandala-geometry-patterns__mandala-geometry-patterns-sushi-chef-flipping-knife__e4f39b7cc5; mandala-geometry-patterns__mandala-geometry-patterns-sushi-chef-holding-platter__803f65197e; mandala-geometry-patterns__mandala-geometry-patterns-sushi-chef-knife-and-fish__f5fc485566; mandala-geometry-patterns__mandala-geometry-patterns-sushi-chef-preparing-roll__9d21a2d774; mandala-geometry-patterns__mandala-geometry-patterns-sushi-chef-rolling-hosomaki__f167d63578; mandala-geometry-patterns__mandala-geometry-patterns-sushi-chef-shaping-nigiri__27b23b7c83,Held back because the phrase came only from generic n-gram mining rather than a clear subject extractor.,,
swan,Swan Coloring Pages,11,swan,birds__birds-swan__7418cb8a85; birds__birds-swan-swimming__8481407363; chibi__chibi-plushie-swan__e05dfd1ed0; holiday__holiday-birthday-celebration-plushie-swan-family__3e45e30773; holiday__holiday-christmas-plushie-happy-swan-family__9403c676d7; holiday__holiday-christmas-plushie-swan-family__64ff0442f1; holiday__holiday-halloween-costume-plushie-swan-family__1385d69f48; mandala-geometry-patterns__mandala-geometry-patterns-japan-origami-swan__e37e072805,Held back because the phrase came only from generic n-gram mining rather than a clear subject extractor.,,
tower,Tower Coloring Pages,11,tower,chibi__chibi-dungeon-wizard-tower-room__f624d1911c; fantasy__fantasy-creatures-gargoyle-tower__91875c1695; fantasy__fantasy-owl-sorcerer-tower__32009ca6d6; fantasy__fantasy-sorcerer-tower__fd3f42dba3; fantasy__fantasy-wizard-tower-library__bbf0f2f24d; mandala-geometry-patterns__mandala-geometry-patterns-japan-tokyo-tower__9fc300e8a6; midieval__midieval-fantasy-princess-tower__5cdfb57b0e; midieval__midieval-fantasy-tower-keep__f0cc76796c,Held back because the phrase came only from generic n-gram mining rather than a clear subject extractor.,,
treasure,Treasure Coloring Pages,11,treasure,chibi__chibi-dungeon-ancient-treasure-map__b52be3eb75; chibi__chibi-dungeon-dragon-guarding-treasure__ead3add052; chibi__chibi-dungeon-golden-treasure-idol__d5e14eb5b2; chibi__chibi-dungeon-hidden-treasure-behind-wall__a29b16128d; chibi__chibi-dungeon-hidden-treasure-room__3040a8b81c; chibi__chibi-dungeon-treasure-chest__3886a51c16; chibi__chibi-dungeon-treasure-guardian-statue__07f6607a26; chibi__chibi-dungeon-treasure-king__58f131ad63,Held back because the phrase came only from generic n-gram mining rather than a clear subject extractor.,,
treat,Treat Coloring Pages,11,treat,chibi__chibi-holiday-halloween-trick-or-treat-children-with-pumpkin-bags-colori__abe00661e0; chibi__chibi-holiday-halloween-trick-or-treat-dog-in-cute-costume-coloring-page__79fa5d8c2d; chibi__chibi-holiday-halloween-trick-or-treat-doorstep-with-carved-pumpkins-col__764a39620c; chibi__chibi-holiday-halloween-trick-or-treat-front-porch-decorated-coloring-pa__aad2950ba7; chibi__chibi-holiday-halloween-trick-or-treat-walkway-lined-with-lanterns-color__604d716265; chibi__chibi-holiday-halloween-zombie-with-torn-trick-or-treat-bag-coloring-pag__1862dece82; holiday__holiday-halloween-trick-or-treat-dog-in-cute-costume-coloring-page__1914e85657; holiday__holiday-halloween-trick-or-treat-front-porch-decorated-coloring-page__92e42d44a8,Held back because the phrase came only from generic n-gram mining rather than a clear subject extractor.,,
trick-treat,Trick Treat Coloring Pages,11,trick treat,chibi__chibi-holiday-halloween-trick-or-treat-children-with-pumpkin-bags-colori__abe00661e0; chibi__chibi-holiday-halloween-trick-or-treat-dog-in-cute-costume-coloring-page__79fa5d8c2d; chibi__chibi-holiday-halloween-trick-or-treat-doorstep-with-carved-pumpkins-col__764a39620c; chibi__chibi-holiday-halloween-trick-or-treat-front-porch-decorated-coloring-pa__aad2950ba7; chibi__chibi-holiday-halloween-trick-or-treat-walkway-lined-with-lanterns-color__604d716265; chibi__chibi-holiday-halloween-zombie-with-torn-trick-or-treat-bag-coloring-pag__1862dece82; holiday__holiday-halloween-trick-or-treat-dog-in-cute-costume-coloring-page__1914e85657; holiday__holiday-halloween-trick-or-treat-front-porch-decorated-coloring-page__92e42d44a8,Held back because the phrase came only from generic n-gram mining rather than a clear subject extractor.,,
walrus,Walrus Coloring Pages,11,walrus,animals__animals-walrus__9d072cd3d9; chibi__chibi-plushie-walrus__7b2c0e126a; holiday__holiday-birthday-celebration-plushie-walrus-family__3e6d6f5c72; holiday__holiday-christmas-plushie-walrus-family__da458fb93f; holiday__holiday-halloween-costume-plushie-walrus-family__b45df80fe0; mandala-geometry-patterns__mandala-geometry-patterns-plushie-walrus__4cc734e74c; mandala-geometry-patterns__mandala-geometry-patterns-plushie-walrus-animals__e951a709dc; plushie__plushie-walrus__6e11d6bad1,Held back because the phrase came only from generic n-gram mining rather than a clear subject extractor.,,
angelfish,Angelfish Coloring Pages,10,angelfish,chibi__chibi-plushie-angelfish__4577f3eb39; holiday__holiday-birthday-celebration-plushie-angelfish-family__a79b6012eb; holiday__holiday-christmas-plushie-angelfish-family__cf957a69b5; holiday__holiday-halloween-costume-plushie-angelfish-family__69d0a12846; mandala-geometry-patterns__mandala-geometry-patterns-plushie-angelfish__96a455f575; plushie__plushie-angelfish__0a4b06df42; plushie__plushie-angelfish-family__95ff4d67e3; sea-life__sea-life-angelfish__49e6e4806c,Held back because the phrase came only from generic n-gram mining rather than a clear subject extractor.,,
anime-girl-dragon,Anime Girl Dragon Coloring Pages,10,anime girl dragon,anime-girls__anime-girl-dragon-claw__9f1f434513; anime-girls__anime-girl-dragon-claw-armor__8fdc1c3258; anime-girls__anime-girl-dragon-crying__2be7c4458a; anime-girls__anime-girl-dragon-eggs-hoodie-plushie__b1747e4988; anime-girls__anime-girl-dragon-eggs-hoodie-plushie__f41a8578b5; anime-girls__anime-girl-dragon-hoodie-plushie__0492bac704; anime-girls__anime-girl-dragon-hoodie-plushie__89af7a2cf7; anime-girls__anime-girl-dragon-queen__8c2e2a124f,Held back because the phrase came only from generic n-gram mining rather than a clear subject extractor.,,
archer,Archer Coloring Pages,10,archer,chibi__chibi-centaur-archer__f313ab1b5c; chibi__chibi-dungeon-fantasy-archer__fc5ed913af; chibi__chibi-dungeon-goblin-archer__c6f5735412; chibi__chibi-dungeon-skeleton-archer__4e7e721bcd; fantasy__fantasy-creatures-centaur-archer__906c4fd1a5; fantasy__fantasy-elf-moon-archer__565c967253; fantasy__fantasy-elven-archer-woods__771ec2ca36; mandala-geometry-patterns__mandala-geometry-patterns-japan-archer-in-kyudo-style__dabb6ca10c,Held back because the phrase came only from generic n-gram mining rather than a clear subject extractor.,,
australian,Australian Coloring Pages,10,australian,anime-girls__anime-girl-summoning-australian-throny-devil-lizard__f64b34131c; anime-girls__anime-girl-summoning-australian-throny-devil-lizard-plushies__b0d3d85b97; chibi__chibi-animals-pets-dogs-australian-cattle-dog__9f36356469; chibi__chibi-animals-pets-dogs-australian-shepherd__30c890a81e; dogs__dogs-australian-cattle-dog__7b5008c2b1; dogs__dogs-australian-shepherd__799da4cea1; holiday__holiday-christmas-dogs-australian-shepherd__324967ed9d; mandala-geometry-patterns__mandala-geometry-patterns-dogs-australian-cattle-dog__0e812cdf03,Held back because the phrase came only from generic n-gram mining rather than a clear subject extractor.,,
blue-whale,Blue Whale Coloring Pages,10,blue whale,chibi__chibi-plushie-blue-whale__a89416a0fd; chibi__chibi-plushie-kawaii-blue-whale__564a15da70; holiday__holiday-birthday-celebration-plushie-blue-whale-family__6ff1eda4f1; holiday__holiday-christmas-plushie-blue-whale-family__74ad899045; holiday__holiday-halloween-costume-plushie-blue-whale-family__db12fb87f0; mandala-geometry-patterns__mandala-geometry-patterns-plushie-blue-whale__69178ba3b5; plushie__plushie-blue-whale__17d0990688; plushie__plushie-blue-whale-family__b536e62edd,Held back because the phrase came only from generic n-gram mining rather than a clear subject extractor.,,
bull,Bull Coloring Pages,10,bull,anime-girls__anime-girl-bull-hoodie-anima-plushie__98a7f4acd1; anime-girls__anime-girl-bull-hoodie-plushie__3edf39627f; anime-girls__anime-girl-bull-hoodie-plushie-cosplay__e76780baaf; anime-girls__anime-girl-summoning-jutsu-bull-plushies__57ef669cf2; chibi__chibi-animals-pets-dogs-staffordshire-bull-terrier__7b8d7a0b1f; chibi__chibi-bull__8c78675ea7; dogs__dogs-bull-terrier__fedf3a0c2d; dogs__dogs-staffordshire-bull-terrier__2e64ac1b6d,Held back because the phrase came only from generic n-gram mining rather than a clear subject extractor.,,
circle-fantasy,Circle Fantasy Coloring Pages,10,circle fantasy,fantasy__fantasy-glade-unicorn-circle__05ca04c26a; fantasy__fantasy-mage-rune-circle__74768d49e6; fantasy__fantasy-monk-meditation-circle__495b334334; fantasy__fantasy-paladin-oath-circle__fed1c13da0; fantasy__fantasy-rune-stone-circle__390378c793; fantasy__fantasy-sorceress-ice-circle__4867fd0117; fantasy__fantasy-unicorn-circle__b0c2653a9f; fantasy__fantasy-warlock-shadow-circle__79ee020f02,Held back because the phrase came only from generic n-gram mining rather than a clear subject extractor.,,
claus,Claus Coloring Pages,10,claus,christmas__christmas-holiday-santa-claus__5b583a26e7; christmas__holiday-christmas-mrs-claus-baking-holiday-cookies-coloring-page__4843cecb87; christmas__holiday-christmas-mrs-claus-serving-hot-cocoa-to-santa-coloring-page__2cabc1a43f; christmas__holiday-christmas-santa-claus-coming-down-chimney-coloring-page__2dd72cc61b; christmas__holiday-christmas-santa-claus-costume-coloring-page__597455887c; christmas__holiday-christmas-santa-claus-delivering-gifts-by-fireplace-coloring-pag__50a3731b97; christmas__holiday-christmas-santa-claus-delivering-gifts-in-sleigh-coloring-page__848c33a1ce; christmas__holiday-christmas-santa-claus-packing-toys-in-big-sack-coloring-page__7bc38b9ef7,Held back because the phrase came only from generic n-gram mining rather than a clear subject extractor.,,
