slug,title,asset_count,evidence_terms,representative_assets,reason_not_promoted,owner_decision,owner_notes
car-chevrolet,Car Chevrolet Coloring Pages,9,car chevrolet,mandala-geometry-patterns__mandala-geometry-patterns-vehiacle-cars-chevrolet__a309eedb91; mandala-geometry-patterns__mandala-geometry-patterns-vehiacle-cars-chevrolet-silverado__22b82d2b8c; mandala-geometry-patterns__mandala-geometry-patterns-vehicle-cars-chevrolet-blazer__25b0a2d57e; mandala-geometry-patterns__mandala-geometry-patterns-vehicle-cars-chevrolet-blazer-ev__58a4fb66a7; mandala-geometry-patterns__mandala-geometry-patterns-vehicle-cars-chevrolet-camaro__9ce735cd28; mandala-geometry-patterns__mandala-geometry-patterns-vehicle-cars-chevrolet-camaro-car__144044ffc5; mandala-geometry-patterns__mandala-geometry-patterns-vehicle-cars-chevrolet-corvette-c8__2ad0260f72; mandala-geometry-patterns__mandala-geometry-patterns-vehicle-cars-chevrolet-impala-classic__d8a251c4b9,Held back because the phrase came only from generic n-gram mining rather than a clear subject extractor.,,
car-classic,Car Classic Coloring Pages,9,car classic,mandala-geometry-patterns__mandala-geometry-patterns-vehicle-cars-classic-chevy-bel-air__2bb12fb520; mandala-geometry-patterns__mandala-geometry-patterns-vehicle-cars-classic-chevy-bel-air-car__8693c33091; mandala-geometry-patterns__mandala-geometry-patterns-vehicle-cars-classic-dodge-dart__fb8a0518ef; mandala-geometry-patterns__mandala-geometry-patterns-vehicle-cars-classic-dodge-dart-car__3e948e0221; mandala-geometry-patterns__mandala-geometry-patterns-vehicle-cars-classic-ford-model-t__1e85ab8567; mandala-geometry-patterns__mandala-geometry-patterns-vehicle-cars-classic-ford-model-t-car__df0f54a273; mandala-geometry-patterns__mandala-geometry-patterns-vehicle-cars-classic-ford-thunderbird__f8dc8efa85; mandala-geometry-patterns__mandala-geometry-patterns-vehicle-cars-classic-volkswagen-beetle__5efd045f2e,Held back because the phrase came only from generic n-gram mining rather than a clear subject extractor.,,
chevrolet,Chevrolet Coloring Pages,9,chevrolet,mandala-geometry-patterns__mandala-geometry-patterns-vehiacle-cars-chevrolet__a309eedb91; mandala-geometry-patterns__mandala-geometry-patterns-vehiacle-cars-chevrolet-silverado__22b82d2b8c; mandala-geometry-patterns__mandala-geometry-patterns-vehicle-cars-chevrolet-blazer__25b0a2d57e; mandala-geometry-patterns__mandala-geometry-patterns-vehicle-cars-chevrolet-blazer-ev__58a4fb66a7; mandala-geometry-patterns__mandala-geometry-patterns-vehicle-cars-chevrolet-camaro__9ce735cd28; mandala-geometry-patterns__mandala-geometry-patterns-vehicle-cars-chevrolet-camaro-car__144044ffc5; mandala-geometry-patterns__mandala-geometry-patterns-vehicle-cars-chevrolet-corvette-c8__2ad0260f72; mandala-geometry-patterns__mandala-geometry-patterns-vehicle-cars-chevrolet-impala-classic__d8a251c4b9,Held back because the phrase came only from generic n-gram mining rather than a clear subject extractor.,,
cup,Cup Coloring Pages,9,cup,gardening__gardening-mushroom-angry-cup-fungus-character__9d5610d95b; gardening__gardening-mushroom-cup-fungus__2fcbeaa472; gardening__gardening-mushroom-lichen-cup__76d6d63296; mandala-geometry-patterns__mandala-geometry-patterns-bakery-cup-measuring-set__6d64fbaecf; mandala-geometry-patterns__mandala-geometry-patterns-mushroom-cup-fungus__c2383dbe9b; mandala-geometry-patterns__mandala-geometry-patterns-mushroom-lichen-cup__f4ff7bd747; mandala-geometry-patterns__mandala-geometry-patterns-sushi-cup-of-green-tea__da9a87fa49; mandala-geometry-patterns__mandala-geometry-patterns-sushi-cup-of-miso-soup__5663462a14,Held back because the phrase came only from generic n-gram mining rather than a clear subject extractor.,,
locomotive-vintage,Locomotive Vintage Coloring Pages,9,locomotive vintage,mandala-geometry-patterns__mandala-geometry-patterns-trains-locomotives-vintage-caboose-carriage__2c50e80ed8; mandala-geometry-patterns__mandala-geometry-patterns-trains-locomotives-vintage-circus-train-with-a__50f1fa51be; mandala-geometry-patterns__mandala-geometry-patterns-trains-locomotives-vintage-coal-car-with-shove__24834c30e1; mandala-geometry-patterns__mandala-geometry-patterns-trains-locomotives-vintage-logging-train-carry__4d5ab47f61; mandala-geometry-patterns__mandala-geometry-patterns-trains-locomotives-vintage-mail-train-carriage__34df490867; mandala-geometry-patterns__mandala-geometry-patterns-trains-locomotives-vintage-milk-train-with-dai__94a002da52; mandala-geometry-patterns__mandala-geometry-patterns-trains-locomotives-vintage-mining-train-with-o__edce191e28; mandala-geometry-patterns__mandala-geometry-patterns-trains-locomotives-vintage-steam-train-crossin__d38d0feae8,Held back because the phrase came only from generic n-gram mining rather than a clear subject extractor.,,
paper,Paper Coloring Pages,9,paper,chibi__chibi-flowers-paper-daisy__735e683ad4; chibi__chibi-flowers-paper-daisy-kawaii__14c5b1714c; flowers__flowers-paper-daisy__72442e2738; mandala-geometry-patterns__mandala-geometry-patterns-flowers-paper-daisy__13f3be6617; mandala-geometry-patterns__mandala-geometry-patterns-japan-paper-folding-workshop__4732138cb0; mandala-geometry-patterns__mandala-geometry-patterns-japan-paper-umbrella-display__198c452cc8; mandala-geometry-patterns__mandala-geometry-patterns-japan-shoji-paper-doors__7cdffb393b; mandala-geometry-patterns__mandala-geometry-patterns-japan-wagasa-oil-paper-umbrella__afa338eab4,Held back because the phrase came only from generic n-gram mining rather than a clear subject extractor.,,
parasol,Parasol Coloring Pages,9,parasol,chibi__chibi-mushroom-shaggy-parasol__cd738eb2f7; gardening__gardening-mushroom-green-spored-parasol__90854c73d3; gardening__gardening-mushroom-parasol-macrolepiota__d0472e1950; gardening__gardening-mushroom-shaggy-parasol__236b5f75e6; mandala-geometry-patterns__mandala-geometry-patterns-japan-geisha-with-parasol__22021a571c; mandala-geometry-patterns__mandala-geometry-patterns-japan-japanese-parasol__0447ce5247; mandala-geometry-patterns__mandala-geometry-patterns-mushroom-green-spored-parasol__4a3deb676b; mandala-geometry-patterns__mandala-geometry-patterns-mushroom-parasol-macrolepiota__5a06aea56a,Held back because the phrase came only from generic n-gram mining rather than a clear subject extractor.,,
platter,Platter Coloring Pages,9,platter,mandala-geometry-patterns__mandala-geometry-patterns-bakery-holiday-pastry-platter__0897d81747; mandala-geometry-patterns__mandala-geometry-patterns-japan-japanese-food-platter__13725381d8; mandala-geometry-patterns__mandala-geometry-patterns-japan-tempura-platter__55f2097d57; mandala-geometry-patterns__mandala-geometry-patterns-sushi-chef-holding-platter__803f65197e; mandala-geometry-patterns__mandala-geometry-patterns-sushi-platter-with-ginger-rose__f2ad32c446; mandala-geometry-patterns__mandala-geometry-patterns-sushi-sashimi-assortment-platter__27e09a2f43; mandala-geometry-patterns__mandala-geometry-patterns-sushi-sushi-party-platter__6feb3acabf; mandala-geometry-patterns__mandala-geometry-patterns-sushi-sushi-platter-roll-tuna__8c2e5aadac,Held back because the phrase came only from generic n-gram mining rather than a clear subject extractor.,,
railway,Railway Coloring Pages,9,railway,mandala-geometry-patterns__mandala-geometry-patterns-trains-locomotives-cogwheel-train-on-alpine-ra__ee1196d89a; mandala-geometry-patterns__mandala-geometry-patterns-trains-locomotives-electric-locomotive-on-rail__56700cbf81; mandala-geometry-patterns__mandala-geometry-patterns-trains-locomotives-mountain-rack-railway-train__e82ddfc415; mandala-geometry-patterns__mandala-geometry-patterns-trains-locomotives-narrow-gauge-railway-train-__220bfb7725; mandala-geometry-patterns__mandala-geometry-patterns-trains-locomotives-railway-bridge-over-river-s__20aaf431d4; mandala-geometry-patterns__mandala-geometry-patterns-trains-locomotives-railway-crossing-with-flash__2329f180b7; mandala-geometry-patterns__mandala-geometry-patterns-trains-locomotives-railway-crossing-with-warni__bc802e98d3; mandala-geometry-patterns__mandala-geometry-patterns-trains-locomotives-railway-maintenance-train-w__093f35a6b5,Held back because the phrase came only from generic n-gram mining rather than a clear subject extractor.,,
train-locomotive-vintage,Train Locomotive Vintage Coloring Pages,9,train locomotive vintage,mandala-geometry-patterns__mandala-geometry-patterns-trains-locomotives-vintage-caboose-carriage__2c50e80ed8; mandala-geometry-patterns__mandala-geometry-patterns-trains-locomotives-vintage-circus-train-with-a__50f1fa51be; mandala-geometry-patterns__mandala-geometry-patterns-trains-locomotives-vintage-coal-car-with-shove__24834c30e1; mandala-geometry-patterns__mandala-geometry-patterns-trains-locomotives-vintage-logging-train-carry__4d5ab47f61; mandala-geometry-patterns__mandala-geometry-patterns-trains-locomotives-vintage-mail-train-carriage__34df490867; mandala-geometry-patterns__mandala-geometry-patterns-trains-locomotives-vintage-milk-train-with-dai__94a002da52; mandala-geometry-patterns__mandala-geometry-patterns-trains-locomotives-vintage-mining-train-with-o__edce191e28; mandala-geometry-patterns__mandala-geometry-patterns-trains-locomotives-vintage-steam-train-crossin__d38d0feae8,Held back because the phrase came only from generic n-gram mining rather than a clear subject extractor.,,
bullet,Bullet Coloring Pages,8,bullet,mandala-geometry-patterns__mandala-geometry-patterns-japan-shinkansen-bullet-train__e666274bbd; mandala-geometry-patterns__mandala-geometry-patterns-japan-shinkansen-bullet-train-mountain-scene__854e435577; mandala-geometry-patterns__mandala-geometry-patterns-trains-locomotives-cartoon-smiling-bullet-trai__76b0f4b4c3; mandala-geometry-patterns__mandala-geometry-patterns-trains-locomotives-high-speed-bullet-train-at-__ab0e0253c0; mandala-geometry-patterns__mandala-geometry-patterns-trains-locomotives-high-speed-bullet-train-cro__130d98c162; mandala-geometry-patterns__mandala-geometry-patterns-trains-locomotives-high-speed-bullet-train-lea__a45395998c; mandala-geometry-patterns__mandala-geometry-patterns-trains-locomotives-high-speed-bullet-train-on-__5e359d2a25; mandala-geometry-patterns__mandala-geometry-patterns-trains-locomotives-japanese-shinkansen-bullet-__6bb268158c,Held back because the phrase came only from generic n-gram mining rather than a clear subject extractor.,,
car-ford,Car Ford Coloring Pages,8,car ford,mandala-geometry-patterns__mandala-geometry-patterns-vehiacle-cars-ford__cf1e761eb7; mandala-geometry-patterns__mandala-geometry-patterns-vehicle-cars-ford-bronco__1156753432; mandala-geometry-patterns__mandala-geometry-patterns-vehicle-cars-ford-f150-lightning__620124ef9c; mandala-geometry-patterns__mandala-geometry-patterns-vehicle-cars-ford-f150-raptor__06b2bed764; mandala-geometry-patterns__mandala-geometry-patterns-vehicle-cars-ford-gt-supercar__4c55ef5237; mandala-geometry-patterns__mandala-geometry-patterns-vehicle-cars-ford-gt-supercar-car__6531d8dbd1; mandala-geometry-patterns__mandala-geometry-patterns-vehicle-cars-ford-mustang__abec4dd39b; mandala-geometry-patterns__mandala-geometry-patterns-vehicle-cars-ford-mustang-car__09d536064f,Held back because the phrase came only from generic n-gram mining rather than a clear subject extractor.,,
car-lamborghini,Car Lamborghini Coloring Pages,8,car lamborghini,mandala-geometry-patterns__mandala-geometry-patterns-vehiacle-cars-lamborghini__5c3422c4f4; mandala-geometry-patterns__mandala-geometry-patterns-vehiacle-cars-lamborghini-aventador__95ae8f047a; mandala-geometry-patterns__mandala-geometry-patterns-vehiacle-cars-lamborghini-sports-car__f5e4def2b4; mandala-geometry-patterns__mandala-geometry-patterns-vehicle-cars-lamborghini-gallardo__f662c88db4; mandala-geometry-patterns__mandala-geometry-patterns-vehicle-cars-lamborghini-huracan__2c21ca84cc; mandala-geometry-patterns__mandala-geometry-patterns-vehicle-cars-lamborghini-huracane__1cd1c62e10; mandala-geometry-patterns__mandala-geometry-patterns-vehicle-cars-lamborghini-revuelto__972d6d6a24; mandala-geometry-patterns__mandala-geometry-patterns-vehicle-cars-lamborghini-sian__4124ded437,Held back because the phrase came only from generic n-gram mining rather than a clear subject extractor.,,
car-toyota,Car Toyota Coloring Pages,8,car toyota,mandala-geometry-patterns__mandala-geometry-patterns-vehiacle-cars-toyota__7f992f500d; mandala-geometry-patterns__mandala-geometry-patterns-vehiacle-cars-toyota-supra__d87bfd042b; mandala-geometry-patterns__mandala-geometry-patterns-vehicle-cars-toyota-4runner__e92ebebbe6; mandala-geometry-patterns__mandala-geometry-patterns-vehicle-cars-toyota-celica-classic__f3e9dadec5; mandala-geometry-patterns__mandala-geometry-patterns-vehicle-cars-toyota-gr86__ebf724f458; mandala-geometry-patterns__mandala-geometry-patterns-vehicle-cars-toyota-land-cruiser__7ea39a8c59; mandala-geometry-patterns__mandala-geometry-patterns-vehicle-cars-toyota-prius-hybrid__f49de4b908; mandala-geometry-patterns__mandala-geometry-patterns-vehicle-cars-toyota-prius-hybrid-car__90fb7c9c7c,Held back because the phrase came only from generic n-gram mining rather than a clear subject extractor.,,
classic-steam,Classic Steam Coloring Pages,8,classic steam,mandala-geometry-patterns__mandala-geometry-patterns-trains-locomotives-classic-steam-engine-front-__cce8c2a3b7; mandala-geometry-patterns__mandala-geometry-patterns-trains-locomotives-classic-steam-engine-side-v__45c322a426; mandala-geometry-patterns__mandala-geometry-patterns-trains-locomotives-classic-steam-engine-with-s__55eebd8c6c; mandala-geometry-patterns__mandala-geometry-patterns-trains-locomotives-classic-steam-train-at-smal__937925e879; mandala-geometry-patterns__mandala-geometry-patterns-trains-locomotives-classic-steam-train-in-wint__a4f8bc4dbb; mandala-geometry-patterns__mandala-geometry-patterns-trains-locomotives-classic-steam-train-puffing__7e878a4bef; mandala-geometry-patterns__mandala-geometry-patterns-trains-locomotives-classic-steam-train-with-di__77162dcc9f; mandala-geometry-patterns__mandala-geometry-patterns-trains-locomotives-classic-steam-train-with-sl__01e70c6de0,Held back because the phrase came only from generic n-gram mining rather than a clear subject extractor.,,
crossing,Crossing Coloring Pages,8,crossing,mandala-geometry-patterns__mandala-geometry-patterns-trains-locomotives-desert-safari-train-crossin__fe5b536bcc; mandala-geometry-patterns__mandala-geometry-patterns-trains-locomotives-excursion-train-crossing-hi__00002da099; mandala-geometry-patterns__mandala-geometry-patterns-trains-locomotives-high-speed-bullet-train-cro__130d98c162; mandala-geometry-patterns__mandala-geometry-patterns-trains-locomotives-intercity-passenger-train-c__2b48d7893e; mandala-geometry-patterns__mandala-geometry-patterns-trains-locomotives-railway-crossing-with-flash__2329f180b7; mandala-geometry-patterns__mandala-geometry-patterns-trains-locomotives-railway-crossing-with-warni__bc802e98d3; mandala-geometry-patterns__mandala-geometry-patterns-trains-locomotives-tram-streetcar-crossing-bri__e8e3c0e2c8; mandala-geometry-patterns__mandala-geometry-patterns-trains-locomotives-vintage-steam-train-crossin__d38d0feae8,Held back because the phrase came only from generic n-gram mining rather than a clear subject extractor.,,
engine,Engine Coloring Pages,8,engine,mandala-geometry-patterns__mandala-geometry-patterns-trains-locomotives-cartoon-smiling-diesel-engi__d5fbd7536b; mandala-geometry-patterns__mandala-geometry-patterns-trains-locomotives-cartoon-smiling-steam-engin__18ac6c6422; mandala-geometry-patterns__mandala-geometry-patterns-trains-locomotives-classic-steam-engine-front-__cce8c2a3b7; mandala-geometry-patterns__mandala-geometry-patterns-trains-locomotives-classic-steam-engine-side-v__45c322a426; mandala-geometry-patterns__mandala-geometry-patterns-trains-locomotives-classic-steam-engine-with-s__55eebd8c6c; mandala-geometry-patterns__mandala-geometry-patterns-trains-locomotives-locomotive-engine-with-big-__0db286466b; mandala-geometry-patterns__mandala-geometry-patterns-trains-locomotives-locomotive-engine-with-cowc__ea5d493702; mandala-geometry-patterns__mandala-geometry-patterns-trains-locomotives-small-shunting-engine-in-ra__9d08dccb65,Held back because the phrase came only from generic n-gram mining rather than a clear subject extractor.,,
lamborghini,Lamborghini Coloring Pages,8,lamborghini,mandala-geometry-patterns__mandala-geometry-patterns-vehiacle-cars-lamborghini__5c3422c4f4; mandala-geometry-patterns__mandala-geometry-patterns-vehiacle-cars-lamborghini-aventador__95ae8f047a; mandala-geometry-patterns__mandala-geometry-patterns-vehiacle-cars-lamborghini-sports-car__f5e4def2b4; mandala-geometry-patterns__mandala-geometry-patterns-vehicle-cars-lamborghini-gallardo__f662c88db4; mandala-geometry-patterns__mandala-geometry-patterns-vehicle-cars-lamborghini-huracan__2c21ca84cc; mandala-geometry-patterns__mandala-geometry-patterns-vehicle-cars-lamborghini-huracane__1cd1c62e10; mandala-geometry-patterns__mandala-geometry-patterns-vehicle-cars-lamborghini-revuelto__972d6d6a24; mandala-geometry-patterns__mandala-geometry-patterns-vehicle-cars-lamborghini-sian__4124ded437,Held back because the phrase came only from generic n-gram mining rather than a clear subject extractor.,,
locomotive-classic,Locomotive Classic Coloring Pages,8,locomotive classic,mandala-geometry-patterns__mandala-geometry-patterns-trains-locomotives-classic-steam-engine-front-__cce8c2a3b7; mandala-geometry-patterns__mandala-geometry-patterns-trains-locomotives-classic-steam-engine-side-v__45c322a426; mandala-geometry-patterns__mandala-geometry-patterns-trains-locomotives-classic-steam-engine-with-s__55eebd8c6c; mandala-geometry-patterns__mandala-geometry-patterns-trains-locomotives-classic-steam-train-at-smal__937925e879; mandala-geometry-patterns__mandala-geometry-patterns-trains-locomotives-classic-steam-train-in-wint__a4f8bc4dbb; mandala-geometry-patterns__mandala-geometry-patterns-trains-locomotives-classic-steam-train-puffing__7e878a4bef; mandala-geometry-patterns__mandala-geometry-patterns-trains-locomotives-classic-steam-train-with-di__77162dcc9f; mandala-geometry-patterns__mandala-geometry-patterns-trains-locomotives-classic-steam-train-with-sl__01e70c6de0,Held back because the phrase came only from generic n-gram mining rather than a clear subject extractor.,,
locomotive-classic-steam,Locomotive Classic Steam Coloring Pages,8,locomotive classic steam,mandala-geometry-patterns__mandala-geometry-patterns-trains-locomotives-classic-steam-engine-front-__cce8c2a3b7; mandala-geometry-patterns__mandala-geometry-patterns-trains-locomotives-classic-steam-engine-side-v__45c322a426; mandala-geometry-patterns__mandala-geometry-patterns-trains-locomotives-classic-steam-engine-with-s__55eebd8c6c; mandala-geometry-patterns__mandala-geometry-patterns-trains-locomotives-classic-steam-train-at-smal__937925e879; mandala-geometry-patterns__mandala-geometry-patterns-trains-locomotives-classic-steam-train-in-wint__a4f8bc4dbb; mandala-geometry-patterns__mandala-geometry-patterns-trains-locomotives-classic-steam-train-puffing__7e878a4bef; mandala-geometry-patterns__mandala-geometry-patterns-trains-locomotives-classic-steam-train-with-di__77162dcc9f; mandala-geometry-patterns__mandala-geometry-patterns-trains-locomotives-classic-steam-train-with-sl__01e70c6de0,Held back because the phrase came only from generic n-gram mining rather than a clear subject extractor.,,
locomotive-steam,Locomotive Steam Coloring Pages,8,locomotive steam,mandala-geometry-patterns__mandala-geometry-patterns-trains-locomotives-steam-train-at-old-town-sta__0e1a4d8bf2; mandala-geometry-patterns__mandala-geometry-patterns-trains-locomotives-steam-train-blowing-whistle__f01d80e633; mandala-geometry-patterns__mandala-geometry-patterns-trains-locomotives-steam-train-on-coastal-rout__e2f4dddeaa; mandala-geometry-patterns__mandala-geometry-patterns-trains-locomotives-steam-train-on-forest-trest__2af0e9fe71; mandala-geometry-patterns__mandala-geometry-patterns-trains-locomotives-steam-train-with-open-air-c__ebd043ca33; mandala-geometry-patterns__mandala-geometry-patterns-trains-locomotives-steam-train-with-open-air-c__54a35e5c29; mandala-geometry-patterns__mandala-geometry-patterns-trains-locomotives-steam-train-with-open-coal-__e8ec35f3aa; mandala-geometry-patterns__mandala-geometry-patterns-trains-locomotives-steam-train-with-snowplow-f__346794c3f2,Held back because the phrase came only from generic n-gram mining rather than a clear subject extractor.,,
model,Model Coloring Pages,8,model,mandala-geometry-patterns__mandala-geometry-patterns-vehiacle-cars-tesla-model-s__d5ac80ecac; mandala-geometry-patterns__mandala-geometry-patterns-vehiacle-planes-rc-model-plane__45c7dda4f7; mandala-geometry-patterns__mandala-geometry-patterns-vehicle-cars-classic-ford-model-t__1e85ab8567; mandala-geometry-patterns__mandala-geometry-patterns-vehicle-cars-classic-ford-model-t-car__df0f54a273; mandala-geometry-patterns__mandala-geometry-patterns-vehicle-cars-future-concept-model-car__7aa745ed0a; mandala-geometry-patterns__mandala-geometry-patterns-vehicle-cars-tesla-model-3__f789385ff7; mandala-geometry-patterns__mandala-geometry-patterns-vehicle-cars-tesla-model-x__755c819002; mandala-geometry-patterns__mandala-geometry-patterns-vehicle-cars-tesla-model-y__45d2095f0d,Held back because the phrase came only from generic n-gram mining rather than a clear subject extractor.,,
ninja,Ninja Coloring Pages,8,ninja,anime-girls__anime-girl-cyber-ninja-assault__05c3bc10cf; anime-girls__anime-girl-ninja__0e887fdbb2; anime-girls__anime-girl-ninja-claws-leaping-from-tree__b513247cef; anime-girls__anime-girl-ninja-teleporting-to-monster-battle-shounin__562cbae255; mandala-geometry-patterns__mandala-geometry-patterns-japan-ninja-silhouette-on-rooftop__4aadc94cd2; mandala-geometry-patterns__mandala-geometry-patterns-japan-ninja-smoke-escape__761d405ded; mandala-geometry-patterns__mandala-geometry-patterns-japan-ninja-throwing-shuriken__d806e7af38; mandala-geometry-patterns__mandala-geometry-patterns-japan-ninja-with-shuriken__eb445ca094,Held back because the phrase came only from generic n-gram mining rather than a clear subject extractor.,,
samurai,Samurai Coloring Pages,8,samurai,anime-girls__anime-girl-samurai-armor__099217943f; anime-girls__anime-girl-samurai-walking-across-rainy-battlefield__fdcba462ab; chibi__chibi-samurai__3d8fc67e17; chibi__chibi-samurai-pegasus__9b4b5ef8bb; mandala-geometry-patterns__mandala-geometry-patterns-japan-samurai-armor-display__c237b98947; mandala-geometry-patterns__mandala-geometry-patterns-japan-samurai-on-horseback__9d183b57bc; mandala-geometry-patterns__mandala-geometry-patterns-japan-samurai-warrior__047f3e1a20; mandala-geometry-patterns__mandala-geometry-patterns-plushie-unicorn-samurai__652f6a5696,Held back because the phrase came only from generic n-gram mining rather than a clear subject extractor.,,
toyota,Toyota Coloring Pages,8,toyota,mandala-geometry-patterns__mandala-geometry-patterns-vehiacle-cars-toyota__7f992f500d; mandala-geometry-patterns__mandala-geometry-patterns-vehiacle-cars-toyota-supra__d87bfd042b; mandala-geometry-patterns__mandala-geometry-patterns-vehicle-cars-toyota-4runner__e92ebebbe6; mandala-geometry-patterns__mandala-geometry-patterns-vehicle-cars-toyota-celica-classic__f3e9dadec5; mandala-geometry-patterns__mandala-geometry-patterns-vehicle-cars-toyota-gr86__ebf724f458; mandala-geometry-patterns__mandala-geometry-patterns-vehicle-cars-toyota-land-cruiser__7ea39a8c59; mandala-geometry-patterns__mandala-geometry-patterns-vehicle-cars-toyota-prius-hybrid__f49de4b908; mandala-geometry-patterns__mandala-geometry-patterns-vehicle-cars-toyota-prius-hybrid-car__90fb7c9c7c,Held back because the phrase came only from generic n-gram mining rather than a clear subject extractor.,,
train-locomotive-classic,Train Locomotive Classic Coloring Pages,8,train locomotive classic,mandala-geometry-patterns__mandala-geometry-patterns-trains-locomotives-classic-steam-engine-front-__cce8c2a3b7; mandala-geometry-patterns__mandala-geometry-patterns-trains-locomotives-classic-steam-engine-side-v__45c322a426; mandala-geometry-patterns__mandala-geometry-patterns-trains-locomotives-classic-steam-engine-with-s__55eebd8c6c; mandala-geometry-patterns__mandala-geometry-patterns-trains-locomotives-classic-steam-train-at-smal__937925e879; mandala-geometry-patterns__mandala-geometry-patterns-trains-locomotives-classic-steam-train-in-wint__a4f8bc4dbb; mandala-geometry-patterns__mandala-geometry-patterns-trains-locomotives-classic-steam-train-puffing__7e878a4bef; mandala-geometry-patterns__mandala-geometry-patterns-trains-locomotives-classic-steam-train-with-di__77162dcc9f; mandala-geometry-patterns__mandala-geometry-patterns-trains-locomotives-classic-steam-train-with-sl__01e70c6de0,Held back because the phrase came only from generic n-gram mining rather than a clear subject extractor.,,
train-locomotive-steam,Train Locomotive Steam Coloring Pages,8,train locomotive steam,mandala-geometry-patterns__mandala-geometry-patterns-trains-locomotives-steam-train-at-old-town-sta__0e1a4d8bf2; mandala-geometry-patterns__mandala-geometry-patterns-trains-locomotives-steam-train-blowing-whistle__f01d80e633; mandala-geometry-patterns__mandala-geometry-patterns-trains-locomotives-steam-train-on-coastal-rout__e2f4dddeaa; mandala-geometry-patterns__mandala-geometry-patterns-trains-locomotives-steam-train-on-forest-trest__2af0e9fe71; mandala-geometry-patterns__mandala-geometry-patterns-trains-locomotives-steam-train-with-open-air-c__ebd043ca33; mandala-geometry-patterns__mandala-geometry-patterns-trains-locomotives-steam-train-with-open-air-c__54a35e5c29; mandala-geometry-patterns__mandala-geometry-patterns-trains-locomotives-steam-train-with-open-coal-__e8ec35f3aa; mandala-geometry-patterns__mandala-geometry-patterns-trains-locomotives-steam-train-with-snowplow-f__346794c3f2,Held back because the phrase came only from generic n-gram mining rather than a clear subject extractor.,,
bay,Bay Coloring Pages,7,bay,chibi__chibi-animals-pets-dogs-chesapeake-bay-retriever__96effd4b27; dogs__dogs-chesapeake-bay-retriever__2291012e65; gardening__gardening-mushroom-bay-bolete__4ee30b4305; mandala-geometry-patterns__mandala-geometry-patterns-dogs-chesapeake-bay-retriever__0836e50620; mandala-geometry-patterns__mandala-geometry-patterns-mushroom-bay-bolete__ffc787395a; world-landmarks__world-landmarks-ha-long-bay-vietnam__305f7f213e; world-landmarks__world-landmarks-marina-bay-sands-singapore__6f7eb78a34,Held back because the phrase came only from generic n-gram mining rather than a clear subject extractor.,,
bear-holiday-christmas,Bear Holiday Christmas Coloring Pages,7,bear holiday christmas,holiday__holiday-christmas-plushie-koala-bear-family__0cd33925f7; holiday__holiday-christmas-plushie-panda-bear__d912dad195; holiday__holiday-christmas-plushie-panda-bear-family__f87ac7472d; holiday__holiday-christmas-plushie-polar-bear__6baf58d2ab; holiday__holiday-christmas-plushie-polar-bear-family__3a4b9b469b; holiday__holiday-christmas-plushie-teddy-bear__6f9b320545; holiday__holiday-christmas-plushie-teddy-bear-family__4fad399be7,Held back because the phrase came only from generic n-gram mining rather than a clear subject extractor.,,
birthday-party,Birthday Party Coloring Pages,7,birthday party,anime-girls__anime-girl-bunny-birthday-party__4a4860c7ac; holiday__holiday-birthday-dinosaur-birthday-party__b28ce22af6; holiday__holiday-birthday-mermaid-birthday-party__48db16584a; holiday__holiday-birthday-pirate-birthday-party__d475606882; holiday__holiday-birthday-princess-birthday-party__e90de00d84; holiday__holiday-birthday-superhero-birthday-party__f895bca201; holiday__holiday-birthday-unicorn-birthday-party__508e70c49e,Held back because the phrase came only from generic n-gram mining rather than a clear subject extractor.,,
bmw,Bmw Coloring Pages,7,bmw,mandala-geometry-patterns__mandala-geometry-patterns-vehiacle-cars-bmw__22280a8843; mandala-geometry-patterns__mandala-geometry-patterns-vehicle-cars-bmw-i8-hybrid__3b67a66a3f; mandala-geometry-patterns__mandala-geometry-patterns-vehicle-cars-bmw-ix__0b7c0979bb; mandala-geometry-patterns__mandala-geometry-patterns-vehicle-cars-bmw-m3__9dc2591155; mandala-geometry-patterns__mandala-geometry-patterns-vehicle-cars-bmw-x5__019ef1608a; mandala-geometry-patterns__mandala-geometry-patterns-vehicle-cars-bmw-x6__a084574bf6; mandala-geometry-patterns__mandala-geometry-patterns-vehicle-cars-bmw-xm__bcb579b2e4,Held back because the phrase came only from generic n-gram mining rather than a clear subject extractor.,,
bobcat,Bobcat Coloring Pages,7,bobcat,chibi__chibi-plushie-bobcat__485d33e8dc; holiday__holiday-birthday-celebration-plushie-bobcat-family__c08cbd11e1; holiday__holiday-christmas-plushie-bobcat-family__aa2d068887; holiday__holiday-halloween-costume-plushie-bobcat-family__36898ee647; mandala-geometry-patterns__mandala-geometry-patterns-plushie-bobcat__8807151712; plushie__plushie-bobcat__5e2d192d27; plushie__plushie-bobcat-family__4532317f83,Held back because the phrase came only from generic n-gram mining rather than a clear subject extractor.,,
border,Border Coloring Pages,7,border,chibi__chibi-animals-pets-dogs-border-collie__d66dc03111; chibi__chibi-animals-pets-dogs-border-terrier__43cfd795ea; dogs__dogs-border-collie__901304e7d9; dogs__dogs-border-collie-playing__ff795b9bb4; holiday__holiday-christmas-dogs-border-collie__2c2410c8e7; mandala-geometry-patterns__mandala-geometry-patterns-dogs-border-collie__211cb87a10; mandala-geometry-patterns__mandala-geometry-patterns-dogs-border-terrier__1d0e425b6a,Held back because the phrase came only from generic n-gram mining rather than a clear subject extractor.,,
car-bmw,Car Bmw Coloring Pages,7,car bmw,mandala-geometry-patterns__mandala-geometry-patterns-vehiacle-cars-bmw__22280a8843; mandala-geometry-patterns__mandala-geometry-patterns-vehicle-cars-bmw-i8-hybrid__3b67a66a3f; mandala-geometry-patterns__mandala-geometry-patterns-vehicle-cars-bmw-ix__0b7c0979bb; mandala-geometry-patterns__mandala-geometry-patterns-vehicle-cars-bmw-m3__9dc2591155; mandala-geometry-patterns__mandala-geometry-patterns-vehicle-cars-bmw-x5__019ef1608a; mandala-geometry-patterns__mandala-geometry-patterns-vehicle-cars-bmw-x6__a084574bf6; mandala-geometry-patterns__mandala-geometry-patterns-vehicle-cars-bmw-xm__bcb579b2e4,Held back because the phrase came only from generic n-gram mining rather than a clear subject extractor.,,
car-honda,Car Honda Coloring Pages,7,car honda,mandala-geometry-patterns__mandala-geometry-patterns-vehiacle-cars-honda__6c7956f8c7; mandala-geometry-patterns__mandala-geometry-patterns-vehicle-cars-honda-civic-type-r__327e29e835; mandala-geometry-patterns__mandala-geometry-patterns-vehicle-cars-honda-civic-type-r-car__d86bf41cc5; mandala-geometry-patterns__mandala-geometry-patterns-vehicle-cars-honda-crv__53d94a7350; mandala-geometry-patterns__mandala-geometry-patterns-vehicle-cars-honda-pilot__d01277d561; mandala-geometry-patterns__mandala-geometry-patterns-vehicle-cars-honda-s2000__d4d3bbdabe; mandala-geometry-patterns__mandala-geometry-patterns-vehicle-cars-honda-s2000-car__e4aac7368f,Held back because the phrase came only from generic n-gram mining rather than a clear subject extractor.,,
car-porsche,Car Porsche Coloring Pages,7,car porsche,mandala-geometry-patterns__mandala-geometry-patterns-vehiacle-cars-porsche__6b7f6eeed9; mandala-geometry-patterns__mandala-geometry-patterns-vehiacle-cars-porsche-911__6fbd05e8b4; mandala-geometry-patterns__mandala-geometry-patterns-vehicle-cars-porsche-718-cayman__44127f27d1; mandala-geometry-patterns__mandala-geometry-patterns-vehicle-cars-porsche-cayenne__63bdc2b122; mandala-geometry-patterns__mandala-geometry-patterns-vehicle-cars-porsche-cayman__1e07266d06; mandala-geometry-patterns__mandala-geometry-patterns-vehicle-cars-porsche-panamera__a9b7e0109a; mandala-geometry-patterns__mandala-geometry-patterns-vehicle-cars-porsche-taycan-ev__91407a6673,Held back because the phrase came only from generic n-gram mining rather than a clear subject extractor.,,
cat-holiday,Cat Holiday Coloring Pages,7,cat holiday,holiday__holiday-birthday-celebration-cat__d6e01d08ac; holiday__holiday-birthday-celebration-plushie-kitten-cat-family__e25b5b488b; christmas__holiday-christmas-animals-cats__11d92160ab; holiday__holiday-christmas-plushie-kitten-cat__059a4a19e5; holiday__holiday-christmas-plushie-kitten-cat-family__5b87666cfc; holiday__holiday-christmas-prehistoric-saber-toothed-cat__fb4edd81be; holiday__holiday-halloween-costume-plushie-kitten-cat-family__38b29f880c,Held back because the phrase came only from generic n-gram mining rather than a clear subject extractor.,,
caterpillar,Caterpillar Coloring Pages,7,caterpillar,anime-girls__anime-girl-summoning-jutsu-caterpillar-plushies__18b703c10f; insects__insects-armyworm-caterpillar__70f58459dd; insects__insects-armyworm-caterpillar-cartoon__d286dfdaea; insects__insects-caterpillar__95b7e25eb8; insects__insects-cutworm-caterpillar__6f1bf5c003; mandala-geometry-patterns__mandala-geometry-patterns-insects-caterpillar__c52905fcb2; mandala-geometry-patterns__mandala-geometry-patterns-sushi-caterpillar-roll__7f6e6f7506,Held back because the phrase came only from generic n-gram mining rather than a clear subject extractor.,,
christmas-santa-claus,Christmas Santa Claus Coloring Pages,7,christmas santa claus,christmas__holiday-christmas-santa-claus-coming-down-chimney-coloring-page__2dd72cc61b; christmas__holiday-christmas-santa-claus-costume-coloring-page__597455887c; christmas__holiday-christmas-santa-claus-delivering-gifts-by-fireplace-coloring-pag__50a3731b97; christmas__holiday-christmas-santa-claus-delivering-gifts-in-sleigh-coloring-page__848c33a1ce; christmas__holiday-christmas-santa-claus-packing-toys-in-big-sack-coloring-page__7bc38b9ef7; christmas__holiday-christmas-santa-claus-reading-letters-from-children-coloring-pag__c2c0cf036d; christmas__holiday-christmas-santa-claus-riding-sleigh-over-moonlit-town-coloring-p__ebac4be947,Held back because the phrase came only from generic n-gram mining rather than a clear subject extractor.,,
coyote,Coyote Coloring Pages,7,coyote,chibi__chibi-plushie-coyote__cfd8cb5205; holiday__holiday-birthday-celebration-plushie-coyote-family__0c77390dd3; holiday__holiday-christmas-plushie-coyote-family__e2b98ac06a; holiday__holiday-halloween-costume-plushie-coyote-family__ec9f3ce310; mandala-geometry-patterns__mandala-geometry-patterns-plushie-coyote__9d1b1ebc96; plushie__plushie-coyote__d06fcbed29; plushie__plushie-coyote-family__e67598b752,Held back because the phrase came only from generic n-gram mining rather than a clear subject extractor.,,
decorated,Decorated Coloring Pages,7,decorated,chibi__chibi-holiday-halloween-halloween-garland-and-decorated-door-coloring-pa__21641bdc41; chibi__chibi-holiday-halloween-trick-or-treat-front-porch-decorated-coloring-pa__aad2950ba7; christmas__holiday-christmas-christmas-wreath-decorated-with-bells-and-bow-coloring__70f6a435a1; christmas__holiday-christmas-gingerbread-house-decorated-with-candy-coloring-page__4648bc3409; christmas__holiday-christmas-snowman-decorated-with-string-lights-coloring-page__4a97e6a224; holiday__holiday-halloween-trick-or-treat-front-porch-decorated-coloring-page__92e42d44a8; mandala-geometry-patterns__mandala-geometry-patterns-sushi-decorated-bento-lunch__baa3695ecf,Held back because the phrase came only from generic n-gram mining rather than a clear subject extractor.,,
dog-australian,Dog Australian Coloring Pages,7,dog australian,chibi__chibi-animals-pets-dogs-australian-cattle-dog__9f36356469; chibi__chibi-animals-pets-dogs-australian-shepherd__30c890a81e; dogs__dogs-australian-cattle-dog__7b5008c2b1; dogs__dogs-australian-shepherd__799da4cea1; holiday__holiday-christmas-dogs-australian-shepherd__324967ed9d; mandala-geometry-patterns__mandala-geometry-patterns-dogs-australian-cattle-dog__0e812cdf03; mandala-geometry-patterns__mandala-geometry-patterns-dogs-australian-shepherd__76b039baf5,Held back because the phrase came only from generic n-gram mining rather than a clear subject extractor.,,
dog-border,Dog Border Coloring Pages,7,dog border,chibi__chibi-animals-pets-dogs-border-collie__d66dc03111; chibi__chibi-animals-pets-dogs-border-terrier__43cfd795ea; dogs__dogs-border-collie__901304e7d9; dogs__dogs-border-collie-playing__ff795b9bb4; holiday__holiday-christmas-dogs-border-collie__2c2410c8e7; mandala-geometry-patterns__mandala-geometry-patterns-dogs-border-collie__211cb87a10; mandala-geometry-patterns__mandala-geometry-patterns-dogs-border-terrier__1d0e425b6a,Held back because the phrase came only from generic n-gram mining rather than a clear subject extractor.,,
dog-great,Dog Great Coloring Pages,7,dog great,chibi__chibi-animals-pets-dogs-great-dane__804a94db86; chibi__chibi-animals-pets-dogs-great-pyrenees__6664477fb6; dogs__dogs-great-dane__f21172dbe7; dogs__dogs-great-pyrenees__c84862b5e4; holiday__holiday-christmas-dogs-great-dane__814c8ae86e; mandala-geometry-patterns__mandala-geometry-patterns-dogs-great-dane__7c2173caf9; mandala-geometry-patterns__mandala-geometry-patterns-dogs-great-pyrenees__584b2e1a51,Held back because the phrase came only from generic n-gram mining rather than a clear subject extractor.,,
egg,Egg Coloring Pages,7,egg,anime-girls__anime-girl-dinosaur-fossil-hoodie-plushie-holding-egg__4616cae654; anime-girls__anime-girl-lifeguard-easter-egg-hunt__3cb055d938; anime-girls__anime-girl-summoning-jutsu-dragon-hatching-egg-plushies__7c4bde2ff9; chibi__chibi-dungeon-monster-egg-hatching__708b4cfceb; chibi__chibi-plushie-easter-egg-character__efff2333cb; mandala-geometry-patterns__mandala-geometry-patterns-plushie-easter-egg-character__007aa64b0b; mandala-geometry-patterns__mandala-geometry-patterns-sushi-egg-tamago-nigiri__8f8f764ac0,Held back because the phrase came only from generic n-gram mining rather than a clear subject extractor.,,
emoji,Emoji Coloring Pages,7,emoji,anime-girls__anime-girl-summoning-broken-heart-emoji-plushies__eced4f0e1f; anime-girls__anime-girl-summoning-emoji-heart-plushies__dc7022c119; anime-girls__anime-girl-summoning-emoji-plushies__18b8302632; anime-girls__anime-girl-summoning-face-with-emoji-plushies__d5a99f95db; anime-girls__anime-girl-summoning-heart-emoji-plushies__6a21fb9a3b; anime-girls__anime-girl-summoning-smile-emoji-plushies__9abb6d5732; anime-girls__anime-girl-summoning-smiling-emoji-plushies__df1ead91bf,Held back because the phrase came only from generic n-gram mining rather than a clear subject extractor.,,
fantasy-barbarian,Fantasy Barbarian Coloring Pages,7,fantasy barbarian,fantasy__fantasy-barbarian-battle-axe__c420be4f88; fantasy__fantasy-barbarian-battle-charge__ad1242905f; fantasy__fantasy-barbarian-firecamp__ca39bc4f06; fantasy__fantasy-barbarian-storm-peak__4ec4ee7410; fantasy__fantasy-barbarian-war-drum__8972baa455; fantasy__fantasy-barbarian-winter-wolf__74d520a2e6; fantasy__fantasy-barbarian-wolf-queen__b36bbf63b8,Held back because the phrase came only from generic n-gram mining rather than a clear subject extractor.,,
fantasy-goblin,Fantasy Goblin Coloring Pages,7,fantasy goblin,chibi__chibi-midieval-fantasy-goblin__41a3b6452b; fantasy__fantasy-goblin-alchemist__8d6890642f; fantasy__fantasy-goblin-market__029c389777; fantasy__fantasy-goblin-merchant__a6328a9c88; fantasy__fantasy-goblin-miner__5823628dac; midieval__midieval-fantasy-goblin__e4b0e02e1c; midieval__midieval-fantasy-goblin-camp__a33043eaa5,Held back because the phrase came only from generic n-gram mining rather than a clear subject extractor.,,
fantasy-mermaid,Fantasy Mermaid Coloring Pages,7,fantasy mermaid,fantasy__fantasy-mermaid-choir__f97ca0d69b; fantasy__fantasy-mermaid-chorus__a2f6f2a715; fantasy__fantasy-mermaid-coral-throne__f732e4901b; fantasy__fantasy-mermaid-princess-coral-throne__9da6f15653; fantasy__fantasy-mermaid-resting-starlit-shore__f7b42a158f; fantasy__fantasy-mermaid-singing__acf6267840; fantasy__fantasy-mermaid-starlit-shore__ec37fad499,Held back because the phrase came only from generic n-gram mining rather than a clear subject extractor.,,
fantasy-rune,Fantasy Rune Coloring Pages,7,fantasy rune,fantasy__fantasy-rune-elk__667b57a8ef; fantasy__fantasy-rune-forge__7904b72f3c; fantasy__fantasy-rune-shield-sanctuary__8b7b9ae17d; fantasy__fantasy-rune-shield-summon__41c3a317c9; fantasy__fantasy-rune-stone-circle__390378c793; fantasy__fantasy-rune-stone-circle-summoning-unicorn__91b607b070; fantasy__fantasy-rune-tiger__5bb89e5f8d,Held back because the phrase came only from generic n-gram mining rather than a clear subject extractor.,,
fantasy-witch,Fantasy Witch Coloring Pages,7,fantasy witch,chibi__chibi-midieval-fantasy-witch__694ac651bd; fantasy__fantasy-witch-broom-flight__e599575818; fantasy__fantasy-witch-cauldron-brew__b892df6cb1; fantasy__fantasy-witch-flame-rune__264c3b4c27; fantasy__fantasy-witch-forest-hut__444a9a5fce; fantasy__fantasy-witch-kitty-forest-hut__fcc5ca779d; midieval__midieval-fantasy-witch-cauldron__d74ee87927,Held back because the phrase came only from generic n-gram mining rather than a clear subject extractor.,,
fennec,Fennec Coloring Pages,7,fennec,chibi__chibi-plushie-fennec-fox__3e3791b4fe; holiday__holiday-birthday-celebration-plushie-fennec-fox-family__88a42ceb07; holiday__holiday-christmas-plushie-fennec-fox-family__ad4ed0afd4; holiday__holiday-halloween-costume-plushie-fennec-fox-family__9c8e86ffd5; mandala-geometry-patterns__mandala-geometry-patterns-plushie-fennec-fox__05a88aabbf; plushie__plushie-fennec-fox__82e912ecfc; plushie__plushie-fennec-fox-family__6b675eb032,Held back because the phrase came only from generic n-gram mining rather than a clear subject extractor.,,
fennec-fox,Fennec Fox Coloring Pages,7,fennec fox,chibi__chibi-plushie-fennec-fox__3e3791b4fe; holiday__holiday-birthday-celebration-plushie-fennec-fox-family__88a42ceb07; holiday__holiday-christmas-plushie-fennec-fox-family__ad4ed0afd4; holiday__holiday-halloween-costume-plushie-fennec-fox-family__9c8e86ffd5; mandala-geometry-patterns__mandala-geometry-patterns-plushie-fennec-fox__05a88aabbf; plushie__plushie-fennec-fox__82e912ecfc; plushie__plushie-fennec-fox-family__6b675eb032,Held back because the phrase came only from generic n-gram mining rather than a clear subject extractor.,,
fly,Fly Coloring Pages,7,fly,chibi__chibi-mushroom-fly-agaric-amanita__2db4d90cf5; gardening__gardening-mushroom-fly-agaric-amanita__31b8f76970; insects__insects-deer-fly__b379d4e2b8; insects__insects-fly-forest-fire__31e839e190; insects__insects-fruit-fly__9443f14262; insects__insects-garden-spider-catching-fly__9781a81ac2; mandala-geometry-patterns__mandala-geometry-patterns-mushroom-fly-agaric-amanita__d648d3c0d4,Held back because the phrase came only from generic n-gram mining rather than a clear subject extractor.,,
forge-fantasy,Forge Fantasy Coloring Pages,7,forge fantasy,fantasy__fantasy-cyclops-forge__efc059c0a3; fantasy__fantasy-dwarf-forge__0eafecaa48; fantasy__fantasy-dwarf-hammer-forge__49f3106676; fantasy__fantasy-fire-spirit-forge__038914f9d2; fantasy__fantasy-legendary-cyclops-forge__51efddd56f; fantasy__fantasy-magic-fire-spirit-forge__1719b08650; fantasy__fantasy-rune-forge__7904b72f3c,Held back because the phrase came only from generic n-gram mining rather than a clear subject extractor.,,
fox-holiday,Fox Holiday Coloring Pages,7,fox holiday,holiday__holiday-birthday-celebration-plushie-fennec-fox-family__88a42ceb07; holiday__holiday-birthday-celebration-plushie-fox-family__3ec064a788; holiday__holiday-christmas-plushie-fennec-fox-family__ad4ed0afd4; holiday__holiday-christmas-plushie-fox__0ab0610c6a; holiday__holiday-christmas-plushie-fox-family__07ad60e8c3; holiday__holiday-halloween-costume-plushie-fennec-fox-family__9c8e86ffd5; holiday__holiday-halloween-costume-plushie-fox-family__cba9aa7ddf,Held back because the phrase came only from generic n-gram mining rather than a clear subject extractor.,,
fungus-gardening,Fungus Gardening Coloring Pages,7,fungus gardening,gardening__gardening-mushroom-candlesnuff-fungus__fa542d3cd7; gardening__gardening-mushroom-coral-fungus__f45cb07fc7; gardening__gardening-mushroom-cup-fungus__2fcbeaa472; gardening__gardening-mushroom-earthstar-fungus__8996743c7f; gardening__gardening-mushroom-horsehair-fungus__42802b132d; gardening__gardening-mushroom-snow-fungus__830ae63b46; gardening__gardening-mushroom-stinkhorn-fungus__051eee3fec,Held back because the phrase came only from generic n-gram mining rather than a clear subject extractor.,,
fungus-gardening-mushroom,Fungus Gardening Mushroom Coloring Pages,7,fungus gardening mushroom,gardening__gardening-mushroom-candlesnuff-fungus__fa542d3cd7; gardening__gardening-mushroom-coral-fungus__f45cb07fc7; gardening__gardening-mushroom-cup-fungus__2fcbeaa472; gardening__gardening-mushroom-earthstar-fungus__8996743c7f; gardening__gardening-mushroom-horsehair-fungus__42802b132d; gardening__gardening-mushroom-snow-fungus__830ae63b46; gardening__gardening-mushroom-stinkhorn-fungus__051eee3fec,Held back because the phrase came only from generic n-gram mining rather than a clear subject extractor.,,
goat,Goat Coloring Pages,7,goat,animals__animals-goat__74e02be085; chibi__chibi-plushie-mountain-goat__9ae1bb4cae; holiday__holiday-birthday-celebration-plushie-mountain-goat-family__71701f7384; holiday__holiday-christmas-plushie-mountain-goat-family__dac686aec7; holiday__holiday-halloween-costume-plushie-mountain-goat-family__3bb1257a79; plushie__plushie-mountain-goat__8d99449403; plushie__plushie-mountain-goat-family__b8aebe54a6,Held back because the phrase came only from generic n-gram mining rather than a clear subject extractor.,,
halloween-candy,Halloween Candy Coloring Pages,7,halloween candy,chibi__chibi-holiday-halloween-candy-bucket-filled-with-treats-coloring-page__27d5c14d60; chibi__chibi-holiday-halloween-candy-corn-pattern-background-coloring-page__7e70d5d5ae; chibi__chibi-holiday-halloween-candy-stall-at-halloween-festival-coloring-page__50f8dcfa9b; chibi__chibi-holiday-halloween-candy-trail-leading-to-haunted-door-coloring-pag__64ae58c6d8; holiday__holiday-halloween-candy-bucket-filled-with-treats-coloring-page__1c60d58016; holiday__holiday-halloween-candy-corn-coloring-page__a82a9ad584; holiday__holiday-halloween-candy-corn-pattern-background-coloring-page__3d62d9779b,Held back because the phrase came only from generic n-gram mining rather than a clear subject extractor.,,
halloween-haunted-house,Halloween Haunted House Coloring Pages,7,halloween haunted house,chibi__chibi-holiday-halloween-haunted-house-coloring-page__c0eae7d121; chibi__chibi-holiday-halloween-haunted-house-on-hill-coloring-page__c7aba2cae1; chibi__chibi-holiday-halloween-haunted-house-on-hill-under-full-moon-coloring-p__6de4b2a74b; chibi__chibi-holiday-halloween-haunted-house-on-stilts-in-swamp-coloring-page__362fdd250c; chibi__chibi-holiday-halloween-haunted-house-with-bats-flying-around-coloring-p__1cb79db677; chibi__chibi-holiday-halloween-haunted-house-with-broken-fence-coloring-page__c23ca248b8; holiday__holiday-halloween-haunted-house-on-hill-under-full-moon-coloring-page__4846172bbc,Held back because the phrase came only from generic n-gram mining rather than a clear subject extractor.,,
halloween-pumpkin,Halloween Pumpkin Coloring Pages,7,halloween pumpkin,chibi__chibi-holiday-halloween-pumpkin-carving-party-coloring-page__eb38dfff5d; chibi__chibi-holiday-halloween-pumpkin-patch-with-cornstalks-and-scarecrow-colo__d7adf41e8e; chibi__chibi-holiday-halloween-pumpkin-patch-with-crows-flying-over-coloring-pa__91ce03c1b2; chibi__chibi-holiday-halloween-pumpkin-patch-with-family-picking-pumpkins-color__01c2f0ce30; chibi__chibi-holiday-halloween-pumpkin-pie-and-spice-decor-scene-coloring-page__7d3c695c2b; holiday__holiday-halloween-pumpkin-carving-party-coloring-apage__cc699065d9; holiday__holiday-halloween-pumpkin-patch-with-family-picking-pumpkins-coloring-pa__236c4af6d3,Held back because the phrase came only from generic n-gram mining rather than a clear subject extractor.,,
high-speed,High Speed Coloring Pages,7,high speed,mandala-geometry-patterns__mandala-geometry-patterns-trains-locomotives-chinese-high-speed-crh-trai__4d8766c6dc; mandala-geometry-patterns__mandala-geometry-patterns-trains-locomotives-french-tgv-high-speed-train__9e03f0fcc7; mandala-geometry-patterns__mandala-geometry-patterns-trains-locomotives-german-ice-high-speed-train__0856777127; mandala-geometry-patterns__mandala-geometry-patterns-trains-locomotives-high-speed-bullet-train-at-__ab0e0253c0; mandala-geometry-patterns__mandala-geometry-patterns-trains-locomotives-high-speed-bullet-train-cro__130d98c162; mandala-geometry-patterns__mandala-geometry-patterns-trains-locomotives-high-speed-bullet-train-lea__a45395998c; mandala-geometry-patterns__mandala-geometry-patterns-trains-locomotives-high-speed-bullet-train-on-__5e359d2a25,Held back because the phrase came only from generic n-gram mining rather than a clear subject extractor.,,
holiday-halloween-candy,Holiday Halloween Candy Coloring Pages,7,holiday halloween candy,chibi__chibi-holiday-halloween-candy-bucket-filled-with-treats-coloring-page__27d5c14d60; chibi__chibi-holiday-halloween-candy-corn-pattern-background-coloring-page__7e70d5d5ae; chibi__chibi-holiday-halloween-candy-stall-at-halloween-festival-coloring-page__50f8dcfa9b; chibi__chibi-holiday-halloween-candy-trail-leading-to-haunted-door-coloring-pag__64ae58c6d8; holiday__holiday-halloween-candy-bucket-filled-with-treats-coloring-page__1c60d58016; holiday__holiday-halloween-candy-corn-coloring-page__a82a9ad584; holiday__holiday-halloween-candy-corn-pattern-background-coloring-page__3d62d9779b,Held back because the phrase came only from generic n-gram mining rather than a clear subject extractor.,,
holiday-halloween-pumpkin,Holiday Halloween Pumpkin Coloring Pages,7,holiday halloween pumpkin,chibi__chibi-holiday-halloween-pumpkin-carving-party-coloring-page__eb38dfff5d; chibi__chibi-holiday-halloween-pumpkin-patch-with-cornstalks-and-scarecrow-colo__d7adf41e8e; chibi__chibi-holiday-halloween-pumpkin-patch-with-crows-flying-over-coloring-pa__91ce03c1b2; chibi__chibi-holiday-halloween-pumpkin-patch-with-family-picking-pumpkins-color__01c2f0ce30; chibi__chibi-holiday-halloween-pumpkin-pie-and-spice-decor-scene-coloring-page__7d3c695c2b; holiday__holiday-halloween-pumpkin-carving-party-coloring-apage__cc699065d9; holiday__holiday-halloween-pumpkin-patch-with-family-picking-pumpkins-coloring-pa__236c4af6d3,Held back because the phrase came only from generic n-gram mining rather than a clear subject extractor.,,
honda,Honda Coloring Pages,7,honda,mandala-geometry-patterns__mandala-geometry-patterns-vehiacle-cars-honda__6c7956f8c7; mandala-geometry-patterns__mandala-geometry-patterns-vehicle-cars-honda-civic-type-r__327e29e835; mandala-geometry-patterns__mandala-geometry-patterns-vehicle-cars-honda-civic-type-r-car__d86bf41cc5; mandala-geometry-patterns__mandala-geometry-patterns-vehicle-cars-honda-crv__53d94a7350; mandala-geometry-patterns__mandala-geometry-patterns-vehicle-cars-honda-pilot__d01277d561; mandala-geometry-patterns__mandala-geometry-patterns-vehicle-cars-honda-s2000__d4d3bbdabe; mandala-geometry-patterns__mandala-geometry-patterns-vehicle-cars-honda-s2000-car__e4aac7368f,Held back because the phrase came only from generic n-gram mining rather than a clear subject extractor.,,
jackal,Jackal Coloring Pages,7,jackal,chibi__chibi-plushie-jackal__aab942cb2a; holiday__holiday-birthday-celebration-plushie-jackal-family__c7361579af; holiday__holiday-christmas-plushie-jackal-family__ead026662d; holiday__holiday-halloween-costume-plushie-jackal-family__3f829127df; mandala-geometry-patterns__mandala-geometry-patterns-plushie-jackal__20aad029f8; plushie__plushie-jackal__0394683b3a; plushie__plushie-jackal-family__d47fff4ab1,Held back because the phrase came only from generic n-gram mining rather than a clear subject extractor.,,
kimono,Kimono Coloring Pages,7,kimono,anime-girls__anime-girl-kimono-eating-rice-balls__a0a6e65af7; anime-girls__anime-girl-kimono-eating-tasty-rice-balls__3c6fa6fcc2; anime-girls__anime-girl-kimono-warrior-smoke-pipe__746838b0cb; anime-girls__anime-girl-sushi-kimono-dress__fdb0d7c7bc; mandala-geometry-patterns__mandala-geometry-patterns-japan-kimono-boy__2127738439; mandala-geometry-patterns__mandala-geometry-patterns-japan-kimono-fashion-display__4a32d54342; mandala-geometry-patterns__mandala-geometry-patterns-japan-kimono-girl__f37589b029,Held back because the phrase came only from generic n-gram mining rather than a clear subject extractor.,,
kiwi-bird,Kiwi Bird Coloring Pages,7,kiwi bird,chibi__chibi-plushie-kiwi-bird__4205a7df9c; holiday__holiday-birthday-celebration-plushie-kiwi-bird-family__9963fbea51; holiday__holiday-christmas-plushie-kiwi-bird-family__74b818195a; holiday__holiday-halloween-costume-plushie-kiwi-bird-family__3db0c616ff; mandala-geometry-patterns__mandala-geometry-patterns-plushie-kiwi-bird__c6086e0797; plushie__plushie-kiwi-bird__7158ababd8; plushie__plushie-kiwi-bird-family__149d70d668,Held back because the phrase came only from generic n-gram mining rather than a clear subject extractor.,,
ladybug,Ladybug Coloring Pages,7,ladybug,anime-girls__anime-girl-summoning-ladybug-plushies__1f15484f70; insects__insects-ladybug__4ddc087c47; insects__insects-ladybug-flying-with-spread-wings__d8a0372343; insects__insects-ladybug-on-daisy__5a620e7456; mandala-geometry-patterns__mandala-geometry-patterns-insects-ladybug__f3edbe5005; mandala-geometry-patterns__mandala-geometry-patterns-ladybug__931591803f; mandala-geometry-patterns__mandala-geometry-patterns-ladybug-patterns__42d3f4011f,Held back because the phrase came only from generic n-gram mining rather than a clear subject extractor.,,
lanterns,Lanterns Coloring Pages,7,lanterns,chibi__chibi-holiday-halloween-trick-or-treat-walkway-lined-with-lanterns-color__604d716265; holiday__holiday-halloween-trick-or-treat-walkway-lined-with-lanterns-coloring-pa__ac8d74f0a9; holiday__holiday-halloween-trick-or-treat-with-lanterns-coloring-page__0b0a06368b; mandala-geometry-patterns__mandala-geometry-patterns-japan-festival-lanterns__1833e65507; mandala-geometry-patterns__mandala-geometry-patterns-plushie-lanterns__c7c0f4b528; mandala-geometry-patterns__mandala-geometry-patterns-sushi-japanese-paper-lanterns__9ec2b6cc08; midieval__midieval-fantasy-enchanted-lanterns__69f8d7ee08,Held back because the phrase came only from generic n-gram mining rather than a clear subject extractor.,,
lava,Lava Coloring Pages,7,lava,anime-girls__anime-girl-summoning-jutsu-lava-dragon__a68919389d; chibi__chibi-dungeon-adventure-bridge-over-lava__906729f5e5; chibi__chibi-dungeon-lava-river__a0d17904e8; chibi__chibi-lava-dragon__8b627e937f; fantasy__fantasy-mythology-dragons-lava-dragon__135143c1e7; mandala-geometry-patterns__mandala-geometry-patterns-cave-volcanic-lava-cave__c4e44f88d1; midieval__midieval-fantasy-lava-bridge__426bb983fd,Held back because the phrase came only from generic n-gram mining rather than a clear subject extractor.,,
locomotive-train,Locomotive Train Coloring Pages,7,locomotive train,mandala-geometry-patterns__mandala-geometry-patterns-trains-locomotives-train-entering-mountain-tun__d54768a03f; mandala-geometry-patterns__mandala-geometry-patterns-trains-locomotives-train-passing-over-long-via__b6b87eb7c0; mandala-geometry-patterns__mandala-geometry-patterns-trains-locomotives-train-passing-over-viaduct-__33a77a8607; mandala-geometry-patterns__mandala-geometry-patterns-trains-locomotives-train-passing-through-snowy__cf12022ea2; mandala-geometry-patterns__mandala-geometry-patterns-trains-locomotives-train-passing-through-snowy__5b3432cf1c; mandala-geometry-patterns__mandala-geometry-patterns-trains-locomotives-train-roundhouse-with-multi__ff4991ca7b; mandala-geometry-patterns__mandala-geometry-patterns-trains-locomotives-train-roundhouse-with-multi__eaa473bdb1,Held back because the phrase came only from generic n-gram mining rather than a clear subject extractor.,,
lynx,Lynx Coloring Pages,7,lynx,chibi__chibi-plushie-lynx__54651154e9; holiday__holiday-birthday-celebration-plushie-lynx-family__ae3d56b832; holiday__holiday-christmas-plushie-lynx-family__4ba8a7bcec; holiday__holiday-halloween-costume-plushie-lynx-family__f48d47ade7; mandala-geometry-patterns__mandala-geometry-patterns-plushie-lynx__4ac2d48267; plushie__plushie-lynx__04c58818eb; plushie__plushie-lynx-family__5d5139966f,Held back because the phrase came only from generic n-gram mining rather than a clear subject extractor.,,
medieval-fantasy-dragon,Medieval Fantasy Dragon Coloring Pages,7,medieval fantasy dragon,chibi__chibi-midieval-fantasy-dragon-slayer__44eb09cef0; midieval__midieval-fantasy-dragon__1a7697a3b2; midieval__midieval-fantasy-dragon-hoard__c360706294; midieval__midieval-fantasy-dragon-rider__350d21ceff; midieval__midieval-fantasy-dragon-scale-armor__26c1c19b9f; midieval__midieval-fantasy-dragon-skull-gate__942845f67a; midieval__midieval-fantasy-dragon-slayer__a126994e77,Held back because the phrase came only from generic n-gram mining rather than a clear subject extractor.,,
meerkat,Meerkat Coloring Pages,7,meerkat,chibi__chibi-plushie-meerkat__022438e185; holiday__holiday-birthday-celebration-plushie-meerkat-family__23c5ef3580; holiday__holiday-christmas-plushie-meerkat-family__6073c2b39e; holiday__holiday-halloween-costume-plushie-meerkat-family__7d4a7c42f9; mandala-geometry-patterns__mandala-geometry-patterns-plushie-meerkat__eddb6b24f1; plushie__plushie-meerkat__4587cbf631; plushie__plushie-meerkat-family__10c322d1ce,Held back because the phrase came only from generic n-gram mining rather than a clear subject extractor.,,
moon-chibi,Moon Chibi Coloring Pages,7,moon chibi,chibi__chibi-holiday-halloween-black-cat-sitting-on-fence-under-moon-coloring-p__81d2ff4c89; chibi__chibi-holiday-halloween-haunted-house-on-hill-under-full-moon-coloring-p__6de4b2a74b; chibi__chibi-holiday-halloween-vampire-holding-goblet-under-crescent-moon-color__62c9c0a50f; chibi__chibi-holiday-halloween-werewolf-howling-under-full-moon-coloring-page__a6643004a9; chibi__chibi-holiday-halloween-werewolf-standing-atop-rock-under-moon-coloring-__a8e1c3adf2; chibi__chibi-holiday-halloween-witch-flying-on-broomstick-across-moon-coloring-__c631f661fc; chibi__chibi-plushie-moon__01ed9427ef,Held back because the phrase came only from generic n-gram mining rather than a clear subject extractor.,,
near,Near Coloring Pages,7,near,chibi__chibi-holiday-halloween-witch-reading-spellbook-near-cauldron-coloring-p__4c5f9d69ca; mandala-geometry-patterns__mandala-geometry-patterns-trains-locomotives-mountain-tourist-train-near__a7a794ee64; sea-life__sea-life-blue-whale-swimming-near-surface__4adfd0081f; sea-life__sea-life-damselfish-school-near-coral__51d1188271; sea-life__sea-life-dugong-near-mangrove-shore__31ef268609; sea-life__sea-life-hawksbill-turtle-near-coral__b07c45d087; sea-life__sea-life-tiger-shark-swimming-near-reef__e26e0df69f,Held back because the phrase came only from generic n-gram mining rather than a clear subject extractor.,,
owl-birds,Owl Birds Coloring Pages,7,owl birds,birds__birds-barn-owl__17018a266e; birds__birds-great-horned-owl__49837e4c8e; birds__birds-long-eared-owl__738e4e3fa3; birds__birds-owl__d68dcf1f0b; birds__birds-screech-owl__b4cba0244b; birds__birds-short-eared-owl__8079801fab; birds__birds-snowy-owl__7d1c01520f,Held back because the phrase came only from generic n-gram mining rather than a clear subject extractor.,,
pangolin,Pangolin Coloring Pages,7,pangolin,chibi__chibi-plushie-pangolin__8a0dbe8d5e; holiday__holiday-birthday-celebration-plushie-pangolin-family__3ce1bd37be; holiday__holiday-christmas-plushie-pangolin-family__8c961a7a81; holiday__holiday-halloween-costume-plushie-pangolin-family__175488db45; mandala-geometry-patterns__mandala-geometry-patterns-plushie-pangolin__9f8bc3f428; plushie__plushie-pangolin__c6cc2f0878; plushie__plushie-pangolin-family__788ec14fe3,Held back because the phrase came only from generic n-gram mining rather than a clear subject extractor.,,
passenger,Passenger Coloring Pages,7,passenger,mandala-geometry-patterns__mandala-geometry-patterns-trains-locomotives-double-decker-passenger-tra__f736317bf4; mandala-geometry-patterns__mandala-geometry-patterns-trains-locomotives-double-decker-passenger-tra__e2db070bec; mandala-geometry-patterns__mandala-geometry-patterns-trains-locomotives-intercity-passenger-train-c__2b48d7893e; mandala-geometry-patterns__mandala-geometry-patterns-trains-locomotives-long-distance-passenger-tra__a608d5a96b; mandala-geometry-patterns__mandala-geometry-patterns-trains-locomotives-passenger-train-arriving-at__37d1d6ceea; mandala-geometry-patterns__mandala-geometry-patterns-trains-locomotives-passenger-train-departing-t__44b33aa65b; mandala-geometry-patterns__mandala-geometry-patterns-vehiacle-planes-passenger-plane__cd876c9f1b,Held back because the phrase came only from generic n-gram mining rather than a clear subject extractor.,,
plushie-axolotl,Plushie Axolotl Coloring Pages,7,plushie axolotl,chibi__chibi-plushie-axolotl__03ca11d572; holiday__holiday-birthday-celebration-plushie-axolotl-family__68b71fbde5; holiday__holiday-christmas-plushie-axolotl-family__0cc3764936; holiday__holiday-halloween-costume-plushie-axolotl-family__934101625f; mandala-geometry-patterns__mandala-geometry-patterns-plushie-axolotl__ec2bff38fc; plushie__plushie-axolotl__82aeaf7ca3; plushie__plushie-axolotl-family__ec8c112db0,Held back because the phrase came only from generic n-gram mining rather than a clear subject extractor.,,
plushie-blue,Plushie Blue Coloring Pages,7,plushie blue,chibi__chibi-plushie-blue-whale__a89416a0fd; holiday__holiday-birthday-celebration-plushie-blue-whale-family__6ff1eda4f1; holiday__holiday-christmas-plushie-blue-whale-family__74ad899045; holiday__holiday-halloween-costume-plushie-blue-whale-family__db12fb87f0; mandala-geometry-patterns__mandala-geometry-patterns-plushie-blue-whale__69178ba3b5; plushie__plushie-blue-whale__17d0990688; plushie__plushie-blue-whale-family__b536e62edd,Held back because the phrase came only from generic n-gram mining rather than a clear subject extractor.,,
plushie-blue-whale,Plushie Blue Whale Coloring Pages,7,plushie blue whale,chibi__chibi-plushie-blue-whale__a89416a0fd; holiday__holiday-birthday-celebration-plushie-blue-whale-family__6ff1eda4f1; holiday__holiday-christmas-plushie-blue-whale-family__74ad899045; holiday__holiday-halloween-costume-plushie-blue-whale-family__db12fb87f0; mandala-geometry-patterns__mandala-geometry-patterns-plushie-blue-whale__69178ba3b5; plushie__plushie-blue-whale__17d0990688; plushie__plushie-blue-whale-family__b536e62edd,Held back because the phrase came only from generic n-gram mining rather than a clear subject extractor.,,
plushie-bobcat,Plushie Bobcat Coloring Pages,7,plushie bobcat,chibi__chibi-plushie-bobcat__485d33e8dc; holiday__holiday-birthday-celebration-plushie-bobcat-family__c08cbd11e1; holiday__holiday-christmas-plushie-bobcat-family__aa2d068887; holiday__holiday-halloween-costume-plushie-bobcat-family__36898ee647; mandala-geometry-patterns__mandala-geometry-patterns-plushie-bobcat__8807151712; plushie__plushie-bobcat__5e2d192d27; plushie__plushie-bobcat-family__4532317f83,Held back because the phrase came only from generic n-gram mining rather than a clear subject extractor.,,
plushie-cheetah,Plushie Cheetah Coloring Pages,7,plushie cheetah,chibi__chibi-plushie-cheetah__8db122da29; holiday__holiday-birthday-celebration-plushie-cheetah-family__b2eccccbc2; holiday__holiday-christmas-plushie-cheetah-family__cd3c5c5fbb; holiday__holiday-halloween-costume-plushie-cheetah-family__aa393c306d; mandala-geometry-patterns__mandala-geometry-patterns-plushie-cheetah__b640d15032; plushie__plushie-cheetah__c748ac1b09; plushie__plushie-cheetah-family__a3061ec075,Held back because the phrase came only from generic n-gram mining rather than a clear subject extractor.,,
plushie-cloud,Plushie Cloud Coloring Pages,7,plushie cloud,chibi__chibi-plushie-cloud-character__14aa2d7940; holiday__holiday-birthday-celebration-plushie-cloud-family__cc1c17af23; holiday__holiday-christmas-plushie-cloud-family__483d1794a5; holiday__holiday-halloween-costume-plushie-cloud-family__2a17bedeb9; mandala-geometry-patterns__mandala-geometry-patterns-plushie-cloud__8ebc1ad640; plushie__plushie-cloud-character__6f97d59e58; plushie__plushie-cloud-family__752fd7d6b5,Held back because the phrase came only from generic n-gram mining rather than a clear subject extractor.,,
plushie-coyote,Plushie Coyote Coloring Pages,7,plushie coyote,chibi__chibi-plushie-coyote__cfd8cb5205; holiday__holiday-birthday-celebration-plushie-coyote-family__0c77390dd3; holiday__holiday-christmas-plushie-coyote-family__e2b98ac06a; holiday__holiday-halloween-costume-plushie-coyote-family__ec9f3ce310; mandala-geometry-patterns__mandala-geometry-patterns-plushie-coyote__9d1b1ebc96; plushie__plushie-coyote__d06fcbed29; plushie__plushie-coyote-family__e67598b752,Held back because the phrase came only from generic n-gram mining rather than a clear subject extractor.,,
plushie-crab,Plushie Crab Coloring Pages,7,plushie crab,chibi__chibi-plushie-crab__0a927497b6; holiday__holiday-birthday-celebration-plushie-crab-family__dd0968a33f; holiday__holiday-christmas-plushie-crab-family__9bbfbe10ac; holiday__holiday-halloween-costume-plushie-crab-family__83c7650bbd; mandala-geometry-patterns__mandala-geometry-patterns-plushie-crab__fa5cbda9b2; plushie__plushie-crab__7b10916843; plushie__plushie-crab-family__48f338e7c6,Held back because the phrase came only from generic n-gram mining rather than a clear subject extractor.,,
plushie-duck,Plushie Duck Coloring Pages,7,plushie duck,chibi__chibi-plushie-duck__b6c74cea43; holiday__holiday-birthday-celebration-plushie-duck-family__934cacc813; holiday__holiday-christmas-plushie-duck-family__407bd23ca2; holiday__holiday-halloween-costume-plushie-duck-family__19c9d1249b; mandala-geometry-patterns__mandala-geometry-patterns-plushie-duck__6f2e4f389e; mandala-geometry-patterns__mandala-geometry-patterns-plushie-duck-animals__57786ac41d; plushie__plushie-duck-family__4520e116a4,Held back because the phrase came only from generic n-gram mining rather than a clear subject extractor.,,
plushie-fennec,Plushie Fennec Coloring Pages,7,plushie fennec,chibi__chibi-plushie-fennec-fox__3e3791b4fe; holiday__holiday-birthday-celebration-plushie-fennec-fox-family__88a42ceb07; holiday__holiday-christmas-plushie-fennec-fox-family__ad4ed0afd4; holiday__holiday-halloween-costume-plushie-fennec-fox-family__9c8e86ffd5; mandala-geometry-patterns__mandala-geometry-patterns-plushie-fennec-fox__05a88aabbf; plushie__plushie-fennec-fox__82e912ecfc; plushie__plushie-fennec-fox-family__6b675eb032,Held back because the phrase came only from generic n-gram mining rather than a clear subject extractor.,,
plushie-fennec-fox,Plushie Fennec Fox Coloring Pages,7,plushie fennec fox,chibi__chibi-plushie-fennec-fox__3e3791b4fe; holiday__holiday-birthday-celebration-plushie-fennec-fox-family__88a42ceb07; holiday__holiday-christmas-plushie-fennec-fox-family__ad4ed0afd4; holiday__holiday-halloween-costume-plushie-fennec-fox-family__9c8e86ffd5; mandala-geometry-patterns__mandala-geometry-patterns-plushie-fennec-fox__05a88aabbf; plushie__plushie-fennec-fox__82e912ecfc; plushie__plushie-fennec-fox-family__6b675eb032,Held back because the phrase came only from generic n-gram mining rather than a clear subject extractor.,,
plushie-giraffe,Plushie Giraffe Coloring Pages,7,plushie giraffe,chibi__chibi-plushie-giraffe__b73746824c; holiday__holiday-birthday-celebration-plushie-giraffe-family__b3675cae4e; holiday__holiday-christmas-plushie-giraffe-family__3ce5a6dbe2; holiday__holiday-halloween-costume-plushie-giraffe-family__1fd0a0f79c; mandala-geometry-patterns__mandala-geometry-patterns-plushie-giraffe__a118ea616f; plushie__plushie-giraffe__ac033ade30; plushie__plushie-giraffe-family__91011633a5,Held back because the phrase came only from generic n-gram mining rather than a clear subject extractor.,,
plushie-goose,Plushie Goose Coloring Pages,7,plushie goose,chibi__chibi-plushie-goose__080bd104a8; holiday__holiday-birthday-celebration-plushie-goose-family__41632da93e; holiday__holiday-christmas-plushie-goose-family__558b3c0792; holiday__holiday-halloween-costume-plushie-goose-family__6c181240a5; mandala-geometry-patterns__mandala-geometry-patterns-plushie-goose__2cb3526ba1; plushie__plushie-goose__ba54e95ffe; plushie__plushie-goose-family__482a1a089c,Held back because the phrase came only from generic n-gram mining rather than a clear subject extractor.,,
plushie-hedgehog,Plushie Hedgehog Coloring Pages,7,plushie hedgehog,holiday__holiday-birthday-celebration-plushie-hedgehog-family__1d67ce2bb2; holiday__holiday-christmas-plushie-hedgehog-family__f40beaee50; holiday__holiday-halloween-costume-plushie-hedgehog-family__698004ec93; mandala-geometry-patterns__mandala-geometry-patterns-plushie-hedgehog__66beb4c442; mandala-geometry-patterns__mandala-geometry-patterns-plushie-hedgehog-animals__94553c366a; plushie__plushie-hedgehog__9cac079e16; plushie__plushie-hedgehog-family__1f3b659186,Held back because the phrase came only from generic n-gram mining rather than a clear subject extractor.,,
plushie-humpback,Plushie Humpback Coloring Pages,7,plushie humpback,chibi__chibi-plushie-humpback-whale__a7d7270711; holiday__holiday-birthday-celebration-plushie-humpback-whale-family__c620668ef4; holiday__holiday-christmas-plushie-humpback-whale-family__73d75ef17e; holiday__holiday-halloween-costume-plushie-humpback-whale-family__c88683c03f; mandala-geometry-patterns__mandala-geometry-patterns-plushie-humpback-whale__62db3522eb; plushie__plushie-humpback-whale__830b64e0f7; plushie__plushie-humpback-whale-family__69a869b6df,Held back because the phrase came only from generic n-gram mining rather than a clear subject extractor.,,
plushie-humpback-whale,Plushie Humpback Whale Coloring Pages,7,plushie humpback whale,chibi__chibi-plushie-humpback-whale__a7d7270711; holiday__holiday-birthday-celebration-plushie-humpback-whale-family__c620668ef4; holiday__holiday-christmas-plushie-humpback-whale-family__73d75ef17e; holiday__holiday-halloween-costume-plushie-humpback-whale-family__c88683c03f; mandala-geometry-patterns__mandala-geometry-patterns-plushie-humpback-whale__62db3522eb; plushie__plushie-humpback-whale__830b64e0f7; plushie__plushie-humpback-whale-family__69a869b6df,Held back because the phrase came only from generic n-gram mining rather than a clear subject extractor.,,
plushie-iguana,Plushie Iguana Coloring Pages,7,plushie iguana,chibi__chibi-plushie-iguana__3bc9de7ca7; holiday__holiday-birthday-celebration-plushie-iguana-family__9e447e3694; holiday__holiday-christmas-plushie-iguana-family__ca96461f58; holiday__holiday-halloween-costume-plushie-iguana-family__68da030e80; mandala-geometry-patterns__mandala-geometry-patterns-plushie-iguana__2aa74b6976; plushie__plushie-iguana__ddf261a79b; plushie__plushie-iguana-family__9f4c50c81e,Held back because the phrase came only from generic n-gram mining rather than a clear subject extractor.,,
plushie-jackal,Plushie Jackal Coloring Pages,7,plushie jackal,chibi__chibi-plushie-jackal__aab942cb2a; holiday__holiday-birthday-celebration-plushie-jackal-family__c7361579af; holiday__holiday-christmas-plushie-jackal-family__ead026662d; holiday__holiday-halloween-costume-plushie-jackal-family__3f829127df; mandala-geometry-patterns__mandala-geometry-patterns-plushie-jackal__20aad029f8; plushie__plushie-jackal__0394683b3a; plushie__plushie-jackal-family__d47fff4ab1,Held back because the phrase came only from generic n-gram mining rather than a clear subject extractor.,,
plushie-komodo,Plushie Komodo Coloring Pages,7,plushie komodo,chibi__chibi-plushie-komodo-dragon__c393e03850; holiday__holiday-birthday-celebration-plushie-komodo-dragon-family__8319ab1593; holiday__holiday-christmas-plushie-komodo-dragon-family__d67afb97e4; holiday__holiday-halloween-costume-plushie-komodo-dragon-family__c90921d351; mandala-geometry-patterns__mandala-geometry-patterns-plushie-komodo-dragon__e82332af9a; plushie__plushie-komodo-dragon__3b74d686aa; plushie__plushie-komodo-dragon-family__98963914c3,Held back because the phrase came only from generic n-gram mining rather than a clear subject extractor.,,
plushie-komodo-dragon,Plushie Komodo Dragon Coloring Pages,7,plushie komodo dragon,chibi__chibi-plushie-komodo-dragon__c393e03850; holiday__holiday-birthday-celebration-plushie-komodo-dragon-family__8319ab1593; holiday__holiday-christmas-plushie-komodo-dragon-family__d67afb97e4; holiday__holiday-halloween-costume-plushie-komodo-dragon-family__c90921d351; mandala-geometry-patterns__mandala-geometry-patterns-plushie-komodo-dragon__e82332af9a; plushie__plushie-komodo-dragon__3b74d686aa; plushie__plushie-komodo-dragon-family__98963914c3,Held back because the phrase came only from generic n-gram mining rather than a clear subject extractor.,,
plushie-lynx,Plushie Lynx Coloring Pages,7,plushie lynx,chibi__chibi-plushie-lynx__54651154e9; holiday__holiday-birthday-celebration-plushie-lynx-family__ae3d56b832; holiday__holiday-christmas-plushie-lynx-family__4ba8a7bcec; holiday__holiday-halloween-costume-plushie-lynx-family__f48d47ade7; mandala-geometry-patterns__mandala-geometry-patterns-plushie-lynx__4ac2d48267; plushie__plushie-lynx__04c58818eb; plushie__plushie-lynx-family__5d5139966f,Held back because the phrase came only from generic n-gram mining rather than a clear subject extractor.,,
plushie-macaw,Plushie Macaw Coloring Pages,7,plushie macaw,chibi__chibi-plushie-macaw__61580cb786; holiday__holiday-birthday-celebration-plushie-macaw-family__0b41574d43; holiday__holiday-christmas-plushie-macaw-family__acafa3d912; holiday__holiday-halloween-costume-plushie-macaw-family__0829c50887; mandala-geometry-patterns__mandala-geometry-patterns-plushie-macaw__8b288c9dcd; plushie__plushie-macaw__57fa7a367d; plushie__plushie-macaw-family__d5b9e5efe0,Held back because the phrase came only from generic n-gram mining rather than a clear subject extractor.,,
plushie-manta,Plushie Manta Coloring Pages,7,plushie manta,holiday__holiday-birthday-celebration-plushie-manta-ray-family__1b9a11059f; holiday__holiday-christmas-plushie-manta-ray-family__be7ffde4df; holiday__holiday-halloween-costume-plushie-manta-ray-family__5ed3a33eea; mandala-geometry-patterns__mandala-geometry-patterns-plushie-manta-ray__23cac3660d; mandala-geometry-patterns__mandala-geometry-patterns-plushie-manta-raya__48636f5594; plushie__plushie-manta-ray__898cbf111d; plushie__plushie-manta-ray-family__786221ce68,Held back because the phrase came only from generic n-gram mining rather than a clear subject extractor.,,
plushie-meerkat,Plushie Meerkat Coloring Pages,7,plushie meerkat,chibi__chibi-plushie-meerkat__022438e185; holiday__holiday-birthday-celebration-plushie-meerkat-family__23c5ef3580; holiday__holiday-christmas-plushie-meerkat-family__6073c2b39e; holiday__holiday-halloween-costume-plushie-meerkat-family__7d4a7c42f9; mandala-geometry-patterns__mandala-geometry-patterns-plushie-meerkat__eddb6b24f1; plushie__plushie-meerkat__4587cbf631; plushie__plushie-meerkat-family__10c322d1ce,Held back because the phrase came only from generic n-gram mining rather than a clear subject extractor.,,
plushie-pangolin,Plushie Pangolin Coloring Pages,7,plushie pangolin,chibi__chibi-plushie-pangolin__8a0dbe8d5e; holiday__holiday-birthday-celebration-plushie-pangolin-family__3ce1bd37be; holiday__holiday-christmas-plushie-pangolin-family__8c961a7a81; holiday__holiday-halloween-costume-plushie-pangolin-family__175488db45; mandala-geometry-patterns__mandala-geometry-patterns-plushie-pangolin__9f8bc3f428; plushie__plushie-pangolin__c6cc2f0878; plushie__plushie-pangolin-family__788ec14fe3,Held back because the phrase came only from generic n-gram mining rather than a clear subject extractor.,,
plushie-panther,Plushie Panther Coloring Pages,7,plushie panther,chibi__chibi-plushie-panther__91bcc8dcee; holiday__holiday-birthday-celebration-plushie-panther-family__e02fac7390; holiday__holiday-christmas-plushie-panther-family__c13f29352c; holiday__holiday-halloween-costume-plushie-panther-family__57d2bef471; mandala-geometry-patterns__mandala-geometry-patterns-plushie-panther__cd8a510e1e; plushie__plushie-panther__5ba4ad7c46; plushie__plushie-panther-family__cb97389491,Held back because the phrase came only from generic n-gram mining rather than a clear subject extractor.,,
plushie-parrot,Plushie Parrot Coloring Pages,7,plushie parrot,chibi__chibi-plushie-parrot__a8078c56f1; holiday__holiday-birthday-celebration-plushie-parrot-family__2ca8325835; holiday__holiday-christmas-plushie-parrot-family__056b71cb83; holiday__holiday-halloween-costume-plushie-parrot-family__a09c99f6c4; mandala-geometry-patterns__mandala-geometry-patterns-plushie-parrot__9cf219a440; plushie__plushie-parrot__2c0898500e; plushie__plushie-parrot-family__bdc8900b4b,Held back because the phrase came only from generic n-gram mining rather than a clear subject extractor.,,
plushie-rat,Plushie Rat Coloring Pages,7,plushie rat,chibi__chibi-plushie-rat__170af4ef89; holiday__holiday-birthday-celebration-plushie-rat-family__b856fe2d39; holiday__holiday-christmas-plushie-rat-family__0f5f183a82; holiday__holiday-halloween-costume-plushie-rat-family__23726d52f3; mandala-geometry-patterns__mandala-geometry-patterns-plushie-rat__0e25169712; mandala-geometry-patterns__mandala-geometry-patterns-plushie-rat-animals__dd017e5223; plushie__plushie-rat__44e71c01f2,Held back because the phrase came only from generic n-gram mining rather than a clear subject extractor.,,
plushie-rooster,Plushie Rooster Coloring Pages,7,plushie rooster,chibi__chibi-plushie-rooster__0138040c27; holiday__holiday-birthday-celebration-plushie-rooster-family__c3df071a60; holiday__holiday-christmas-plushie-rooster-family__f89a1d7652; holiday__holiday-halloween-costume-plushie-rooster-family__2ed78e7fd5; mandala-geometry-patterns__mandala-geometry-patterns-plushie-rooster__84054ba036; plushie__plushie-rooster__9249cc68cf; plushie__plushie-rooster-family__272a2022e4,Held back because the phrase came only from generic n-gram mining rather than a clear subject extractor.,,
plushie-sea-anemone,Plushie Sea Anemone Coloring Pages,7,plushie sea anemone,chibi__chibi-plushie-sea-anemone__8034224dc6; holiday__holiday-birthday-celebration-plushie-sea-anemone-family__0c520eb792; holiday__holiday-christmas-plushie-sea-anemone-family__ec8bff6ea9; holiday__holiday-halloween-costume-plushie-sea-anemone-family__b99344c1e6; mandala-geometry-patterns__mandala-geometry-patterns-plushie-sea-anemone__746ceea317; plushie__plushie-sea-anemone__bcd201c1d4; plushie__plushie-sea-anemone-family__10812fde5d,Held back because the phrase came only from generic n-gram mining rather than a clear subject extractor.,,
plushie-sea-urchin,Plushie Sea Urchin Coloring Pages,7,plushie sea urchin,chibi__chibi-plushie-sea-urchin__ad4b7e0e8c; holiday__holiday-birthday-celebration-plushie-sea-urchin-family__e28e0992b5; holiday__holiday-christmas-plushie-sea-urchin-family__1df5fef643; holiday__holiday-halloween-costume-plushie-sea-urchin-family__9e1b5cf636; mandala-geometry-patterns__mandala-geometry-patterns-plushie-sea-urchin__d9a232b0ca; plushie__plushie-sea-urchin__dd4bdf5211; plushie__plushie-sea-urchin-family__89585b5a33,Held back because the phrase came only from generic n-gram mining rather than a clear subject extractor.,,
plushie-skunk,Plushie Skunk Coloring Pages,7,plushie skunk,chibi__chibi-plushie-skunk__0121e626c2; holiday__holiday-birthday-celebration-plushie-skunk-family__cf1b8b252c; holiday__holiday-christmas-plushie-skunk-family__7980917a6a; holiday__holiday-halloween-costume-plushie-skunk-family__60dc1c0856; mandala-geometry-patterns__mandala-geometry-patterns-plushie-skunk__be62484257; plushie__plushie-skunk__b9e524ff05; plushie__plushie-skunk-family__944dcc772e,Held back because the phrase came only from generic n-gram mining rather than a clear subject extractor.,,
plushie-snow-leopard,Plushie Snow Leopard Coloring Pages,7,plushie snow leopard,chibi__chibi-plushie-snow-leopard__e4b24383a1; holiday__holiday-birthday-celebration-plushie-snow-leopard-family__f904c879e7; holiday__holiday-christmas-plushie-snow-leopard-family__fc7559724d; holiday__holiday-halloween-costume-plushie-snow-leopard-family__f0d59d779b; mandala-geometry-patterns__mandala-geometry-patterns-plushie-snow-leopard__250129dbea; plushie__plushie-snow-leopard__1278ce67e3; plushie__plushie-snow-leopard-family__7fbcd334ee,Held back because the phrase came only from generic n-gram mining rather than a clear subject extractor.,,
plushie-star,Plushie Star Coloring Pages,7,plushie star,chibi__chibi-plushie-star-character__8c9cf0ed93; holiday__holiday-birthday-celebration-plushie-star-family__d8fcf4ce1c; holiday__holiday-christmas-plushie-star-family__0a464822bd; holiday__holiday-halloween-costume-plushie-star-family__32cd199720; mandala-geometry-patterns__mandala-geometry-patterns-plushie-star__4ffdba3279; plushie__plushie-star-character__a83668c989; plushie__plushie-star-family__e2b4662931,Held back because the phrase came only from generic n-gram mining rather than a clear subject extractor.,,
plushie-swan,Plushie Swan Coloring Pages,7,plushie swan,chibi__chibi-plushie-swan__e05dfd1ed0; holiday__holiday-birthday-celebration-plushie-swan-family__3e45e30773; holiday__holiday-christmas-plushie-swan-family__64ff0442f1; holiday__holiday-halloween-costume-plushie-swan-family__1385d69f48; mandala-geometry-patterns__mandala-geometry-patterns-plushie-swan__b41a5edb38; plushie__plushie-swan__22f056c840; plushie__plushie-swan-family__ef035606f5,Held back because the phrase came only from generic n-gram mining rather than a clear subject extractor.,,
plushie-toucan,Plushie Toucan Coloring Pages,7,plushie toucan,chibi__chibi-plushie-toucan__c8592eb783; holiday__holiday-birthday-celebration-plushie-toucan-family__a90847ef09; holiday__holiday-christmas-plushie-toucan-family__00d65e49e3; holiday__holiday-halloween-costume-plushie-toucan-family__455648e9d7; mandala-geometry-patterns__mandala-geometry-patterns-plushie-toucan__6d499656d8; plushie__plushie-toucan__b45bb8c059; plushie__plushie-toucan-family__f030fca00c,Held back because the phrase came only from generic n-gram mining rather than a clear subject extractor.,,
plushie-wolverine,Plushie Wolverine Coloring Pages,7,plushie wolverine,chibi__chibi-plushie-wolverine__563e484ab2; holiday__holiday-birthday-celebration-plushie-wolverine-family__a8f6e47bef; holiday__holiday-christmas-plushie-wolverine-family__dccfe09cf5; holiday__holiday-halloween-costume-plushie-wolverine-family__2c74f6730b; mandala-geometry-patterns__mandala-geometry-patterns-plushie-wolverine__0b95ed6496; plushie__plushie-wolverine__3a46b5d777; plushie__plushie-wolverine-family__14cdcafdfc,Held back because the phrase came only from generic n-gram mining rather than a clear subject extractor.,,
plushie-yak,Plushie Yak Coloring Pages,7,plushie yak,chibi__chibi-plushie-yak__71d8bf89d0; holiday__holiday-birthday-celebration-plushie-yak-family__b3e577fcf4; holiday__holiday-christmas-plushie-yak-family__0ef25323df; holiday__holiday-halloween-costume-plushie-yak-family__aa0823ce41; mandala-geometry-patterns__mandala-geometry-patterns-plushie-yak__03b59f6948; plushie__plushie-yak__e5eb8e9e0b; plushie__plushie-yak-family__275c7022ab,Held back because the phrase came only from generic n-gram mining rather than a clear subject extractor.,,
porsche,Porsche Coloring Pages,7,porsche,mandala-geometry-patterns__mandala-geometry-patterns-vehiacle-cars-porsche__6b7f6eeed9; mandala-geometry-patterns__mandala-geometry-patterns-vehiacle-cars-porsche-911__6fbd05e8b4; mandala-geometry-patterns__mandala-geometry-patterns-vehicle-cars-porsche-718-cayman__44127f27d1; mandala-geometry-patterns__mandala-geometry-patterns-vehicle-cars-porsche-cayenne__63bdc2b122; mandala-geometry-patterns__mandala-geometry-patterns-vehicle-cars-porsche-cayman__1e07266d06; mandala-geometry-patterns__mandala-geometry-patterns-vehicle-cars-porsche-panamera__a9b7e0109a; mandala-geometry-patterns__mandala-geometry-patterns-vehicle-cars-porsche-taycan-ev__91407a6673,Held back because the phrase came only from generic n-gram mining rather than a clear subject extractor.,,
pumpkin-chibi,Pumpkin Chibi Coloring Pages,7,pumpkin chibi,chibi__chibi-holiday-halloween-black-cat-peeking-out-of-pumpkin-coloring-page__c47ea723e5; chibi__chibi-holiday-halloween-ghost-peeking-from-pumpkin-coloring-page__55ab382228; chibi__chibi-holiday-halloween-halloween-market-stall-with-pumpkins-coloring-pa__31885be148; chibi__chibi-holiday-halloween-jack-o-lantern-stack-of-three-pumpkins-coloring-__a26d735941; chibi__chibi-holiday-halloween-pumpkin-patch-with-family-picking-pumpkins-color__01c2f0ce30; chibi__chibi-holiday-halloween-trick-or-treat-doorstep-with-carved-pumpkins-col__764a39620c; chibi__chibi-plushie-pumpkin__62940acc20,Held back because the phrase came only from generic n-gram mining rather than a clear subject extractor.,,
rhinoceros,Rhinoceros Coloring Pages,7,rhinoceros,anime-girls__anime-girl-summoning-jutsu-woolly-rhinoceros__ed5032bc71; anime-girls__anime-girl-summoning-jutsu-woolly-rhinoceros-plushies__065924f18f; chibi__chibi-woolly-rhinoceros__5ce477e2ea; insects__insects-rhinoceros-beetle__7238f85c1d; insects__insects-rhinoceros-beetle-with-horn__187047cbc6; mandala-geometry-patterns__mandala-geometry-patterns-insects-rhinoceros-beetle__abbf9e3805; dinosaurs__prehistoric-woolly-rhinoceros__a0c7501433,Held back because the phrase came only from generic n-gram mining rather than a clear subject extractor.,,
rooster,Rooster Coloring Pages,7,rooster,chibi__chibi-plushie-rooster__0138040c27; holiday__holiday-birthday-celebration-plushie-rooster-family__c3df071a60; holiday__holiday-christmas-plushie-rooster-family__f89a1d7652; holiday__holiday-halloween-costume-plushie-rooster-family__2ed78e7fd5; mandala-geometry-patterns__mandala-geometry-patterns-plushie-rooster__84054ba036; plushie__plushie-rooster__9249cc68cf; plushie__plushie-rooster-family__272a2022e4,Held back because the phrase came only from generic n-gram mining rather than a clear subject extractor.,,
snow-leopard,Snow Leopard Coloring Pages,7,snow leopard,chibi__chibi-plushie-snow-leopard__e4b24383a1; holiday__holiday-birthday-celebration-plushie-snow-leopard-family__f904c879e7; holiday__holiday-christmas-plushie-snow-leopard-family__fc7559724d; holiday__holiday-halloween-costume-plushie-snow-leopard-family__f0d59d779b; mandala-geometry-patterns__mandala-geometry-patterns-plushie-snow-leopard__250129dbea; plushie__plushie-snow-leopard__1278ce67e3; plushie__plushie-snow-leopard-family__7fbcd334ee,Held back because the phrase came only from generic n-gram mining rather than a clear subject extractor.,,
snowy,Snowy Coloring Pages,7,snowy,birds__birds-snowy-owl__7d1c01520f; christmas__holiday-christmas-angel-holding-candle-in-snowy-night-coloring-page__fde31c074f; christmas__holiday-christmas-christmas-candle-in-lantern-on-snowy-porch-coloring-pa__666c70174b; christmas__holiday-christmas-christmas-village-with-snowy-houses-coloring-page__b297f1c694; mandala-geometry-patterns__mandala-geometry-patterns-trains-locomotives-arctic-train-on-snowy-ice-r__f87dc94339; mandala-geometry-patterns__mandala-geometry-patterns-trains-locomotives-train-passing-through-snowy__cf12022ea2; mandala-geometry-patterns__mandala-geometry-patterns-trains-locomotives-train-passing-through-snowy__5b3432cf1c,Held back because the phrase came only from generic n-gram mining rather than a clear subject extractor.,,
speed,Speed Coloring Pages,7,speed,mandala-geometry-patterns__mandala-geometry-patterns-trains-locomotives-chinese-high-speed-crh-trai__4d8766c6dc; mandala-geometry-patterns__mandala-geometry-patterns-trains-locomotives-french-tgv-high-speed-train__9e03f0fcc7; mandala-geometry-patterns__mandala-geometry-patterns-trains-locomotives-german-ice-high-speed-train__0856777127; mandala-geometry-patterns__mandala-geometry-patterns-trains-locomotives-high-speed-bullet-train-at-__ab0e0253c0; mandala-geometry-patterns__mandala-geometry-patterns-trains-locomotives-high-speed-bullet-train-cro__130d98c162; mandala-geometry-patterns__mandala-geometry-patterns-trains-locomotives-high-speed-bullet-train-lea__a45395998c; mandala-geometry-patterns__mandala-geometry-patterns-trains-locomotives-high-speed-bullet-train-on-__5e359d2a25,Held back because the phrase came only from generic n-gram mining rather than a clear subject extractor.,,
spell,Spell Coloring Pages,7,spell,anime-girls__anime-girl-magical-spell__823830b324; chibi__chibi-dungeon-wizard-casting-spell__60bcc3c082; fantasy__fantasy-mage-ice-spell__7205982d1f; fantasy__fantasy-magic-portal-spell-book__1639eb1c99; fantasy__fantasy-owl-spell-tome__646d7130aa; fantasy__fantasy-summoned-owl-spell-tome__61a4188d0a; flowers__flowers-spell-book-featuring-forget-me-not-ingredient__99d0d94f99,Held back because the phrase came only from generic n-gram mining rather than a clear subject extractor.,,
sports,Sports Coloring Pages,7,sports,anime-girls__anime-girl-snowboarding-sports__604e8c7cb3; anime-girls__anime-girl-soccer-sports__aff494ee11; mandala-geometry-patterns__mandala-geometry-patterns-vehiacle-cars-lamborghini-sports-car__f5e4def2b4; mandala-geometry-patterns__mandala-geometry-patterns-vehiacle-cars-sports-car__cc36617473; mandala-geometry-patterns__mandala-geometry-patterns-vehicle-cars-electric-sports-car__63aa3a648e; mandala-geometry-patterns__mandala-geometry-patterns-vehicle-cars-electric-sports-car-charging__545b0f228c; mandala-geometry-patterns__mandala-geometry-patterns-vehicle-cars-electric-sports-car-driving__25704f3b69,Held back because the phrase came only from generic n-gram mining rather than a clear subject extractor.,,
underground,Underground Coloring Pages,7,underground,anime-girls__anime-girl-mining-underground__c154f6f65e; anime-girls__anime-girl-mining-underground-digging__4abdb05aeb; anime-girls__anime-girl-underground-rebellion__0c888e1484; chibi__chibi-dungeon-underground-waterfall__70a96590ec; mandala-geometry-patterns__mandala-geometry-patterns-cave-underground-river-scene__65bc88523d; mandala-geometry-patterns__mandala-geometry-patterns-cave-underground-waterfall__0b9ece3cb8; mandala-geometry-patterns__mandala-geometry-patterns-trains-locomotives-subway-train-entering-under__751f7bb691,Held back because the phrase came only from generic n-gram mining rather than a clear subject extractor.,,
unicorn-holiday,Unicorn Holiday Coloring Pages,7,unicorn holiday,holiday__holiday-birthday-celebration-plushie-unicorn-family__c06ba90537; holiday__holiday-birthday-celebration-unicorn__ee9efd1d1a; holiday__holiday-birthday-plushie-unicorn-family__660a1ea2cc; holiday__holiday-christmas-plushie-unicorn__765058b747; holiday__holiday-christmas-plushie-unicorn-family__5e6cd88bbd; holiday__holiday-halloween-costume-plushie-unicorn-family__30ee11dcbf; holiday__holiday-halloween-plushie-unicorn-family__9711dca993,Held back because the phrase came only from generic n-gram mining rather than a clear subject extractor.,,
village,Village Coloring Pages,7,village,fantasy__fantasy-mushroom-village__d190709504; fantasy__fantasy-mushroom-village-little-fox__0ea98d8d42; christmas__holiday-christmas-christmas-village-market-with-stalls-coloring-page__a06efe72af; christmas__holiday-christmas-christmas-village-with-snowy-houses-coloring-page__b297f1c694; christmas__holiday-christmas-gingerbread-city-village-with-candy-streets-coloring-p__c3fff62b55; christmas__holiday-christmas-winter-ice-skating-rink-in-village-square-coloring-pag__2314a178ce; holiday__holiday-halloween-witch-flying-over-haunted-village-coloring-page__9eb92bda25,Held back because the phrase came only from generic n-gram mining rather than a clear subject extractor.,,
walking,Walking Coloring Pages,7,walking,anime-girls__anime-girl-samurai-walking-across-rainy-battlefield__fdcba462ab; anime-girls__anime-girl-walking-dogs__9ed6538012; anime-girls__anime-girl-walking-dogs-in-park__694f16a874; chibi__chibi-holiday-halloween-mummy-walking-with-bandages-loose-coloring-page__3d7b5dcceb; chibi__chibi-holiday-halloween-zombie-walking-with-pumpkin-bucket-coloring-page__0d47fdf121; holiday__holiday-halloween-mummy-walking-with-bandages-loose-coloring-page__180f3db01b; mandala-geometry-patterns__mandala-geometry-patterns-prehistoric-diplodocus-walking__6fdf44df40,Held back because the phrase came only from generic n-gram mining rather than a clear subject extractor.,,
wall,Wall Coloring Pages,7,wall,chibi__chibi-dungeon-arrow-trap-wall__4590917de8; chibi__chibi-dungeon-hidden-treasure-behind-wall__a29b16128d; chibi__chibi-holiday-halloween-giant-spider-crawling-on-wall-coloring-page__990dc9d87f; chibi__chibi-holiday-halloween-vampire-with-spooky-shadow-on-wall-coloring-page__560dde82c2; holiday__holiday-halloween-giant-spider-crawling-on-wall-coloring-page__9f9f5f3bbd; mandala-geometry-patterns__mandala-geometry-patterns-cave-glowing-crystals-wall__a230ceffe6; world-landmarks__world-landmarks-great-wall-of-china__e988798349,Held back because the phrase came only from generic n-gram mining rather than a clear subject extractor.,,
wyrm,Wyrm Coloring Pages,7,wyrm,anime-girls__anime-girl-summoning-jutsu-wyrm-dragon__8867c1e45f; anime-girls__anime-girl-summoning-jutsu-wyrm-dragon-plushies__9611fa8b9e; chibi__chibi-wyrm__6b8a4cb1c3; chibi__chibi-wyrm-dragon__7178c5cd86; fantasy__fantasy-abyss-wyrm__7a01eb3636; fantasy__fantasy-sand-wyrm-dunes__fd27143a00; fantasy__fantasy-volcanic-wyrm__89b89262c1,Held back because the phrase came only from generic n-gram mining rather than a clear subject extractor.,,
yak,Yak Coloring Pages,7,yak,chibi__chibi-plushie-yak__71d8bf89d0; holiday__holiday-birthday-celebration-plushie-yak-family__b3e577fcf4; holiday__holiday-christmas-plushie-yak-family__0ef25323df; holiday__holiday-halloween-costume-plushie-yak-family__aa0823ce41; mandala-geometry-patterns__mandala-geometry-patterns-plushie-yak__03b59f6948; plushie__plushie-yak__e5eb8e9e0b; plushie__plushie-yak-family__275c7022ab,Held back because the phrase came only from generic n-gram mining rather than a clear subject extractor.,,
zombie,Zombie Coloring Pages,7,zombie,anime-girls__anime-girl-zombie__909032ac64; anime-girls__anime-girl-zombie-halloween-png__93ec2c4c40; anime-girls__anime-girl-zombie-horde__dfb025c1f5; chibi__chibi-holiday-halloween-zombie-peeking-out-of-ground-coloring-page__b59b806249; chibi__chibi-holiday-halloween-zombie-walking-with-pumpkin-bucket-coloring-page__0d47fdf121; chibi__chibi-holiday-halloween-zombie-with-torn-trick-or-treat-bag-coloring-pag__1862dece82; chibi__chibi-zombie-dragon__504ccfb0ce,Held back because the phrase came only from generic n-gram mining rather than a clear subject extractor.,,
angry,Angry Coloring Pages,6,angry,chibi__chibi-basilisk-angry__a4253bd32d; fantasy__fantasy-angry-chimera-lair__a15621aa3d; fantasy__fantasy-angry-ogre-camping__19c811e53b; fantasy__fantasy-angry-volcano-dragon__2d2fb81a98; gardening__gardening-mushroom-angry-cup-fungus-character__9d5610d95b; insects__insects-angry-soldier-ant__ae4937339e,Held back because the phrase came only from generic n-gram mining rather than a clear subject extractor.,,
baby-kangaroo,Baby Kangaroo Coloring Pages,6,baby kangaroo,chibi__chibi-plushie-baby-kangaroo-joey__74e2f66bcf; holiday__holiday-birthday-celebration-plushie-baby-kangaroo-joey-family__eec8a13ba3; holiday__holiday-christmas-plushie-baby-kangaroo-joey-family__2936137b39; holiday__holiday-halloween-costume-plushie-baby-kangaroo-joey-family__6f9b1745a9; mandala-geometry-patterns__mandala-geometry-patterns-plushie-baby-kangaroo-joey__b4f0b6f270; plushie__plushie-baby-kangaroo-family__6e06d034c4,Held back because the phrase came only from generic n-gram mining rather than a clear subject extractor.,,
bighorn,Bighorn Coloring Pages,6,bighorn,chibi__chibi-plushie-bighorn-sheep__aad072c5db; holiday__holiday-birthday-celebration-plushie-bighorn-sheep-family__6191afa76c; holiday__holiday-christmas-plushie-bighorn-sheep-family__b2777a80b3; holiday__holiday-halloween-costume-plushie-bighorn-sheep-family__e29f9afc07; plushie__plushie-bighorn-sheep__f5fdfd4d72; plushie__plushie-bighorn-sheep-family__c418fdb20f,Held back because the phrase came only from generic n-gram mining rather than a clear subject extractor.,,
bighorn-sheep,Bighorn Sheep Coloring Pages,6,bighorn sheep,chibi__chibi-plushie-bighorn-sheep__aad072c5db; holiday__holiday-birthday-celebration-plushie-bighorn-sheep-family__6191afa76c; holiday__holiday-christmas-plushie-bighorn-sheep-family__b2777a80b3; holiday__holiday-halloween-costume-plushie-bighorn-sheep-family__e29f9afc07; plushie__plushie-bighorn-sheep__f5fdfd4d72; plushie__plushie-bighorn-sheep-family__c418fdb20f,Held back because the phrase came only from generic n-gram mining rather than a clear subject extractor.,,
birch,Birch Coloring Pages,6,birch,gardening__gardening-mushroom-birch-bolete__2312788246; gardening__gardening-mushroom-birch-polypore__337bc52c4b; gardening__gardening-mushroom-orange-birch-bolete__bf0c758754; mandala-geometry-patterns__mandala-geometry-patterns-mushroom-birch-bolete__41a71817e7; mandala-geometry-patterns__mandala-geometry-patterns-mushroom-birch-polypore__a02dd3053c; mandala-geometry-patterns__mandala-geometry-patterns-mushroom-orange-birch-bolete__25bb0d2975,Held back because the phrase came only from generic n-gram mining rather than a clear subject extractor.,,
birthday-party-holiday,Birthday Party Holiday Coloring Pages,6,birthday party holiday,holiday__holiday-birthday-dinosaur-birthday-party__b28ce22af6; holiday__holiday-birthday-mermaid-birthday-party__48db16584a; holiday__holiday-birthday-pirate-birthday-party__d475606882; holiday__holiday-birthday-princess-birthday-party__e90de00d84; holiday__holiday-birthday-superhero-birthday-party__f895bca201; holiday__holiday-birthday-unicorn-birthday-party__508e70c49e,Held back because the phrase came only from generic n-gram mining rather than a clear subject extractor.,,
bolete,Bolete Coloring Pages,6,bolete,gardening__gardening-mushroom-bay-bolete__4ee30b4305; gardening__gardening-mushroom-birch-bolete__2312788246; gardening__gardening-mushroom-orange-birch-bolete__bf0c758754; mandala-geometry-patterns__mandala-geometry-patterns-mushroom-bay-bolete__ffc787395a; mandala-geometry-patterns__mandala-geometry-patterns-mushroom-birch-bolete__41a71817e7; mandala-geometry-patterns__mandala-geometry-patterns-mushroom-orange-birch-bolete__25bb0d2975,Held back because the phrase came only from generic n-gram mining rather than a clear subject extractor.,,
camp,Camp Coloring Pages,6,camp,fantasy__fantasy-camp-bard-singing__895e7168fc; fantasy__fantasy-creatures-ogre-camp__c69cef70ee; fantasy__fantasy-ogre-camp__217a7a373f; fantasy__fantasy-orc-camp__d89e2f9827; fantasy__fantasy-scout-desert-camp__fd082e3328; midieval__midieval-fantasy-goblin-camp__a33043eaa5,Held back because the phrase came only from generic n-gram mining rather than a clear subject extractor.,,
car-dodge,Car Dodge Coloring Pages,6,car dodge,mandala-geometry-patterns__mandala-geometry-patterns-vehiacle-cars-dodge-challenger__524aab86f0; mandala-geometry-patterns__mandala-geometry-patterns-vehiacle-cars-dodge-ram-truck__8c6f201871; mandala-geometry-patterns__mandala-geometry-patterns-vehicle-cars-dodge-charger__15a278a942; mandala-geometry-patterns__mandala-geometry-patterns-vehicle-cars-dodge-charger-car__66163503e7; mandala-geometry-patterns__mandala-geometry-patterns-vehicle-cars-dodge-demon__f0b5d9d3ea; mandala-geometry-patterns__mandala-geometry-patterns-vehicle-cars-dodge-viper__dc3e94db7d,Held back because the phrase came only from generic n-gram mining rather than a clear subject extractor.,,
car-ferrari,Car Ferrari Coloring Pages,6,car ferrari,mandala-geometry-patterns__mandala-geometry-patterns-vehiacle-cars-ferrari__d41a45abd8; mandala-geometry-patterns__mandala-geometry-patterns-vehiacle-cars-ferrari-laferrari__0ee285bca5; mandala-geometry-patterns__mandala-geometry-patterns-vehiacle-cars-ferrari-scorpion-mod__75017ead01; mandala-geometry-patterns__mandala-geometry-patterns-vehicle-cars-ferrari-488-gtb__f728e4f33f; mandala-geometry-patterns__mandala-geometry-patterns-vehicle-cars-ferrari-f8-tributo__69bd9008dc; mandala-geometry-patterns__mandala-geometry-patterns-vehicle-cars-ferrari-sf90-stradale__df215dcb6b,Held back because the phrase came only from generic n-gram mining rather than a clear subject extractor.,,
car-nissan,Car Nissan Coloring Pages,6,car nissan,mandala-geometry-patterns__mandala-geometry-patterns-vehiacle-cars-nissan__eeb3d259ef; mandala-geometry-patterns__mandala-geometry-patterns-vehicle-cars-nissan-370z__6d6c01804e; mandala-geometry-patterns__mandala-geometry-patterns-vehicle-cars-nissan-370z-car__c549727cca; mandala-geometry-patterns__mandala-geometry-patterns-vehicle-cars-nissan-armada__cfd8104625; mandala-geometry-patterns__mandala-geometry-patterns-vehicle-cars-nissan-gt-r__70b740562f; mandala-geometry-patterns__mandala-geometry-patterns-vehicle-cars-nissan-patrol__e178de2153,Held back because the phrase came only from generic n-gram mining rather than a clear subject extractor.,,
car-tesla,Car Tesla Coloring Pages,6,car tesla,mandala-geometry-patterns__mandala-geometry-patterns-vehiacle-cars-tesla__aaa925357c; mandala-geometry-patterns__mandala-geometry-patterns-vehiacle-cars-tesla-model-s__d5ac80ecac; mandala-geometry-patterns__mandala-geometry-patterns-vehicle-cars-tesla-model-3__f789385ff7; mandala-geometry-patterns__mandala-geometry-patterns-vehicle-cars-tesla-model-x__755c819002; mandala-geometry-patterns__mandala-geometry-patterns-vehicle-cars-tesla-model-y__45d2095f0d; mandala-geometry-patterns__mandala-geometry-patterns-vehicle-cars-tesla-roadster-2025__bc2e3030a8,Held back because the phrase came only from generic n-gram mining rather than a clear subject extractor.,,
cargo,Cargo Coloring Pages,6,cargo,mandala-geometry-patterns__mandala-geometry-patterns-trains-locomotives-cargo-freight-train-with-bo__a0770cfa7a; mandala-geometry-patterns__mandala-geometry-patterns-trains-locomotives-cargo-freight-train-with-co__aa6ebc02d8; mandala-geometry-patterns__mandala-geometry-patterns-trains-locomotives-cargo-freight-train-with-lo__1d9488574e; mandala-geometry-patterns__mandala-geometry-patterns-trains-locomotives-cargo-freight-train-with-ta__a8442f8cb7; mandala-geometry-patterns__mandala-geometry-patterns-trains-locomotives-modern-diesel-locomotive-ha__aa94e5bbb1; mandala-geometry-patterns__mandala-geometry-patterns-vehiacle-planes-cargo-plane__0f3b019736,Held back because the phrase came only from generic n-gram mining rather than a clear subject extractor.,,
cherry,Cherry Coloring Pages,6,cherry,flowers__flowers-cherry-blossom__1cbc68b504; mandala-geometry-patterns__mandala-geometry-patterns-bakery-cherry-pie__c268e655da; mandala-geometry-patterns__mandala-geometry-patterns-japan-cherry-blossom-festival__a8c1e3cec3; mandala-geometry-patterns__mandala-geometry-patterns-japan-cherry-blossom-park__b13d44b517; mandala-geometry-patterns__mandala-geometry-patterns-japan-cherry-blossom-park-mandala-mascot__7fd35519ca; mandala-geometry-patterns__mandala-geometry-patterns-japan-cherry-blossom-tree__0b993cddf8,Held back because the phrase came only from generic n-gram mining rather than a clear subject extractor.,,
chibi-dungeon-magic,Chibi Dungeon Magic Coloring Pages,6,chibi dungeon magic,chibi__chibi-dungeon-magic-crystal-orb__54682316ed; chibi__chibi-dungeon-magic-crystal-staff__349438bde2; chibi__chibi-dungeon-magic-health-potion__99dae6814e; chibi__chibi-dungeon-magic-mirror-gate__21f64614e7; chibi__chibi-dungeon-magic-potion-table__5f5d85baaa; chibi__chibi-dungeon-magic-scrolls__b3f3c88ca4,Held back because the phrase came only from generic n-gram mining rather than a clear subject extractor.,,
city,City Coloring Pages,6,city,fantasy__fantasy-merfolk-city__c8143495e6; fantasy__fantasy-merfolk-city-under-water__112188da94; fantasy__fantasy-ruins-forgotten-city__fac5dfa99b; christmas__holiday-christmas-gingerbread-city-village-with-candy-streets-coloring-p__c3fff62b55; mandala-geometry-patterns__mandala-geometry-patterns-trains-locomotives-commuter-train-in-city-stat__3accc1151e; mandala-geometry-patterns__mandala-geometry-patterns-trains-locomotives-tram-streetcar-on-city-rail__5683e60bd9,Held back because the phrase came only from generic n-gram mining rather than a clear subject extractor.,,
cleric,Cleric Coloring Pages,6,cleric,fantasy__fantasy-cleric-forest-shrine__5a364af565; fantasy__fantasy-cleric-healing-light__bb0764d0c3; fantasy__fantasy-cleric-holy-tome__0ed6c854ac; fantasy__fantasy-cleric-moon-blessing__2bf9fe093d; fantasy__fantasy-cleric-sun-disc__309ac94cff; fantasy__fantasy-cleric-water-sanctum__aa69283c56,Held back because the phrase came only from generic n-gram mining rather than a clear subject extractor.,,
cougar,Cougar Coloring Pages,6,cougar,chibi__chibi-plushie-cougar__11aac42ddc; holiday__holiday-birthday-celebration-plushie-cougar-family__790d3ae5a3; holiday__holiday-christmas-plushie-cougar-family__cab2b65978; holiday__holiday-halloween-costume-plushie-cougar-family__1b2f0ed20a; plushie__plushie-cougar__7d81aefb4b; plushie__plushie-cougar-family__2e0a0ac2c1,Held back because the phrase came only from generic n-gram mining rather than a clear subject extractor.,,
dice-plushies,Dice Plushies Coloring Pages,6,dice plushies,anime-girls__anime-girl-summoning-jutsu-eight-sided-dice-plushies__a8a4c1cb0f; anime-girls__anime-girl-summoning-jutsu-four-sided-dice-plushies__42d8960801; anime-girls__anime-girl-summoning-jutsu-six-sided-dice-plushies__5d7de27a02; anime-girls__anime-girl-summoning-jutsu-ten-sided-dice-plushies__60e8e28145; anime-girls__anime-girl-summoning-jutsu-twelve-sided-dice-plushies__d2e311ea3a; anime-girls__anime-girl-summoning-jutsu-twenty-sided-dice-plushies__a0670a7952,Held back because the phrase came only from generic n-gram mining rather than a clear subject extractor.,,
dice-plushies-anime,Dice Plushies Anime Coloring Pages,6,dice plushies anime,anime-girls__anime-girl-summoning-jutsu-eight-sided-dice-plushies__a8a4c1cb0f; anime-girls__anime-girl-summoning-jutsu-four-sided-dice-plushies__42d8960801; anime-girls__anime-girl-summoning-jutsu-six-sided-dice-plushies__5d7de27a02; anime-girls__anime-girl-summoning-jutsu-ten-sided-dice-plushies__60e8e28145; anime-girls__anime-girl-summoning-jutsu-twelve-sided-dice-plushies__d2e311ea3a; anime-girls__anime-girl-summoning-jutsu-twenty-sided-dice-plushies__a0670a7952,Held back because the phrase came only from generic n-gram mining rather than a clear subject extractor.,,
dire,Dire Coloring Pages,6,dire,anime-girls__anime-girl-summoning-jutsu-dire-wolf__6241cd9562; anime-girls__anime-girl-summoning-jutsu-dire-wolf-plushies__e93d390fee; chibi__chibi-dire-wolf__6717fb3d25; holiday__holiday-christmas-prehistoric-dire-wolf__5ef5e18199; mandala-geometry-patterns__mandala-geometry-patterns-prehistoric-dire-wolf__90dfef8677; dinosaurs__prehistoric-dire-wolf__825d92787d,Held back because the phrase came only from generic n-gram mining rather than a clear subject extractor.,,
dog-english,Dog English Coloring Pages,6,dog english,chibi__chibi-animals-pets-dogs-english-mastiff__3c5e7719d4; chibi__chibi-animals-pets-dogs-english-springer-spaniel__6e6be10dc9; dogs__dogs-english-mastiff__d1948d8ea0; dogs__dogs-english-springer-spaniel__024f44493d; mandala-geometry-patterns__mandala-geometry-patterns-dogs-english-mastiff__1d03d7013e; mandala-geometry-patterns__mandala-geometry-patterns-dogs-english-springer-spaniel__7720e1c921,Held back because the phrase came only from generic n-gram mining rather than a clear subject extractor.,,
dog-irish,Dog Irish Coloring Pages,6,dog irish,chibi__chibi-animals-pets-dogs-irish-setter__c7dd78cd9b; chibi__chibi-animals-pets-dogs-irish-wolfhound__3ede5fe21f; dogs__dogs-irish-setter__ed296dbe4e; dogs__dogs-irish-wolfhound__b6100b5ef9; mandala-geometry-patterns__mandala-geometry-patterns-dogs-irish-setter__20dc8c1f9b; mandala-geometry-patterns__mandala-geometry-patterns-dogs-irish-wolfhound__34304de6ab,Held back because the phrase came only from generic n-gram mining rather than a clear subject extractor.,,
door,Door Coloring Pages,6,door,chibi__chibi-dungeon-runic-stone-door__0f35ed5e60; chibi__chibi-dungeon-secret-passage-door__af7b103730; chibi__chibi-dungeon-secret-stone-door__3133159983; chibi__chibi-holiday-halloween-candy-trail-leading-to-haunted-door-coloring-pag__64ae58c6d8; chibi__chibi-holiday-halloween-halloween-garland-and-decorated-door-coloring-pa__21641bdc41; christmas__holiday-christmas-christmas-wreath-on-front-door-coloring-page__4c2d9ac697,Held back because the phrase came only from generic n-gram mining rather than a clear subject extractor.,,
dragon-fantasy-mythology,Dragon Fantasy Mythology Coloring Pages,6,dragon fantasy mythology,fantasy__fantasy-mythology-dragons-earth-dragon__fb5e112409; fantasy__fantasy-mythology-dragons-fire-dragon__e3c7d3b9f1; fantasy__fantasy-mythology-dragons-ice-dragon__03ed3e1240; fantasy__fantasy-mythology-dragons-lava-dragon__135143c1e7; fantasy__fantasy-mythology-dragons-lightning-dragon__d7232583d5; fantasy__fantasy-mythology-dragons-wind-dragon__626b7a5c16,Held back because the phrase came only from generic n-gram mining rather than a clear subject extractor.,,
dragon-holiday-birthday,Dragon Holiday Birthday Coloring Pages,6,dragon holiday birthday,holiday__holiday-birthday-celebration-dragon__bc7966ef21; holiday__holiday-birthday-celebration-fire-dragon__de6f8bbf33; holiday__holiday-birthday-celebration-ice-dragon__a135872bdb; holiday__holiday-birthday-celebration-plushie-baby-dragon-family__2bfeee327f; holiday__holiday-birthday-celebration-plushie-dragon-family__cbfe50b576; holiday__holiday-birthday-celebration-plushie-komodo-dragon-family__8319ab1593,Held back because the phrase came only from generic n-gram mining rather than a clear subject extractor.,,
dragon-mandala,Dragon Mandala Coloring Pages,6,dragon mandala,mandala-geometry-patterns__mandala-geometry-patterns-japan-origami-dragon__8f004406f0; mandala-geometry-patterns__mandala-geometry-patterns-komodo-dragon__f13e5a9425; mandala-geometry-patterns__mandala-geometry-patterns-plushie-baby-dragon__59a3aeae49; mandala-geometry-patterns__mandala-geometry-patterns-plushie-cute-baby-dragon__fe1a69ef1f; mandala-geometry-patterns__mandala-geometry-patterns-plushie-dragon__cc3f78fbe9; mandala-geometry-patterns__mandala-geometry-patterns-plushie-komodo-dragon__e82332af9a,Held back because the phrase came only from generic n-gram mining rather than a clear subject extractor.,,
dragon-mandala-geometry,Dragon Mandala Geometry Coloring Pages,6,dragon mandala geometry,mandala-geometry-patterns__mandala-geometry-patterns-japan-origami-dragon__8f004406f0; mandala-geometry-patterns__mandala-geometry-patterns-komodo-dragon__f13e5a9425; mandala-geometry-patterns__mandala-geometry-patterns-plushie-baby-dragon__59a3aeae49; mandala-geometry-patterns__mandala-geometry-patterns-plushie-cute-baby-dragon__fe1a69ef1f; mandala-geometry-patterns__mandala-geometry-patterns-plushie-dragon__cc3f78fbe9; mandala-geometry-patterns__mandala-geometry-patterns-plushie-komodo-dragon__e82332af9a,Held back because the phrase came only from generic n-gram mining rather than a clear subject extractor.,,
dragon-plushie,Dragon Plushie Coloring Pages,6,dragon plushie,plushie__plushie-baby-dragon__5ed6730a4b; plushie__plushie-baby-dragon-family__f216d18d8b; plushie__plushie-dragon__698e75c51a; plushie__plushie-dragon-family__e1767e2711; plushie__plushie-komodo-dragon__3b74d686aa; plushie__plushie-komodo-dragon-family__98963914c3,Held back because the phrase came only from generic n-gram mining rather than a clear subject extractor.,,
dragonfly,Dragonfly Coloring Pages,6,dragonfly,anime-girls__anime-girl-summoning-dragonfly-plushies__261eb5f297; chibi__chibi-enchanted-forest-fairy-with-dragonfly-wings__c807547c33; insects__insects-dragonfly-hovering-over-pond__afff36c5fd; mandala-geometry-patterns__mandala-geometry-patterns-dragonfly__5c8f423a9b; mandala-geometry-patterns__mandala-geometry-patterns-dragonfly-patterns__d30f3769c4; mandala-geometry-patterns__mandala-geometry-patterns-insects-dragonfly__ff15e0ffcb,Held back because the phrase came only from generic n-gram mining rather than a clear subject extractor.,,
dungeon-magic,Dungeon Magic Coloring Pages,6,dungeon magic,chibi__chibi-dungeon-magic-crystal-orb__54682316ed; chibi__chibi-dungeon-magic-crystal-staff__349438bde2; chibi__chibi-dungeon-magic-health-potion__99dae6814e; chibi__chibi-dungeon-magic-mirror-gate__21f64614e7; chibi__chibi-dungeon-magic-potion-table__5f5d85baaa; chibi__chibi-dungeon-magic-scrolls__b3f3c88ca4,Held back because the phrase came only from generic n-gram mining rather than a clear subject extractor.,,
dwarf,Dwarf Coloring Pages,6,dwarf,chibi__chibi-dungeon-dwarf-warrior-with-axe__1f0a4e3c62; chibi__chibi-midieval-fantasy-dwarf__9484c117e0; fantasy__fantasy-dwarf-forge__0eafecaa48; fantasy__fantasy-dwarf-hammer-forge__49f3106676; fantasy__fantasy-dwarf-miner-cart__3c2aa3da20; midieval__midieval-fantasy-dwarf__6e6af4448b,Held back because the phrase came only from generic n-gram mining rather than a clear subject extractor.,,
earth-dragon,Earth Dragon Coloring Pages,6,earth dragon,anime-girls__anime-girl-summoning-jutsu-earth-dragon__710623c1c0; anime-girls__anime-girl-summoning-jutsu-earth-dragon-plushies__650c6964a0; chibi__chibi-earth-dragon__4623602646; chibi__chibi-earth-dragon-sitting__eb99d4b700; fantasy__fantasy-earth-dragon-burrow__a9e46db10c; fantasy__fantasy-mythology-dragons-earth-dragon__fb5e112409,Held back because the phrase came only from generic n-gram mining rather than a clear subject extractor.,,
eggs,Eggs Coloring Pages,6,eggs,anime-girls__anime-girl-dragon-eggs-hoodie-plushie__b1747e4988; anime-girls__anime-girl-dragon-eggs-hoodie-plushie__f41a8578b5; anime-girls__anime-girl-summoning-slime-eggs__9fd811b000; chibi__chibi-dungeon-dragon-eggs__caf2e39059; reptiles__reptiles-loggerhead-sea-turtle-laying-eggs__5a4d08c526; sea-life__sea-life-loggerhead-turtle-laying-eggs__bed0354668,Held back because the phrase came only from generic n-gram mining rather than a clear subject extractor.,,
emoji-plushies,Emoji Plushies Coloring Pages,6,emoji plushies,anime-girls__anime-girl-summoning-broken-heart-emoji-plushies__eced4f0e1f; anime-girls__anime-girl-summoning-emoji-plushies__18b8302632; anime-girls__anime-girl-summoning-face-with-emoji-plushies__d5a99f95db; anime-girls__anime-girl-summoning-heart-emoji-plushies__6a21fb9a3b; anime-girls__anime-girl-summoning-smile-emoji-plushies__9abb6d5732; anime-girls__anime-girl-summoning-smiling-emoji-plushies__df1ead91bf,Held back because the phrase came only from generic n-gram mining rather than a clear subject extractor.,,
emoji-plushies-anime,Emoji Plushies Anime Coloring Pages,6,emoji plushies anime,anime-girls__anime-girl-summoning-broken-heart-emoji-plushies__eced4f0e1f; anime-girls__anime-girl-summoning-emoji-plushies__18b8302632; anime-girls__anime-girl-summoning-face-with-emoji-plushies__d5a99f95db; anime-girls__anime-girl-summoning-heart-emoji-plushies__6a21fb9a3b; anime-girls__anime-girl-summoning-smile-emoji-plushies__9abb6d5732; anime-girls__anime-girl-summoning-smiling-emoji-plushies__df1ead91bf,Held back because the phrase came only from generic n-gram mining rather than a clear subject extractor.,,
fantasy-centaur,Fantasy Centaur Coloring Pages,6,fantasy centaur,chibi__chibi-midieval-fantasy-centaur__eed9718a81; fantasy__fantasy-centaur-hunt__f7987d1033; fantasy__fantasy-centaur-huntress__31d679a0d3; fantasy__fantasy-centaur-starlit-field__16d9c7ca60; midieval__midieval-fantasy-centaur__3d764eae4f; midieval__midieval-fantasy-centaur-forest-archer__df8ec8f64d,Held back because the phrase came only from generic n-gram mining rather than a clear subject extractor.,,
fantasy-cleric,Fantasy Cleric Coloring Pages,6,fantasy cleric,fantasy__fantasy-cleric-forest-shrine__5a364af565; fantasy__fantasy-cleric-healing-light__bb0764d0c3; fantasy__fantasy-cleric-holy-tome__0ed6c854ac; fantasy__fantasy-cleric-moon-blessing__2bf9fe093d; fantasy__fantasy-cleric-sun-disc__309ac94cff; fantasy__fantasy-cleric-water-sanctum__aa69283c56,Held back because the phrase came only from generic n-gram mining rather than a clear subject extractor.,,
fantasy-elf,Fantasy Elf Coloring Pages,6,fantasy elf,chibi__chibi-midieval-fantasy-elf__bbd29f276e; fantasy__fantasy-elf-crystal-mage__833187c9ab; fantasy__fantasy-elf-forest-rider__8771d25b0f; fantasy__fantasy-elf-moon-archer__565c967253; fantasy__fantasy-elf-sun-swordsman__4d09831c4d; midieval__midieval-fantasy-elf__6bf249532e,Held back because the phrase came only from generic n-gram mining rather than a clear subject extractor.,,
fantasy-mage,Fantasy Mage Coloring Pages,6,fantasy mage,chibi__chibi-midieval-fantasy-mage__b4b625a2e5; fantasy__fantasy-mage-arcane-burst__73e236402c; fantasy__fantasy-mage-crystal-staff__d615e65e3d; fantasy__fantasy-mage-floating-books__1d40801329; fantasy__fantasy-mage-ice-spell__7205982d1f; fantasy__fantasy-mage-rune-circle__74768d49e6,Held back because the phrase came only from generic n-gram mining rather than a clear subject extractor.,,
fantasy-mythology,Fantasy Mythology Coloring Pages,6,fantasy mythology,fantasy__fantasy-mythology-dragons-earth-dragon__fb5e112409; fantasy__fantasy-mythology-dragons-fire-dragon__e3c7d3b9f1; fantasy__fantasy-mythology-dragons-ice-dragon__03ed3e1240; fantasy__fantasy-mythology-dragons-lava-dragon__135143c1e7; fantasy__fantasy-mythology-dragons-lightning-dragon__d7232583d5; fantasy__fantasy-mythology-dragons-wind-dragon__626b7a5c16,Held back because the phrase came only from generic n-gram mining rather than a clear subject extractor.,,
fantasy-mythology-dragons,Fantasy Mythology Dragons Coloring Pages,6,fantasy mythology dragons,fantasy__fantasy-mythology-dragons-earth-dragon__fb5e112409; fantasy__fantasy-mythology-dragons-fire-dragon__e3c7d3b9f1; fantasy__fantasy-mythology-dragons-ice-dragon__03ed3e1240; fantasy__fantasy-mythology-dragons-lava-dragon__135143c1e7; fantasy__fantasy-mythology-dragons-lightning-dragon__d7232583d5; fantasy__fantasy-mythology-dragons-wind-dragon__626b7a5c16,Held back because the phrase came only from generic n-gram mining rather than a clear subject extractor.,,
fantasy-shadow,Fantasy Shadow Coloring Pages,6,fantasy shadow,fantasy__fantasy-shadow-assassin__9992775ee6; fantasy__fantasy-shadow-dragon-deadly-crypt__cefd581fee; fantasy__fantasy-shadow-guardian__ac6c4c5553; fantasy__fantasy-shadow-knight__4c49f64f7f; fantasy__fantasy-shadow-mage__dc444aee6d; fantasy__fantasy-shadow-wraith-catacombs__7aef5b78c9,Held back because the phrase came only from generic n-gram mining rather than a clear subject extractor.,,
fantasy-unicorn,Fantasy Unicorn Coloring Pages,6,fantasy unicorn,chibi__chibi-midieval-fantasy-unicorn__4034fb6294; fantasy__fantasy-unicorn-circle__b0c2653a9f; fantasy__fantasy-unicorn-flight__3c41554da5; fantasy__fantasy-unicorn-meadow__fc7462fded; fantasy__fantasy-unicorn-scenic-meadow__519a401e37; midieval__midieval-fantasy-unicorn__67dd5aa01e,Held back because the phrase came only from generic n-gram mining rather than a clear subject extractor.,,
fantasy-werewolf,Fantasy Werewolf Coloring Pages,6,fantasy werewolf,anime-girls__anime-girl-transforming-into-fantasy-werewolf__af448e8995; anime-girls__anime-girl-transforming-into-fantasy-werewolf-full-moon__854ddd88d4; chibi__chibi-midieval-fantasy-werewolf__996a769caf; fantasy__fantasy-werewolf-forest-run__f13cab8b58; fantasy__fantasy-werewolf-howl__a4bef761ef; midieval__midieval-fantasy-werewolf__efe60ca7d3,Held back because the phrase came only from generic n-gram mining rather than a clear subject extractor.,,
fantasy-wizard,Fantasy Wizard Coloring Pages,6,fantasy wizard,chibi__chibi-midieval-fantasy-wizard__5737cee6c0; fantasy__fantasy-wizard-familiar-owl__97a266eeba; fantasy__fantasy-wizard-planetarium__f2d65b45f4; fantasy__fantasy-wizard-tower-library__bbf0f2f24d; midieval__midieval-fantasy-wizard__3607af7b5a; midieval__midieval-fantasy-wizard-tower__f28a090754,Held back because the phrase came only from generic n-gram mining rather than a clear subject extractor.,,
fantasy-wyvern,Fantasy Wyvern Coloring Pages,6,fantasy wyvern,chibi__chibi-midieval-fantasy-wyvern__cd49e23cb5; fantasy__fantasy-wyvern-canyon__90f461181e; fantasy__fantasy-wyvern-family-nest__2d868fd218; fantasy__fantasy-wyvern-nest__761cf599ad; midieval__midieval-fantasy-wyvern__0bade40b87; midieval__midieval-fantasy-wyvern-sky__b2b1633bf1,Held back because the phrase came only from generic n-gram mining rather than a clear subject extractor.,,
fence,Fence Coloring Pages,6,fence,chibi__chibi-holiday-halloween-black-cat-sitting-on-fence-under-moon-coloring-p__81d2ff4c89; chibi__chibi-holiday-halloween-crow-sitting-on-fence-post-coloring-page__975b8f919b; chibi__chibi-holiday-halloween-haunted-house-with-broken-fence-coloring-page__c23ca248b8; chibi__chibi-holiday-halloween-werewolf-jumping-over-haunted-fence-coloring-pag__7466595531; holiday__holiday-halloween-black-cat-sitting-on-fence-under-moon-coloring-page__108e733c60; reptiles__reptiles-fence-lizard__a4e31c22e8,Held back because the phrase came only from generic n-gram mining rather than a clear subject extractor.,,
ferrari,Ferrari Coloring Pages,6,ferrari,mandala-geometry-patterns__mandala-geometry-patterns-vehiacle-cars-ferrari__d41a45abd8; mandala-geometry-patterns__mandala-geometry-patterns-vehiacle-cars-ferrari-laferrari__0ee285bca5; mandala-geometry-patterns__mandala-geometry-patterns-vehiacle-cars-ferrari-scorpion-mod__75017ead01; mandala-geometry-patterns__mandala-geometry-patterns-vehicle-cars-ferrari-488-gtb__f728e4f33f; mandala-geometry-patterns__mandala-geometry-patterns-vehicle-cars-ferrari-f8-tributo__69bd9008dc; mandala-geometry-patterns__mandala-geometry-patterns-vehicle-cars-ferrari-sf90-stradale__df215dcb6b,Held back because the phrase came only from generic n-gram mining rather than a clear subject extractor.,,
flight-fantasy,Flight Fantasy Coloring Pages,6,flight fantasy,fantasy__fantasy-chibi-phoenix-flight__bd83c0d408; fantasy__fantasy-creatures-hippogriff-flight__2686dd19b2; fantasy__fantasy-creatures-pegasus-flight__f054d45f27; fantasy__fantasy-pegasus-flight__a9b1693f42; fantasy__fantasy-unicorn-flight__3c41554da5; fantasy__fantasy-witch-broom-flight__e599575818,Held back because the phrase came only from generic n-gram mining rather than a clear subject extractor.,,
full-moon,Full Moon Coloring Pages,6,full moon,anime-girls__anime-girl-transforming-into-fantasy-werewolf-full-moon__854ddd88d4; chibi__chibi-holiday-halloween-haunted-house-on-hill-under-full-moon-coloring-p__6de4b2a74b; chibi__chibi-holiday-halloween-werewolf-howling-under-full-moon-coloring-page__a6643004a9; holiday__holiday-halloween-haunted-house-on-hill-under-full-moon-coloring-page__4846172bbc; holiday__holiday-halloween-werewolf-howling-under-full-moon-coloring-page__31b871d117; mandala-geometry-patterns__mandala-geometry-patterns-plushie-full-moon__a2a7910243,Held back because the phrase came only from generic n-gram mining rather than a clear subject extractor.,,
halloween-jack,Halloween Jack Coloring Pages,6,halloween jack,chibi__chibi-holiday-halloween-jack-o-lantern-faces-variety-coloring-page__0e546b82e0; chibi__chibi-holiday-halloween-jack-o-lantern-glowing-in-window-coloring-page__915e33dd1c; chibi__chibi-holiday-halloween-jack-o-lantern-lined-front-porch-coloring-page__1b72f4cc2e; chibi__chibi-holiday-halloween-jack-o-lantern-stack-of-three-pumpkins-coloring-__a26d735941; holiday__holiday-halloween-jack-o-lantern-faces-variety-coloring-page__f52227a508; holiday__holiday-halloween-jack-o-lantern-lined-front-porch-coloring-page__dffc2763f4,Held back because the phrase came only from generic n-gram mining rather than a clear subject extractor.,,
halloween-jack-lantern,Halloween Jack Lantern Coloring Pages,6,halloween jack lantern,chibi__chibi-holiday-halloween-jack-o-lantern-faces-variety-coloring-page__0e546b82e0; chibi__chibi-holiday-halloween-jack-o-lantern-glowing-in-window-coloring-page__915e33dd1c; chibi__chibi-holiday-halloween-jack-o-lantern-lined-front-porch-coloring-page__1b72f4cc2e; chibi__chibi-holiday-halloween-jack-o-lantern-stack-of-three-pumpkins-coloring-__a26d735941; holiday__holiday-halloween-jack-o-lantern-faces-variety-coloring-page__f52227a508; holiday__holiday-halloween-jack-o-lantern-lined-front-porch-coloring-page__dffc2763f4,Held back because the phrase came only from generic n-gram mining rather than a clear subject extractor.,,
harpy,Harpy Coloring Pages,6,harpy,birds__birds-harpy-eagle__c4e15d34f5; fantasy__fantasy-battle-harpy-cliffs__709218da62; fantasy__fantasy-creatures-harpy-cliffs__1ea8afbef9; fantasy__fantasy-harpy-cliffs__10f25f1d0a; midieval__midieval-fantasy-harpy__2c87cf5373; mythology__mythology-harpy__e52c7c4ed9,Held back because the phrase came only from generic n-gram mining rather than a clear subject extractor.,,
hat,Hat Coloring Pages,6,hat,chibi__chibi-holiday-halloween-skeleton-dancing-with-top-hat-coloring-page__3ddcbf334e; chibi__chibi-holiday-halloween-witch-hat-and-potion-bottles-coloring-page__74c5898630; christmas__holiday-christmas-snowman-with-carrot-nose-and-top-hat-coloring-page__d73bbba3f2; holiday__holiday-halloween-skeleton-dancing-with-top-hat-coloring-page__05830cafb9; mandala-geometry-patterns__mandala-geometry-patterns-bakery-baker-hat__85eb9a820b; st-patricks-day__st-patricks-day-puppy-wearing-leprechaun-hat-coloring-page__16a305e6b2,Held back because the phrase came only from generic n-gram mining rather than a clear subject extractor.,,
heart-character,Heart Character Coloring Pages,6,heart character,chibi__chibi-plushie-heart-character__d50306f131; holiday__holiday-birthday-celebration-plushie-heart-character-family__66b0634b05; holiday__holiday-christmas-plushie-heart-character-family__3e9710595e; holiday__holiday-halloween-costume-plushie-heart-character-family__9e562826e6; plushie__plushie-heart-character__6ce188e44d; plushie__plushie-heart-character-family__7ca36df76e,Held back because the phrase came only from generic n-gram mining rather than a clear subject extractor.,,
holiday-halloween-jack,Holiday Halloween Jack Coloring Pages,6,holiday halloween jack,chibi__chibi-holiday-halloween-jack-o-lantern-faces-variety-coloring-page__0e546b82e0; chibi__chibi-holiday-halloween-jack-o-lantern-glowing-in-window-coloring-page__915e33dd1c; chibi__chibi-holiday-halloween-jack-o-lantern-lined-front-porch-coloring-page__1b72f4cc2e; chibi__chibi-holiday-halloween-jack-o-lantern-stack-of-three-pumpkins-coloring-__a26d735941; holiday__holiday-halloween-jack-o-lantern-faces-variety-coloring-page__f52227a508; holiday__holiday-halloween-jack-o-lantern-lined-front-porch-coloring-page__dffc2763f4,Held back because the phrase came only from generic n-gram mining rather than a clear subject extractor.,,
holy,Holy Coloring Pages,6,holy,fantasy__fantasy-cleric-holy-tome__0ed6c854ac; fantasy__fantasy-holy-knight__6ba3c07413; fantasy__fantasy-holy-stag__3606292d17; fantasy__fantasy-knight-holy-blade__bdc892eb83; fantasy__fantasy-paladin-holy-aura__7aef0183ae; fantasy__fantasy-paladin-holy-hammer__ca275c23fa,Held back because the phrase came only from generic n-gram mining rather than a clear subject extractor.,,
hot,Hot Coloring Pages,6,hot,christmas__holiday-christmas-mrs-claus-serving-hot-cocoa-to-santa-coloring-page__2cabc1a43f; mandala-geometry-patterns__mandala-geometry-patterns-japan-hakone-hot-spring-onsen__b5f0e1ef60; mandala-geometry-patterns__mandala-geometry-patterns-vehiacle-planes-hot-air-balloon__90684cd20e; mandala-geometry-patterns__mandala-geometry-patterns-vehicle-cars-hot-rod__f70daa8792; mandala-geometry-patterns__mandala-geometry-patterns-vehicle-cars-hot-rod-classic__c6026cd0f5; mandala-geometry-patterns__mandala-geometry-patterns-vehicle-cars-hot-rod-classic-car__a4c19f6032,Held back because the phrase came only from generic n-gram mining rather than a clear subject extractor.,,
hunt,Hunt Coloring Pages,6,hunt,anime-girls__anime-girl-hydra-hunt__f884e53172; anime-girls__anime-girl-lifeguard-easter-egg-hunt__3cb055d938; fantasy__fantasy-centaur-hunt__f7987d1033; fantasy__fantasy-ranger-forest-hunt__1eca4c2d96; fantasy__fantasy-ranger-forest-hunt-bow-drawn__6175ec1d31; fantasy__fantasy-scout-jungle-hunt__006c2853eb,Held back because the phrase came only from generic n-gram mining rather than a clear subject extractor.,,
hybrid,Hybrid Coloring Pages,6,hybrid,anime-girls__anime-girl-transforming-into-dragon-hybrid__f2c420a555; insects__insects-beetle-spider-hybrid__052d25ef6c; mandala-geometry-patterns__mandala-geometry-patterns-vehicle-cars-bmw-i8-hybrid__3b67a66a3f; mandala-geometry-patterns__mandala-geometry-patterns-vehicle-cars-toyota-prius-hybrid__f49de4b908; mandala-geometry-patterns__mandala-geometry-patterns-vehicle-cars-toyota-prius-hybrid-car__90fb7c9c7c; reptiles__reptiles-tortoise-gator-hybrid__c5e69d293a,Held back because the phrase came only from generic n-gram mining rather than a clear subject extractor.,,
jack-lantern,Jack Lantern Coloring Pages,6,jack lantern,chibi__chibi-holiday-halloween-jack-o-lantern-faces-variety-coloring-page__0e546b82e0; chibi__chibi-holiday-halloween-jack-o-lantern-glowing-in-window-coloring-page__915e33dd1c; chibi__chibi-holiday-halloween-jack-o-lantern-lined-front-porch-coloring-page__1b72f4cc2e; chibi__chibi-holiday-halloween-jack-o-lantern-stack-of-three-pumpkins-coloring-__a26d735941; holiday__holiday-halloween-jack-o-lantern-faces-variety-coloring-page__f52227a508; holiday__holiday-halloween-jack-o-lantern-lined-front-porch-coloring-page__dffc2763f4,Held back because the phrase came only from generic n-gram mining rather than a clear subject extractor.,,
joey-holiday,Joey Holiday Coloring Pages,6,joey holiday,holiday__holiday-birthday-celebration-plushie-baby-kangaroo-joey-family__eec8a13ba3; holiday__holiday-birthday-celebration-plushie-koala-joey-family__7f7ed04bdc; holiday__holiday-christmas-plushie-baby-kangaroo-joey-family__2936137b39; holiday__holiday-christmas-plushie-koala-joey-family__476a94dedf; holiday__holiday-halloween-costume-plushie-baby-kangaroo-joey-family__6f9b1745a9; holiday__holiday-halloween-costume-plushie-koala-joey-family__5476982179,Held back because the phrase came only from generic n-gram mining rather than a clear subject extractor.,,
knight-fantasy,Knight Fantasy Coloring Pages,6,knight fantasy,fantasy__fantasy-chibi-shadow-knight__47c317c3b0; fantasy__fantasy-creatures-dragon-rider-knight__95919bf6e7; fantasy__fantasy-guardian-ant-knight__a904293c67; fantasy__fantasy-holy-knight__6ba3c07413; fantasy__fantasy-shadow-knight__4c49f64f7f; fantasy__fantasy-sky-guardian-knight__2650926161,Held back because the phrase came only from generic n-gram mining rather than a clear subject extractor.,,
koala-joey,Koala Joey Coloring Pages,6,koala joey,chibi__chibi-plushie-koala-joey__35e84d9388; holiday__holiday-birthday-celebration-plushie-koala-joey-family__7f7ed04bdc; holiday__holiday-christmas-plushie-koala-joey-family__476a94dedf; holiday__holiday-halloween-costume-plushie-koala-joey-family__5476982179; mandala-geometry-patterns__mandala-geometry-patterns-plushie-koala-joey__5ad3f80737; plushie__plushie-koala-joey__0444a38632,Held back because the phrase came only from generic n-gram mining rather than a clear subject extractor.,,
lit,Lit Coloring Pages,6,lit,chibi__chibi-dungeon-torch-lit-bridge__f3d6daee01; chibi__chibi-dungeon-torch-lit-hallway__d2eb5b84d1; chibi__chibi-holiday-halloween-creepy-castle-with-torch-lit-windows-coloring-pa__08e80ab431; chibi__chibi-holiday-halloween-haunted-mansion-with-lantern-lit-path-coloring-p__e05357e953; christmas__holiday-christmas-christmas-tree-lit-up-in-town-square-coloring-page__e11c99e6fb; holiday__holiday-halloween-haunted-mansion-with-lantern-lit-path-coloring-page__d207ad5dad,Held back because the phrase came only from generic n-gram mining rather than a clear subject extractor.,,
lockheed,Lockheed Coloring Pages,6,lockheed,mandala-geometry-patterns__mandala-geometry-patterns-vehiacle-planes-lockheed-c-130-hercules__20d3724ef4; mandala-geometry-patterns__mandala-geometry-patterns-vehiacle-planes-lockheed-constellation__0c4c30e57b; mandala-geometry-patterns__mandala-geometry-patterns-vehiacle-planes-lockheed-l-1011-tristar__3b5b75dfd0; mandala-geometry-patterns__mandala-geometry-patterns-vehiacle-planes-lockheed-martin-f-22-raptor__f9e439a4b7; mandala-geometry-patterns__mandala-geometry-patterns-vehiacle-planes-lockheed-martin-f-22-raptor-fl__0676466f36; mandala-geometry-patterns__mandala-geometry-patterns-vehiacle-planes-lockheed-martin-f-35-lightning__d9d3965f54,Held back because the phrase came only from generic n-gram mining rather than a clear subject extractor.,,
locomotive-railway,Locomotive Railway Coloring Pages,6,locomotive railway,mandala-geometry-patterns__mandala-geometry-patterns-trains-locomotives-electric-locomotive-on-rail__56700cbf81; mandala-geometry-patterns__mandala-geometry-patterns-trains-locomotives-railway-bridge-over-river-s__20aaf431d4; mandala-geometry-patterns__mandala-geometry-patterns-trains-locomotives-railway-crossing-with-flash__2329f180b7; mandala-geometry-patterns__mandala-geometry-patterns-trains-locomotives-railway-crossing-with-warni__bc802e98d3; mandala-geometry-patterns__mandala-geometry-patterns-trains-locomotives-railway-maintenance-train-w__093f35a6b5; mandala-geometry-patterns__mandala-geometry-patterns-trains-locomotives-railway-tracks-leading-into__3c54d4a6b3,Held back because the phrase came only from generic n-gram mining rather than a clear subject extractor.,,
magical,Magical Coloring Pages,6,magical,anime-girls__anime-girl-magical-duel__8eb381fba3; anime-girls__anime-girl-magical-powers__a784c8df43; anime-girls__anime-girl-magical-spell__823830b324; fantasy__fantasy-creatures-magical-unicorn-playing-cards__0e202d55fb; fantasy__fantasy-tiger-magical-forest__b6281ca5a2; midieval__midieval-fantasy-magical-sword__fb197d3ffa,Held back because the phrase came only from generic n-gram mining rather than a clear subject extractor.,,
martin,Martin Coloring Pages,6,martin,mandala-geometry-patterns__mandala-geometry-patterns-vehiacle-cars-aston-martin__ab69db5853; mandala-geometry-patterns__mandala-geometry-patterns-vehiacle-planes-lockheed-martin-f-22-raptor__f9e439a4b7; mandala-geometry-patterns__mandala-geometry-patterns-vehiacle-planes-lockheed-martin-f-22-raptor-fl__0676466f36; mandala-geometry-patterns__mandala-geometry-patterns-vehiacle-planes-lockheed-martin-f-35-lightning__d9d3965f54; mandala-geometry-patterns__mandala-geometry-patterns-vehicle-cars-aston-martin-db11__9a3ad2c1da; mandala-geometry-patterns__mandala-geometry-patterns-vehicle-cars-aston-martin-db11-car__1d0cf1e42b,Held back because the phrase came only from generic n-gram mining rather than a clear subject extractor.,,
mask,Mask Coloring Pages,6,mask,chibi__chibi-dungeon-cursed-mask__b5bfc91bc1; indoor-plants__indoor-plants-alocasia-polly-african-mask__b2541755af; indoor-plants__indoor-plants-alocasia-polly-african-mask-potted-plant__284aa2672b; mandala-geometry-patterns__mandala-geometry-patterns-japan-kabuki-actor-mask__6843aa694d; mandala-geometry-patterns__mandala-geometry-patterns-japan-noh-theatre-mask__8ddec88fb9; mandala-geometry-patterns__mandala-geometry-patterns-japanese-noh-theatre-mask__25f6922c47,Held back because the phrase came only from generic n-gram mining rather than a clear subject extractor.,,
mech,Mech Coloring Pages,6,mech,anime-girls__anime-girl-future-mech__299de64d3f; anime-girls__anime-girl-future-mech__48efe0fb8e; anime-girls__anime-girl-mech-battle__cc5c0afe5a; fantasy__fantasy-artificer-mech-golem__f1d7e3b102; fantasy__fantasy-dragon-mech__37871bc1b5; fantasy__fantasy-runebound-golem-mech__1747daa34b,Held back because the phrase came only from generic n-gram mining rather than a clear subject extractor.,,
medieval-fantasy-enchanted,Medieval Fantasy Enchanted Coloring Pages,6,medieval fantasy enchanted,chibi__chibi-midieval-fantasy-enchanted-armor__bbb71cceda; chibi__chibi-midieval-fantasy-enchanted-forest__f436796253; midieval__midieval-fantasy-enchanted-armor__9663fc4e25; midieval__midieval-fantasy-enchanted-forest__cc76300dea; midieval__midieval-fantasy-enchanted-lanterns__69f8d7ee08; midieval__midieval-fantasy-enchanted-shield__622749e64f,Held back because the phrase came only from generic n-gram mining rather than a clear subject extractor.,,
milk,Milk Coloring Pages,6,milk,anime-girls__anime-girl-rhino-hoodie-plushie-drinking-milk__bb0cc885d6; gardening__gardening-mushroom-lactarius-indigo-blue-milk-cap__0d6c42fcdb; mandala-geometry-patterns__mandala-geometry-patterns-bakery-milk-bread-loaf__8795321ebe; mandala-geometry-patterns__mandala-geometry-patterns-mushroom-lactarius-deliciosus-saffron-milk-cap__b3952b8d63; mandala-geometry-patterns__mandala-geometry-patterns-mushroom-lactarius-indigo-blue-milk-cap__37b003bf76; mandala-geometry-patterns__mandala-geometry-patterns-trains-locomotives-vintage-milk-train-with-dai__94a002da52,Held back because the phrase came only from generic n-gram mining rather than a clear subject extractor.,,
minotaur,Minotaur Coloring Pages,6,minotaur,anime-girls__anime-girl-minotaur-labyrinth-fight__af713cdaff; chibi__chibi-minotaur__dea8f5f8ca; fantasy__fantasy-creatures-minotaur__dfe8580916; fantasy__fantasy-creatures-minotaur-labyrinth__325d208299; fantasy__fantasy-minotaur-maze__1ad4b46f39; mythology__mythology-minotaur__fe7084204b,Held back because the phrase came only from generic n-gram mining rather than a clear subject extractor.,,
moon-chibi-holiday,Moon Chibi Holiday Coloring Pages,6,moon chibi holiday,chibi__chibi-holiday-halloween-black-cat-sitting-on-fence-under-moon-coloring-p__81d2ff4c89; chibi__chibi-holiday-halloween-haunted-house-on-hill-under-full-moon-coloring-p__6de4b2a74b; chibi__chibi-holiday-halloween-vampire-holding-goblet-under-crescent-moon-color__62c9c0a50f; chibi__chibi-holiday-halloween-werewolf-howling-under-full-moon-coloring-page__a6643004a9; chibi__chibi-holiday-halloween-werewolf-standing-atop-rock-under-moon-coloring-__a8e1c3adf2; chibi__chibi-holiday-halloween-witch-flying-on-broomstick-across-moon-coloring-__c631f661fc,Held back because the phrase came only from generic n-gram mining rather than a clear subject extractor.,,
moon-holiday,Moon Holiday Coloring Pages,6,moon holiday,holiday__holiday-birthday-celebration-plushie-cow-jumps-over-the-moon__deb5945cca; holiday__holiday-birthday-celebration-plushie-moon-family__368bc9acfe; holiday__holiday-halloween-black-cat-sitting-on-fence-under-moon-coloring-page__108e733c60; holiday__holiday-halloween-haunted-house-on-hill-under-full-moon-coloring-page__4846172bbc; holiday__holiday-halloween-werewolf-howling-under-full-moon-coloring-page__31b871d117; holiday__holiday-halloween-witch-flying-on-broomstick-across-moon-coloring-page__addb4ccfba,Held back because the phrase came only from generic n-gram mining rather than a clear subject extractor.,,
mountain-goat,Mountain Goat Coloring Pages,6,mountain goat,chibi__chibi-plushie-mountain-goat__9ae1bb4cae; holiday__holiday-birthday-celebration-plushie-mountain-goat-family__71701f7384; holiday__holiday-christmas-plushie-mountain-goat-family__dac686aec7; holiday__holiday-halloween-costume-plushie-mountain-goat-family__3bb1257a79; plushie__plushie-mountain-goat__8d99449403; plushie__plushie-mountain-goat-family__b8aebe54a6,Held back because the phrase came only from generic n-gram mining rather than a clear subject extractor.,,
mythology-dragons,Mythology Dragons Coloring Pages,6,mythology dragons,fantasy__fantasy-mythology-dragons-earth-dragon__fb5e112409; fantasy__fantasy-mythology-dragons-fire-dragon__e3c7d3b9f1; fantasy__fantasy-mythology-dragons-ice-dragon__03ed3e1240; fantasy__fantasy-mythology-dragons-lava-dragon__135143c1e7; fantasy__fantasy-mythology-dragons-lightning-dragon__d7232583d5; fantasy__fantasy-mythology-dragons-wind-dragon__626b7a5c16,Held back because the phrase came only from generic n-gram mining rather than a clear subject extractor.,,
nissan,Nissan Coloring Pages,6,nissan,mandala-geometry-patterns__mandala-geometry-patterns-vehiacle-cars-nissan__eeb3d259ef; mandala-geometry-patterns__mandala-geometry-patterns-vehicle-cars-nissan-370z__6d6c01804e; mandala-geometry-patterns__mandala-geometry-patterns-vehicle-cars-nissan-370z-car__c549727cca; mandala-geometry-patterns__mandala-geometry-patterns-vehicle-cars-nissan-armada__cfd8104625; mandala-geometry-patterns__mandala-geometry-patterns-vehicle-cars-nissan-gt-r__70b740562f; mandala-geometry-patterns__mandala-geometry-patterns-vehicle-cars-nissan-patrol__e178de2153,Held back because the phrase came only from generic n-gram mining rather than a clear subject extractor.,,
nymph,Nymph Coloring Pages,6,nymph,fantasy__fantasy-forest-nymph-hollow__2f8f17a2ac; fantasy__fantasy-magic-forest-nymph-hollow__2bf4c3afe5; fantasy__fantasy-nymph-river-bloom__3185162c94; fantasy__fantasy-water-nymph__affaccb23c; fantasy__fantasy-water-nymph-stream__988cde0769; midieval__midieval-fantasy-nymph__1d3ad7abae,Held back because the phrase came only from generic n-gram mining rather than a clear subject extractor.,,
pair,Pair Coloring Pages,6,pair,mandala-geometry-patterns__mandala-geometry-patterns-pair-of-kittens-face-patterns__6afb7fbd6b; mandala-geometry-patterns__mandala-geometry-patterns-sushi-pair-of-chopsticks-roll-tuna__499db159a5; mandala-geometry-patterns__mandala-geometry-patterns-sushi-pair-of-chopsticks-tuna-roll__b078f04c2b; mandala-geometry-patterns__mandala-geometry-patterns-sushi-pair-of-lacquer-chopsticks-be-creative__b2a604cefe; sea-life__sea-life-butterflyfish-pair-in-reef__81d7feea1f; sea-life__sea-life-clownfish-pair-in-sea-anemone__ff8430fea7,Held back because the phrase came only from generic n-gram mining rather than a clear subject extractor.,,
party-holiday,Party Holiday Coloring Pages,6,party holiday,holiday__holiday-birthday-dinosaur-birthday-party__b28ce22af6; holiday__holiday-birthday-mermaid-birthday-party__48db16584a; holiday__holiday-birthday-pirate-birthday-party__d475606882; holiday__holiday-birthday-princess-birthday-party__e90de00d84; holiday__holiday-birthday-superhero-birthday-party__f895bca201; holiday__holiday-birthday-unicorn-birthday-party__508e70c49e,Held back because the phrase came only from generic n-gram mining rather than a clear subject extractor.,,
party-holiday-birthday,Party Holiday Birthday Coloring Pages,6,party holiday birthday,holiday__holiday-birthday-dinosaur-birthday-party__b28ce22af6; holiday__holiday-birthday-mermaid-birthday-party__48db16584a; holiday__holiday-birthday-pirate-birthday-party__d475606882; holiday__holiday-birthday-princess-birthday-party__e90de00d84; holiday__holiday-birthday-superhero-birthday-party__f895bca201; holiday__holiday-birthday-unicorn-birthday-party__508e70c49e,Held back because the phrase came only from generic n-gram mining rather than a clear subject extractor.,,
passenger-train,Passenger Train Coloring Pages,6,passenger train,mandala-geometry-patterns__mandala-geometry-patterns-trains-locomotives-double-decker-passenger-tra__f736317bf4; mandala-geometry-patterns__mandala-geometry-patterns-trains-locomotives-double-decker-passenger-tra__e2db070bec; mandala-geometry-patterns__mandala-geometry-patterns-trains-locomotives-intercity-passenger-train-c__2b48d7893e; mandala-geometry-patterns__mandala-geometry-patterns-trains-locomotives-long-distance-passenger-tra__a608d5a96b; mandala-geometry-patterns__mandala-geometry-patterns-trains-locomotives-passenger-train-arriving-at__37d1d6ceea; mandala-geometry-patterns__mandala-geometry-patterns-trains-locomotives-passenger-train-departing-t__44b33aa65b,Held back because the phrase came only from generic n-gram mining rather than a clear subject extractor.,,
patch,Patch Coloring Pages,6,patch,chibi__chibi-holiday-halloween-happy-pumpkin-patch-scene-coloring-page__fa503c2b9a; chibi__chibi-holiday-halloween-pumpkin-patch-with-cornstalks-and-scarecrow-colo__d7adf41e8e; chibi__chibi-holiday-halloween-pumpkin-patch-with-crows-flying-over-coloring-pa__91ce03c1b2; chibi__chibi-holiday-halloween-pumpkin-patch-with-family-picking-pumpkins-color__01c2f0ce30; holiday__holiday-halloween-happy-pumpkin-patch-scene-coloring-page__ab99e07ffc; holiday__holiday-halloween-pumpkin-patch-with-family-picking-pumpkins-coloring-pa__236c4af6d3,Held back because the phrase came only from generic n-gram mining rather than a clear subject extractor.,,
path,Path Coloring Pages,6,path,chibi__chibi-holiday-halloween-haunted-mansion-with-lantern-lit-path-coloring-p__e05357e953; chibi__chibi-holiday-halloween-spooky-forest-path-with-glowing-eyes-coloring-pa__5063003da3; fantasy__fantasy-fawn-forest-path__45d00b8620; holiday__holiday-halloween-haunted-mansion-with-lantern-lit-path-coloring-page__d207ad5dad; holiday__holiday-halloween-spooky-forest-path-with-glowing-eyes-coloring-page__16de6b4b56; mandala-geometry-patterns__mandala-geometry-patterns-japan-kyoto-bamboo-grove-path__5f81cfd846,Held back because the phrase came only from generic n-gram mining rather than a clear subject extractor.,,
pegasus-holiday,Pegasus Holiday Coloring Pages,6,pegasus holiday,holiday__holiday-birthday-celebration-pegasus__1429ef12f7; holiday__holiday-birthday-celebration-plushie-pegasus-family__08a8875623; holiday__holiday-birthday-pegasus__980420331e; holiday__holiday-christmas-plushie-pegasus__5084a3f719; holiday__holiday-christmas-plushie-pegasus-family__55bb6aa86a; holiday__holiday-halloween-costume-plushie-pegasus-family__45802532a8,Held back because the phrase came only from generic n-gram mining rather than a clear subject extractor.,,
plane-lockheed,Plane Lockheed Coloring Pages,6,plane lockheed,mandala-geometry-patterns__mandala-geometry-patterns-vehiacle-planes-lockheed-c-130-hercules__20d3724ef4; mandala-geometry-patterns__mandala-geometry-patterns-vehiacle-planes-lockheed-constellation__0c4c30e57b; mandala-geometry-patterns__mandala-geometry-patterns-vehiacle-planes-lockheed-l-1011-tristar__3b5b75dfd0; mandala-geometry-patterns__mandala-geometry-patterns-vehiacle-planes-lockheed-martin-f-22-raptor__f9e439a4b7; mandala-geometry-patterns__mandala-geometry-patterns-vehiacle-planes-lockheed-martin-f-22-raptor-fl__0676466f36; mandala-geometry-patterns__mandala-geometry-patterns-vehiacle-planes-lockheed-martin-f-35-lightning__d9d3965f54,Held back because the phrase came only from generic n-gram mining rather than a clear subject extractor.,,
plushie-baby-kangaroo,Plushie Baby Kangaroo Coloring Pages,6,plushie baby kangaroo,chibi__chibi-plushie-baby-kangaroo-joey__74e2f66bcf; holiday__holiday-birthday-celebration-plushie-baby-kangaroo-joey-family__eec8a13ba3; holiday__holiday-christmas-plushie-baby-kangaroo-joey-family__2936137b39; holiday__holiday-halloween-costume-plushie-baby-kangaroo-joey-family__6f9b1745a9; mandala-geometry-patterns__mandala-geometry-patterns-plushie-baby-kangaroo-joey__b4f0b6f270; plushie__plushie-baby-kangaroo-family__6e06d034c4,Held back because the phrase came only from generic n-gram mining rather than a clear subject extractor.,,
plushie-bighorn,Plushie Bighorn Coloring Pages,6,plushie bighorn,chibi__chibi-plushie-bighorn-sheep__aad072c5db; holiday__holiday-birthday-celebration-plushie-bighorn-sheep-family__6191afa76c; holiday__holiday-christmas-plushie-bighorn-sheep-family__b2777a80b3; holiday__holiday-halloween-costume-plushie-bighorn-sheep-family__e29f9afc07; plushie__plushie-bighorn-sheep__f5fdfd4d72; plushie__plushie-bighorn-sheep-family__c418fdb20f,Held back because the phrase came only from generic n-gram mining rather than a clear subject extractor.,,
plushie-bighorn-sheep,Plushie Bighorn Sheep Coloring Pages,6,plushie bighorn sheep,chibi__chibi-plushie-bighorn-sheep__aad072c5db; holiday__holiday-birthday-celebration-plushie-bighorn-sheep-family__6191afa76c; holiday__holiday-christmas-plushie-bighorn-sheep-family__b2777a80b3; holiday__holiday-halloween-costume-plushie-bighorn-sheep-family__e29f9afc07; plushie__plushie-bighorn-sheep__f5fdfd4d72; plushie__plushie-bighorn-sheep-family__c418fdb20f,Held back because the phrase came only from generic n-gram mining rather than a clear subject extractor.,,
plushie-chick,Plushie Chick Coloring Pages,6,plushie chick,chibi__chibi-plushie-chick__c649e61ec6; holiday__holiday-birthday-celebration-plushie-chick-family__2d0bf63184; holiday__holiday-christmas-plushie-chick-family__6a96ca11b1; holiday__holiday-halloween-costume-plushie-chick-family__1ceefa9f5f; plushie__plushie-chick__c8defbfe1b; plushie__plushie-chick-family__04dfdbcb7a,Held back because the phrase came only from generic n-gram mining rather than a clear subject extractor.,,
plushie-cougar,Plushie Cougar Coloring Pages,6,plushie cougar,chibi__chibi-plushie-cougar__11aac42ddc; holiday__holiday-birthday-celebration-plushie-cougar-family__790d3ae5a3; holiday__holiday-christmas-plushie-cougar-family__cab2b65978; holiday__holiday-halloween-costume-plushie-cougar-family__1b2f0ed20a; plushie__plushie-cougar__7d81aefb4b; plushie__plushie-cougar-family__2e0a0ac2c1,Held back because the phrase came only from generic n-gram mining rather than a clear subject extractor.,,
plushie-heart,Plushie Heart Coloring Pages,6,plushie heart,chibi__chibi-plushie-heart-character__d50306f131; holiday__holiday-birthday-celebration-plushie-heart-character-family__66b0634b05; holiday__holiday-christmas-plushie-heart-character-family__3e9710595e; holiday__holiday-halloween-costume-plushie-heart-character-family__9e562826e6; plushie__plushie-heart-character__6ce188e44d; plushie__plushie-heart-character-family__7ca36df76e,Held back because the phrase came only from generic n-gram mining rather than a clear subject extractor.,,
plushie-heart-character,Plushie Heart Character Coloring Pages,6,plushie heart character,chibi__chibi-plushie-heart-character__d50306f131; holiday__holiday-birthday-celebration-plushie-heart-character-family__66b0634b05; holiday__holiday-christmas-plushie-heart-character-family__3e9710595e; holiday__holiday-halloween-costume-plushie-heart-character-family__9e562826e6; plushie__plushie-heart-character__6ce188e44d; plushie__plushie-heart-character-family__7ca36df76e,Held back because the phrase came only from generic n-gram mining rather than a clear subject extractor.,,
plushie-koala-joey,Plushie Koala Joey Coloring Pages,6,plushie koala joey,chibi__chibi-plushie-koala-joey__35e84d9388; holiday__holiday-birthday-celebration-plushie-koala-joey-family__7f7ed04bdc; holiday__holiday-christmas-plushie-koala-joey-family__476a94dedf; holiday__holiday-halloween-costume-plushie-koala-joey-family__5476982179; mandala-geometry-patterns__mandala-geometry-patterns-plushie-koala-joey__5ad3f80737; plushie__plushie-koala-joey__0444a38632,Held back because the phrase came only from generic n-gram mining rather than a clear subject extractor.,,
plushie-manta-ray,Plushie Manta Ray Coloring Pages,6,plushie manta ray,holiday__holiday-birthday-celebration-plushie-manta-ray-family__1b9a11059f; holiday__holiday-christmas-plushie-manta-ray-family__be7ffde4df; holiday__holiday-halloween-costume-plushie-manta-ray-family__5ed3a33eea; mandala-geometry-patterns__mandala-geometry-patterns-plushie-manta-ray__23cac3660d; plushie__plushie-manta-ray__898cbf111d; plushie__plushie-manta-ray-family__786221ce68,Held back because the phrase came only from generic n-gram mining rather than a clear subject extractor.,,
plushie-mountain,Plushie Mountain Coloring Pages,6,plushie mountain,chibi__chibi-plushie-mountain-goat__9ae1bb4cae; holiday__holiday-birthday-celebration-plushie-mountain-goat-family__71701f7384; holiday__holiday-christmas-plushie-mountain-goat-family__dac686aec7; holiday__holiday-halloween-costume-plushie-mountain-goat-family__3bb1257a79; plushie__plushie-mountain-goat__8d99449403; plushie__plushie-mountain-goat-family__b8aebe54a6,Held back because the phrase came only from generic n-gram mining rather than a clear subject extractor.,,
plushie-mountain-goat,Plushie Mountain Goat Coloring Pages,6,plushie mountain goat,chibi__chibi-plushie-mountain-goat__9ae1bb4cae; holiday__holiday-birthday-celebration-plushie-mountain-goat-family__71701f7384; holiday__holiday-christmas-plushie-mountain-goat-family__dac686aec7; holiday__holiday-halloween-costume-plushie-mountain-goat-family__3bb1257a79; plushie__plushie-mountain-goat__8d99449403; plushie__plushie-mountain-goat-family__b8aebe54a6,Held back because the phrase came only from generic n-gram mining rather than a clear subject extractor.,,
plushie-mushroom,Plushie Mushroom Coloring Pages,6,plushie mushroom,chibi__chibi-plushie-mushroom-character__a45701e795; holiday__holiday-birthday-celebration-plushie-mushroom-family__65c1f09743; holiday__holiday-christmas-plushie-mushroom-family__e01b31fb95; holiday__holiday-halloween-costume-plushie-mushroom-family__5afd7eef8e; plushie__plushie-mushroom-character__fb8b6be143; plushie__plushie-mushroom-family__9128023705,Held back because the phrase came only from generic n-gram mining rather than a clear subject extractor.,,
plushie-tortoise,Plushie Tortoise Coloring Pages,6,plushie tortoise,holiday__holiday-birthday-celebration-plushie-tortoise-family__48617cc09f; holiday__holiday-christmas-plushie-tortoise-family__5a1ad1e8fe; holiday__holiday-halloween-costume-plushie-tortoise-family__a926470230; mandala-geometry-patterns__mandala-geometry-patterns-plushie-tortoise__1b82771ccb; plushie__plushie-tortoise__3b16b42013; plushie__plushie-tortoise-family__a1cd5f2358,Held back because the phrase came only from generic n-gram mining rather than a clear subject extractor.,,
plushie-unicorn-holiday,Plushie Unicorn Holiday Coloring Pages,6,plushie unicorn holiday,holiday__holiday-birthday-celebration-plushie-unicorn-family__c06ba90537; holiday__holiday-birthday-plushie-unicorn-family__660a1ea2cc; holiday__holiday-christmas-plushie-unicorn__765058b747; holiday__holiday-christmas-plushie-unicorn-family__5e6cd88bbd; holiday__holiday-halloween-costume-plushie-unicorn-family__30ee11dcbf; holiday__holiday-halloween-plushie-unicorn-family__9711dca993,Held back because the phrase came only from generic n-gram mining rather than a clear subject extractor.,,
poison,Poison Coloring Pages,6,poison,anime-girls__anime-girl-summoning-jutsu-toxic-poison-dragon__5cc6d34d9e; anime-girls__anime-girl-summoning-jutsu-toxic-poison-dragon-plushies__a3c090ac25; chibi__chibi-poison-dragon__2b248137d4; chibi__chibi-poison-salamander-dragon__76507f7ec2; fantasy__fantasy-poison-assassin__75c1af43b1; fantasy__fantasy-rogue-rune-poison__997593dc4f,Held back because the phrase came only from generic n-gram mining rather than a clear subject extractor.,,
pumpkin-chibi-holiday,Pumpkin Chibi Holiday Coloring Pages,6,pumpkin chibi holiday,chibi__chibi-holiday-halloween-black-cat-peeking-out-of-pumpkin-coloring-page__c47ea723e5; chibi__chibi-holiday-halloween-ghost-peeking-from-pumpkin-coloring-page__55ab382228; chibi__chibi-holiday-halloween-halloween-market-stall-with-pumpkins-coloring-pa__31885be148; chibi__chibi-holiday-halloween-jack-o-lantern-stack-of-three-pumpkins-coloring-__a26d735941; chibi__chibi-holiday-halloween-pumpkin-patch-with-family-picking-pumpkins-color__01c2f0ce30; chibi__chibi-holiday-halloween-trick-or-treat-doorstep-with-carved-pumpkins-col__764a39620c,Held back because the phrase came only from generic n-gram mining rather than a clear subject extractor.,,
pumpkin-patch,Pumpkin Patch Coloring Pages,6,pumpkin patch,chibi__chibi-holiday-halloween-happy-pumpkin-patch-scene-coloring-page__fa503c2b9a; chibi__chibi-holiday-halloween-pumpkin-patch-with-cornstalks-and-scarecrow-colo__d7adf41e8e; chibi__chibi-holiday-halloween-pumpkin-patch-with-crows-flying-over-coloring-pa__91ce03c1b2; chibi__chibi-holiday-halloween-pumpkin-patch-with-family-picking-pumpkins-color__01c2f0ce30; holiday__holiday-halloween-happy-pumpkin-patch-scene-coloring-page__ab99e07ffc; holiday__holiday-halloween-pumpkin-patch-with-family-picking-pumpkins-coloring-pa__236c4af6d3,Held back because the phrase came only from generic n-gram mining rather than a clear subject extractor.,,
rail,Rail Coloring Pages,6,rail,birds__birds-rail__dcab3131fe; mandala-geometry-patterns__mandala-geometry-patterns-trains-locomotives-electric-light-rail-train-o__deb046a5d2; mandala-geometry-patterns__mandala-geometry-patterns-trains-locomotives-electric-locomotive-on-rail__56700cbf81; mandala-geometry-patterns__mandala-geometry-patterns-trains-locomotives-rail-yard-with-multiple-tra__0e83827f3b; mandala-geometry-patterns__mandala-geometry-patterns-trains-locomotives-small-shunting-engine-in-ra__9d08dccb65; mandala-geometry-patterns__mandala-geometry-patterns-trains-locomotives-tram-streetcar-on-city-rail__5683e60bd9,Held back because the phrase came only from generic n-gram mining rather than a clear subject extractor.,,
reef-sea,Reef Sea Coloring Pages,6,reef sea,sea-life__sea-life-angelfish-swimming-in-reef__95e70aed68; sea-life__sea-life-butterflyfish-pair-in-reef__81d7feea1f; sea-life__sea-life-octopus-hiding-in-coral-reef__f41f6b78fb; sea-life__sea-life-pipefish-slender-in-reef__559d0456c1; sea-life__sea-life-sea-turtle-green-turtle-in-reef__33b2bd8d1e; sea-life__sea-life-tiger-shark-swimming-near-reef__e26e0df69f,Held back because the phrase came only from generic n-gram mining rather than a clear subject extractor.,,
rider,Rider Coloring Pages,6,rider,chibi__chibi-dragon-rider-knight__9863da6096; fantasy__fantasy-creatures-dragon-rider-knight__95919bf6e7; fantasy__fantasy-elf-forest-rider__8771d25b0f; fantasy__fantasy-storm-rider__02fde697bd; fantasy__fantasy-storm-rider-unicorn__6d1714ca57; midieval__midieval-fantasy-dragon-rider__350d21ceff,Held back because the phrase came only from generic n-gram mining rather than a clear subject extractor.,,
saint,Saint Coloring Pages,6,saint,chibi__chibi-animals-pets-dogs-saint-bernard__5f57cee85c; dogs__dogs-saint-bernard__8bdce2f945; holiday__holiday-christmas-dogs-saint-bernard__5d79767bb9; mandala-geometry-patterns__mandala-geometry-patterns-dogs-saint-bernard__14c94d016a; world-landmarks__world-landmarks-mont-saint-michel__785103f07e; world-landmarks__world-landmarks-saint-basils-cathedral__83399c0d57,Held back because the phrase came only from generic n-gram mining rather than a clear subject extractor.,,
satyr,Satyr Coloring Pages,6,satyr,fantasy__fantasy-creatures-satyr-flute__e84ac84fc8; fantasy__fantasy-satyr-dance__aad34fe46d; fantasy__fantasy-satyr-dancing__e3e530f939; midieval__midieval-fantasy-satyr-pan__e997aa48ce; mythology__mythology-satyr__cbc760d45b; mythology__mythology-satyr-panmarch__9ebb66d41b,Held back because the phrase came only from generic n-gram mining rather than a clear subject extractor.,,
shelf,Shelf Coloring Pages,6,shelf,chibi__chibi-mushroom-sulphur-shelf__9d6165645c; gardening__gardening-mushroom-oyster-shelf-bracket__efc9f2dc9b; gardening__gardening-mushroom-sulphur-shelf__561452c287; mandala-geometry-patterns__mandala-geometry-patterns-bakery-shelf-full-of-bread__4a772213da; mandala-geometry-patterns__mandala-geometry-patterns-mushroom-oyster-shelf-bracket__7e485ffde4; mandala-geometry-patterns__mandala-geometry-patterns-mushroom-sulphur-shelf__ccaae8699d,Held back because the phrase came only from generic n-gram mining rather than a clear subject extractor.,,
sided-dice-plushies,Sided Dice Plushies Coloring Pages,6,sided dice plushies,anime-girls__anime-girl-summoning-jutsu-eight-sided-dice-plushies__a8a4c1cb0f; anime-girls__anime-girl-summoning-jutsu-four-sided-dice-plushies__42d8960801; anime-girls__anime-girl-summoning-jutsu-six-sided-dice-plushies__5d7de27a02; anime-girls__anime-girl-summoning-jutsu-ten-sided-dice-plushies__60e8e28145; anime-girls__anime-girl-summoning-jutsu-twelve-sided-dice-plushies__d2e311ea3a; anime-girls__anime-girl-summoning-jutsu-twenty-sided-dice-plushies__a0670a7952,Held back because the phrase came only from generic n-gram mining rather than a clear subject extractor.,,
slice,Slice Coloring Pages,6,slice,chibi__chibi-plushie-pizza-slice__77487adbb6; mandala-geometry-patterns__mandala-geometry-patterns-bakery-carrot-cake-slice__77618ace7c; mandala-geometry-patterns__mandala-geometry-patterns-bakery-marble-cake-slice__8746b2b623; mandala-geometry-patterns__mandala-geometry-patterns-bakery-slice-of-cake__54241513cf; mandala-geometry-patterns__mandala-geometry-patterns-bakery-slice-of-cheesecake__4b09b2b768; mandala-geometry-patterns__mandala-geometry-patterns-plushie-pizza-slice-character__6de86b538e,Held back because the phrase came only from generic n-gram mining rather than a clear subject extractor.,,
spider-insects,Spider Insects Coloring Pages,6,spider insects,insects__insects-black-widow-spider__5883cdcf25; insects__insects-garden-spider__7467004413; insects__insects-jumping-spider__8311a1acd8; insects__insects-spider__9e523d233a; insects__insects-werewolf-spider__8044eee025; insects__insects-wolf-spider__750eeb8131,Held back because the phrase came only from generic n-gram mining rather than a clear subject extractor.,,
staffordshire,Staffordshire Coloring Pages,6,staffordshire,chibi__chibi-animals-pets-dogs-american-staffordshire-terrier__0d5f95f4f2; chibi__chibi-animals-pets-dogs-staffordshire-bull-terrier__7b8d7a0b1f; dogs__dogs-american-staffordshire-terrier__f16997ca25; dogs__dogs-staffordshire-bull-terrier__2e64ac1b6d; mandala-geometry-patterns__mandala-geometry-patterns-dogs-american-staffordshire-terrier__47d855be25; mandala-geometry-patterns__mandala-geometry-patterns-dogs-staffordshire-bull-terrier__c3e8a444ce,Held back because the phrase came only from generic n-gram mining rather than a clear subject extractor.,,
stag,Stag Coloring Pages,6,stag,fantasy__fantasy-clockwork-stag__d07ce99cc8; fantasy__fantasy-holy-stag__3606292d17; fantasy__fantasy-stag-forest-guardian__f255e91906; insects__insects-stag-beetle__e5fc1502ef; insects__insects-stag-beetle-fighting-on-branch__5496ab6c14; mandala-geometry-patterns__mandala-geometry-patterns-insects-stag-beetle__3f9df87af0,Held back because the phrase came only from generic n-gram mining rather than a clear subject extractor.,,
station,Station Coloring Pages,6,station,mandala-geometry-patterns__mandala-geometry-patterns-trains-locomotives-classic-steam-train-at-smal__937925e879; mandala-geometry-patterns__mandala-geometry-patterns-trains-locomotives-commuter-train-in-city-stat__3accc1151e; mandala-geometry-patterns__mandala-geometry-patterns-trains-locomotives-high-speed-bullet-train-at-__ab0e0253c0; mandala-geometry-patterns__mandala-geometry-patterns-trains-locomotives-old-fashioned-ticket-booth-__915925b6be; mandala-geometry-patterns__mandala-geometry-patterns-trains-locomotives-passenger-train-arriving-at__37d1d6ceea; mandala-geometry-patterns__mandala-geometry-patterns-trains-locomotives-steam-train-at-old-town-sta__0e1a4d8bf2,Held back because the phrase came only from generic n-gram mining rather than a clear subject extractor.,,
street,Street Coloring Pages,6,street,homes__homes-neighborhood-street-with-bicycles__3c1e602b6b; mandala-geometry-patterns__mandala-geometry-patterns-japan-japanese-lantern-street__ea06d63ace; mandala-geometry-patterns__mandala-geometry-patterns-japan-japanese-street-food-stall__5486863c0a; mandala-geometry-patterns__mandala-geometry-patterns-japan-japanese-street-market__01277c9ff1; mandala-geometry-patterns__mandala-geometry-patterns-japan-kawagoe-old-town-street__c165045480; mandala-geometry-patterns__mandala-geometry-patterns-japan-kyoto-street-scene__784f8a2b4b,Held back because the phrase came only from generic n-gram mining rather than a clear subject extractor.,,
strike,Strike Coloring Pages,6,strike,anime-girls__anime-girl-summoning-jutsu-meteor-strike__d0ed1b3f4d; anime-girls__anime-girl-summoning-jutsu-meteor-strike-plushies__707fb2ed13; fantasy__fantasy-berserker-thunder-strike__6d4d540e65; fantasy__fantasy-monk-wind-strike__d7bdfd6309; fantasy__fantasy-rogue-dagger-strike__821dabbf3e; fantasy__fantasy-thief-dagger-strike__35584127ad,Held back because the phrase came only from generic n-gram mining rather than a clear subject extractor.,,
swamp,Swamp Coloring Pages,6,swamp,anime-girls__anime-girl-summoning-jutsu-swamp-dragon-plushies__2d5ed605c2; chibi__chibi-holiday-halloween-foggy-swamp-with-creepy-trees-coloring-page__2dd26b010c; chibi__chibi-holiday-halloween-haunted-house-on-stilts-in-swamp-coloring-page__362fdd250c; fantasy__fantasy-hydra-swamp__a39ebed4fd; fantasy__fantasy-three-headed-hydra-swamp__1f5cfb6917; reptiles__reptiles-american-crocodile-in-swamp__d3d60c2b08,Held back because the phrase came only from generic n-gram mining rather than a clear subject extractor.,,
tea,Tea Coloring Pages,6,tea,chibi__chibi-plushie-bubble-tea-character__eeb735f63b; mandala-geometry-patterns__mandala-geometry-patterns-japan-japanese-ceramic-tea-cups__75cb3ca880; mandala-geometry-patterns__mandala-geometry-patterns-japan-japanese-tea-ceremony__068bc197d9; mandala-geometry-patterns__mandala-geometry-patterns-plushie-bubble-tea-character__85c7e318c1; mandala-geometry-patterns__mandala-geometry-patterns-sushi-cup-of-green-tea__da9a87fa49; mandala-geometry-patterns__mandala-geometry-patterns-sushi-japanese-tea-cup__a79fc4d9c1,Held back because the phrase came only from generic n-gram mining rather than a clear subject extractor.,,
tesla,Tesla Coloring Pages,6,tesla,mandala-geometry-patterns__mandala-geometry-patterns-vehiacle-cars-tesla__aaa925357c; mandala-geometry-patterns__mandala-geometry-patterns-vehiacle-cars-tesla-model-s__d5ac80ecac; mandala-geometry-patterns__mandala-geometry-patterns-vehicle-cars-tesla-model-3__f789385ff7; mandala-geometry-patterns__mandala-geometry-patterns-vehicle-cars-tesla-model-x__755c819002; mandala-geometry-patterns__mandala-geometry-patterns-vehicle-cars-tesla-model-y__45d2095f0d; mandala-geometry-patterns__mandala-geometry-patterns-vehicle-cars-tesla-roadster-2025__bc2e3030a8,Held back because the phrase came only from generic n-gram mining rather than a clear subject extractor.,,
throne,Throne Coloring Pages,6,throne,chibi__chibi-dungeon-haunted-throne-room__a6b9928656; chibi__chibi-dungeon-obsidian-throne__b1ede3bcf6; fantasy__fantasy-mermaid-coral-throne__f732e4901b; fantasy__fantasy-mermaid-princess-coral-throne__9da6f15653; fantasy__fantasy-ruins-dragon-throne__b293c83a41; midieval__midieval-fantasy-royal-throne__33e95d36ac,Held back because the phrase came only from generic n-gram mining rather than a clear subject extractor.,,
town,Town Coloring Pages,6,town,chibi__chibi-holiday-halloween-skeleton-riding-bicycle-through-town-coloring-pa__d08afbfad3; christmas__holiday-christmas-christmas-tree-lit-up-in-town-square-coloring-page__e11c99e6fb; christmas__holiday-christmas-santa-claus-riding-sleigh-over-moonlit-town-coloring-p__ebac4be947; mandala-geometry-patterns__mandala-geometry-patterns-japan-kawagoe-old-town-street__c165045480; mandala-geometry-patterns__mandala-geometry-patterns-trains-locomotives-classic-steam-train-at-smal__937925e879; mandala-geometry-patterns__mandala-geometry-patterns-trains-locomotives-steam-train-at-old-town-sta__0e1a4d8bf2,Held back because the phrase came only from generic n-gram mining rather than a clear subject extractor.,,
tra,Tra Coloring Pages,6,tra,mandala-geometry-patterns__mandala-geometry-patterns-trains-locomotives-australian-outback-ghan-tra__f2c3f525d7; mandala-geometry-patterns__mandala-geometry-patterns-trains-locomotives-double-decker-passenger-tra__f736317bf4; mandala-geometry-patterns__mandala-geometry-patterns-trains-locomotives-double-decker-passenger-tra__e2db070bec; mandala-geometry-patterns__mandala-geometry-patterns-trains-locomotives-indian-palace-on-wheels-tra__fa10f9553b; mandala-geometry-patterns__mandala-geometry-patterns-trains-locomotives-long-distance-passenger-tra__a608d5a96b; mandala-geometry-patterns__mandala-geometry-patterns-trains-locomotives-rail-yard-with-multiple-tra__0e83827f3b,Held back because the phrase came only from generic n-gram mining rather than a clear subject extractor.,,
troll,Troll Coloring Pages,6,troll,chibi__chibi-dungeon-troll-guard__863bb50ba6; chibi__chibi-midieval-fantasy-troll__e8f19faa96; fantasy__fantasy-creatures-troll__5ef4f22e78; fantasy__fantasy-creatures-troll-bridge__bcdeff6f1e; fantasy__fantasy-troll-bridge__e39a6b7e65; midieval__midieval-fantasy-troll__d8f8130199,Held back because the phrase came only from generic n-gram mining rather than a clear subject extractor.,,
view,View Coloring Pages,6,view,homes__homes-apartment-building-front-view__f69cf800b3; homes__homes-victorian-house-front-view__681569f1dd; mandala-geometry-patterns__mandala-geometry-patterns-sushi-japanese-bridge-restaurant-view__352733f972; mandala-geometry-patterns__mandala-geometry-patterns-trains-locomotives-classic-steam-engine-front-__cce8c2a3b7; mandala-geometry-patterns__mandala-geometry-patterns-trains-locomotives-classic-steam-engine-side-v__45c322a426; mandala-geometry-patterns__mandala-geometry-patterns-trains-locomotives-modern-diesel-locomotive-si__4accd7bb57,Held back because the phrase came only from generic n-gram mining rather than a clear subject extractor.,,
alocasia,Alocasia Coloring Pages,5,alocasia,indoor-plants__indoor-plants-alocasia-dragon-scale__03c81c011c; indoor-plants__indoor-plants-alocasia-polly-african-mask__b2541755af; indoor-plants__indoor-plants-alocasia-polly-african-mask-potted-plant__284aa2672b; indoor-plants__indoor-plants-alocasia-silver-dragon__e1f81c706b; indoor-plants__indoor-plants-alocasia-zebrina__279f33434e,Held back because the phrase came only from generic n-gram mining rather than a clear subject extractor.,,
annes,Annes Coloring Pages,5,annes,chibi__chibi-flowers-queen-annes-lace__5d746f9947; chibi__chibi-flowers-queen-annes-lace-kawaii__a224f28c8e; flowers__flowers-queen-annes-lace__fd2a150c58; mandala-geometry-patterns__mandala-geometry-patterns-flowers-queen-annes-lace__7e18e5b60f; mandala-geometry-patterns__mandala-geometry-patterns-flowers-queen-annes-lace-garden__6a4e6f6121,Held back because the phrase came only from generic n-gram mining rather than a clear subject extractor.,,
annes-lace,Annes Lace Coloring Pages,5,annes lace,chibi__chibi-flowers-queen-annes-lace__5d746f9947; chibi__chibi-flowers-queen-annes-lace-kawaii__a224f28c8e; flowers__flowers-queen-annes-lace__fd2a150c58; mandala-geometry-patterns__mandala-geometry-patterns-flowers-queen-annes-lace__7e18e5b60f; mandala-geometry-patterns__mandala-geometry-patterns-flowers-queen-annes-lace-garden__6a4e6f6121,Held back because the phrase came only from generic n-gram mining rather than a clear subject extractor.,,
anthurium,Anthurium Coloring Pages,5,anthurium,flowers__flowers-anthurium__f11b179d14; indoor-plants__indoor-plants-anthurium-clarinervium__c714fd8470; indoor-plants__indoor-plants-anthurium-crystallinum__2cd23e7c1d; indoor-plants__indoor-plants-anthurium-pink__12e957333c; indoor-plants__indoor-plants-anthurium-red-flamingo-flower__e19c63b0b0,Evidence is below the minimum promotion threshold.,,
artifact,Artifact Coloring Pages,5,artifact,fantasy__fantasy-artifact-eldritch-heart__c3cd631039; fantasy__fantasy-artifact-moon-orb__08f413f4d4; fantasy__fantasy-artifact-runic-orb__bdbcebcfa8; fantasy__fantasy-artifact-storm-core__c0c2145699; fantasy__fantasy-artifact-sun-orb__ee546213e3,Held back because the phrase came only from generic n-gram mining rather than a clear subject extractor.,,
audi,Audi Coloring Pages,5,audi,mandala-geometry-patterns__mandala-geometry-patterns-vehiacle-cars-audi__fafb7125ac; mandala-geometry-patterns__mandala-geometry-patterns-vehicle-cars-audi-e-tron-ev__22a6df7097; mandala-geometry-patterns__mandala-geometry-patterns-vehicle-cars-audi-e-tron-ev-car__2a773e18e0; mandala-geometry-patterns__mandala-geometry-patterns-vehicle-cars-audi-r8__209ad97c54; mandala-geometry-patterns__mandala-geometry-patterns-vehicle-cars-audi-r8-car__9a715ebaa5,Held back because the phrase came only from generic n-gram mining rather than a clear subject extractor.,,
axe,Axe Coloring Pages,5,axe,chibi__chibi-dungeon-dwarf-warrior-with-axe__1f0a4e3c62; chibi__chibi-dungeon-swinging-axe-trap__34bc752de9; fantasy__fantasy-barbarian-battle-axe__c420be4f88; fantasy__fantasy-berserker-frost-axe__2e7ce9f5ca; midieval__midieval-fantasy-battle-axe__465171f911,Held back because the phrase came only from generic n-gram mining rather than a clear subject extractor.,,
baby-kangaroo-joey,Baby Kangaroo Joey Coloring Pages,5,baby kangaroo joey,chibi__chibi-plushie-baby-kangaroo-joey__74e2f66bcf; holiday__holiday-birthday-celebration-plushie-baby-kangaroo-joey-family__eec8a13ba3; holiday__holiday-christmas-plushie-baby-kangaroo-joey-family__2936137b39; holiday__holiday-halloween-costume-plushie-baby-kangaroo-joey-family__6f9b1745a9; mandala-geometry-patterns__mandala-geometry-patterns-plushie-baby-kangaroo-joey__b4f0b6f270,Held back because the phrase came only from generic n-gram mining rather than a clear subject extractor.,,
baked,Baked Coloring Pages,5,baked,mandala-geometry-patterns__mandala-geometry-patterns-bakery-freshly-baked-baguettes__164ab8519b; mandala-geometry-patterns__mandala-geometry-patterns-bakery-freshly-baked-croissants__ebe8e05b48; mandala-geometry-patterns__mandala-geometry-patterns-bakery-market-stall-with-baked-goods__522c6a9342; mandala-geometry-patterns__mandala-geometry-patterns-bakery-oven-with-baked-goods__09aae6fcd7; mandala-geometry-patterns__mandala-geometry-patterns-sushi-baked-scallop-roll__e74e82c71d,Held back because the phrase came only from generic n-gram mining rather than a clear subject extractor.,,
bald,Bald Coloring Pages,5,bald,birds__birds-bald-eagle__78120718e1; birds__birds-bald-eagle-flying__f56d024672; birds__birds-bald-eagle-taking-flight__c6a7fe5797; mandala-geometry-patterns__mandala-geometry-patterns-bald-eagle__cd94a6a15f; mandala-geometry-patterns__mandala-geometry-patterns-bald-eagle-face-patterns__74e6423cc2,Held back because the phrase came only from generic n-gram mining rather than a clear subject extractor.,,
bald-eagle,Bald Eagle Coloring Pages,5,bald eagle,birds__birds-bald-eagle__78120718e1; birds__birds-bald-eagle-flying__f56d024672; birds__birds-bald-eagle-taking-flight__c6a7fe5797; mandala-geometry-patterns__mandala-geometry-patterns-bald-eagle__cd94a6a15f; mandala-geometry-patterns__mandala-geometry-patterns-bald-eagle-face-patterns__74e6423cc2,Held back because the phrase came only from generic n-gram mining rather than a clear subject extractor.,,
ball,Ball Coloring Pages,5,ball,anime-girls__anime-girl-energy-ball-attack-leviathan-battle-shounin__d0a627c243; anime-girls__anime-girl-shadow-ball__585112cb58; insects__insects-dung-beetle-rolling-ball__c5d2278e9c; mandala-geometry-patterns__mandala-geometry-patterns-dogs-jack-russell-terrier-playing-ball__3fadf1db18; mandala-geometry-patterns__mandala-geometry-patterns-sushi-rice-ball-onigiri__22db35c3cd,Held back because the phrase came only from generic n-gram mining rather than a clear subject extractor.,,
birthday-cake,Birthday Cake Coloring Pages,5,birthday cake,anime-girls__anime-girl-birthday-cake__a75fa3e263; anime-girls__anime-girl-celetbrating-birthday-cake__3e754f4081; holiday__holiday-birthday-cake-with-candles__fa85526c3e; holiday__holiday-birthday-dog-with-birthday-cake__7fabf79cbe; mandala-geometry-patterns__mandala-geometry-patterns-bakery-birthday-cake__63baabceb3,Held back because the phrase came only from generic n-gram mining rather than a clear subject extractor.,,
black-cat,Black Cat Coloring Pages,5,black cat,chibi__chibi-holiday-halloween-black-cat-peeking-out-of-pumpkin-coloring-page__c47ea723e5; chibi__chibi-holiday-halloween-black-cat-sitting-on-fence-under-moon-coloring-p__81d2ff4c89; chibi__chibi-holiday-halloween-mummy-running-away-from-black-cat-coloring-page__3d6746f90b; chibi__chibi-holiday-halloween-witch-with-black-cat-on-shoulder-coloring-page__09368c189e; holiday__holiday-halloween-black-cat-sitting-on-fence-under-moon-coloring-page__108e733c60,Held back because the phrase came only from generic n-gram mining rather than a clear subject extractor.,,
board,Board Coloring Pages,5,board,anime-girls__anime-girl-triceratops-hoodie-plushie-playing-board-games__a41606b4c0; mandala-geometry-patterns__mandala-geometry-patterns-bakery-bread-slicing-board__09d11226d0; mandala-geometry-patterns__mandala-geometry-patterns-bakery-cutting-board-with-dough__b2b847f8d9; mandala-geometry-patterns__mandala-geometry-patterns-sushi-cutting-board-and-knife-roll-tuna__b5387b0667; mandala-geometry-patterns__mandala-geometry-patterns-sushi-wooden-sushi-board__f48cec98d7,Held back because the phrase came only from generic n-gram mining rather than a clear subject extractor.,,
boeing,Boeing Coloring Pages,5,boeing,mandala-geometry-patterns__mandala-geometry-patterns-vehiacle-planes-boeing-314-clipper__ffae415f98; mandala-geometry-patterns__mandala-geometry-patterns-vehiacle-planes-boeing-737__3a9bc7e95e; mandala-geometry-patterns__mandala-geometry-patterns-vehiacle-planes-boeing-747__a3e4ae5dae; mandala-geometry-patterns__mandala-geometry-patterns-vehiacle-planes-boeing-747-flying__b9979ee4a9; mandala-geometry-patterns__mandala-geometry-patterns-vehiacle-planes-boeing-b-52-stratofortresse__56b1079986,Held back because the phrase came only from generic n-gram mining rather than a clear subject extractor.,,
bone,Bone Coloring Pages,5,bone,anime-girls__anime-girl-summoning-bone-dragon__25525e8031; anime-girls__anime-girl-summoning-bone-dragon-plushies__ac4b8bc72d; fantasy__fantasy-necromancer-bone-army__e092d00779; fantasy__fantasy-sorcerer-bone-familiar__bffd3c9e50; fantasy__fantasy-sorcerer-summon-bone-familiar__168c8e4c5a,Held back because the phrase came only from generic n-gram mining rather than a clear subject extractor.,,
border-collie,Border Collie Coloring Pages,5,border collie,chibi__chibi-animals-pets-dogs-border-collie__d66dc03111; dogs__dogs-border-collie__901304e7d9; dogs__dogs-border-collie-playing__ff795b9bb4; holiday__holiday-christmas-dogs-border-collie__2c2410c8e7; mandala-geometry-patterns__mandala-geometry-patterns-dogs-border-collie__211cb87a10,Evidence is below the minimum promotion threshold.,,
bugatti,Bugatti Coloring Pages,5,bugatti,mandala-geometry-patterns__mandala-geometry-patterns-vehiacle-cars-bugatti-chiron__a667624af7; mandala-geometry-patterns__mandala-geometry-patterns-vehicle-cars-bugatti-bolide__fe9ba774da; mandala-geometry-patterns__mandala-geometry-patterns-vehicle-cars-bugatti-divo__d481440818; mandala-geometry-patterns__mandala-geometry-patterns-vehicle-cars-bugatti-veyron__a00ced3e35; mandala-geometry-patterns__mandala-geometry-patterns-vehicle-cars-bugatti-veyrone__c9dc4d6832,Held back because the phrase came only from generic n-gram mining rather than a clear subject extractor.,,
bull-terrier,Bull Terrier Coloring Pages,5,bull terrier,chibi__chibi-animals-pets-dogs-staffordshire-bull-terrier__7b8d7a0b1f; dogs__dogs-bull-terrier__fedf3a0c2d; dogs__dogs-staffordshire-bull-terrier__2e64ac1b6d; mandala-geometry-patterns__mandala-geometry-patterns-dogs-bull-terrier__7e4c708355; mandala-geometry-patterns__mandala-geometry-patterns-dogs-staffordshire-bull-terrier__c3e8a444ce,Evidence is below the minimum promotion threshold.,,
butterfly-insects,Butterfly Insects Coloring Pages,5,butterfly insects,insects__insects-butterfly__08f243899d; insects__insects-monarch-butterfly__9d324206d0; insects__insects-painted-lady-butterfly__9c359ad5bd; insects__insects-red-admiral-butterfly__c29c16d8ed; mandala-geometry-patterns__mandala-geometry-patterns-plushie-butterfly-insects__5e70a62d34,Held back because the phrase came only from generic n-gram mining rather than a clear subject extractor.,,
cake-mandala,Cake Mandala Coloring Pages,5,cake mandala,mandala-geometry-patterns__mandala-geometry-patterns-bakery-birthday-cake__63baabceb3; mandala-geometry-patterns__mandala-geometry-patterns-bakery-bundt-cake__84aca9e8c9; mandala-geometry-patterns__mandala-geometry-patterns-bakery-layer-cake__6691186ef2; mandala-geometry-patterns__mandala-geometry-patterns-bakery-slice-of-cake__54241513cf; mandala-geometry-patterns__mandala-geometry-patterns-bakery-wedding-cake__f6db51bfb8,Held back because the phrase came only from generic n-gram mining rather than a clear subject extractor.,,
cake-mandala-geometry,Cake Mandala Geometry Coloring Pages,5,cake mandala geometry,mandala-geometry-patterns__mandala-geometry-patterns-bakery-birthday-cake__63baabceb3; mandala-geometry-patterns__mandala-geometry-patterns-bakery-bundt-cake__84aca9e8c9; mandala-geometry-patterns__mandala-geometry-patterns-bakery-layer-cake__6691186ef2; mandala-geometry-patterns__mandala-geometry-patterns-bakery-slice-of-cake__54241513cf; mandala-geometry-patterns__mandala-geometry-patterns-bakery-wedding-cake__f6db51bfb8,Held back because the phrase came only from generic n-gram mining rather than a clear subject extractor.,,
calathea,Calathea Coloring Pages,5,calathea,indoor-plants__indoor-plants-calathea-lancifolia-rattlesnake__12aa3ee236; indoor-plants__indoor-plants-calathea-makoyana-peacock__2475a01006; indoor-plants__indoor-plants-calathea-medallion__ccaba41b3a; indoor-plants__indoor-plants-calathea-ornata__31d40379db; indoor-plants__indoor-plants-calathea-warscewiczii__5cb5965a2d,Held back because the phrase came only from generic n-gram mining rather than a clear subject extractor.,,
calla,Calla Coloring Pages,5,calla,chibi__chibi-flowers-calla-lily__94920a8fca; chibi__chibi-flowers-calla-lily-kawaii__82a3b3f4e3; chibi__chibi-flowers-kawaii-calla-lily__748201306b; flowers__flowers-calla-lily__c2b3044292; mandala-geometry-patterns__mandala-geometry-patterns-flowers-calla-lily__ab773dc0f6,Held back because the phrase came only from generic n-gram mining rather than a clear subject extractor.,,
calla-lily,Calla Lily Coloring Pages,5,calla lily,chibi__chibi-flowers-calla-lily__94920a8fca; chibi__chibi-flowers-calla-lily-kawaii__82a3b3f4e3; chibi__chibi-flowers-kawaii-calla-lily__748201306b; flowers__flowers-calla-lily__c2b3044292; mandala-geometry-patterns__mandala-geometry-patterns-flowers-calla-lily__ab773dc0f6,Evidence is below the minimum promotion threshold.,,
car-audi,Car Audi Coloring Pages,5,car audi,mandala-geometry-patterns__mandala-geometry-patterns-vehiacle-cars-audi__fafb7125ac; mandala-geometry-patterns__mandala-geometry-patterns-vehicle-cars-audi-e-tron-ev__22a6df7097; mandala-geometry-patterns__mandala-geometry-patterns-vehicle-cars-audi-e-tron-ev-car__2a773e18e0; mandala-geometry-patterns__mandala-geometry-patterns-vehicle-cars-audi-r8__209ad97c54; mandala-geometry-patterns__mandala-geometry-patterns-vehicle-cars-audi-r8-car__9a715ebaa5,Held back because the phrase came only from generic n-gram mining rather than a clear subject extractor.,,
car-bugatti,Car Bugatti Coloring Pages,5,car bugatti,mandala-geometry-patterns__mandala-geometry-patterns-vehiacle-cars-bugatti-chiron__a667624af7; mandala-geometry-patterns__mandala-geometry-patterns-vehicle-cars-bugatti-bolide__fe9ba774da; mandala-geometry-patterns__mandala-geometry-patterns-vehicle-cars-bugatti-divo__d481440818; mandala-geometry-patterns__mandala-geometry-patterns-vehicle-cars-bugatti-veyron__a00ced3e35; mandala-geometry-patterns__mandala-geometry-patterns-vehicle-cars-bugatti-veyrone__c9dc4d6832,Held back because the phrase came only from generic n-gram mining rather than a clear subject extractor.,,
car-mclaren,Car Mclaren Coloring Pages,5,car mclaren,mandala-geometry-patterns__mandala-geometry-patterns-vehiacle-cars-mclaren__cc497412df; mandala-geometry-patterns__mandala-geometry-patterns-vehicle-cars-mclaren-720s__b60a8c9155; mandala-geometry-patterns__mandala-geometry-patterns-vehicle-cars-mclaren-720se__b9de426da2; mandala-geometry-patterns__mandala-geometry-patterns-vehicle-cars-mclaren-p1__565581bb7c; mandala-geometry-patterns__mandala-geometry-patterns-vehicle-cars-mclaren-p1e__7e537aacdf,Held back because the phrase came only from generic n-gram mining rather than a clear subject extractor.,,
car-mercedes,Car Mercedes Coloring Pages,5,car mercedes,mandala-geometry-patterns__mandala-geometry-patterns-vehiacle-cars-mercedes-benz__a46615f208; mandala-geometry-patterns__mandala-geometry-patterns-vehicle-cars-mercedes-amg-gt__50dd298d03; mandala-geometry-patterns__mandala-geometry-patterns-vehicle-cars-mercedes-amg-gt-car__fc1bca60fa; mandala-geometry-patterns__mandala-geometry-patterns-vehicle-cars-mercedes-g-class-g-wagon__d4024dfe85; mandala-geometry-patterns__mandala-geometry-patterns-vehicle-cars-mercedes-gle-coupe__fb04317309,Held back because the phrase came only from generic n-gram mining rather than a clear subject extractor.,,
character-holiday,Character Holiday Coloring Pages,5,character holiday,holiday__holiday-birthday-celebration-plushie-heart-character-family__66b0634b05; holiday__holiday-christmas-plushie-heart-character-family__3e9710595e; holiday__holiday-christmas-plushie-moon-character-family__8aea10185f; holiday__holiday-halloween-costume-plushie-heart-character-family__9e562826e6; holiday__holiday-halloween-costume-plushie-moon-character-family__064b7f8670,Held back because the phrase came only from generic n-gram mining rather than a clear subject extractor.,,
cherry-blossom,Cherry Blossom Coloring Pages,5,cherry blossom,flowers__flowers-cherry-blossom__1cbc68b504; mandala-geometry-patterns__mandala-geometry-patterns-japan-cherry-blossom-festival__a8c1e3cec3; mandala-geometry-patterns__mandala-geometry-patterns-japan-cherry-blossom-park__b13d44b517; mandala-geometry-patterns__mandala-geometry-patterns-japan-cherry-blossom-park-mandala-mascot__7fd35519ca; mandala-geometry-patterns__mandala-geometry-patterns-japan-cherry-blossom-tree__0b993cddf8,Evidence is below the minimum promotion threshold.,,
christmas-plushie-sea,Christmas Plushie Sea Coloring Pages,5,christmas plushie sea,holiday__holiday-christmas-plushie-sea-anemone-family__ec8bff6ea9; holiday__holiday-christmas-plushie-sea-lion-family__0401e3c147; holiday__holiday-christmas-plushie-sea-otter-family__837be3080f; holiday__holiday-christmas-plushie-sea-turtle-family__fcfbe6d439; holiday__holiday-christmas-plushie-sea-urchin-family__1df5fef643,Held back because the phrase came only from generic n-gram mining rather than a clear subject extractor.,,
christmas-winter,Christmas Winter Coloring Pages,5,christmas winter,christmas__holiday-christmas-winter-cabin-in-woods-with-smoke-in-chimney-coloring-p__7458ad600d; christmas__holiday-christmas-winter-ice-skating-rink-in-village-square-coloring-pag__2314a178ce; christmas__holiday-christmas-winter-kids-sledding-down-hill-in-park-coloring-page__661f3b44b5; christmas__holiday-christmas-winter-log-cabin-with-glowing-windows-coloring-page__325a202b5a; christmas__holiday-christmas-winter-night-sky-with-northern-lights-coloring-page__cbe38b131a,Held back because the phrase came only from generic n-gram mining rather than a clear subject extractor.,,
classic-steam-train,Classic Steam Train Coloring Pages,5,classic steam train,mandala-geometry-patterns__mandala-geometry-patterns-trains-locomotives-classic-steam-train-at-smal__937925e879; mandala-geometry-patterns__mandala-geometry-patterns-trains-locomotives-classic-steam-train-in-wint__a4f8bc4dbb; mandala-geometry-patterns__mandala-geometry-patterns-trains-locomotives-classic-steam-train-puffing__7e878a4bef; mandala-geometry-patterns__mandala-geometry-patterns-trains-locomotives-classic-steam-train-with-di__77162dcc9f; mandala-geometry-patterns__mandala-geometry-patterns-trains-locomotives-classic-steam-train-with-sl__01e70c6de0,Held back because the phrase came only from generic n-gram mining rather than a clear subject extractor.,,
climbing-tree,Climbing Tree Coloring Pages,5,climbing tree,anime-girls__anime-girl-kitten-hoodie-plushie-climbing-tree__8ff8b1a04a; anime-girls__anime-girl-kitten-hoodie-plushie-climbing-tree-smiling__5677e16222; mandala-geometry-patterns__mandala-geometry-patterns-sloth-climbing-tree-patterns__36b594c0e0; reptiles__reptiles-giant-tokay-gecko-climbing-tree__7e13de0469; reptiles__reptiles-tokay-gecko-climbing-tree__3236dcd877,Held back because the phrase came only from generic n-gram mining rather than a clear subject extractor.,,
