assetId,category,currentFilename,currentSvgPath,currentWebpPath,displayTitle,proposedCleanStem,proposedSvgObjectKey,proposedWebpObjectKey,reasonCodes,confidence,likelyHubPages,ownerDecision,ownerNotes
animals-playing-cards__animals-armadillo__1a6eaccdef,animals-playing-cards,animals-armadillo-1a6eaccdef.svg,pipeline/r2-upload/coloring-pages/svg/animals-playing-cards/animals-armadillo-1a6eaccdef.svg,pipeline/r2-upload/coloring-pages/webp/animals-playing-cards/animals-armadillo-1a6eaccdef.webp,Animals Armadillo,animals-armadillo-1a6eaccdef,coloring-pages/svg/animals-playing-cards/animals-armadillo-1a6eaccdef.svg,coloring-pages/webp/animals-playing-cards/animals-armadillo-1a6eaccdef.webp,category_mismatch|manual_review_required,manual_review,/coloring-pages/animals|/coloring-pages|/coloring-pages/playing-cards,,
animals-playing-cards__animals-armadillos__50db4716e5,animals-playing-cards,animals-armadillos-50db4716e5.svg,pipeline/r2-upload/coloring-pages/svg/animals-playing-cards/animals-armadillos-50db4716e5.svg,pipeline/r2-upload/coloring-pages/webp/animals-playing-cards/animals-armadillos-50db4716e5.webp,Animals Armadillos,animals-armadillos-50db4716e5,coloring-pages/svg/animals-playing-cards/animals-armadillos-50db4716e5.svg,coloring-pages/webp/animals-playing-cards/animals-armadillos-50db4716e5.webp,category_mismatch|manual_review_required,manual_review,/coloring-pages/animals|/coloring-pages|/coloring-pages/playing-cards,,
animals-playing-cards__animals-armadillos-wildlife__f2912c1ad5,animals-playing-cards,animals-armadillos-wildlife-f2912c1ad5.svg,pipeline/r2-upload/coloring-pages/svg/animals-playing-cards/animals-armadillos-wildlife-f2912c1ad5.svg,pipeline/r2-upload/coloring-pages/webp/animals-playing-cards/animals-armadillos-wildlife-f2912c1ad5.webp,Animals Armadillos Wildlife,animals-armadillos-wildlife-f2912c1ad5,coloring-pages/svg/animals-playing-cards/animals-armadillos-wildlife-f2912c1ad5.svg,coloring-pages/webp/animals-playing-cards/animals-armadillos-wildlife-f2912c1ad5.webp,category_mismatch|manual_review_required,manual_review,/coloring-pages/animals|/coloring-pages|/coloring-pages/playing-cards,,
animals-playing-cards__animals-baboon__3019f9ef3d,animals-playing-cards,animals-baboon-3019f9ef3d.svg,pipeline/r2-upload/coloring-pages/svg/animals-playing-cards/animals-baboon-3019f9ef3d.svg,pipeline/r2-upload/coloring-pages/webp/animals-playing-cards/animals-baboon-3019f9ef3d.webp,Animals Baboon,animals-baboon-3019f9ef3d,coloring-pages/svg/animals-playing-cards/animals-baboon-3019f9ef3d.svg,coloring-pages/webp/animals-playing-cards/animals-baboon-3019f9ef3d.webp,category_mismatch|manual_review_required,manual_review,/coloring-pages/animals|/coloring-pages|/coloring-pages/playing-cards,,
animals-playing-cards__animals-baboons__5f19666c69,animals-playing-cards,animals-baboons-5f19666c69.svg,pipeline/r2-upload/coloring-pages/svg/animals-playing-cards/animals-baboons-5f19666c69.svg,pipeline/r2-upload/coloring-pages/webp/animals-playing-cards/animals-baboons-5f19666c69.webp,Animals Baboons,animals-baboons-5f19666c69,coloring-pages/svg/animals-playing-cards/animals-baboons-5f19666c69.svg,coloring-pages/webp/animals-playing-cards/animals-baboons-5f19666c69.webp,category_mismatch|manual_review_required,manual_review,/coloring-pages/animals|/coloring-pages|/coloring-pages/playing-cards,,
animals-playing-cards__animals-baboons-hanging__398854ec28,animals-playing-cards,animals-baboons-hanging-398854ec28.svg,pipeline/r2-upload/coloring-pages/svg/animals-playing-cards/animals-baboons-hanging-398854ec28.svg,pipeline/r2-upload/coloring-pages/webp/animals-playing-cards/animals-baboons-hanging-398854ec28.webp,Animals Baboons Hanging,animals-baboons-hanging-398854ec28,coloring-pages/svg/animals-playing-cards/animals-baboons-hanging-398854ec28.svg,coloring-pages/webp/animals-playing-cards/animals-baboons-hanging-398854ec28.webp,category_mismatch|manual_review_required,manual_review,/coloring-pages/animals|/coloring-pages|/coloring-pages/playing-cards,,
animals-playing-cards__animals-badger__46333741c3,animals-playing-cards,animals-badger-46333741c3.svg,pipeline/r2-upload/coloring-pages/svg/animals-playing-cards/animals-badger-46333741c3.svg,pipeline/r2-upload/coloring-pages/webp/animals-playing-cards/animals-badger-46333741c3.webp,Animals Badger,animals-badger-46333741c3,coloring-pages/svg/animals-playing-cards/animals-badger-46333741c3.svg,coloring-pages/webp/animals-playing-cards/animals-badger-46333741c3.webp,category_mismatch|manual_review_required,manual_review,/coloring-pages/animals|/coloring-pages|/coloring-pages/playing-cards,,
animals-playing-cards__animals-badgers__701e4f01fa,animals-playing-cards,animals-badgers-701e4f01fa.svg,pipeline/r2-upload/coloring-pages/svg/animals-playing-cards/animals-badgers-701e4f01fa.svg,pipeline/r2-upload/coloring-pages/webp/animals-playing-cards/animals-badgers-701e4f01fa.webp,Animals Badgers,animals-badgers-701e4f01fa,coloring-pages/svg/animals-playing-cards/animals-badgers-701e4f01fa.svg,coloring-pages/webp/animals-playing-cards/animals-badgers-701e4f01fa.webp,category_mismatch|manual_review_required,manual_review,/coloring-pages/animals|/coloring-pages|/coloring-pages/playing-cards,,
animals-playing-cards__animals-badgers-wildlife__d717f79524,animals-playing-cards,animals-badgers-wildlife-d717f79524.svg,pipeline/r2-upload/coloring-pages/svg/animals-playing-cards/animals-badgers-wildlife-d717f79524.svg,pipeline/r2-upload/coloring-pages/webp/animals-playing-cards/animals-badgers-wildlife-d717f79524.webp,Animals Badgers Wildlife,animals-badgers-wildlife-d717f79524,coloring-pages/svg/animals-playing-cards/animals-badgers-wildlife-d717f79524.svg,coloring-pages/webp/animals-playing-cards/animals-badgers-wildlife-d717f79524.webp,category_mismatch|manual_review_required,manual_review,/coloring-pages/animals|/coloring-pages|/coloring-pages/playing-cards,,
animals-playing-cards__animals-bats__662bf20796,animals-playing-cards,animals-bats-662bf20796.svg,pipeline/r2-upload/coloring-pages/svg/animals-playing-cards/animals-bats-662bf20796.svg,pipeline/r2-upload/coloring-pages/webp/animals-playing-cards/animals-bats-662bf20796.webp,Animals Bats,animals-bats-662bf20796,coloring-pages/svg/animals-playing-cards/animals-bats-662bf20796.svg,coloring-pages/webp/animals-playing-cards/animals-bats-662bf20796.webp,category_mismatch|manual_review_required,manual_review,/coloring-pages/animals|/coloring-pages|/coloring-pages/playing-cards,,
animals-playing-cards__animals-bats-wildlife__1da9adbd04,animals-playing-cards,animals-bats-wildlife-1da9adbd04.svg,pipeline/r2-upload/coloring-pages/svg/animals-playing-cards/animals-bats-wildlife-1da9adbd04.svg,pipeline/r2-upload/coloring-pages/webp/animals-playing-cards/animals-bats-wildlife-1da9adbd04.webp,Animals Bats Wildlife,animals-bats-wildlife-1da9adbd04,coloring-pages/svg/animals-playing-cards/animals-bats-wildlife-1da9adbd04.svg,coloring-pages/webp/animals-playing-cards/animals-bats-wildlife-1da9adbd04.webp,category_mismatch|manual_review_required,manual_review,/coloring-pages/animals|/coloring-pages|/coloring-pages/playing-cards,,
animals-playing-cards__animals-bears__eec9e5fdad,animals-playing-cards,animals-bears-eec9e5fdad.svg,pipeline/r2-upload/coloring-pages/svg/animals-playing-cards/animals-bears-eec9e5fdad.svg,pipeline/r2-upload/coloring-pages/webp/animals-playing-cards/animals-bears-eec9e5fdad.webp,Animals Bears,animals-bears-eec9e5fdad,coloring-pages/svg/animals-playing-cards/animals-bears-eec9e5fdad.svg,coloring-pages/webp/animals-playing-cards/animals-bears-eec9e5fdad.webp,category_mismatch|manual_review_required,manual_review,/coloring-pages/animals|/coloring-pages|/coloring-pages/playing-cards,,
animals-playing-cards__animals-bears-wildlife__f504693e9a,animals-playing-cards,animals-bears-wildlife-f504693e9a.svg,pipeline/r2-upload/coloring-pages/svg/animals-playing-cards/animals-bears-wildlife-f504693e9a.svg,pipeline/r2-upload/coloring-pages/webp/animals-playing-cards/animals-bears-wildlife-f504693e9a.webp,Animals Bears Wildlife,animals-bears-wildlife-f504693e9a,coloring-pages/svg/animals-playing-cards/animals-bears-wildlife-f504693e9a.svg,coloring-pages/webp/animals-playing-cards/animals-bears-wildlife-f504693e9a.webp,category_mismatch|manual_review_required,manual_review,/coloring-pages/animals|/coloring-pages|/coloring-pages/playing-cards,,
animals-playing-cards__animals-beavers__b3a02e4662,animals-playing-cards,animals-beavers-b3a02e4662.svg,pipeline/r2-upload/coloring-pages/svg/animals-playing-cards/animals-beavers-b3a02e4662.svg,pipeline/r2-upload/coloring-pages/webp/animals-playing-cards/animals-beavers-b3a02e4662.webp,Animals Beavers,animals-beavers-b3a02e4662,coloring-pages/svg/animals-playing-cards/animals-beavers-b3a02e4662.svg,coloring-pages/webp/animals-playing-cards/animals-beavers-b3a02e4662.webp,category_mismatch|manual_review_required,manual_review,/coloring-pages/animals|/coloring-pages|/coloring-pages/playing-cards,,
animals-playing-cards__animals-beavers-wildlife__402c4ecf7e,animals-playing-cards,animals-beavers-wildlife-402c4ecf7e.svg,pipeline/r2-upload/coloring-pages/svg/animals-playing-cards/animals-beavers-wildlife-402c4ecf7e.svg,pipeline/r2-upload/coloring-pages/webp/animals-playing-cards/animals-beavers-wildlife-402c4ecf7e.webp,Animals Beavers Wildlife,animals-beavers-wildlife-402c4ecf7e,coloring-pages/svg/animals-playing-cards/animals-beavers-wildlife-402c4ecf7e.svg,coloring-pages/webp/animals-playing-cards/animals-beavers-wildlife-402c4ecf7e.webp,category_mismatch|manual_review_required,manual_review,/coloring-pages/animals|/coloring-pages|/coloring-pages/playing-cards,,
animals-playing-cards__animals-bison__574d4e5137,animals-playing-cards,animals-bison-574d4e5137.svg,pipeline/r2-upload/coloring-pages/svg/animals-playing-cards/animals-bison-574d4e5137.svg,pipeline/r2-upload/coloring-pages/webp/animals-playing-cards/animals-bison-574d4e5137.webp,Animals Bison,animals-bison-574d4e5137,coloring-pages/svg/animals-playing-cards/animals-bison-574d4e5137.svg,coloring-pages/webp/animals-playing-cards/animals-bison-574d4e5137.webp,category_mismatch|manual_review_required,manual_review,/coloring-pages/animals|/coloring-pages|/coloring-pages/playing-cards,,
animals-playing-cards__animals-bison-wildlife__f5af85fae9,animals-playing-cards,animals-bison-wildlife-f5af85fae9.svg,pipeline/r2-upload/coloring-pages/svg/animals-playing-cards/animals-bison-wildlife-f5af85fae9.svg,pipeline/r2-upload/coloring-pages/webp/animals-playing-cards/animals-bison-wildlife-f5af85fae9.webp,Animals Bison Wildlife,animals-bison-wildlife-f5af85fae9,coloring-pages/svg/animals-playing-cards/animals-bison-wildlife-f5af85fae9.svg,coloring-pages/webp/animals-playing-cards/animals-bison-wildlife-f5af85fae9.webp,category_mismatch|manual_review_required,manual_review,/coloring-pages/animals|/coloring-pages|/coloring-pages/playing-cards,,
animals-playing-cards__animals-boars__a0d894a697,animals-playing-cards,animals-boars-a0d894a697.svg,pipeline/r2-upload/coloring-pages/svg/animals-playing-cards/animals-boars-a0d894a697.svg,pipeline/r2-upload/coloring-pages/webp/animals-playing-cards/animals-boars-a0d894a697.webp,Animals Boars,animals-boars-a0d894a697,coloring-pages/svg/animals-playing-cards/animals-boars-a0d894a697.svg,coloring-pages/webp/animals-playing-cards/animals-boars-a0d894a697.webp,category_mismatch|manual_review_required,manual_review,/coloring-pages/animals|/coloring-pages|/coloring-pages/playing-cards,,
animals-playing-cards__animals-boars-wildlife__f67c35ffa2,animals-playing-cards,animals-boars-wildlife-f67c35ffa2.svg,pipeline/r2-upload/coloring-pages/svg/animals-playing-cards/animals-boars-wildlife-f67c35ffa2.svg,pipeline/r2-upload/coloring-pages/webp/animals-playing-cards/animals-boars-wildlife-f67c35ffa2.webp,Animals Boars Wildlife,animals-boars-wildlife-f67c35ffa2,coloring-pages/svg/animals-playing-cards/animals-boars-wildlife-f67c35ffa2.svg,coloring-pages/webp/animals-playing-cards/animals-boars-wildlife-f67c35ffa2.webp,category_mismatch|manual_review_required,manual_review,/coloring-pages/animals|/coloring-pages|/coloring-pages/playing-cards,,
animals-playing-cards__animals-bulls__1e3ae6a92b,animals-playing-cards,animals-bulls-1e3ae6a92b.svg,pipeline/r2-upload/coloring-pages/svg/animals-playing-cards/animals-bulls-1e3ae6a92b.svg,pipeline/r2-upload/coloring-pages/webp/animals-playing-cards/animals-bulls-1e3ae6a92b.webp,Animals Bulls,animals-bulls-1e3ae6a92b,coloring-pages/svg/animals-playing-cards/animals-bulls-1e3ae6a92b.svg,coloring-pages/webp/animals-playing-cards/animals-bulls-1e3ae6a92b.webp,category_mismatch|manual_review_required,manual_review,/coloring-pages/animals|/coloring-pages|/coloring-pages/playing-cards,,
animals-playing-cards__animals-bulls-wildlife__6a7dc74e68,animals-playing-cards,animals-bulls-wildlife-6a7dc74e68.svg,pipeline/r2-upload/coloring-pages/svg/animals-playing-cards/animals-bulls-wildlife-6a7dc74e68.svg,pipeline/r2-upload/coloring-pages/webp/animals-playing-cards/animals-bulls-wildlife-6a7dc74e68.webp,Animals Bulls Wildlife,animals-bulls-wildlife-6a7dc74e68,coloring-pages/svg/animals-playing-cards/animals-bulls-wildlife-6a7dc74e68.svg,coloring-pages/webp/animals-playing-cards/animals-bulls-wildlife-6a7dc74e68.webp,category_mismatch|manual_review_required,manual_review,/coloring-pages/animals|/coloring-pages|/coloring-pages/playing-cards,,
animals-playing-cards__animals-camels__4eea853f1d,animals-playing-cards,animals-camels-4eea853f1d.svg,pipeline/r2-upload/coloring-pages/svg/animals-playing-cards/animals-camels-4eea853f1d.svg,pipeline/r2-upload/coloring-pages/webp/animals-playing-cards/animals-camels-4eea853f1d.webp,Animals Camels,animals-camels-4eea853f1d,coloring-pages/svg/animals-playing-cards/animals-camels-4eea853f1d.svg,coloring-pages/webp/animals-playing-cards/animals-camels-4eea853f1d.webp,category_mismatch|manual_review_required,manual_review,/coloring-pages/animals|/coloring-pages|/coloring-pages/playing-cards,,
animals-playing-cards__animals-camels-wildlife__3f56804078,animals-playing-cards,animals-camels-wildlife-3f56804078.svg,pipeline/r2-upload/coloring-pages/svg/animals-playing-cards/animals-camels-wildlife-3f56804078.svg,pipeline/r2-upload/coloring-pages/webp/animals-playing-cards/animals-camels-wildlife-3f56804078.webp,Animals Camels Wildlife,animals-camels-wildlife-3f56804078,coloring-pages/svg/animals-playing-cards/animals-camels-wildlife-3f56804078.svg,coloring-pages/webp/animals-playing-cards/animals-camels-wildlife-3f56804078.webp,category_mismatch|manual_review_required,manual_review,/coloring-pages/animals|/coloring-pages|/coloring-pages/playing-cards,,
animals-playing-cards__animals-cats__5549bb6efc,animals-playing-cards,animals-cats-5549bb6efc.svg,pipeline/r2-upload/coloring-pages/svg/animals-playing-cards/animals-cats-5549bb6efc.svg,pipeline/r2-upload/coloring-pages/webp/animals-playing-cards/animals-cats-5549bb6efc.webp,Animals Cats,animals-cats-5549bb6efc,coloring-pages/svg/animals-playing-cards/animals-cats-5549bb6efc.svg,coloring-pages/webp/animals-playing-cards/animals-cats-5549bb6efc.webp,category_mismatch|manual_review_required,manual_review,/coloring-pages/animals|/coloring-pages/cats|/coloring-pages|/coloring-pages/playing-cards,,
animals-playing-cards__animals-cats-wildlife__0bb744d570,animals-playing-cards,animals-cats-wildlife-0bb744d570.svg,pipeline/r2-upload/coloring-pages/svg/animals-playing-cards/animals-cats-wildlife-0bb744d570.svg,pipeline/r2-upload/coloring-pages/webp/animals-playing-cards/animals-cats-wildlife-0bb744d570.webp,Animals Cats Wildlife,animals-cats-wildlife-0bb744d570,coloring-pages/svg/animals-playing-cards/animals-cats-wildlife-0bb744d570.svg,coloring-pages/webp/animals-playing-cards/animals-cats-wildlife-0bb744d570.webp,category_mismatch|manual_review_required,manual_review,/coloring-pages/animals|/coloring-pages/cats|/coloring-pages|/coloring-pages/playing-cards,,
animals-playing-cards__animals-cheetahs__c95563d701,animals-playing-cards,animals-cheetahs-c95563d701.svg,pipeline/r2-upload/coloring-pages/svg/animals-playing-cards/animals-cheetahs-c95563d701.svg,pipeline/r2-upload/coloring-pages/webp/animals-playing-cards/animals-cheetahs-c95563d701.webp,Animals Cheetahs,animals-cheetahs-c95563d701,coloring-pages/svg/animals-playing-cards/animals-cheetahs-c95563d701.svg,coloring-pages/webp/animals-playing-cards/animals-cheetahs-c95563d701.webp,category_mismatch|manual_review_required,manual_review,/coloring-pages/animals|/coloring-pages|/coloring-pages/playing-cards,,
animals-playing-cards__animals-cheetahs-wildlife__85ac4f4ade,animals-playing-cards,animals-cheetahs-wildlife-85ac4f4ade.svg,pipeline/r2-upload/coloring-pages/svg/animals-playing-cards/animals-cheetahs-wildlife-85ac4f4ade.svg,pipeline/r2-upload/coloring-pages/webp/animals-playing-cards/animals-cheetahs-wildlife-85ac4f4ade.webp,Animals Cheetahs Wildlife,animals-cheetahs-wildlife-85ac4f4ade,coloring-pages/svg/animals-playing-cards/animals-cheetahs-wildlife-85ac4f4ade.svg,coloring-pages/webp/animals-playing-cards/animals-cheetahs-wildlife-85ac4f4ade.webp,category_mismatch|manual_review_required,manual_review,/coloring-pages/animals|/coloring-pages|/coloring-pages/playing-cards,,
animals-playing-cards__animals-chimpanzees-wildlife__ba86bc198c,animals-playing-cards,animals-chimpanzees-wildlife-ba86bc198c.svg,pipeline/r2-upload/coloring-pages/svg/animals-playing-cards/animals-chimpanzees-wildlife-ba86bc198c.svg,pipeline/r2-upload/coloring-pages/webp/animals-playing-cards/animals-chimpanzees-wildlife-ba86bc198c.webp,Animals Chimpanzees Wildlife,animals-chimpanzees-wildlife-ba86bc198c,coloring-pages/svg/animals-playing-cards/animals-chimpanzees-wildlife-ba86bc198c.svg,coloring-pages/webp/animals-playing-cards/animals-chimpanzees-wildlife-ba86bc198c.webp,category_mismatch|manual_review_required,manual_review,/coloring-pages/animals|/coloring-pages|/coloring-pages/playing-cards,,
animals-playing-cards__animals-cows__78bb274ac3,animals-playing-cards,animals-cows-78bb274ac3.svg,pipeline/r2-upload/coloring-pages/svg/animals-playing-cards/animals-cows-78bb274ac3.svg,pipeline/r2-upload/coloring-pages/webp/animals-playing-cards/animals-cows-78bb274ac3.webp,Animals Cows,animals-cows-78bb274ac3,coloring-pages/svg/animals-playing-cards/animals-cows-78bb274ac3.svg,coloring-pages/webp/animals-playing-cards/animals-cows-78bb274ac3.webp,category_mismatch|manual_review_required,manual_review,/coloring-pages/animals|/coloring-pages|/coloring-pages/playing-cards,,
animals-playing-cards__animals-cows-wildlife__4123d8762a,animals-playing-cards,animals-cows-wildlife-4123d8762a.svg,pipeline/r2-upload/coloring-pages/svg/animals-playing-cards/animals-cows-wildlife-4123d8762a.svg,pipeline/r2-upload/coloring-pages/webp/animals-playing-cards/animals-cows-wildlife-4123d8762a.webp,Animals Cows Wildlife,animals-cows-wildlife-4123d8762a,coloring-pages/svg/animals-playing-cards/animals-cows-wildlife-4123d8762a.svg,coloring-pages/webp/animals-playing-cards/animals-cows-wildlife-4123d8762a.webp,category_mismatch|manual_review_required,manual_review,/coloring-pages/animals|/coloring-pages|/coloring-pages/playing-cards,,
animals-playing-cards__animals-donkeys__33373fda54,animals-playing-cards,animals-donkeys-33373fda54.svg,pipeline/r2-upload/coloring-pages/svg/animals-playing-cards/animals-donkeys-33373fda54.svg,pipeline/r2-upload/coloring-pages/webp/animals-playing-cards/animals-donkeys-33373fda54.webp,Animals Donkeys,animals-donkeys-33373fda54,coloring-pages/svg/animals-playing-cards/animals-donkeys-33373fda54.svg,coloring-pages/webp/animals-playing-cards/animals-donkeys-33373fda54.webp,category_mismatch|manual_review_required,manual_review,/coloring-pages/animals|/coloring-pages|/coloring-pages/playing-cards,,
animals-playing-cards__animals-donkeys-wildlife__45fa146cf7,animals-playing-cards,animals-donkeys-wildlife-45fa146cf7.svg,pipeline/r2-upload/coloring-pages/svg/animals-playing-cards/animals-donkeys-wildlife-45fa146cf7.svg,pipeline/r2-upload/coloring-pages/webp/animals-playing-cards/animals-donkeys-wildlife-45fa146cf7.webp,Animals Donkeys Wildlife,animals-donkeys-wildlife-45fa146cf7,coloring-pages/svg/animals-playing-cards/animals-donkeys-wildlife-45fa146cf7.svg,coloring-pages/webp/animals-playing-cards/animals-donkeys-wildlife-45fa146cf7.webp,category_mismatch|manual_review_required,manual_review,/coloring-pages/animals|/coloring-pages|/coloring-pages/playing-cards,,
animals-playing-cards__animals-elephants__98bfda132d,animals-playing-cards,animals-elephants-98bfda132d.svg,pipeline/r2-upload/coloring-pages/svg/animals-playing-cards/animals-elephants-98bfda132d.svg,pipeline/r2-upload/coloring-pages/webp/animals-playing-cards/animals-elephants-98bfda132d.webp,Animals Elephants,animals-elephants-98bfda132d,coloring-pages/svg/animals-playing-cards/animals-elephants-98bfda132d.svg,coloring-pages/webp/animals-playing-cards/animals-elephants-98bfda132d.webp,category_mismatch|manual_review_required,manual_review,/coloring-pages/animals|/coloring-pages|/coloring-pages/playing-cards,,
animals-playing-cards__animals-elephants-wildlife__2c329b3eeb,animals-playing-cards,animals-elephants-wildlife-2c329b3eeb.svg,pipeline/r2-upload/coloring-pages/svg/animals-playing-cards/animals-elephants-wildlife-2c329b3eeb.svg,pipeline/r2-upload/coloring-pages/webp/animals-playing-cards/animals-elephants-wildlife-2c329b3eeb.webp,Animals Elephants Wildlife,animals-elephants-wildlife-2c329b3eeb,coloring-pages/svg/animals-playing-cards/animals-elephants-wildlife-2c329b3eeb.svg,coloring-pages/webp/animals-playing-cards/animals-elephants-wildlife-2c329b3eeb.webp,category_mismatch|manual_review_required,manual_review,/coloring-pages/animals|/coloring-pages|/coloring-pages/playing-cards,,
animals-playing-cards__animals-foxes__147d9e60c8,animals-playing-cards,animals-foxes-147d9e60c8.svg,pipeline/r2-upload/coloring-pages/svg/animals-playing-cards/animals-foxes-147d9e60c8.svg,pipeline/r2-upload/coloring-pages/webp/animals-playing-cards/animals-foxes-147d9e60c8.webp,Animals Foxes,animals-foxes-147d9e60c8,coloring-pages/svg/animals-playing-cards/animals-foxes-147d9e60c8.svg,coloring-pages/webp/animals-playing-cards/animals-foxes-147d9e60c8.webp,category_mismatch|manual_review_required,manual_review,/coloring-pages/animals|/coloring-pages|/coloring-pages/playing-cards,,
animals-playing-cards__animals-foxes-wildlife__115be421d7,animals-playing-cards,animals-foxes-wildlife-115be421d7.svg,pipeline/r2-upload/coloring-pages/svg/animals-playing-cards/animals-foxes-wildlife-115be421d7.svg,pipeline/r2-upload/coloring-pages/webp/animals-playing-cards/animals-foxes-wildlife-115be421d7.webp,Animals Foxes Wildlife,animals-foxes-wildlife-115be421d7,coloring-pages/svg/animals-playing-cards/animals-foxes-wildlife-115be421d7.svg,coloring-pages/webp/animals-playing-cards/animals-foxes-wildlife-115be421d7.webp,category_mismatch|manual_review_required,manual_review,/coloring-pages/animals|/coloring-pages|/coloring-pages/playing-cards,,
animals-playing-cards__animals-giraffes__a8e6c42325,animals-playing-cards,animals-giraffes-a8e6c42325.svg,pipeline/r2-upload/coloring-pages/svg/animals-playing-cards/animals-giraffes-a8e6c42325.svg,pipeline/r2-upload/coloring-pages/webp/animals-playing-cards/animals-giraffes-a8e6c42325.webp,Animals Giraffes,animals-giraffes-a8e6c42325,coloring-pages/svg/animals-playing-cards/animals-giraffes-a8e6c42325.svg,coloring-pages/webp/animals-playing-cards/animals-giraffes-a8e6c42325.webp,category_mismatch|manual_review_required,manual_review,/coloring-pages/animals|/coloring-pages|/coloring-pages/playing-cards,,
animals-playing-cards__animals-giraffes-family__217606f66f,animals-playing-cards,animals-giraffes-family-217606f66f.svg,pipeline/r2-upload/coloring-pages/svg/animals-playing-cards/animals-giraffes-family-217606f66f.svg,pipeline/r2-upload/coloring-pages/webp/animals-playing-cards/animals-giraffes-family-217606f66f.webp,Animals Giraffes Family,animals-giraffes-family-217606f66f,coloring-pages/svg/animals-playing-cards/animals-giraffes-family-217606f66f.svg,coloring-pages/webp/animals-playing-cards/animals-giraffes-family-217606f66f.webp,category_mismatch|manual_review_required,manual_review,/coloring-pages/animals|/coloring-pages|/coloring-pages/playing-cards,,
animals-playing-cards__animals-gorillas__479f3e2984,animals-playing-cards,animals-gorillas-479f3e2984.svg,pipeline/r2-upload/coloring-pages/svg/animals-playing-cards/animals-gorillas-479f3e2984.svg,pipeline/r2-upload/coloring-pages/webp/animals-playing-cards/animals-gorillas-479f3e2984.webp,Animals Gorillas,animals-gorillas-479f3e2984,coloring-pages/svg/animals-playing-cards/animals-gorillas-479f3e2984.svg,coloring-pages/webp/animals-playing-cards/animals-gorillas-479f3e2984.webp,category_mismatch|manual_review_required,manual_review,/coloring-pages/animals|/coloring-pages|/coloring-pages/playing-cards,,
animals-playing-cards__animals-hedgehogs__b83a3575d1,animals-playing-cards,animals-hedgehogs-b83a3575d1.svg,pipeline/r2-upload/coloring-pages/svg/animals-playing-cards/animals-hedgehogs-b83a3575d1.svg,pipeline/r2-upload/coloring-pages/webp/animals-playing-cards/animals-hedgehogs-b83a3575d1.webp,Animals Hedgehogs,animals-hedgehogs-b83a3575d1,coloring-pages/svg/animals-playing-cards/animals-hedgehogs-b83a3575d1.svg,coloring-pages/webp/animals-playing-cards/animals-hedgehogs-b83a3575d1.webp,category_mismatch|manual_review_required,manual_review,/coloring-pages/animals|/coloring-pages|/coloring-pages/playing-cards,,
animals-playing-cards__animals-hippos__82dc1fb042,animals-playing-cards,animals-hippos-82dc1fb042.svg,pipeline/r2-upload/coloring-pages/svg/animals-playing-cards/animals-hippos-82dc1fb042.svg,pipeline/r2-upload/coloring-pages/webp/animals-playing-cards/animals-hippos-82dc1fb042.webp,Animals Hippos,animals-hippos-82dc1fb042,coloring-pages/svg/animals-playing-cards/animals-hippos-82dc1fb042.svg,coloring-pages/webp/animals-playing-cards/animals-hippos-82dc1fb042.webp,category_mismatch|manual_review_required,manual_review,/coloring-pages/animals|/coloring-pages|/coloring-pages/playing-cards,,
animals-playing-cards__animals-horses__c3a6ea4b1f,animals-playing-cards,animals-horses-c3a6ea4b1f.svg,pipeline/r2-upload/coloring-pages/svg/animals-playing-cards/animals-horses-c3a6ea4b1f.svg,pipeline/r2-upload/coloring-pages/webp/animals-playing-cards/animals-horses-c3a6ea4b1f.webp,Animals Horses,animals-horses-c3a6ea4b1f,coloring-pages/svg/animals-playing-cards/animals-horses-c3a6ea4b1f.svg,coloring-pages/webp/animals-playing-cards/animals-horses-c3a6ea4b1f.webp,category_mismatch|manual_review_required,manual_review,/coloring-pages/animals|/coloring-pages|/coloring-pages/playing-cards,,
animals-playing-cards__animals-jaguars__042765b64b,animals-playing-cards,animals-jaguars-042765b64b.svg,pipeline/r2-upload/coloring-pages/svg/animals-playing-cards/animals-jaguars-042765b64b.svg,pipeline/r2-upload/coloring-pages/webp/animals-playing-cards/animals-jaguars-042765b64b.webp,Animals Jaguars,animals-jaguars-042765b64b,coloring-pages/svg/animals-playing-cards/animals-jaguars-042765b64b.svg,coloring-pages/webp/animals-playing-cards/animals-jaguars-042765b64b.webp,category_mismatch|manual_review_required,manual_review,/coloring-pages/animals|/coloring-pages|/coloring-pages/playing-cards,,
animals-playing-cards__animals-kangaroos__b389b10d26,animals-playing-cards,animals-kangaroos-b389b10d26.svg,pipeline/r2-upload/coloring-pages/svg/animals-playing-cards/animals-kangaroos-b389b10d26.svg,pipeline/r2-upload/coloring-pages/webp/animals-playing-cards/animals-kangaroos-b389b10d26.webp,Animals Kangaroos,animals-kangaroos-b389b10d26,coloring-pages/svg/animals-playing-cards/animals-kangaroos-b389b10d26.svg,coloring-pages/webp/animals-playing-cards/animals-kangaroos-b389b10d26.webp,category_mismatch|manual_review_required,manual_review,/coloring-pages/animals|/coloring-pages|/coloring-pages/playing-cards,,
animals-playing-cards__animals-kittens__8845a4bedb,animals-playing-cards,animals-kittens-8845a4bedb.svg,pipeline/r2-upload/coloring-pages/svg/animals-playing-cards/animals-kittens-8845a4bedb.svg,pipeline/r2-upload/coloring-pages/webp/animals-playing-cards/animals-kittens-8845a4bedb.webp,Animals Kittens,animals-kittens-8845a4bedb,coloring-pages/svg/animals-playing-cards/animals-kittens-8845a4bedb.svg,coloring-pages/webp/animals-playing-cards/animals-kittens-8845a4bedb.webp,category_mismatch|manual_review_required,manual_review,/coloring-pages/animals|/coloring-pages/cats|/coloring-pages|/coloring-pages/for-kids|/coloring-pages/playing-cards,,
animals-playing-cards__animals-koalas__6452f2615c,animals-playing-cards,animals-koalas-6452f2615c.svg,pipeline/r2-upload/coloring-pages/svg/animals-playing-cards/animals-koalas-6452f2615c.svg,pipeline/r2-upload/coloring-pages/webp/animals-playing-cards/animals-koalas-6452f2615c.webp,Animals Koalas,animals-koalas-6452f2615c,coloring-pages/svg/animals-playing-cards/animals-koalas-6452f2615c.svg,coloring-pages/webp/animals-playing-cards/animals-koalas-6452f2615c.webp,category_mismatch|manual_review_required,manual_review,/coloring-pages/animals|/coloring-pages|/coloring-pages/playing-cards,,
animals-playing-cards__animals-lemurs__ae21a8b90b,animals-playing-cards,animals-lemurs-ae21a8b90b.svg,pipeline/r2-upload/coloring-pages/svg/animals-playing-cards/animals-lemurs-ae21a8b90b.svg,pipeline/r2-upload/coloring-pages/webp/animals-playing-cards/animals-lemurs-ae21a8b90b.webp,Animals Lemurs,animals-lemurs-ae21a8b90b,coloring-pages/svg/animals-playing-cards/animals-lemurs-ae21a8b90b.svg,coloring-pages/webp/animals-playing-cards/animals-lemurs-ae21a8b90b.webp,category_mismatch|manual_review_required,manual_review,/coloring-pages/animals|/coloring-pages|/coloring-pages/playing-cards,,
animals-playing-cards__animals-llamas__1585238a2a,animals-playing-cards,animals-llamas-1585238a2a.svg,pipeline/r2-upload/coloring-pages/svg/animals-playing-cards/animals-llamas-1585238a2a.svg,pipeline/r2-upload/coloring-pages/webp/animals-playing-cards/animals-llamas-1585238a2a.webp,Animals Llamas,animals-llamas-1585238a2a,coloring-pages/svg/animals-playing-cards/animals-llamas-1585238a2a.svg,coloring-pages/webp/animals-playing-cards/animals-llamas-1585238a2a.webp,category_mismatch|manual_review_required,manual_review,/coloring-pages/animals|/coloring-pages|/coloring-pages/playing-cards,,
animals-playing-cards__animals-moose__9a63eaf49d,animals-playing-cards,animals-moose-9a63eaf49d.svg,pipeline/r2-upload/coloring-pages/svg/animals-playing-cards/animals-moose-9a63eaf49d.svg,pipeline/r2-upload/coloring-pages/webp/animals-playing-cards/animals-moose-9a63eaf49d.webp,Animals Moose,animals-moose-9a63eaf49d,coloring-pages/svg/animals-playing-cards/animals-moose-9a63eaf49d.svg,coloring-pages/webp/animals-playing-cards/animals-moose-9a63eaf49d.webp,category_mismatch|manual_review_required,manual_review,/coloring-pages/animals|/coloring-pages|/coloring-pages/playing-cards,,
animals-playing-cards__animals-mouse__22d1041af7,animals-playing-cards,animals-mouse-22d1041af7.svg,pipeline/r2-upload/coloring-pages/svg/animals-playing-cards/animals-mouse-22d1041af7.svg,pipeline/r2-upload/coloring-pages/webp/animals-playing-cards/animals-mouse-22d1041af7.webp,Animals Mouse,animals-mouse-22d1041af7,coloring-pages/svg/animals-playing-cards/animals-mouse-22d1041af7.svg,coloring-pages/webp/animals-playing-cards/animals-mouse-22d1041af7.webp,category_mismatch|manual_review_required,manual_review,/coloring-pages/animals|/coloring-pages|/coloring-pages/playing-cards,,
animals-playing-cards__animals-orangutans__413827cb31,animals-playing-cards,animals-orangutans-413827cb31.svg,pipeline/r2-upload/coloring-pages/svg/animals-playing-cards/animals-orangutans-413827cb31.svg,pipeline/r2-upload/coloring-pages/webp/animals-playing-cards/animals-orangutans-413827cb31.webp,Animals Orangutans,animals-orangutans-413827cb31,coloring-pages/svg/animals-playing-cards/animals-orangutans-413827cb31.svg,coloring-pages/webp/animals-playing-cards/animals-orangutans-413827cb31.webp,category_mismatch|manual_review_required,manual_review,/coloring-pages/animals|/coloring-pages|/coloring-pages/playing-cards,,
animals-playing-cards__animals-pandas__4e2fd61c5e,animals-playing-cards,animals-pandas-4e2fd61c5e.svg,pipeline/r2-upload/coloring-pages/svg/animals-playing-cards/animals-pandas-4e2fd61c5e.svg,pipeline/r2-upload/coloring-pages/webp/animals-playing-cards/animals-pandas-4e2fd61c5e.webp,Animals Pandas,animals-pandas-4e2fd61c5e,coloring-pages/svg/animals-playing-cards/animals-pandas-4e2fd61c5e.svg,coloring-pages/webp/animals-playing-cards/animals-pandas-4e2fd61c5e.webp,category_mismatch|manual_review_required,manual_review,/coloring-pages/animals|/coloring-pages|/coloring-pages/playing-cards,,
animals-playing-cards__animals-panthers__1de2e09061,animals-playing-cards,animals-panthers-1de2e09061.svg,pipeline/r2-upload/coloring-pages/svg/animals-playing-cards/animals-panthers-1de2e09061.svg,pipeline/r2-upload/coloring-pages/webp/animals-playing-cards/animals-panthers-1de2e09061.webp,Animals Panthers,animals-panthers-1de2e09061,coloring-pages/svg/animals-playing-cards/animals-panthers-1de2e09061.svg,coloring-pages/webp/animals-playing-cards/animals-panthers-1de2e09061.webp,category_mismatch|manual_review_required,manual_review,/coloring-pages/animals|/coloring-pages|/coloring-pages/playing-cards,,
animals-playing-cards__animals-porcupines__f81b1f4c0b,animals-playing-cards,animals-porcupines-f81b1f4c0b.svg,pipeline/r2-upload/coloring-pages/svg/animals-playing-cards/animals-porcupines-f81b1f4c0b.svg,pipeline/r2-upload/coloring-pages/webp/animals-playing-cards/animals-porcupines-f81b1f4c0b.webp,Animals Porcupines,animals-porcupines-f81b1f4c0b,coloring-pages/svg/animals-playing-cards/animals-porcupines-f81b1f4c0b.svg,coloring-pages/webp/animals-playing-cards/animals-porcupines-f81b1f4c0b.webp,category_mismatch|manual_review_required,manual_review,/coloring-pages/animals|/coloring-pages|/coloring-pages/playing-cards,,
animals-playing-cards__animals-possums__f9a6b3153f,animals-playing-cards,animals-possums-f9a6b3153f.svg,pipeline/r2-upload/coloring-pages/svg/animals-playing-cards/animals-possums-f9a6b3153f.svg,pipeline/r2-upload/coloring-pages/webp/animals-playing-cards/animals-possums-f9a6b3153f.webp,Animals Possums,animals-possums-f9a6b3153f,coloring-pages/svg/animals-playing-cards/animals-possums-f9a6b3153f.svg,coloring-pages/webp/animals-playing-cards/animals-possums-f9a6b3153f.webp,category_mismatch|manual_review_required,manual_review,/coloring-pages/animals|/coloring-pages|/coloring-pages/playing-cards,,
animals-playing-cards__animals-pride-of-lions__ce74e725e8,animals-playing-cards,animals-pride-of-lions-ce74e725e8.svg,pipeline/r2-upload/coloring-pages/svg/animals-playing-cards/animals-pride-of-lions-ce74e725e8.svg,pipeline/r2-upload/coloring-pages/webp/animals-playing-cards/animals-pride-of-lions-ce74e725e8.webp,Animals Pride Of Lions,animals-pride-of-lions-ce74e725e8,coloring-pages/svg/animals-playing-cards/animals-pride-of-lions-ce74e725e8.svg,coloring-pages/webp/animals-playing-cards/animals-pride-of-lions-ce74e725e8.webp,category_mismatch|manual_review_required,manual_review,/coloring-pages/animals|/coloring-pages|/coloring-pages/playing-cards,,
animals-playing-cards__animals-rabbits__b4d3aea3a8,animals-playing-cards,animals-rabbits-b4d3aea3a8.svg,pipeline/r2-upload/coloring-pages/svg/animals-playing-cards/animals-rabbits-b4d3aea3a8.svg,pipeline/r2-upload/coloring-pages/webp/animals-playing-cards/animals-rabbits-b4d3aea3a8.webp,Animals Rabbits,animals-rabbits-b4d3aea3a8,coloring-pages/svg/animals-playing-cards/animals-rabbits-b4d3aea3a8.svg,coloring-pages/webp/animals-playing-cards/animals-rabbits-b4d3aea3a8.webp,category_mismatch|manual_review_required,manual_review,/coloring-pages/animals|/coloring-pages|/coloring-pages/playing-cards,,
animals-playing-cards__animals-raccoons__9ff6a3f65e,animals-playing-cards,animals-raccoons-9ff6a3f65e.svg,pipeline/r2-upload/coloring-pages/svg/animals-playing-cards/animals-raccoons-9ff6a3f65e.svg,pipeline/r2-upload/coloring-pages/webp/animals-playing-cards/animals-raccoons-9ff6a3f65e.webp,Animals Raccoons,animals-raccoons-9ff6a3f65e,coloring-pages/svg/animals-playing-cards/animals-raccoons-9ff6a3f65e.svg,coloring-pages/webp/animals-playing-cards/animals-raccoons-9ff6a3f65e.webp,category_mismatch|manual_review_required,manual_review,/coloring-pages/animals|/coloring-pages|/coloring-pages/playing-cards,,
animals-playing-cards__animals-rams__3ace98d68f,animals-playing-cards,animals-rams-3ace98d68f.svg,pipeline/r2-upload/coloring-pages/svg/animals-playing-cards/animals-rams-3ace98d68f.svg,pipeline/r2-upload/coloring-pages/webp/animals-playing-cards/animals-rams-3ace98d68f.webp,Animals Rams,animals-rams-3ace98d68f,coloring-pages/svg/animals-playing-cards/animals-rams-3ace98d68f.svg,coloring-pages/webp/animals-playing-cards/animals-rams-3ace98d68f.webp,category_mismatch|manual_review_required,manual_review,/coloring-pages/animals|/coloring-pages|/coloring-pages/playing-cards,,
animals-playing-cards__animals-rhinos-charging-safari__1c9398e6e2,animals-playing-cards,animals-rhinos-charging-safari-1c9398e6e2.svg,pipeline/r2-upload/coloring-pages/svg/animals-playing-cards/animals-rhinos-charging-safari-1c9398e6e2.svg,pipeline/r2-upload/coloring-pages/webp/animals-playing-cards/animals-rhinos-charging-safari-1c9398e6e2.webp,Animals Rhinos Charging Safari,animals-rhinos-charging-safari-1c9398e6e2,coloring-pages/svg/animals-playing-cards/animals-rhinos-charging-safari-1c9398e6e2.svg,coloring-pages/webp/animals-playing-cards/animals-rhinos-charging-safari-1c9398e6e2.webp,category_mismatch|manual_review_required,manual_review,/coloring-pages/animals|/coloring-pages|/coloring-pages/playing-cards,,
animals-playing-cards__animals-sheep-grazing__14002743a6,animals-playing-cards,animals-sheep-grazing-14002743a6.svg,pipeline/r2-upload/coloring-pages/svg/animals-playing-cards/animals-sheep-grazing-14002743a6.svg,pipeline/r2-upload/coloring-pages/webp/animals-playing-cards/animals-sheep-grazing-14002743a6.webp,Animals Sheep Grazing,animals-sheep-grazing-14002743a6,coloring-pages/svg/animals-playing-cards/animals-sheep-grazing-14002743a6.svg,coloring-pages/webp/animals-playing-cards/animals-sheep-grazing-14002743a6.webp,category_mismatch|manual_review_required,manual_review,/coloring-pages/animals|/coloring-pages|/coloring-pages/playing-cards,,
animals-playing-cards__animals-skunks__52b1166b6f,animals-playing-cards,animals-skunks-52b1166b6f.svg,pipeline/r2-upload/coloring-pages/svg/animals-playing-cards/animals-skunks-52b1166b6f.svg,pipeline/r2-upload/coloring-pages/webp/animals-playing-cards/animals-skunks-52b1166b6f.webp,Animals Skunks,animals-skunks-52b1166b6f,coloring-pages/svg/animals-playing-cards/animals-skunks-52b1166b6f.svg,coloring-pages/webp/animals-playing-cards/animals-skunks-52b1166b6f.webp,category_mismatch|manual_review_required,manual_review,/coloring-pages/animals|/coloring-pages|/coloring-pages/playing-cards,,
animals-playing-cards__animals-sloths__1347b1b12f,animals-playing-cards,animals-sloths-1347b1b12f.svg,pipeline/r2-upload/coloring-pages/svg/animals-playing-cards/animals-sloths-1347b1b12f.svg,pipeline/r2-upload/coloring-pages/webp/animals-playing-cards/animals-sloths-1347b1b12f.webp,Animals Sloths,animals-sloths-1347b1b12f,coloring-pages/svg/animals-playing-cards/animals-sloths-1347b1b12f.svg,coloring-pages/webp/animals-playing-cards/animals-sloths-1347b1b12f.webp,category_mismatch|manual_review_required,manual_review,/coloring-pages/animals|/coloring-pages|/coloring-pages/playing-cards,,
animals-playing-cards__animals-squirrels__94607cbbd3,animals-playing-cards,animals-squirrels-94607cbbd3.svg,pipeline/r2-upload/coloring-pages/svg/animals-playing-cards/animals-squirrels-94607cbbd3.svg,pipeline/r2-upload/coloring-pages/webp/animals-playing-cards/animals-squirrels-94607cbbd3.webp,Animals Squirrels,animals-squirrels-94607cbbd3,coloring-pages/svg/animals-playing-cards/animals-squirrels-94607cbbd3.svg,coloring-pages/webp/animals-playing-cards/animals-squirrels-94607cbbd3.webp,category_mismatch|manual_review_required,manual_review,/coloring-pages/animals|/coloring-pages|/coloring-pages/playing-cards,,
animals-playing-cards__animals-tigers__10e4256793,animals-playing-cards,animals-tigers-10e4256793.svg,pipeline/r2-upload/coloring-pages/svg/animals-playing-cards/animals-tigers-10e4256793.svg,pipeline/r2-upload/coloring-pages/webp/animals-playing-cards/animals-tigers-10e4256793.webp,Animals Tigers,animals-tigers-10e4256793,coloring-pages/svg/animals-playing-cards/animals-tigers-10e4256793.svg,coloring-pages/webp/animals-playing-cards/animals-tigers-10e4256793.webp,category_mismatch|manual_review_required,manual_review,/coloring-pages/animals|/coloring-pages|/coloring-pages/playing-cards,,
animals-playing-cards__animals-wolverines__e09f9209c8,animals-playing-cards,animals-wolverines-e09f9209c8.svg,pipeline/r2-upload/coloring-pages/svg/animals-playing-cards/animals-wolverines-e09f9209c8.svg,pipeline/r2-upload/coloring-pages/webp/animals-playing-cards/animals-wolverines-e09f9209c8.webp,Animals Wolverines,animals-wolverines-e09f9209c8,coloring-pages/svg/animals-playing-cards/animals-wolverines-e09f9209c8.svg,coloring-pages/webp/animals-playing-cards/animals-wolverines-e09f9209c8.webp,category_mismatch|manual_review_required,manual_review,/coloring-pages/animals|/coloring-pages|/coloring-pages/playing-cards,,
animals-playing-cards__animals-wolves__688d55497c,animals-playing-cards,animals-wolves-688d55497c.svg,pipeline/r2-upload/coloring-pages/svg/animals-playing-cards/animals-wolves-688d55497c.svg,pipeline/r2-upload/coloring-pages/webp/animals-playing-cards/animals-wolves-688d55497c.webp,Animals Wolves,animals-wolves-688d55497c,coloring-pages/svg/animals-playing-cards/animals-wolves-688d55497c.svg,coloring-pages/webp/animals-playing-cards/animals-wolves-688d55497c.webp,category_mismatch|manual_review_required,manual_review,/coloring-pages/animals|/coloring-pages|/coloring-pages/playing-cards,,
animals-playing-cards__animals-zebras__f13de62547,animals-playing-cards,animals-zebras-f13de62547.svg,pipeline/r2-upload/coloring-pages/svg/animals-playing-cards/animals-zebras-f13de62547.svg,pipeline/r2-upload/coloring-pages/webp/animals-playing-cards/animals-zebras-f13de62547.webp,Animals Zebras,animals-zebras-f13de62547,coloring-pages/svg/animals-playing-cards/animals-zebras-f13de62547.svg,coloring-pages/webp/animals-playing-cards/animals-zebras-f13de62547.webp,category_mismatch|manual_review_required,manual_review,/coloring-pages/animals|/coloring-pages|/coloring-pages/playing-cards,,
animals-playing-cards__mice-playing-cards__4c3ddb81e4,animals-playing-cards,mice-playing-cards-4c3ddb81e4.svg,pipeline/r2-upload/coloring-pages/svg/animals-playing-cards/mice-playing-cards-4c3ddb81e4.svg,pipeline/r2-upload/coloring-pages/webp/animals-playing-cards/mice-playing-cards-4c3ddb81e4.webp,Mice Playing Cards,mice-playing-cards-4c3ddb81e4,coloring-pages/svg/animals-playing-cards/mice-playing-cards-4c3ddb81e4.svg,coloring-pages/webp/animals-playing-cards/mice-playing-cards-4c3ddb81e4.webp,category_mismatch|manual_review_required,manual_review,/coloring-pages/animals|/coloring-pages|/coloring-pages/playing-cards,,
animals-playing-cards__nimals-chimpanzees__07231edf82,animals-playing-cards,nimals-chimpanzees-07231edf82.svg,pipeline/r2-upload/coloring-pages/svg/animals-playing-cards/nimals-chimpanzees-07231edf82.svg,pipeline/r2-upload/coloring-pages/webp/animals-playing-cards/nimals-chimpanzees-07231edf82.webp,Nimals Chimpanzees,nimals-chimpanzees-07231edf82,coloring-pages/svg/animals-playing-cards/nimals-chimpanzees-07231edf82.svg,coloring-pages/webp/animals-playing-cards/nimals-chimpanzees-07231edf82.webp,category_mismatch|manual_review_required,manual_review,/coloring-pages/animals|/coloring-pages|/coloring-pages/playing-cards,,
birds__birds__0e59b2890e,birds,birds-0e59b2890e.svg,pipeline/r2-upload/coloring-pages/svg/birds/birds-0e59b2890e.svg,pipeline/r2-upload/coloring-pages/webp/birds/birds-0e59b2890e.webp,Birds,birds-0e59b2890e,coloring-pages/svg/birds/birds-0e59b2890e.svg,coloring-pages/webp/birds/birds-0e59b2890e.webp,vague_subject|manual_review_required,manual_review,/coloring-pages/animals|/coloring-pages/birds|/coloring-pages,,
chibi__hibi-amphithere__a300b5a5e4,chibi,hibi-amphithere-a300b5a5e4.svg,pipeline/r2-upload/coloring-pages/svg/chibi/hibi-amphithere-a300b5a5e4.svg,pipeline/r2-upload/coloring-pages/webp/chibi/hibi-amphithere-a300b5a5e4.webp,Hibi Amphithere,hibi-amphithere-a300b5a5e4,coloring-pages/svg/chibi/hibi-amphithere-a300b5a5e4.svg,coloring-pages/webp/chibi/hibi-amphithere-a300b5a5e4.webp,category_mismatch|manual_review_required,manual_review,/coloring-pages/chibi|/coloring-pages|/coloring-pages/easy|/coloring-pages/for-kids,,
chibi__hibi-stegosaurus__ac10af3209,chibi,hibi-stegosaurus-ac10af3209.svg,pipeline/r2-upload/coloring-pages/svg/chibi/hibi-stegosaurus-ac10af3209.svg,pipeline/r2-upload/coloring-pages/webp/chibi/hibi-stegosaurus-ac10af3209.webp,Hibi Stegosaurus,hibi-stegosaurus-ac10af3209,coloring-pages/svg/chibi/hibi-stegosaurus-ac10af3209.svg,coloring-pages/webp/chibi/hibi-stegosaurus-ac10af3209.webp,category_mismatch|manual_review_required,manual_review,/coloring-pages/animals|/coloring-pages/chibi|/coloring-pages|/coloring-pages/dinosaurs|/coloring-pages/easy|/coloring-pages/for-kids|/coloring-pages/prehistoric-animals,,
dragons__dragon-playing-card__dcfa490187,dragons,dragon-playing-card-dcfa490187.svg,pipeline/r2-upload/coloring-pages/svg/dragons/dragon-playing-card-dcfa490187.svg,pipeline/r2-upload/coloring-pages/webp/dragons/dragon-playing-card-dcfa490187.webp,Dragon Playing Card,dragon-playing-card-dcfa490187,coloring-pages/svg/dragons/dragon-playing-card-dcfa490187.svg,coloring-pages/webp/dragons/dragon-playing-card-dcfa490187.webp,category_mismatch|manual_review_required,manual_review,/coloring-pages|/coloring-pages/fantasy|/coloring-pages/fantasy-creatures|/coloring-pages/fantasy-dragons|/coloring-pages/playing-cards,,
dragons__fantasy-mythology-dragons-dragon-eggs__8aa104cfe2,dragons,fantasy-mythology-dragons-dragon-eggs-8aa104cfe2.svg,pipeline/r2-upload/coloring-pages/svg/dragons/fantasy-mythology-dragons-dragon-eggs-8aa104cfe2.svg,pipeline/r2-upload/coloring-pages/webp/dragons/fantasy-mythology-dragons-dragon-eggs-8aa104cfe2.webp,Fantasy Mythology Dragons Dragon Eggs,fantasy-mythology-dragons-dragon-eggs-8aa104cfe2,coloring-pages/svg/dragons/fantasy-mythology-dragons-dragon-eggs-8aa104cfe2.svg,coloring-pages/webp/dragons/fantasy-mythology-dragons-dragon-eggs-8aa104cfe2.webp,category_mismatch|manual_review_required,manual_review,/coloring-pages|/coloring-pages/fantasy|/coloring-pages/fantasy-creatures|/coloring-pages/fantasy-dragons|/coloring-pages/mythology,,
dragons__fantasy-mythology-dragons-drake-dragon__969a5e4fdd,dragons,fantasy-mythology-dragons-drake-dragon-969a5e4fdd.svg,pipeline/r2-upload/coloring-pages/svg/dragons/fantasy-mythology-dragons-drake-dragon-969a5e4fdd.svg,pipeline/r2-upload/coloring-pages/webp/dragons/fantasy-mythology-dragons-drake-dragon-969a5e4fdd.webp,Fantasy Mythology Dragons Drake Dragon,fantasy-mythology-dragons-drake-dragon-969a5e4fdd,coloring-pages/svg/dragons/fantasy-mythology-dragons-drake-dragon-969a5e4fdd.svg,coloring-pages/webp/dragons/fantasy-mythology-dragons-drake-dragon-969a5e4fdd.webp,category_mismatch|manual_review_required,manual_review,/coloring-pages|/coloring-pages/fantasy|/coloring-pages/fantasy-creatures|/coloring-pages/fantasy-dragons|/coloring-pages/mythology,,
dragons__fantasy-mythology-dragons-gold-hoarding-dragon__9cca9e036c,dragons,fantasy-mythology-dragons-gold-hoarding-dragon-9cca9e036c.svg,pipeline/r2-upload/coloring-pages/svg/dragons/fantasy-mythology-dragons-gold-hoarding-dragon-9cca9e036c.svg,pipeline/r2-upload/coloring-pages/webp/dragons/fantasy-mythology-dragons-gold-hoarding-dragon-9cca9e036c.webp,Fantasy Mythology Dragons Gold Hoarding Dragon,fantasy-mythology-dragons-gold-hoarding-dragon-9cca9e036c,coloring-pages/svg/dragons/fantasy-mythology-dragons-gold-hoarding-dragon-9cca9e036c.svg,coloring-pages/webp/dragons/fantasy-mythology-dragons-gold-hoarding-dragon-9cca9e036c.webp,category_mismatch|manual_review_required,manual_review,/coloring-pages|/coloring-pages/fantasy|/coloring-pages/fantasy-creatures|/coloring-pages/fantasy-dragons|/coloring-pages/mythology,,
dragons__fantasy-mythology-dragons-hydra-dragon__d8e54fd5ef,dragons,fantasy-mythology-dragons-hydra-dragon-d8e54fd5ef.svg,pipeline/r2-upload/coloring-pages/svg/dragons/fantasy-mythology-dragons-hydra-dragon-d8e54fd5ef.svg,pipeline/r2-upload/coloring-pages/webp/dragons/fantasy-mythology-dragons-hydra-dragon-d8e54fd5ef.webp,Fantasy Mythology Dragons Hydra Dragon,fantasy-mythology-dragons-hydra-dragon-d8e54fd5ef,coloring-pages/svg/dragons/fantasy-mythology-dragons-hydra-dragon-d8e54fd5ef.svg,coloring-pages/webp/dragons/fantasy-mythology-dragons-hydra-dragon-d8e54fd5ef.webp,category_mismatch|manual_review_required,manual_review,/coloring-pages|/coloring-pages/fantasy|/coloring-pages/fantasy-creatures|/coloring-pages/fantasy-dragons|/coloring-pages/mythology,,
dragons__fantasy-mythology-dragons-kirin-dragon__5a022c9956,dragons,fantasy-mythology-dragons-kirin-dragon-5a022c9956.svg,pipeline/r2-upload/coloring-pages/svg/dragons/fantasy-mythology-dragons-kirin-dragon-5a022c9956.svg,pipeline/r2-upload/coloring-pages/webp/dragons/fantasy-mythology-dragons-kirin-dragon-5a022c9956.webp,Fantasy Mythology Dragons Kirin Dragon,fantasy-mythology-dragons-kirin-dragon-5a022c9956,coloring-pages/svg/dragons/fantasy-mythology-dragons-kirin-dragon-5a022c9956.svg,coloring-pages/webp/dragons/fantasy-mythology-dragons-kirin-dragon-5a022c9956.webp,category_mismatch|manual_review_required,manual_review,/coloring-pages|/coloring-pages/fantasy|/coloring-pages/fantasy-creatures|/coloring-pages/fantasy-dragons|/coloring-pages/mythology,,
dragons__fantasy-mythology-dragons-leviathan-dragon__d1355eb0db,dragons,fantasy-mythology-dragons-leviathan-dragon-d1355eb0db.svg,pipeline/r2-upload/coloring-pages/svg/dragons/fantasy-mythology-dragons-leviathan-dragon-d1355eb0db.svg,pipeline/r2-upload/coloring-pages/webp/dragons/fantasy-mythology-dragons-leviathan-dragon-d1355eb0db.webp,Fantasy Mythology Dragons Leviathan Dragon,fantasy-mythology-dragons-leviathan-dragon-d1355eb0db,coloring-pages/svg/dragons/fantasy-mythology-dragons-leviathan-dragon-d1355eb0db.svg,coloring-pages/webp/dragons/fantasy-mythology-dragons-leviathan-dragon-d1355eb0db.webp,category_mismatch|manual_review_required,manual_review,/coloring-pages|/coloring-pages/fantasy|/coloring-pages/fantasy-creatures|/coloring-pages/fantasy-dragons|/coloring-pages/mythology,,
dragons__fantasy-mythology-dragons-lindwurm-dragon__820353e925,dragons,fantasy-mythology-dragons-lindwurm-dragon-820353e925.svg,pipeline/r2-upload/coloring-pages/svg/dragons/fantasy-mythology-dragons-lindwurm-dragon-820353e925.svg,pipeline/r2-upload/coloring-pages/webp/dragons/fantasy-mythology-dragons-lindwurm-dragon-820353e925.webp,Fantasy Mythology Dragons Lindwurm Dragon,fantasy-mythology-dragons-lindwurm-dragon-820353e925,coloring-pages/svg/dragons/fantasy-mythology-dragons-lindwurm-dragon-820353e925.svg,coloring-pages/webp/dragons/fantasy-mythology-dragons-lindwurm-dragon-820353e925.webp,category_mismatch|manual_review_required,manual_review,/coloring-pages|/coloring-pages/fantasy|/coloring-pages/fantasy-creatures|/coloring-pages/fantasy-dragons|/coloring-pages/mythology,,
dragons__fantasy-mythology-dragons-lung-dragon__7cc4db1187,dragons,fantasy-mythology-dragons-lung-dragon-7cc4db1187.svg,pipeline/r2-upload/coloring-pages/svg/dragons/fantasy-mythology-dragons-lung-dragon-7cc4db1187.svg,pipeline/r2-upload/coloring-pages/webp/dragons/fantasy-mythology-dragons-lung-dragon-7cc4db1187.webp,Fantasy Mythology Dragons Lung Dragon,fantasy-mythology-dragons-lung-dragon-7cc4db1187,coloring-pages/svg/dragons/fantasy-mythology-dragons-lung-dragon-7cc4db1187.svg,coloring-pages/webp/dragons/fantasy-mythology-dragons-lung-dragon-7cc4db1187.webp,category_mismatch|manual_review_required,manual_review,/coloring-pages|/coloring-pages/fantasy|/coloring-pages/fantasy-creatures|/coloring-pages/fantasy-dragons|/coloring-pages/mythology,,
dragons__fantasy-mythology-dragons-oriental-dragon__5cf04326a1,dragons,fantasy-mythology-dragons-oriental-dragon-5cf04326a1.svg,pipeline/r2-upload/coloring-pages/svg/dragons/fantasy-mythology-dragons-oriental-dragon-5cf04326a1.svg,pipeline/r2-upload/coloring-pages/webp/dragons/fantasy-mythology-dragons-oriental-dragon-5cf04326a1.webp,Fantasy Mythology Dragons Oriental Dragon,fantasy-mythology-dragons-oriental-dragon-5cf04326a1,coloring-pages/svg/dragons/fantasy-mythology-dragons-oriental-dragon-5cf04326a1.svg,coloring-pages/webp/dragons/fantasy-mythology-dragons-oriental-dragon-5cf04326a1.webp,category_mismatch|manual_review_required,manual_review,/coloring-pages|/coloring-pages/fantasy|/coloring-pages/fantasy-creatures|/coloring-pages/fantasy-dragons|/coloring-pages/mythology,,
dragons__fantasy-mythology-dragons-quetzalcoatl-dragon__69eaa4baee,dragons,fantasy-mythology-dragons-quetzalcoatl-dragon-69eaa4baee.svg,pipeline/r2-upload/coloring-pages/svg/dragons/fantasy-mythology-dragons-quetzalcoatl-dragon-69eaa4baee.svg,pipeline/r2-upload/coloring-pages/webp/dragons/fantasy-mythology-dragons-quetzalcoatl-dragon-69eaa4baee.webp,Fantasy Mythology Dragons Quetzalcoatl Dragon,fantasy-mythology-dragons-quetzalcoatl-dragon-69eaa4baee,coloring-pages/svg/dragons/fantasy-mythology-dragons-quetzalcoatl-dragon-69eaa4baee.svg,coloring-pages/webp/dragons/fantasy-mythology-dragons-quetzalcoatl-dragon-69eaa4baee.webp,category_mismatch|manual_review_required,manual_review,/coloring-pages|/coloring-pages/fantasy|/coloring-pages/fantasy-creatures|/coloring-pages/fantasy-dragons|/coloring-pages/mythology,,
dragons__fantasy-mythology-dragons-salamander-dragon__d2f294b9bc,dragons,fantasy-mythology-dragons-salamander-dragon-d2f294b9bc.svg,pipeline/r2-upload/coloring-pages/svg/dragons/fantasy-mythology-dragons-salamander-dragon-d2f294b9bc.svg,pipeline/r2-upload/coloring-pages/webp/dragons/fantasy-mythology-dragons-salamander-dragon-d2f294b9bc.webp,Fantasy Mythology Dragons Salamander Dragon,fantasy-mythology-dragons-salamander-dragon-d2f294b9bc,coloring-pages/svg/dragons/fantasy-mythology-dragons-salamander-dragon-d2f294b9bc.svg,coloring-pages/webp/dragons/fantasy-mythology-dragons-salamander-dragon-d2f294b9bc.webp,category_mismatch|manual_review_required,manual_review,/coloring-pages|/coloring-pages/fantasy|/coloring-pages/fantasy-creatures|/coloring-pages/fantasy-dragons|/coloring-pages/mythology,,
dragons__fantasy-mythology-dragons-sea-serpent-dragon__69834159c2,dragons,fantasy-mythology-dragons-sea-serpent-dragon-69834159c2.svg,pipeline/r2-upload/coloring-pages/svg/dragons/fantasy-mythology-dragons-sea-serpent-dragon-69834159c2.svg,pipeline/r2-upload/coloring-pages/webp/dragons/fantasy-mythology-dragons-sea-serpent-dragon-69834159c2.webp,Fantasy Mythology Dragons Sea Serpent Dragon,fantasy-mythology-dragons-sea-serpent-dragon-69834159c2,coloring-pages/svg/dragons/fantasy-mythology-dragons-sea-serpent-dragon-69834159c2.svg,coloring-pages/webp/dragons/fantasy-mythology-dragons-sea-serpent-dragon-69834159c2.webp,category_mismatch|manual_review_required,manual_review,/coloring-pages|/coloring-pages/fantasy|/coloring-pages/fantasy-creatures|/coloring-pages/fantasy-dragons|/coloring-pages/mythology,,
dragons__fantasy-mythology-dragons-spirit-dragon__0702c2588f,dragons,fantasy-mythology-dragons-spirit-dragon-0702c2588f.svg,pipeline/r2-upload/coloring-pages/svg/dragons/fantasy-mythology-dragons-spirit-dragon-0702c2588f.svg,pipeline/r2-upload/coloring-pages/webp/dragons/fantasy-mythology-dragons-spirit-dragon-0702c2588f.webp,Fantasy Mythology Dragons Spirit Dragon,fantasy-mythology-dragons-spirit-dragon-0702c2588f,coloring-pages/svg/dragons/fantasy-mythology-dragons-spirit-dragon-0702c2588f.svg,coloring-pages/webp/dragons/fantasy-mythology-dragons-spirit-dragon-0702c2588f.webp,category_mismatch|manual_review_required,manual_review,/coloring-pages|/coloring-pages/fantasy|/coloring-pages/fantasy-creatures|/coloring-pages/fantasy-dragons|/coloring-pages/mythology,,
dragons__fantasy-mythology-dragons-undead-dragon__9b26e17c50,dragons,fantasy-mythology-dragons-undead-dragon-9b26e17c50.svg,pipeline/r2-upload/coloring-pages/svg/dragons/fantasy-mythology-dragons-undead-dragon-9b26e17c50.svg,pipeline/r2-upload/coloring-pages/webp/dragons/fantasy-mythology-dragons-undead-dragon-9b26e17c50.webp,Fantasy Mythology Dragons Undead Dragon,fantasy-mythology-dragons-undead-dragon-9b26e17c50,coloring-pages/svg/dragons/fantasy-mythology-dragons-undead-dragon-9b26e17c50.svg,coloring-pages/webp/dragons/fantasy-mythology-dragons-undead-dragon-9b26e17c50.webp,category_mismatch|manual_review_required,manual_review,/coloring-pages|/coloring-pages/fantasy|/coloring-pages/fantasy-creatures|/coloring-pages/fantasy-dragons|/coloring-pages/mythology,,
dragons__fire-breathing-dragon-playing-card__f1d4a6a936,dragons,fire-breathing-dragon-playing-card-f1d4a6a936.svg,pipeline/r2-upload/coloring-pages/svg/dragons/fire-breathing-dragon-playing-card-f1d4a6a936.svg,pipeline/r2-upload/coloring-pages/webp/dragons/fire-breathing-dragon-playing-card-f1d4a6a936.webp,Fire Breathing Dragon Playing Card,fire-breathing-dragon-playing-card-f1d4a6a936,coloring-pages/svg/dragons/fire-breathing-dragon-playing-card-f1d4a6a936.svg,coloring-pages/webp/dragons/fire-breathing-dragon-playing-card-f1d4a6a936.webp,category_mismatch|manual_review_required,manual_review,/coloring-pages|/coloring-pages/fantasy|/coloring-pages/fantasy-creatures|/coloring-pages/fantasy-dragons|/coloring-pages/playing-cards,,
dragons__fire-dragon-playing-card__bb5d73e94b,dragons,fire-dragon-playing-card-bb5d73e94b.svg,pipeline/r2-upload/coloring-pages/svg/dragons/fire-dragon-playing-card-bb5d73e94b.svg,pipeline/r2-upload/coloring-pages/webp/dragons/fire-dragon-playing-card-bb5d73e94b.webp,Fire Dragon Playing Card,fire-dragon-playing-card-bb5d73e94b,coloring-pages/svg/dragons/fire-dragon-playing-card-bb5d73e94b.svg,coloring-pages/webp/dragons/fire-dragon-playing-card-bb5d73e94b.webp,category_mismatch|manual_review_required,manual_review,/coloring-pages|/coloring-pages/fantasy|/coloring-pages/fantasy-creatures|/coloring-pages/fantasy-dragons|/coloring-pages/playing-cards,,
dragons__ice-dragon-playing-card__d7e0eb6895,dragons,ice-dragon-playing-card-d7e0eb6895.svg,pipeline/r2-upload/coloring-pages/svg/dragons/ice-dragon-playing-card-d7e0eb6895.svg,pipeline/r2-upload/coloring-pages/webp/dragons/ice-dragon-playing-card-d7e0eb6895.webp,Ice Dragon Playing Card,ice-dragon-playing-card-d7e0eb6895,coloring-pages/svg/dragons/ice-dragon-playing-card-d7e0eb6895.svg,coloring-pages/webp/dragons/ice-dragon-playing-card-d7e0eb6895.webp,category_mismatch|manual_review_required,manual_review,/coloring-pages|/coloring-pages/fantasy|/coloring-pages/fantasy-creatures|/coloring-pages/fantasy-dragons|/coloring-pages/playing-cards,,
emoji__u-1f601-beaming-face-with-smiling-eyes__97089f2c44,emoji,u-1f601-beaming-face-with-smiling-eyes-97089f2c44.svg,pipeline/r2-upload/coloring-pages/svg/emoji/u-1f601-beaming-face-with-smiling-eyes-97089f2c44.svg,pipeline/r2-upload/coloring-pages/webp/emoji/u-1f601-beaming-face-with-smiling-eyes-97089f2c44.webp,U+1F601 Beaming Face With Smiling Eyes,u-1f601-beaming-face-with-smiling-eyes-97089f2c44,coloring-pages/svg/emoji/u-1f601-beaming-face-with-smiling-eyes-97089f2c44.svg,coloring-pages/webp/emoji/u-1f601-beaming-face-with-smiling-eyes-97089f2c44.webp,category_mismatch|manual_review_required,manual_review,/coloring-pages,,
emoji__u-1f603-grinning-face-with-big-eyes__75c5ee095e,emoji,u-1f603-grinning-face-with-big-eyes-75c5ee095e.svg,pipeline/r2-upload/coloring-pages/svg/emoji/u-1f603-grinning-face-with-big-eyes-75c5ee095e.svg,pipeline/r2-upload/coloring-pages/webp/emoji/u-1f603-grinning-face-with-big-eyes-75c5ee095e.webp,U+1F603 Grinning Face With Big Eyes,u-1f603-grinning-face-with-big-eyes-75c5ee095e,coloring-pages/svg/emoji/u-1f603-grinning-face-with-big-eyes-75c5ee095e.svg,coloring-pages/webp/emoji/u-1f603-grinning-face-with-big-eyes-75c5ee095e.webp,category_mismatch|manual_review_required,manual_review,/coloring-pages,,
emoji__u-1f604-grinning-face-with-smiling-eyes__b02ac0053f,emoji,u-1f604-grinning-face-with-smiling-eyes-b02ac0053f.svg,pipeline/r2-upload/coloring-pages/svg/emoji/u-1f604-grinning-face-with-smiling-eyes-b02ac0053f.svg,pipeline/r2-upload/coloring-pages/webp/emoji/u-1f604-grinning-face-with-smiling-eyes-b02ac0053f.webp,U+1F604 Grinning Face With Smiling Eyes,u-1f604-grinning-face-with-smiling-eyes-b02ac0053f,coloring-pages/svg/emoji/u-1f604-grinning-face-with-smiling-eyes-b02ac0053f.svg,coloring-pages/webp/emoji/u-1f604-grinning-face-with-smiling-eyes-b02ac0053f.webp,category_mismatch|manual_review_required,manual_review,/coloring-pages,,
emoji__u-1f605-grinning-face-with-sweat__5348e43db7,emoji,u-1f605-grinning-face-with-sweat-5348e43db7.svg,pipeline/r2-upload/coloring-pages/svg/emoji/u-1f605-grinning-face-with-sweat-5348e43db7.svg,pipeline/r2-upload/coloring-pages/webp/emoji/u-1f605-grinning-face-with-sweat-5348e43db7.webp,U+1F605 Grinning Face With Sweat,u-1f605-grinning-face-with-sweat-5348e43db7,coloring-pages/svg/emoji/u-1f605-grinning-face-with-sweat-5348e43db7.svg,coloring-pages/webp/emoji/u-1f605-grinning-face-with-sweat-5348e43db7.webp,category_mismatch|manual_review_required,manual_review,/coloring-pages,,
emoji__u-1f606-grinning-squinting-face__e90484312c,emoji,u-1f606-grinning-squinting-face-e90484312c.svg,pipeline/r2-upload/coloring-pages/svg/emoji/u-1f606-grinning-squinting-face-e90484312c.svg,pipeline/r2-upload/coloring-pages/webp/emoji/u-1f606-grinning-squinting-face-e90484312c.webp,U+1F606 Grinning Squinting Face,u-1f606-grinning-squinting-face-e90484312c,coloring-pages/svg/emoji/u-1f606-grinning-squinting-face-e90484312c.svg,coloring-pages/webp/emoji/u-1f606-grinning-squinting-face-e90484312c.webp,category_mismatch|manual_review_required,manual_review,/coloring-pages,,
emoji__u-1f923-rolling-on-the-floor-laughing__ff3456346e,emoji,u-1f923-rolling-on-the-floor-laughing-ff3456346e.svg,pipeline/r2-upload/coloring-pages/svg/emoji/u-1f923-rolling-on-the-floor-laughing-ff3456346e.svg,pipeline/r2-upload/coloring-pages/webp/emoji/u-1f923-rolling-on-the-floor-laughing-ff3456346e.webp,U+1F923 Rolling On The Floor Laughing,u-1f923-rolling-on-the-floor-laughing-ff3456346e,coloring-pages/svg/emoji/u-1f923-rolling-on-the-floor-laughing-ff3456346e.svg,coloring-pages/webp/emoji/u-1f923-rolling-on-the-floor-laughing-ff3456346e.webp,category_mismatch|manual_review_required,manual_review,/coloring-pages,,
flowers__ardening-in-field-of-flowers-gaillardia__d881b07c2c,flowers,ardening-in-field-of-flowers-gaillardia-d881b07c2c.svg,pipeline/r2-upload/coloring-pages/svg/flowers/ardening-in-field-of-flowers-gaillardia-d881b07c2c.svg,pipeline/r2-upload/coloring-pages/webp/flowers/ardening-in-field-of-flowers-gaillardia-d881b07c2c.webp,Ardening In Field Of Flowers Gaillardia,ardening-in-field-of-flowers-gaillardia-d881b07c2c,coloring-pages/svg/flowers/ardening-in-field-of-flowers-gaillardia-d881b07c2c.svg,coloring-pages/webp/flowers/ardening-in-field-of-flowers-gaillardia-d881b07c2c.webp,category_mismatch|manual_review_required,manual_review,/coloring-pages|/coloring-pages/flowers|/coloring-pages/garden|/coloring-pages/garden-flowers|/coloring-pages/plants,,
flowers__ardening-in-field-of-flowers-hellebore__7148bfe0ba,flowers,ardening-in-field-of-flowers-hellebore-7148bfe0ba.svg,pipeline/r2-upload/coloring-pages/svg/flowers/ardening-in-field-of-flowers-hellebore-7148bfe0ba.svg,pipeline/r2-upload/coloring-pages/webp/flowers/ardening-in-field-of-flowers-hellebore-7148bfe0ba.webp,Ardening In Field Of Flowers Hellebore,ardening-in-field-of-flowers-hellebore-7148bfe0ba,coloring-pages/svg/flowers/ardening-in-field-of-flowers-hellebore-7148bfe0ba.svg,coloring-pages/webp/flowers/ardening-in-field-of-flowers-hellebore-7148bfe0ba.webp,category_mismatch|manual_review_required,manual_review,/coloring-pages|/coloring-pages/flowers|/coloring-pages/garden|/coloring-pages/garden-flowers|/coloring-pages/plants,,
flowers__gardening-in-field-of-flowers-amaryllis__fad7128aa1,flowers,gardening-in-field-of-flowers-amaryllis-fad7128aa1.svg,pipeline/r2-upload/coloring-pages/svg/flowers/gardening-in-field-of-flowers-amaryllis-fad7128aa1.svg,pipeline/r2-upload/coloring-pages/webp/flowers/gardening-in-field-of-flowers-amaryllis-fad7128aa1.webp,Gardening In Field Of Flowers Amaryllis,gardening-in-field-of-flowers-amaryllis-fad7128aa1,coloring-pages/svg/flowers/gardening-in-field-of-flowers-amaryllis-fad7128aa1.svg,coloring-pages/webp/flowers/gardening-in-field-of-flowers-amaryllis-fad7128aa1.webp,category_mismatch|manual_review_required,manual_review,/coloring-pages|/coloring-pages/flowers|/coloring-pages/garden|/coloring-pages/garden-flowers|/coloring-pages/plants,,
flowers__gardening-in-field-of-flowers-anemone__167008a22b,flowers,gardening-in-field-of-flowers-anemone-167008a22b.svg,pipeline/r2-upload/coloring-pages/svg/flowers/gardening-in-field-of-flowers-anemone-167008a22b.svg,pipeline/r2-upload/coloring-pages/webp/flowers/gardening-in-field-of-flowers-anemone-167008a22b.webp,Gardening In Field Of Flowers Anemone,gardening-in-field-of-flowers-anemone-167008a22b,coloring-pages/svg/flowers/gardening-in-field-of-flowers-anemone-167008a22b.svg,coloring-pages/webp/flowers/gardening-in-field-of-flowers-anemone-167008a22b.webp,category_mismatch|manual_review_required,manual_review,/coloring-pages|/coloring-pages/flowers|/coloring-pages/garden|/coloring-pages/garden-flowers|/coloring-pages/plants,,
flowers__gardening-in-field-of-flowers-aster__1d8b36efce,flowers,gardening-in-field-of-flowers-aster-1d8b36efce.svg,pipeline/r2-upload/coloring-pages/svg/flowers/gardening-in-field-of-flowers-aster-1d8b36efce.svg,pipeline/r2-upload/coloring-pages/webp/flowers/gardening-in-field-of-flowers-aster-1d8b36efce.webp,Gardening In Field Of Flowers Aster,gardening-in-field-of-flowers-aster-1d8b36efce,coloring-pages/svg/flowers/gardening-in-field-of-flowers-aster-1d8b36efce.svg,coloring-pages/webp/flowers/gardening-in-field-of-flowers-aster-1d8b36efce.webp,category_mismatch|manual_review_required,manual_review,/coloring-pages|/coloring-pages/flowers|/coloring-pages/garden|/coloring-pages/garden-flowers|/coloring-pages/plants,,
flowers__gardening-in-field-of-flowers-azalea__2aeca7510c,flowers,gardening-in-field-of-flowers-azalea-2aeca7510c.svg,pipeline/r2-upload/coloring-pages/svg/flowers/gardening-in-field-of-flowers-azalea-2aeca7510c.svg,pipeline/r2-upload/coloring-pages/webp/flowers/gardening-in-field-of-flowers-azalea-2aeca7510c.webp,Gardening In Field Of Flowers Azalea,gardening-in-field-of-flowers-azalea-2aeca7510c,coloring-pages/svg/flowers/gardening-in-field-of-flowers-azalea-2aeca7510c.svg,coloring-pages/webp/flowers/gardening-in-field-of-flowers-azalea-2aeca7510c.webp,category_mismatch|manual_review_required,manual_review,/coloring-pages|/coloring-pages/flowers|/coloring-pages/garden|/coloring-pages/garden-flowers|/coloring-pages/plants,,
flowers__gardening-in-field-of-flowers-azalea-nature__93f33eeb4f,flowers,gardening-in-field-of-flowers-azalea-nature-93f33eeb4f.svg,pipeline/r2-upload/coloring-pages/svg/flowers/gardening-in-field-of-flowers-azalea-nature-93f33eeb4f.svg,pipeline/r2-upload/coloring-pages/webp/flowers/gardening-in-field-of-flowers-azalea-nature-93f33eeb4f.webp,Gardening In Field Of Flowers Azalea Nature,gardening-in-field-of-flowers-azalea-nature-93f33eeb4f,coloring-pages/svg/flowers/gardening-in-field-of-flowers-azalea-nature-93f33eeb4f.svg,coloring-pages/webp/flowers/gardening-in-field-of-flowers-azalea-nature-93f33eeb4f.webp,category_mismatch|manual_review_required,manual_review,/coloring-pages|/coloring-pages/flowers|/coloring-pages/garden|/coloring-pages/garden-flowers|/coloring-pages/plants,,
flowers__gardening-in-field-of-flowers-bellflower__f405ac2aeb,flowers,gardening-in-field-of-flowers-bellflower-f405ac2aeb.svg,pipeline/r2-upload/coloring-pages/svg/flowers/gardening-in-field-of-flowers-bellflower-f405ac2aeb.svg,pipeline/r2-upload/coloring-pages/webp/flowers/gardening-in-field-of-flowers-bellflower-f405ac2aeb.webp,Gardening In Field Of Flowers Bellflower,gardening-in-field-of-flowers-bellflower-f405ac2aeb,coloring-pages/svg/flowers/gardening-in-field-of-flowers-bellflower-f405ac2aeb.svg,coloring-pages/webp/flowers/gardening-in-field-of-flowers-bellflower-f405ac2aeb.webp,category_mismatch|manual_review_required,manual_review,/coloring-pages|/coloring-pages/flowers|/coloring-pages/garden|/coloring-pages/garden-flowers|/coloring-pages/plants,,
flowers__gardening-in-field-of-flowers-bird__2072afbb25,flowers,gardening-in-field-of-flowers-bird-2072afbb25.svg,pipeline/r2-upload/coloring-pages/svg/flowers/gardening-in-field-of-flowers-bird-2072afbb25.svg,pipeline/r2-upload/coloring-pages/webp/flowers/gardening-in-field-of-flowers-bird-2072afbb25.webp,Gardening In Field Of Flowers Bird,gardening-in-field-of-flowers-bird-2072afbb25,coloring-pages/svg/flowers/gardening-in-field-of-flowers-bird-2072afbb25.svg,coloring-pages/webp/flowers/gardening-in-field-of-flowers-bird-2072afbb25.webp,category_mismatch|manual_review_required,manual_review,/coloring-pages/animals|/coloring-pages/birds|/coloring-pages|/coloring-pages/flowers|/coloring-pages/garden|/coloring-pages/garden-flowers|/coloring-pages/plants,,
flowers__gardening-in-field-of-flowers-bleeding-hearts__d4dbbeaecc,flowers,gardening-in-field-of-flowers-bleeding-hearts-d4dbbeaecc.svg,pipeline/r2-upload/coloring-pages/svg/flowers/gardening-in-field-of-flowers-bleeding-hearts-d4dbbeaecc.svg,pipeline/r2-upload/coloring-pages/webp/flowers/gardening-in-field-of-flowers-bleeding-hearts-d4dbbeaecc.webp,Gardening In Field Of Flowers Bleeding Hearts,gardening-in-field-of-flowers-bleeding-hearts-d4dbbeaecc,coloring-pages/svg/flowers/gardening-in-field-of-flowers-bleeding-hearts-d4dbbeaecc.svg,coloring-pages/webp/flowers/gardening-in-field-of-flowers-bleeding-hearts-d4dbbeaecc.webp,category_mismatch|manual_review_required,manual_review,/coloring-pages|/coloring-pages/flowers|/coloring-pages/garden|/coloring-pages/garden-flowers|/coloring-pages/plants,,
flowers__gardening-in-field-of-flowers-calendula__1b1b5180fc,flowers,gardening-in-field-of-flowers-calendula-1b1b5180fc.svg,pipeline/r2-upload/coloring-pages/svg/flowers/gardening-in-field-of-flowers-calendula-1b1b5180fc.svg,pipeline/r2-upload/coloring-pages/webp/flowers/gardening-in-field-of-flowers-calendula-1b1b5180fc.webp,Gardening In Field Of Flowers Calendula,gardening-in-field-of-flowers-calendula-1b1b5180fc,coloring-pages/svg/flowers/gardening-in-field-of-flowers-calendula-1b1b5180fc.svg,coloring-pages/webp/flowers/gardening-in-field-of-flowers-calendula-1b1b5180fc.webp,category_mismatch|manual_review_required,manual_review,/coloring-pages|/coloring-pages/flowers|/coloring-pages/garden|/coloring-pages/garden-flowers|/coloring-pages/plants,,
flowers__gardening-in-field-of-flowers-camellia__63df9fdc2b,flowers,gardening-in-field-of-flowers-camellia-63df9fdc2b.svg,pipeline/r2-upload/coloring-pages/svg/flowers/gardening-in-field-of-flowers-camellia-63df9fdc2b.svg,pipeline/r2-upload/coloring-pages/webp/flowers/gardening-in-field-of-flowers-camellia-63df9fdc2b.webp,Gardening In Field Of Flowers Camellia,gardening-in-field-of-flowers-camellia-63df9fdc2b,coloring-pages/svg/flowers/gardening-in-field-of-flowers-camellia-63df9fdc2b.svg,coloring-pages/webp/flowers/gardening-in-field-of-flowers-camellia-63df9fdc2b.webp,category_mismatch|manual_review_required,manual_review,/coloring-pages|/coloring-pages/flowers|/coloring-pages/garden|/coloring-pages/garden-flowers|/coloring-pages/plants,,
flowers__gardening-in-field-of-flowers-celosia__e070064b2e,flowers,gardening-in-field-of-flowers-celosia-e070064b2e.svg,pipeline/r2-upload/coloring-pages/svg/flowers/gardening-in-field-of-flowers-celosia-e070064b2e.svg,pipeline/r2-upload/coloring-pages/webp/flowers/gardening-in-field-of-flowers-celosia-e070064b2e.webp,Gardening In Field Of Flowers Celosia,gardening-in-field-of-flowers-celosia-e070064b2e,coloring-pages/svg/flowers/gardening-in-field-of-flowers-celosia-e070064b2e.svg,coloring-pages/webp/flowers/gardening-in-field-of-flowers-celosia-e070064b2e.webp,category_mismatch|manual_review_required,manual_review,/coloring-pages|/coloring-pages/flowers|/coloring-pages/garden|/coloring-pages/garden-flowers|/coloring-pages/plants,,
flowers__gardening-in-field-of-flowers-chrysanthemum__0da2ad8457,flowers,gardening-in-field-of-flowers-chrysanthemum-0da2ad8457.svg,pipeline/r2-upload/coloring-pages/svg/flowers/gardening-in-field-of-flowers-chrysanthemum-0da2ad8457.svg,pipeline/r2-upload/coloring-pages/webp/flowers/gardening-in-field-of-flowers-chrysanthemum-0da2ad8457.webp,Gardening In Field Of Flowers Chrysanthemum,gardening-in-field-of-flowers-chrysanthemum-0da2ad8457,coloring-pages/svg/flowers/gardening-in-field-of-flowers-chrysanthemum-0da2ad8457.svg,coloring-pages/webp/flowers/gardening-in-field-of-flowers-chrysanthemum-0da2ad8457.webp,category_mismatch|manual_review_required,manual_review,/coloring-pages|/coloring-pages/flowers|/coloring-pages/garden|/coloring-pages/garden-flowers|/coloring-pages/plants,,
flowers__gardening-in-field-of-flowers-columbine__7f37fe2163,flowers,gardening-in-field-of-flowers-columbine-7f37fe2163.svg,pipeline/r2-upload/coloring-pages/svg/flowers/gardening-in-field-of-flowers-columbine-7f37fe2163.svg,pipeline/r2-upload/coloring-pages/webp/flowers/gardening-in-field-of-flowers-columbine-7f37fe2163.webp,Gardening In Field Of Flowers Columbine,gardening-in-field-of-flowers-columbine-7f37fe2163,coloring-pages/svg/flowers/gardening-in-field-of-flowers-columbine-7f37fe2163.svg,coloring-pages/webp/flowers/gardening-in-field-of-flowers-columbine-7f37fe2163.webp,category_mismatch|manual_review_required,manual_review,/coloring-pages|/coloring-pages/flowers|/coloring-pages/garden|/coloring-pages/garden-flowers|/coloring-pages/plants,,
flowers__gardening-in-field-of-flowers-coneflower__f1cb47e704,flowers,gardening-in-field-of-flowers-coneflower-f1cb47e704.svg,pipeline/r2-upload/coloring-pages/svg/flowers/gardening-in-field-of-flowers-coneflower-f1cb47e704.svg,pipeline/r2-upload/coloring-pages/webp/flowers/gardening-in-field-of-flowers-coneflower-f1cb47e704.webp,Gardening In Field Of Flowers Coneflower,gardening-in-field-of-flowers-coneflower-f1cb47e704,coloring-pages/svg/flowers/gardening-in-field-of-flowers-coneflower-f1cb47e704.svg,coloring-pages/webp/flowers/gardening-in-field-of-flowers-coneflower-f1cb47e704.webp,category_mismatch|manual_review_required,manual_review,/coloring-pages|/coloring-pages/flowers|/coloring-pages/garden|/coloring-pages/garden-flowers|/coloring-pages/plants,,
flowers__gardening-in-field-of-flowers-cornflower__0ced306dff,flowers,gardening-in-field-of-flowers-cornflower-0ced306dff.svg,pipeline/r2-upload/coloring-pages/svg/flowers/gardening-in-field-of-flowers-cornflower-0ced306dff.svg,pipeline/r2-upload/coloring-pages/webp/flowers/gardening-in-field-of-flowers-cornflower-0ced306dff.webp,Gardening In Field Of Flowers Cornflower,gardening-in-field-of-flowers-cornflower-0ced306dff,coloring-pages/svg/flowers/gardening-in-field-of-flowers-cornflower-0ced306dff.svg,coloring-pages/webp/flowers/gardening-in-field-of-flowers-cornflower-0ced306dff.webp,category_mismatch|manual_review_required,manual_review,/coloring-pages|/coloring-pages/flowers|/coloring-pages/garden|/coloring-pages/garden-flowers|/coloring-pages/plants,,
flowers__gardening-in-field-of-flowers-crocus__77f6995faa,flowers,gardening-in-field-of-flowers-crocus-77f6995faa.svg,pipeline/r2-upload/coloring-pages/svg/flowers/gardening-in-field-of-flowers-crocus-77f6995faa.svg,pipeline/r2-upload/coloring-pages/webp/flowers/gardening-in-field-of-flowers-crocus-77f6995faa.webp,Gardening In Field Of Flowers Crocus,gardening-in-field-of-flowers-crocus-77f6995faa,coloring-pages/svg/flowers/gardening-in-field-of-flowers-crocus-77f6995faa.svg,coloring-pages/webp/flowers/gardening-in-field-of-flowers-crocus-77f6995faa.webp,category_mismatch|manual_review_required,manual_review,/coloring-pages|/coloring-pages/flowers|/coloring-pages/garden|/coloring-pages/garden-flowers|/coloring-pages/plants,,
flowers__gardening-in-field-of-flowers-delphinium__cbba9adb89,flowers,gardening-in-field-of-flowers-delphinium-cbba9adb89.svg,pipeline/r2-upload/coloring-pages/svg/flowers/gardening-in-field-of-flowers-delphinium-cbba9adb89.svg,pipeline/r2-upload/coloring-pages/webp/flowers/gardening-in-field-of-flowers-delphinium-cbba9adb89.webp,Gardening In Field Of Flowers Delphinium,gardening-in-field-of-flowers-delphinium-cbba9adb89,coloring-pages/svg/flowers/gardening-in-field-of-flowers-delphinium-cbba9adb89.svg,coloring-pages/webp/flowers/gardening-in-field-of-flowers-delphinium-cbba9adb89.webp,category_mismatch|manual_review_required,manual_review,/coloring-pages|/coloring-pages/flowers|/coloring-pages/garden|/coloring-pages/garden-flowers|/coloring-pages/plants,,
flowers__gardening-in-field-of-flowers-forget-me-nots__edbbee5700,flowers,gardening-in-field-of-flowers-forget-me-nots-edbbee5700.svg,pipeline/r2-upload/coloring-pages/svg/flowers/gardening-in-field-of-flowers-forget-me-nots-edbbee5700.svg,pipeline/r2-upload/coloring-pages/webp/flowers/gardening-in-field-of-flowers-forget-me-nots-edbbee5700.webp,Gardening In Field Of Flowers Forget Me Nots,gardening-in-field-of-flowers-forget-me-nots-edbbee5700,coloring-pages/svg/flowers/gardening-in-field-of-flowers-forget-me-nots-edbbee5700.svg,coloring-pages/webp/flowers/gardening-in-field-of-flowers-forget-me-nots-edbbee5700.webp,category_mismatch|manual_review_required,manual_review,/coloring-pages|/coloring-pages/flowers|/coloring-pages/garden|/coloring-pages/garden-flowers|/coloring-pages/plants,,
flowers__gardening-in-field-of-flowers-foxglove__290aeabc21,flowers,gardening-in-field-of-flowers-foxglove-290aeabc21.svg,pipeline/r2-upload/coloring-pages/svg/flowers/gardening-in-field-of-flowers-foxglove-290aeabc21.svg,pipeline/r2-upload/coloring-pages/webp/flowers/gardening-in-field-of-flowers-foxglove-290aeabc21.webp,Gardening In Field Of Flowers Foxglove,gardening-in-field-of-flowers-foxglove-290aeabc21,coloring-pages/svg/flowers/gardening-in-field-of-flowers-foxglove-290aeabc21.svg,coloring-pages/webp/flowers/gardening-in-field-of-flowers-foxglove-290aeabc21.webp,category_mismatch|manual_review_required,manual_review,/coloring-pages|/coloring-pages/flowers|/coloring-pages/garden|/coloring-pages/garden-flowers|/coloring-pages/plants,,
flowers__gardening-in-field-of-flowers-freesia__a7ca4b0306,flowers,gardening-in-field-of-flowers-freesia-a7ca4b0306.svg,pipeline/r2-upload/coloring-pages/svg/flowers/gardening-in-field-of-flowers-freesia-a7ca4b0306.svg,pipeline/r2-upload/coloring-pages/webp/flowers/gardening-in-field-of-flowers-freesia-a7ca4b0306.webp,Gardening In Field Of Flowers Freesia,gardening-in-field-of-flowers-freesia-a7ca4b0306,coloring-pages/svg/flowers/gardening-in-field-of-flowers-freesia-a7ca4b0306.svg,coloring-pages/webp/flowers/gardening-in-field-of-flowers-freesia-a7ca4b0306.webp,category_mismatch|manual_review_required,manual_review,/coloring-pages|/coloring-pages/flowers|/coloring-pages/garden|/coloring-pages/garden-flowers|/coloring-pages/plants,,
flowers__gardening-in-field-of-flowers-fuchsia__adfef15871,flowers,gardening-in-field-of-flowers-fuchsia-adfef15871.svg,pipeline/r2-upload/coloring-pages/svg/flowers/gardening-in-field-of-flowers-fuchsia-adfef15871.svg,pipeline/r2-upload/coloring-pages/webp/flowers/gardening-in-field-of-flowers-fuchsia-adfef15871.webp,Gardening In Field Of Flowers Fuchsia,gardening-in-field-of-flowers-fuchsia-adfef15871,coloring-pages/svg/flowers/gardening-in-field-of-flowers-fuchsia-adfef15871.svg,coloring-pages/webp/flowers/gardening-in-field-of-flowers-fuchsia-adfef15871.webp,category_mismatch|manual_review_required,manual_review,/coloring-pages|/coloring-pages/flowers|/coloring-pages/garden|/coloring-pages/garden-flowers|/coloring-pages/plants,,
flowers__gardening-in-field-of-flowers-gazania__7d41cd17bd,flowers,gardening-in-field-of-flowers-gazania-7d41cd17bd.svg,pipeline/r2-upload/coloring-pages/svg/flowers/gardening-in-field-of-flowers-gazania-7d41cd17bd.svg,pipeline/r2-upload/coloring-pages/webp/flowers/gardening-in-field-of-flowers-gazania-7d41cd17bd.webp,Gardening In Field Of Flowers Gazania,gardening-in-field-of-flowers-gazania-7d41cd17bd,coloring-pages/svg/flowers/gardening-in-field-of-flowers-gazania-7d41cd17bd.svg,coloring-pages/webp/flowers/gardening-in-field-of-flowers-gazania-7d41cd17bd.webp,category_mismatch|manual_review_required,manual_review,/coloring-pages|/coloring-pages/flowers|/coloring-pages/garden|/coloring-pages/garden-flowers|/coloring-pages/plants,,
flowers__gardening-in-field-of-flowers-gerbera__1d67f789fd,flowers,gardening-in-field-of-flowers-gerbera-1d67f789fd.svg,pipeline/r2-upload/coloring-pages/svg/flowers/gardening-in-field-of-flowers-gerbera-1d67f789fd.svg,pipeline/r2-upload/coloring-pages/webp/flowers/gardening-in-field-of-flowers-gerbera-1d67f789fd.webp,Gardening In Field Of Flowers Gerbera,gardening-in-field-of-flowers-gerbera-1d67f789fd,coloring-pages/svg/flowers/gardening-in-field-of-flowers-gerbera-1d67f789fd.svg,coloring-pages/webp/flowers/gardening-in-field-of-flowers-gerbera-1d67f789fd.webp,category_mismatch|manual_review_required,manual_review,/coloring-pages|/coloring-pages/flowers|/coloring-pages/garden|/coloring-pages/garden-flowers|/coloring-pages/plants,,
flowers__gardening-in-field-of-flowers-hollyhock__1b31167a71,flowers,gardening-in-field-of-flowers-hollyhock-1b31167a71.svg,pipeline/r2-upload/coloring-pages/svg/flowers/gardening-in-field-of-flowers-hollyhock-1b31167a71.svg,pipeline/r2-upload/coloring-pages/webp/flowers/gardening-in-field-of-flowers-hollyhock-1b31167a71.webp,Gardening In Field Of Flowers Hollyhock,gardening-in-field-of-flowers-hollyhock-1b31167a71,coloring-pages/svg/flowers/gardening-in-field-of-flowers-hollyhock-1b31167a71.svg,coloring-pages/webp/flowers/gardening-in-field-of-flowers-hollyhock-1b31167a71.webp,category_mismatch|manual_review_required,manual_review,/coloring-pages|/coloring-pages/flowers|/coloring-pages/garden|/coloring-pages/garden-flowers|/coloring-pages/plants,,
flowers__gardening-in-field-of-flowers-hyacinth__654d79a099,flowers,gardening-in-field-of-flowers-hyacinth-654d79a099.svg,pipeline/r2-upload/coloring-pages/svg/flowers/gardening-in-field-of-flowers-hyacinth-654d79a099.svg,pipeline/r2-upload/coloring-pages/webp/flowers/gardening-in-field-of-flowers-hyacinth-654d79a099.webp,Gardening In Field Of Flowers Hyacinth,gardening-in-field-of-flowers-hyacinth-654d79a099,coloring-pages/svg/flowers/gardening-in-field-of-flowers-hyacinth-654d79a099.svg,coloring-pages/webp/flowers/gardening-in-field-of-flowers-hyacinth-654d79a099.webp,category_mismatch|manual_review_required,manual_review,/coloring-pages|/coloring-pages/flowers|/coloring-pages/garden|/coloring-pages/garden-flowers|/coloring-pages/plants,,
flowers__gardening-in-field-of-flowers-iceland__5d9b45744f,flowers,gardening-in-field-of-flowers-iceland-5d9b45744f.svg,pipeline/r2-upload/coloring-pages/svg/flowers/gardening-in-field-of-flowers-iceland-5d9b45744f.svg,pipeline/r2-upload/coloring-pages/webp/flowers/gardening-in-field-of-flowers-iceland-5d9b45744f.webp,Gardening In Field Of Flowers Iceland,gardening-in-field-of-flowers-iceland-5d9b45744f,coloring-pages/svg/flowers/gardening-in-field-of-flowers-iceland-5d9b45744f.svg,coloring-pages/webp/flowers/gardening-in-field-of-flowers-iceland-5d9b45744f.webp,category_mismatch|manual_review_required,manual_review,/coloring-pages|/coloring-pages/flowers|/coloring-pages/garden|/coloring-pages/garden-flowers|/coloring-pages/plants,,
flowers__gardening-in-field-of-flowers-lavende__254ea81883,flowers,gardening-in-field-of-flowers-lavende-254ea81883.svg,pipeline/r2-upload/coloring-pages/svg/flowers/gardening-in-field-of-flowers-lavende-254ea81883.svg,pipeline/r2-upload/coloring-pages/webp/flowers/gardening-in-field-of-flowers-lavende-254ea81883.webp,Gardening In Field Of Flowers Lavende,gardening-in-field-of-flowers-lavende-254ea81883,coloring-pages/svg/flowers/gardening-in-field-of-flowers-lavende-254ea81883.svg,coloring-pages/webp/flowers/gardening-in-field-of-flowers-lavende-254ea81883.webp,category_mismatch|manual_review_required,manual_review,/coloring-pages|/coloring-pages/flowers|/coloring-pages/garden|/coloring-pages/garden-flowers|/coloring-pages/plants,,
flowers__gardening-in-field-of-flowers-lavender__5d79a58ee0,flowers,gardening-in-field-of-flowers-lavender-5d79a58ee0.svg,pipeline/r2-upload/coloring-pages/svg/flowers/gardening-in-field-of-flowers-lavender-5d79a58ee0.svg,pipeline/r2-upload/coloring-pages/webp/flowers/gardening-in-field-of-flowers-lavender-5d79a58ee0.webp,Gardening In Field Of Flowers Lavender,gardening-in-field-of-flowers-lavender-5d79a58ee0,coloring-pages/svg/flowers/gardening-in-field-of-flowers-lavender-5d79a58ee0.svg,coloring-pages/webp/flowers/gardening-in-field-of-flowers-lavender-5d79a58ee0.webp,category_mismatch|manual_review_required,manual_review,/coloring-pages|/coloring-pages/flowers|/coloring-pages/garden|/coloring-pages/garden-flowers|/coloring-pages/plants,,
flowers__gardening-in-field-of-flowers-liatris__fdb42909dd,flowers,gardening-in-field-of-flowers-liatris-fdb42909dd.svg,pipeline/r2-upload/coloring-pages/svg/flowers/gardening-in-field-of-flowers-liatris-fdb42909dd.svg,pipeline/r2-upload/coloring-pages/webp/flowers/gardening-in-field-of-flowers-liatris-fdb42909dd.webp,Gardening In Field Of Flowers Liatris,gardening-in-field-of-flowers-liatris-fdb42909dd,coloring-pages/svg/flowers/gardening-in-field-of-flowers-liatris-fdb42909dd.svg,coloring-pages/webp/flowers/gardening-in-field-of-flowers-liatris-fdb42909dd.webp,category_mismatch|manual_review_required,manual_review,/coloring-pages|/coloring-pages/flowers|/coloring-pages/garden|/coloring-pages/garden-flowers|/coloring-pages/plants,,
flowers__gardening-in-field-of-flowers-lilac__6e0c2d928f,flowers,gardening-in-field-of-flowers-lilac-6e0c2d928f.svg,pipeline/r2-upload/coloring-pages/svg/flowers/gardening-in-field-of-flowers-lilac-6e0c2d928f.svg,pipeline/r2-upload/coloring-pages/webp/flowers/gardening-in-field-of-flowers-lilac-6e0c2d928f.webp,Gardening In Field Of Flowers Lilac,gardening-in-field-of-flowers-lilac-6e0c2d928f,coloring-pages/svg/flowers/gardening-in-field-of-flowers-lilac-6e0c2d928f.svg,coloring-pages/webp/flowers/gardening-in-field-of-flowers-lilac-6e0c2d928f.webp,category_mismatch|manual_review_required,manual_review,/coloring-pages|/coloring-pages/flowers|/coloring-pages/garden|/coloring-pages/garden-flowers|/coloring-pages/plants,,
flowers__gardening-in-field-of-flowers-lisianthus__025988738d,flowers,gardening-in-field-of-flowers-lisianthus-025988738d.svg,pipeline/r2-upload/coloring-pages/svg/flowers/gardening-in-field-of-flowers-lisianthus-025988738d.svg,pipeline/r2-upload/coloring-pages/webp/flowers/gardening-in-field-of-flowers-lisianthus-025988738d.webp,Gardening In Field Of Flowers Lisianthus,gardening-in-field-of-flowers-lisianthus-025988738d,coloring-pages/svg/flowers/gardening-in-field-of-flowers-lisianthus-025988738d.svg,coloring-pages/webp/flowers/gardening-in-field-of-flowers-lisianthus-025988738d.webp,category_mismatch|manual_review_required,manual_review,/coloring-pages|/coloring-pages/flowers|/coloring-pages/garden|/coloring-pages/garden-flowers|/coloring-pages/plants,,
flowers__gardening-in-field-of-flowers-magnolias__f093bc596e,flowers,gardening-in-field-of-flowers-magnolias-f093bc596e.svg,pipeline/r2-upload/coloring-pages/svg/flowers/gardening-in-field-of-flowers-magnolias-f093bc596e.svg,pipeline/r2-upload/coloring-pages/webp/flowers/gardening-in-field-of-flowers-magnolias-f093bc596e.webp,Gardening In Field Of Flowers Magnolias,gardening-in-field-of-flowers-magnolias-f093bc596e,coloring-pages/svg/flowers/gardening-in-field-of-flowers-magnolias-f093bc596e.svg,coloring-pages/webp/flowers/gardening-in-field-of-flowers-magnolias-f093bc596e.webp,category_mismatch|manual_review_required,manual_review,/coloring-pages|/coloring-pages/flowers|/coloring-pages/garden|/coloring-pages/garden-flowers|/coloring-pages/plants,,
flowers__gardening-in-field-of-flowers-marigold__747173a4da,flowers,gardening-in-field-of-flowers-marigold-747173a4da.svg,pipeline/r2-upload/coloring-pages/svg/flowers/gardening-in-field-of-flowers-marigold-747173a4da.svg,pipeline/r2-upload/coloring-pages/webp/flowers/gardening-in-field-of-flowers-marigold-747173a4da.webp,Gardening In Field Of Flowers Marigold,gardening-in-field-of-flowers-marigold-747173a4da,coloring-pages/svg/flowers/gardening-in-field-of-flowers-marigold-747173a4da.svg,coloring-pages/webp/flowers/gardening-in-field-of-flowers-marigold-747173a4da.webp,category_mismatch|manual_review_required,manual_review,/coloring-pages|/coloring-pages/flowers|/coloring-pages/garden|/coloring-pages/garden-flowers|/coloring-pages/plants,,
flowers__gardening-in-field-of-flowers-morning-glory__78f400c313,flowers,gardening-in-field-of-flowers-morning-glory-78f400c313.svg,pipeline/r2-upload/coloring-pages/svg/flowers/gardening-in-field-of-flowers-morning-glory-78f400c313.svg,pipeline/r2-upload/coloring-pages/webp/flowers/gardening-in-field-of-flowers-morning-glory-78f400c313.webp,Gardening In Field Of Flowers Morning Glory,gardening-in-field-of-flowers-morning-glory-78f400c313,coloring-pages/svg/flowers/gardening-in-field-of-flowers-morning-glory-78f400c313.svg,coloring-pages/webp/flowers/gardening-in-field-of-flowers-morning-glory-78f400c313.webp,category_mismatch|manual_review_required,manual_review,/coloring-pages|/coloring-pages/flowers|/coloring-pages/garden|/coloring-pages/garden-flowers|/coloring-pages/plants,,
flowers__gardening-in-field-of-flowers-narcissus__5b1658bd9f,flowers,gardening-in-field-of-flowers-narcissus-5b1658bd9f.svg,pipeline/r2-upload/coloring-pages/svg/flowers/gardening-in-field-of-flowers-narcissus-5b1658bd9f.svg,pipeline/r2-upload/coloring-pages/webp/flowers/gardening-in-field-of-flowers-narcissus-5b1658bd9f.webp,Gardening In Field Of Flowers Narcissus,gardening-in-field-of-flowers-narcissus-5b1658bd9f,coloring-pages/svg/flowers/gardening-in-field-of-flowers-narcissus-5b1658bd9f.svg,coloring-pages/webp/flowers/gardening-in-field-of-flowers-narcissus-5b1658bd9f.webp,category_mismatch|manual_review_required,manual_review,/coloring-pages|/coloring-pages/flowers|/coloring-pages/garden|/coloring-pages/garden-flowers|/coloring-pages/plants,,
flowers__gardening-in-field-of-flowers-nasturtium__17b378cbb7,flowers,gardening-in-field-of-flowers-nasturtium-17b378cbb7.svg,pipeline/r2-upload/coloring-pages/svg/flowers/gardening-in-field-of-flowers-nasturtium-17b378cbb7.svg,pipeline/r2-upload/coloring-pages/webp/flowers/gardening-in-field-of-flowers-nasturtium-17b378cbb7.webp,Gardening In Field Of Flowers Nasturtium,gardening-in-field-of-flowers-nasturtium-17b378cbb7,coloring-pages/svg/flowers/gardening-in-field-of-flowers-nasturtium-17b378cbb7.svg,coloring-pages/webp/flowers/gardening-in-field-of-flowers-nasturtium-17b378cbb7.webp,category_mismatch|manual_review_required,manual_review,/coloring-pages|/coloring-pages/flowers|/coloring-pages/garden|/coloring-pages/garden-flowers|/coloring-pages/plants,,
flowers__gardening-in-field-of-flowers-osteospermum__23e9c41523,flowers,gardening-in-field-of-flowers-osteospermum-23e9c41523.svg,pipeline/r2-upload/coloring-pages/svg/flowers/gardening-in-field-of-flowers-osteospermum-23e9c41523.svg,pipeline/r2-upload/coloring-pages/webp/flowers/gardening-in-field-of-flowers-osteospermum-23e9c41523.webp,Gardening In Field Of Flowers Osteospermum,gardening-in-field-of-flowers-osteospermum-23e9c41523,coloring-pages/svg/flowers/gardening-in-field-of-flowers-osteospermum-23e9c41523.svg,coloring-pages/webp/flowers/gardening-in-field-of-flowers-osteospermum-23e9c41523.webp,category_mismatch|manual_review_required,manual_review,/coloring-pages|/coloring-pages/flowers|/coloring-pages/garden|/coloring-pages/garden-flowers|/coloring-pages/plants,,
flowers__gardening-in-field-of-flowers-paper__6eb6e378a1,flowers,gardening-in-field-of-flowers-paper-6eb6e378a1.svg,pipeline/r2-upload/coloring-pages/svg/flowers/gardening-in-field-of-flowers-paper-6eb6e378a1.svg,pipeline/r2-upload/coloring-pages/webp/flowers/gardening-in-field-of-flowers-paper-6eb6e378a1.webp,Gardening In Field Of Flowers Paper,gardening-in-field-of-flowers-paper-6eb6e378a1,coloring-pages/svg/flowers/gardening-in-field-of-flowers-paper-6eb6e378a1.svg,coloring-pages/webp/flowers/gardening-in-field-of-flowers-paper-6eb6e378a1.webp,category_mismatch|manual_review_required,manual_review,/coloring-pages|/coloring-pages/flowers|/coloring-pages/garden|/coloring-pages/garden-flowers|/coloring-pages/plants,,
flowers__gardening-in-field-of-flowers-passionflower__fe661099b7,flowers,gardening-in-field-of-flowers-passionflower-fe661099b7.svg,pipeline/r2-upload/coloring-pages/svg/flowers/gardening-in-field-of-flowers-passionflower-fe661099b7.svg,pipeline/r2-upload/coloring-pages/webp/flowers/gardening-in-field-of-flowers-passionflower-fe661099b7.webp,Gardening In Field Of Flowers Passionflower,gardening-in-field-of-flowers-passionflower-fe661099b7,coloring-pages/svg/flowers/gardening-in-field-of-flowers-passionflower-fe661099b7.svg,coloring-pages/webp/flowers/gardening-in-field-of-flowers-passionflower-fe661099b7.webp,category_mismatch|manual_review_required,manual_review,/coloring-pages|/coloring-pages/flowers|/coloring-pages/garden|/coloring-pages/garden-flowers|/coloring-pages/plants,,
flowers__gardening-in-field-of-flowers-petunia__5aee24e1f3,flowers,gardening-in-field-of-flowers-petunia-5aee24e1f3.svg,pipeline/r2-upload/coloring-pages/svg/flowers/gardening-in-field-of-flowers-petunia-5aee24e1f3.svg,pipeline/r2-upload/coloring-pages/webp/flowers/gardening-in-field-of-flowers-petunia-5aee24e1f3.webp,Gardening In Field Of Flowers Petunia,gardening-in-field-of-flowers-petunia-5aee24e1f3,coloring-pages/svg/flowers/gardening-in-field-of-flowers-petunia-5aee24e1f3.svg,coloring-pages/webp/flowers/gardening-in-field-of-flowers-petunia-5aee24e1f3.webp,category_mismatch|manual_review_required,manual_review,/coloring-pages|/coloring-pages/flowers|/coloring-pages/garden|/coloring-pages/garden-flowers|/coloring-pages/plants,,
flowers__gardening-in-field-of-flowers-primrose__cee4baf857,flowers,gardening-in-field-of-flowers-primrose-cee4baf857.svg,pipeline/r2-upload/coloring-pages/svg/flowers/gardening-in-field-of-flowers-primrose-cee4baf857.svg,pipeline/r2-upload/coloring-pages/webp/flowers/gardening-in-field-of-flowers-primrose-cee4baf857.webp,Gardening In Field Of Flowers Primrose,gardening-in-field-of-flowers-primrose-cee4baf857,coloring-pages/svg/flowers/gardening-in-field-of-flowers-primrose-cee4baf857.svg,coloring-pages/webp/flowers/gardening-in-field-of-flowers-primrose-cee4baf857.webp,category_mismatch|manual_review_required,manual_review,/coloring-pages|/coloring-pages/flowers|/coloring-pages/garden|/coloring-pages/garden-flowers|/coloring-pages/plants,,
flowers__gardening-in-field-of-flowers-primrose-garden__2730debbbe,flowers,gardening-in-field-of-flowers-primrose-garden-2730debbbe.svg,pipeline/r2-upload/coloring-pages/svg/flowers/gardening-in-field-of-flowers-primrose-garden-2730debbbe.svg,pipeline/r2-upload/coloring-pages/webp/flowers/gardening-in-field-of-flowers-primrose-garden-2730debbbe.webp,Gardening In Field Of Flowers Primrose Garden,gardening-in-field-of-flowers-primrose-garden-2730debbbe,coloring-pages/svg/flowers/gardening-in-field-of-flowers-primrose-garden-2730debbbe.svg,coloring-pages/webp/flowers/gardening-in-field-of-flowers-primrose-garden-2730debbbe.webp,category_mismatch|manual_review_required,manual_review,/coloring-pages|/coloring-pages/flowers|/coloring-pages/garden|/coloring-pages/garden-flowers|/coloring-pages/plants,,
flowers__gardening-in-field-of-flowers-protea__a91ef82d30,flowers,gardening-in-field-of-flowers-protea-a91ef82d30.svg,pipeline/r2-upload/coloring-pages/svg/flowers/gardening-in-field-of-flowers-protea-a91ef82d30.svg,pipeline/r2-upload/coloring-pages/webp/flowers/gardening-in-field-of-flowers-protea-a91ef82d30.webp,Gardening In Field Of Flowers Protea,gardening-in-field-of-flowers-protea-a91ef82d30,coloring-pages/svg/flowers/gardening-in-field-of-flowers-protea-a91ef82d30.svg,coloring-pages/webp/flowers/gardening-in-field-of-flowers-protea-a91ef82d30.webp,category_mismatch|manual_review_required,manual_review,/coloring-pages|/coloring-pages/flowers|/coloring-pages/garden|/coloring-pages/garden-flowers|/coloring-pages/plants,,
flowers__gardening-in-field-of-flowers-queen-annes-lace__7b3a6667cd,flowers,gardening-in-field-of-flowers-queen-annes-lace-7b3a6667cd.svg,pipeline/r2-upload/coloring-pages/svg/flowers/gardening-in-field-of-flowers-queen-annes-lace-7b3a6667cd.svg,pipeline/r2-upload/coloring-pages/webp/flowers/gardening-in-field-of-flowers-queen-annes-lace-7b3a6667cd.webp,Gardening In Field Of Flowers Queen Annes Lace,gardening-in-field-of-flowers-queen-annes-lace-7b3a6667cd,coloring-pages/svg/flowers/gardening-in-field-of-flowers-queen-annes-lace-7b3a6667cd.svg,coloring-pages/webp/flowers/gardening-in-field-of-flowers-queen-annes-lace-7b3a6667cd.webp,category_mismatch|manual_review_required,manual_review,/coloring-pages|/coloring-pages/flowers|/coloring-pages/garden|/coloring-pages/garden-flowers|/coloring-pages/plants,,
flowers__gardening-in-field-of-flowers-ranunculus__2cf55bcd5e,flowers,gardening-in-field-of-flowers-ranunculus-2cf55bcd5e.svg,pipeline/r2-upload/coloring-pages/svg/flowers/gardening-in-field-of-flowers-ranunculus-2cf55bcd5e.svg,pipeline/r2-upload/coloring-pages/webp/flowers/gardening-in-field-of-flowers-ranunculus-2cf55bcd5e.webp,Gardening In Field Of Flowers Ranunculus,gardening-in-field-of-flowers-ranunculus-2cf55bcd5e,coloring-pages/svg/flowers/gardening-in-field-of-flowers-ranunculus-2cf55bcd5e.svg,coloring-pages/webp/flowers/gardening-in-field-of-flowers-ranunculus-2cf55bcd5e.webp,category_mismatch|manual_review_required,manual_review,/coloring-pages|/coloring-pages/flowers|/coloring-pages/garden|/coloring-pages/garden-flowers|/coloring-pages/plants,,
flowers__gardening-in-field-of-flowers-red-maple__5170694cb2,flowers,gardening-in-field-of-flowers-red-maple-5170694cb2.svg,pipeline/r2-upload/coloring-pages/svg/flowers/gardening-in-field-of-flowers-red-maple-5170694cb2.svg,pipeline/r2-upload/coloring-pages/webp/flowers/gardening-in-field-of-flowers-red-maple-5170694cb2.webp,Gardening In Field Of Flowers Red Maple,gardening-in-field-of-flowers-red-maple-5170694cb2,coloring-pages/svg/flowers/gardening-in-field-of-flowers-red-maple-5170694cb2.svg,coloring-pages/webp/flowers/gardening-in-field-of-flowers-red-maple-5170694cb2.webp,category_mismatch|manual_review_required,manual_review,/coloring-pages|/coloring-pages/flowers|/coloring-pages/garden|/coloring-pages/garden-flowers|/coloring-pages/plants,,
flowers__gardening-in-field-of-flowers-rudbeckia__df5df576ee,flowers,gardening-in-field-of-flowers-rudbeckia-df5df576ee.svg,pipeline/r2-upload/coloring-pages/svg/flowers/gardening-in-field-of-flowers-rudbeckia-df5df576ee.svg,pipeline/r2-upload/coloring-pages/webp/flowers/gardening-in-field-of-flowers-rudbeckia-df5df576ee.webp,Gardening In Field Of Flowers Rudbeckia,gardening-in-field-of-flowers-rudbeckia-df5df576ee,coloring-pages/svg/flowers/gardening-in-field-of-flowers-rudbeckia-df5df576ee.svg,coloring-pages/webp/flowers/gardening-in-field-of-flowers-rudbeckia-df5df576ee.webp,category_mismatch|manual_review_required,manual_review,/coloring-pages|/coloring-pages/flowers|/coloring-pages/garden|/coloring-pages/garden-flowers|/coloring-pages/plants,,
flowers__gardening-in-field-of-flowers-sakura__3feb7d4af1,flowers,gardening-in-field-of-flowers-sakura-3feb7d4af1.svg,pipeline/r2-upload/coloring-pages/svg/flowers/gardening-in-field-of-flowers-sakura-3feb7d4af1.svg,pipeline/r2-upload/coloring-pages/webp/flowers/gardening-in-field-of-flowers-sakura-3feb7d4af1.webp,Gardening In Field Of Flowers Sakura,gardening-in-field-of-flowers-sakura-3feb7d4af1,coloring-pages/svg/flowers/gardening-in-field-of-flowers-sakura-3feb7d4af1.svg,coloring-pages/webp/flowers/gardening-in-field-of-flowers-sakura-3feb7d4af1.webp,category_mismatch|manual_review_required,manual_review,/coloring-pages|/coloring-pages/flowers|/coloring-pages/garden|/coloring-pages/garden-flowers|/coloring-pages/plants,,
flowers__gardening-in-field-of-flowers-salvia__aef28ab8d0,flowers,gardening-in-field-of-flowers-salvia-aef28ab8d0.svg,pipeline/r2-upload/coloring-pages/svg/flowers/gardening-in-field-of-flowers-salvia-aef28ab8d0.svg,pipeline/r2-upload/coloring-pages/webp/flowers/gardening-in-field-of-flowers-salvia-aef28ab8d0.webp,Gardening In Field Of Flowers Salvia,gardening-in-field-of-flowers-salvia-aef28ab8d0,coloring-pages/svg/flowers/gardening-in-field-of-flowers-salvia-aef28ab8d0.svg,coloring-pages/webp/flowers/gardening-in-field-of-flowers-salvia-aef28ab8d0.webp,category_mismatch|manual_review_required,manual_review,/coloring-pages|/coloring-pages/flowers|/coloring-pages/garden|/coloring-pages/garden-flowers|/coloring-pages/plants,,
flowers__gardening-in-field-of-flowers-snapdragon__a04a3fa49c,flowers,gardening-in-field-of-flowers-snapdragon-a04a3fa49c.svg,pipeline/r2-upload/coloring-pages/svg/flowers/gardening-in-field-of-flowers-snapdragon-a04a3fa49c.svg,pipeline/r2-upload/coloring-pages/webp/flowers/gardening-in-field-of-flowers-snapdragon-a04a3fa49c.webp,Gardening In Field Of Flowers Snapdragon,gardening-in-field-of-flowers-snapdragon-a04a3fa49c,coloring-pages/svg/flowers/gardening-in-field-of-flowers-snapdragon-a04a3fa49c.svg,coloring-pages/webp/flowers/gardening-in-field-of-flowers-snapdragon-a04a3fa49c.webp,category_mismatch|manual_review_required,manual_review,/coloring-pages|/coloring-pages/flowers|/coloring-pages/garden|/coloring-pages/garden-flowers|/coloring-pages/plants,,
flowers__gardening-in-field-of-flowers-snowdrop__58681f659d,flowers,gardening-in-field-of-flowers-snowdrop-58681f659d.svg,pipeline/r2-upload/coloring-pages/svg/flowers/gardening-in-field-of-flowers-snowdrop-58681f659d.svg,pipeline/r2-upload/coloring-pages/webp/flowers/gardening-in-field-of-flowers-snowdrop-58681f659d.webp,Gardening In Field Of Flowers Snowdrop,gardening-in-field-of-flowers-snowdrop-58681f659d,coloring-pages/svg/flowers/gardening-in-field-of-flowers-snowdrop-58681f659d.svg,coloring-pages/webp/flowers/gardening-in-field-of-flowers-snowdrop-58681f659d.webp,category_mismatch|manual_review_required,manual_review,/coloring-pages|/coloring-pages/flowers|/coloring-pages/garden|/coloring-pages/garden-flowers|/coloring-pages/plants,,
flowers__gardening-in-field-of-flowers-sweet-pea__c71bea8674,flowers,gardening-in-field-of-flowers-sweet-pea-c71bea8674.svg,pipeline/r2-upload/coloring-pages/svg/flowers/gardening-in-field-of-flowers-sweet-pea-c71bea8674.svg,pipeline/r2-upload/coloring-pages/webp/flowers/gardening-in-field-of-flowers-sweet-pea-c71bea8674.webp,Gardening In Field Of Flowers Sweet Pea,gardening-in-field-of-flowers-sweet-pea-c71bea8674,coloring-pages/svg/flowers/gardening-in-field-of-flowers-sweet-pea-c71bea8674.svg,coloring-pages/webp/flowers/gardening-in-field-of-flowers-sweet-pea-c71bea8674.webp,category_mismatch|manual_review_required,manual_review,/coloring-pages|/coloring-pages/flowers|/coloring-pages/garden|/coloring-pages/garden-flowers|/coloring-pages/plants,,
flowers__gardening-in-field-of-flowers-thistle__83147f02b5,flowers,gardening-in-field-of-flowers-thistle-83147f02b5.svg,pipeline/r2-upload/coloring-pages/svg/flowers/gardening-in-field-of-flowers-thistle-83147f02b5.svg,pipeline/r2-upload/coloring-pages/webp/flowers/gardening-in-field-of-flowers-thistle-83147f02b5.webp,Gardening In Field Of Flowers Thistle,gardening-in-field-of-flowers-thistle-83147f02b5,coloring-pages/svg/flowers/gardening-in-field-of-flowers-thistle-83147f02b5.svg,coloring-pages/webp/flowers/gardening-in-field-of-flowers-thistle-83147f02b5.webp,category_mismatch|manual_review_required,manual_review,/coloring-pages|/coloring-pages/flowers|/coloring-pages/garden|/coloring-pages/garden-flowers|/coloring-pages/plants,,
flowers__gardening-in-field-of-flowers-wisteria__7b7b532e8a,flowers,gardening-in-field-of-flowers-wisteria-7b7b532e8a.svg,pipeline/r2-upload/coloring-pages/svg/flowers/gardening-in-field-of-flowers-wisteria-7b7b532e8a.svg,pipeline/r2-upload/coloring-pages/webp/flowers/gardening-in-field-of-flowers-wisteria-7b7b532e8a.webp,Gardening In Field Of Flowers Wisteria,gardening-in-field-of-flowers-wisteria-7b7b532e8a,coloring-pages/svg/flowers/gardening-in-field-of-flowers-wisteria-7b7b532e8a.svg,coloring-pages/webp/flowers/gardening-in-field-of-flowers-wisteria-7b7b532e8a.webp,category_mismatch|manual_review_required,manual_review,/coloring-pages|/coloring-pages/flowers|/coloring-pages/garden|/coloring-pages/garden-flowers|/coloring-pages/plants,,
flowers__gardening-in-field-of-flowers-xeranthemum__3f6949db09,flowers,gardening-in-field-of-flowers-xeranthemum-3f6949db09.svg,pipeline/r2-upload/coloring-pages/svg/flowers/gardening-in-field-of-flowers-xeranthemum-3f6949db09.svg,pipeline/r2-upload/coloring-pages/webp/flowers/gardening-in-field-of-flowers-xeranthemum-3f6949db09.webp,Gardening In Field Of Flowers Xeranthemum,gardening-in-field-of-flowers-xeranthemum-3f6949db09,coloring-pages/svg/flowers/gardening-in-field-of-flowers-xeranthemum-3f6949db09.svg,coloring-pages/webp/flowers/gardening-in-field-of-flowers-xeranthemum-3f6949db09.webp,category_mismatch|manual_review_required,manual_review,/coloring-pages|/coloring-pages/flowers|/coloring-pages/garden|/coloring-pages/garden-flowers|/coloring-pages/plants,,
flowers__gardening-in-field-of-flowers-yarrow__9a0ed3a81b,flowers,gardening-in-field-of-flowers-yarrow-9a0ed3a81b.svg,pipeline/r2-upload/coloring-pages/svg/flowers/gardening-in-field-of-flowers-yarrow-9a0ed3a81b.svg,pipeline/r2-upload/coloring-pages/webp/flowers/gardening-in-field-of-flowers-yarrow-9a0ed3a81b.webp,Gardening In Field Of Flowers Yarrow,gardening-in-field-of-flowers-yarrow-9a0ed3a81b,coloring-pages/svg/flowers/gardening-in-field-of-flowers-yarrow-9a0ed3a81b.svg,coloring-pages/webp/flowers/gardening-in-field-of-flowers-yarrow-9a0ed3a81b.webp,category_mismatch|manual_review_required,manual_review,/coloring-pages|/coloring-pages/flowers|/coloring-pages/garden|/coloring-pages/garden-flowers|/coloring-pages/plants,,
flowers__gardening-in-field-of-flowers-yucca__998cc3864e,flowers,gardening-in-field-of-flowers-yucca-998cc3864e.svg,pipeline/r2-upload/coloring-pages/svg/flowers/gardening-in-field-of-flowers-yucca-998cc3864e.svg,pipeline/r2-upload/coloring-pages/webp/flowers/gardening-in-field-of-flowers-yucca-998cc3864e.webp,Gardening In Field Of Flowers Yucca,gardening-in-field-of-flowers-yucca-998cc3864e,coloring-pages/svg/flowers/gardening-in-field-of-flowers-yucca-998cc3864e.svg,coloring-pages/webp/flowers/gardening-in-field-of-flowers-yucca-998cc3864e.webp,category_mismatch|manual_review_required,manual_review,/coloring-pages|/coloring-pages/flowers|/coloring-pages/garden|/coloring-pages/garden-flowers|/coloring-pages/plants,,
flowers__gardening-in-field-of-flowers-zantedeschia__3767bd2809,flowers,gardening-in-field-of-flowers-zantedeschia-3767bd2809.svg,pipeline/r2-upload/coloring-pages/svg/flowers/gardening-in-field-of-flowers-zantedeschia-3767bd2809.svg,pipeline/r2-upload/coloring-pages/webp/flowers/gardening-in-field-of-flowers-zantedeschia-3767bd2809.webp,Gardening In Field Of Flowers Zantedeschia,gardening-in-field-of-flowers-zantedeschia-3767bd2809,coloring-pages/svg/flowers/gardening-in-field-of-flowers-zantedeschia-3767bd2809.svg,coloring-pages/webp/flowers/gardening-in-field-of-flowers-zantedeschia-3767bd2809.webp,category_mismatch|manual_review_required,manual_review,/coloring-pages|/coloring-pages/flowers|/coloring-pages/garden|/coloring-pages/garden-flowers|/coloring-pages/plants,,
flowers__gardening-in-field-of-flowers-zephyranthes__211479f632,flowers,gardening-in-field-of-flowers-zephyranthes-211479f632.svg,pipeline/r2-upload/coloring-pages/svg/flowers/gardening-in-field-of-flowers-zephyranthes-211479f632.svg,pipeline/r2-upload/coloring-pages/webp/flowers/gardening-in-field-of-flowers-zephyranthes-211479f632.webp,Gardening In Field Of Flowers Zephyranthes,gardening-in-field-of-flowers-zephyranthes-211479f632,coloring-pages/svg/flowers/gardening-in-field-of-flowers-zephyranthes-211479f632.svg,coloring-pages/webp/flowers/gardening-in-field-of-flowers-zephyranthes-211479f632.webp,category_mismatch|manual_review_required,manual_review,/coloring-pages|/coloring-pages/flowers|/coloring-pages/garden|/coloring-pages/garden-flowers|/coloring-pages/plants,,
flowers__gardening-in-field-of-flowers-zinnia__be70d70a3f,flowers,gardening-in-field-of-flowers-zinnia-be70d70a3f.svg,pipeline/r2-upload/coloring-pages/svg/flowers/gardening-in-field-of-flowers-zinnia-be70d70a3f.svg,pipeline/r2-upload/coloring-pages/webp/flowers/gardening-in-field-of-flowers-zinnia-be70d70a3f.webp,Gardening In Field Of Flowers Zinnia,gardening-in-field-of-flowers-zinnia-be70d70a3f,coloring-pages/svg/flowers/gardening-in-field-of-flowers-zinnia-be70d70a3f.svg,coloring-pages/webp/flowers/gardening-in-field-of-flowers-zinnia-be70d70a3f.webp,category_mismatch|manual_review_required,manual_review,/coloring-pages|/coloring-pages/flowers|/coloring-pages/garden|/coloring-pages/garden-flowers|/coloring-pages/plants,,
flowers__lowers-amaryllis__76de4c5fd6,flowers,lowers-amaryllis-76de4c5fd6.svg,pipeline/r2-upload/coloring-pages/svg/flowers/lowers-amaryllis-76de4c5fd6.svg,pipeline/r2-upload/coloring-pages/webp/flowers/lowers-amaryllis-76de4c5fd6.webp,Lowers Amaryllis,lowers-amaryllis-76de4c5fd6,coloring-pages/svg/flowers/lowers-amaryllis-76de4c5fd6.svg,coloring-pages/webp/flowers/lowers-amaryllis-76de4c5fd6.webp,category_mismatch|manual_review_required,manual_review,/coloring-pages|/coloring-pages/flowers|/coloring-pages/garden|/coloring-pages/garden-flowers|/coloring-pages/plants,,
flowers__lowers-columbine__47b9b149e1,flowers,lowers-columbine-47b9b149e1.svg,pipeline/r2-upload/coloring-pages/svg/flowers/lowers-columbine-47b9b149e1.svg,pipeline/r2-upload/coloring-pages/webp/flowers/lowers-columbine-47b9b149e1.webp,Lowers Columbine,lowers-columbine-47b9b149e1,coloring-pages/svg/flowers/lowers-columbine-47b9b149e1.svg,coloring-pages/webp/flowers/lowers-columbine-47b9b149e1.webp,category_mismatch|manual_review_required,manual_review,/coloring-pages|/coloring-pages/flowers|/coloring-pages/garden|/coloring-pages/garden-flowers|/coloring-pages/plants,,
flowers__lowers-liatris__b17acc27d4,flowers,lowers-liatris-b17acc27d4.svg,pipeline/r2-upload/coloring-pages/svg/flowers/lowers-liatris-b17acc27d4.svg,pipeline/r2-upload/coloring-pages/webp/flowers/lowers-liatris-b17acc27d4.webp,Lowers Liatris,lowers-liatris-b17acc27d4,coloring-pages/svg/flowers/lowers-liatris-b17acc27d4.svg,coloring-pages/webp/flowers/lowers-liatris-b17acc27d4.webp,category_mismatch|manual_review_required,manual_review,/coloring-pages|/coloring-pages/flowers|/coloring-pages/garden|/coloring-pages/garden-flowers|/coloring-pages/plants,,
flowers__lowers-marigold__d26587b7af,flowers,lowers-marigold-d26587b7af.svg,pipeline/r2-upload/coloring-pages/svg/flowers/lowers-marigold-d26587b7af.svg,pipeline/r2-upload/coloring-pages/webp/flowers/lowers-marigold-d26587b7af.webp,Lowers Marigold,lowers-marigold-d26587b7af,coloring-pages/svg/flowers/lowers-marigold-d26587b7af.svg,coloring-pages/webp/flowers/lowers-marigold-d26587b7af.webp,category_mismatch|manual_review_required,manual_review,/coloring-pages|/coloring-pages/flowers|/coloring-pages/garden|/coloring-pages/garden-flowers|/coloring-pages/plants,,
flowers__lowers-poppy__09601366ff,flowers,lowers-poppy-09601366ff.svg,pipeline/r2-upload/coloring-pages/svg/flowers/lowers-poppy-09601366ff.svg,pipeline/r2-upload/coloring-pages/webp/flowers/lowers-poppy-09601366ff.webp,Lowers Poppy,lowers-poppy-09601366ff,coloring-pages/svg/flowers/lowers-poppy-09601366ff.svg,coloring-pages/webp/flowers/lowers-poppy-09601366ff.webp,category_mismatch|manual_review_required,manual_review,/coloring-pages|/coloring-pages/flowers|/coloring-pages/garden|/coloring-pages/garden-flowers|/coloring-pages/plants,,
flowers__lowers-ranunculus__21ed1e14cb,flowers,lowers-ranunculus-21ed1e14cb.svg,pipeline/r2-upload/coloring-pages/svg/flowers/lowers-ranunculus-21ed1e14cb.svg,pipeline/r2-upload/coloring-pages/webp/flowers/lowers-ranunculus-21ed1e14cb.webp,Lowers Ranunculus,lowers-ranunculus-21ed1e14cb,coloring-pages/svg/flowers/lowers-ranunculus-21ed1e14cb.svg,coloring-pages/webp/flowers/lowers-ranunculus-21ed1e14cb.webp,category_mismatch|manual_review_required,manual_review,/coloring-pages|/coloring-pages/flowers|/coloring-pages/garden|/coloring-pages/garden-flowers|/coloring-pages/plants,,
flowers__lowers-snapdragon__5e8f3a2c5e,flowers,lowers-snapdragon-5e8f3a2c5e.svg,pipeline/r2-upload/coloring-pages/svg/flowers/lowers-snapdragon-5e8f3a2c5e.svg,pipeline/r2-upload/coloring-pages/webp/flowers/lowers-snapdragon-5e8f3a2c5e.webp,Lowers Snapdragon,lowers-snapdragon-5e8f3a2c5e,coloring-pages/svg/flowers/lowers-snapdragon-5e8f3a2c5e.svg,coloring-pages/webp/flowers/lowers-snapdragon-5e8f3a2c5e.webp,category_mismatch|manual_review_required,manual_review,/coloring-pages|/coloring-pages/flowers|/coloring-pages/garden|/coloring-pages/garden-flowers|/coloring-pages/plants,,
flowers__lowers-snowdrop__01c784b5b3,flowers,lowers-snowdrop-01c784b5b3.svg,pipeline/r2-upload/coloring-pages/svg/flowers/lowers-snowdrop-01c784b5b3.svg,pipeline/r2-upload/coloring-pages/webp/flowers/lowers-snowdrop-01c784b5b3.webp,Lowers Snowdrop,lowers-snowdrop-01c784b5b3,coloring-pages/svg/flowers/lowers-snowdrop-01c784b5b3.svg,coloring-pages/webp/flowers/lowers-snowdrop-01c784b5b3.webp,category_mismatch|manual_review_required,manual_review,/coloring-pages|/coloring-pages/flowers|/coloring-pages/garden|/coloring-pages/garden-flowers|/coloring-pages/plants,,
flowers__lowers-sunflower__b2e8fc939f,flowers,lowers-sunflower-b2e8fc939f.svg,pipeline/r2-upload/coloring-pages/svg/flowers/lowers-sunflower-b2e8fc939f.svg,pipeline/r2-upload/coloring-pages/webp/flowers/lowers-sunflower-b2e8fc939f.webp,Lowers Sunflower,lowers-sunflower-b2e8fc939f,coloring-pages/svg/flowers/lowers-sunflower-b2e8fc939f.svg,coloring-pages/webp/flowers/lowers-sunflower-b2e8fc939f.webp,category_mismatch|manual_review_required,manual_review,/coloring-pages|/coloring-pages/flowers|/coloring-pages/garden|/coloring-pages/garden-flowers|/coloring-pages/plants,,
horror__monster-in-closet__8e715af6be,horror,monster-in-closet-8e715af6be.svg,pipeline/r2-upload/coloring-pages/svg/horror/monster-in-closet-8e715af6be.svg,pipeline/r2-upload/coloring-pages/webp/horror/monster-in-closet-8e715af6be.webp,Monster In Closet,monster-in-closet-8e715af6be,coloring-pages/svg/horror/monster-in-closet-8e715af6be.svg,coloring-pages/webp/horror/monster-in-closet-8e715af6be.webp,category_mismatch|manual_review_required,manual_review,/coloring-pages,,
horror__monster-under-bed__d6fc572ad3,horror,monster-under-bed-d6fc572ad3.svg,pipeline/r2-upload/coloring-pages/svg/horror/monster-under-bed-d6fc572ad3.svg,pipeline/r2-upload/coloring-pages/webp/horror/monster-under-bed-d6fc572ad3.webp,Monster Under Bed,monster-under-bed-d6fc572ad3,coloring-pages/svg/horror/monster-under-bed-d6fc572ad3.svg,coloring-pages/webp/horror/monster-under-bed-d6fc572ad3.webp,category_mismatch|manual_review_required,manual_review,/coloring-pages,,
horror__zombies__8638f6539a,horror,zombies-8638f6539a.svg,pipeline/r2-upload/coloring-pages/svg/horror/zombies-8638f6539a.svg,pipeline/r2-upload/coloring-pages/webp/horror/zombies-8638f6539a.webp,Zombies,zombies-8638f6539a,coloring-pages/svg/horror/zombies-8638f6539a.svg,coloring-pages/webp/horror/zombies-8638f6539a.webp,category_mismatch|manual_review_required,manual_review,/coloring-pages,,
indoor-plants__idoor-plants-clivia-miniata__5e5f40bdaa,indoor-plants,idoor-plants-clivia-miniata-5e5f40bdaa.svg,pipeline/r2-upload/coloring-pages/svg/indoor-plants/idoor-plants-clivia-miniata-5e5f40bdaa.svg,pipeline/r2-upload/coloring-pages/webp/indoor-plants/idoor-plants-clivia-miniata-5e5f40bdaa.webp,Idoor Plants Clivia Miniata,indoor-plants-clivia-miniata-5e5f40bdaa,coloring-pages/svg/indoor-plants/indoor-plants-clivia-miniata-5e5f40bdaa.svg,coloring-pages/webp/indoor-plants/indoor-plants-clivia-miniata-5e5f40bdaa.webp,spelling_issue|category_mismatch|manual_review_required,manual_review,/coloring-pages|/coloring-pages/indoor-plants|/coloring-pages/plants,,
insects__bees__1ecb9f6ea1,insects,bees-1ecb9f6ea1.svg,pipeline/r2-upload/coloring-pages/svg/insects/bees-1ecb9f6ea1.svg,pipeline/r2-upload/coloring-pages/webp/insects/bees-1ecb9f6ea1.webp,Bees,bees-1ecb9f6ea1,coloring-pages/svg/insects/bees-1ecb9f6ea1.svg,coloring-pages/webp/insects/bees-1ecb9f6ea1.webp,category_mismatch|manual_review_required,manual_review,/coloring-pages/animals|/coloring-pages|/coloring-pages/insects,,
mandala-geometry-patterns__chatgpt-image-oct-14-2025-11-38-05-pm__ea62e476c5,mandala-geometry-patterns,chatgpt-image-oct-14-2025-11-38-05-pm-ea62e476c5.svg,pipeline/r2-upload/coloring-pages/svg/mandala-geometry-patterns/chatgpt-image-oct-14-2025-11-38-05-pm-ea62e476c5.svg,pipeline/r2-upload/coloring-pages/webp/mandala-geometry-patterns/chatgpt-image-oct-14-2025-11-38-05-pm-ea62e476c5.webp,"ChatGPT Image Oct 14, 2025, 11 38 05 PM",geometric-mandala-pattern-ea62e476c5,coloring-pages/svg/mandala-geometry-patterns/geometric-mandala-pattern-ea62e476c5.svg,coloring-pages/webp/mandala-geometry-patterns/geometric-mandala-pattern-ea62e476c5.webp,ai_export_name|generic_name|timestamp_name|category_mismatch|manual_review_required,manual_review,/coloring-pages|/coloring-pages/detailed-for-adults|/coloring-pages/geometric|/coloring-pages/mandalas,,
mandala-geometry-patterns__failed-chatgpt-image-oct-19-2025-10-27-27-pm__a0411d2e82,mandala-geometry-patterns,failed-chatgpt-image-oct-19-2025-10-27-27-pm-a0411d2e82.svg,pipeline/r2-upload/coloring-pages/svg/mandala-geometry-patterns/failed-chatgpt-image-oct-19-2025-10-27-27-pm-a0411d2e82.svg,pipeline/r2-upload/coloring-pages/webp/mandala-geometry-patterns/failed-chatgpt-image-oct-19-2025-10-27-27-pm-a0411d2e82.webp,"Failed ChatGPT Image Oct 19, 2025, 10 27 27 PM",geometric-mandala-pattern-a0411d2e82,coloring-pages/svg/mandala-geometry-patterns/geometric-mandala-pattern-a0411d2e82.svg,coloring-pages/webp/mandala-geometry-patterns/geometric-mandala-pattern-a0411d2e82.webp,ai_export_name|failed_name|generic_name|timestamp_name|duplicate_tokens|category_mismatch|manual_review_required,manual_review,/coloring-pages|/coloring-pages/detailed-for-adults|/coloring-pages/geometric|/coloring-pages/mandalas,,
mythology__failed-mythology-janus__6016a175dd,mythology,failed-mythology-janus-6016a175dd.svg,pipeline/r2-upload/coloring-pages/svg/mythology/failed-mythology-janus-6016a175dd.svg,pipeline/r2-upload/coloring-pages/webp/mythology/failed-mythology-janus-6016a175dd.webp,Failed Mythology Janus,mythology-janus-6016a175dd,coloring-pages/svg/mythology/mythology-janus-6016a175dd.svg,coloring-pages/webp/mythology/mythology-janus-6016a175dd.webp,failed_name|category_mismatch|manual_review_required,manual_review,/coloring-pages|/coloring-pages/fantasy|/coloring-pages/mythology,,
mythology__fantasy-mythology-dragons-acid-dragon__53530f85b9,mythology,fantasy-mythology-dragons-acid-dragon-53530f85b9.svg,pipeline/r2-upload/coloring-pages/svg/mythology/fantasy-mythology-dragons-acid-dragon-53530f85b9.svg,pipeline/r2-upload/coloring-pages/webp/mythology/fantasy-mythology-dragons-acid-dragon-53530f85b9.webp,Fantasy Mythology Dragons Acid Dragon,fantasy-mythology-dragons-acid-dragon-53530f85b9,coloring-pages/svg/mythology/fantasy-mythology-dragons-acid-dragon-53530f85b9.svg,coloring-pages/webp/mythology/fantasy-mythology-dragons-acid-dragon-53530f85b9.webp,category_mismatch|manual_review_required,manual_review,/coloring-pages|/coloring-pages/fantasy|/coloring-pages/fantasy-creatures|/coloring-pages/mythology,,
mythology__fantasy-mythology-dragons-battle-worn-treasure-dragon__cb0dc0d909,mythology,fantasy-mythology-dragons-battle-worn-treasure-dragon-cb0dc0d909.svg,pipeline/r2-upload/coloring-pages/svg/mythology/fantasy-mythology-dragons-battle-worn-treasure-dragon-cb0dc0d909.svg,pipeline/r2-upload/coloring-pages/webp/mythology/fantasy-mythology-dragons-battle-worn-treasure-dragon-cb0dc0d909.webp,Fantasy Mythology Dragons Battle Worn Treasure Dragon,fantasy-mythology-dragons-battle-worn-treasure-dragon-cb0dc0d909,coloring-pages/svg/mythology/fantasy-mythology-dragons-battle-worn-treasure-dragon-cb0dc0d909.svg,coloring-pages/webp/mythology/fantasy-mythology-dragons-battle-worn-treasure-dragon-cb0dc0d909.webp,category_mismatch|manual_review_required,manual_review,/coloring-pages|/coloring-pages/fantasy|/coloring-pages/fantasy-creatures|/coloring-pages/mythology,,
mythology__fantasy-mythology-dragons-celestial-dragon__44c49b9ef2,mythology,fantasy-mythology-dragons-celestial-dragon-44c49b9ef2.svg,pipeline/r2-upload/coloring-pages/svg/mythology/fantasy-mythology-dragons-celestial-dragon-44c49b9ef2.svg,pipeline/r2-upload/coloring-pages/webp/mythology/fantasy-mythology-dragons-celestial-dragon-44c49b9ef2.webp,Fantasy Mythology Dragons Celestial Dragon,fantasy-mythology-dragons-celestial-dragon-44c49b9ef2,coloring-pages/svg/mythology/fantasy-mythology-dragons-celestial-dragon-44c49b9ef2.svg,coloring-pages/webp/mythology/fantasy-mythology-dragons-celestial-dragon-44c49b9ef2.webp,category_mismatch|manual_review_required,manual_review,/coloring-pages|/coloring-pages/fantasy|/coloring-pages/fantasy-creatures|/coloring-pages/mythology,,
mythology__fantasy-mythology-dragons-celestial-koi-dragon__96ca27dd00,mythology,fantasy-mythology-dragons-celestial-koi-dragon-96ca27dd00.svg,pipeline/r2-upload/coloring-pages/svg/mythology/fantasy-mythology-dragons-celestial-koi-dragon-96ca27dd00.svg,pipeline/r2-upload/coloring-pages/webp/mythology/fantasy-mythology-dragons-celestial-koi-dragon-96ca27dd00.webp,Fantasy Mythology Dragons Celestial Koi Dragon,fantasy-mythology-dragons-celestial-koi-dragon-96ca27dd00,coloring-pages/svg/mythology/fantasy-mythology-dragons-celestial-koi-dragon-96ca27dd00.svg,coloring-pages/webp/mythology/fantasy-mythology-dragons-celestial-koi-dragon-96ca27dd00.webp,category_mismatch|manual_review_required,manual_review,/coloring-pages|/coloring-pages/fantasy|/coloring-pages/fantasy-creatures|/coloring-pages/mythology,,
mythology__fantasy-mythology-dragons-chimera-dragon__1b5e37475b,mythology,fantasy-mythology-dragons-chimera-dragon-1b5e37475b.svg,pipeline/r2-upload/coloring-pages/svg/mythology/fantasy-mythology-dragons-chimera-dragon-1b5e37475b.svg,pipeline/r2-upload/coloring-pages/webp/mythology/fantasy-mythology-dragons-chimera-dragon-1b5e37475b.webp,Fantasy Mythology Dragons Chimera Dragon,fantasy-mythology-dragons-chimera-dragon-1b5e37475b,coloring-pages/svg/mythology/fantasy-mythology-dragons-chimera-dragon-1b5e37475b.svg,coloring-pages/webp/mythology/fantasy-mythology-dragons-chimera-dragon-1b5e37475b.webp,category_mismatch|manual_review_required,manual_review,/coloring-pages|/coloring-pages/fantasy|/coloring-pages/fantasy-creatures|/coloring-pages/mythology,,
mythology__fantasy-mythology-dragons-crystal-dragon__450bb51833,mythology,fantasy-mythology-dragons-crystal-dragon-450bb51833.svg,pipeline/r2-upload/coloring-pages/svg/mythology/fantasy-mythology-dragons-crystal-dragon-450bb51833.svg,pipeline/r2-upload/coloring-pages/webp/mythology/fantasy-mythology-dragons-crystal-dragon-450bb51833.webp,Fantasy Mythology Dragons Crystal Dragon,fantasy-mythology-dragons-crystal-dragon-450bb51833,coloring-pages/svg/mythology/fantasy-mythology-dragons-crystal-dragon-450bb51833.svg,coloring-pages/webp/mythology/fantasy-mythology-dragons-crystal-dragon-450bb51833.webp,category_mismatch|manual_review_required,manual_review,/coloring-pages|/coloring-pages/fantasy|/coloring-pages/fantasy-creatures|/coloring-pages/mythology,,
mythology__fantasy-mythology-dragons-desert-dragon__f9d7135acc,mythology,fantasy-mythology-dragons-desert-dragon-f9d7135acc.svg,pipeline/r2-upload/coloring-pages/svg/mythology/fantasy-mythology-dragons-desert-dragon-f9d7135acc.svg,pipeline/r2-upload/coloring-pages/webp/mythology/fantasy-mythology-dragons-desert-dragon-f9d7135acc.webp,Fantasy Mythology Dragons Desert Dragon,fantasy-mythology-dragons-desert-dragon-f9d7135acc,coloring-pages/svg/mythology/fantasy-mythology-dragons-desert-dragon-f9d7135acc.svg,coloring-pages/webp/mythology/fantasy-mythology-dragons-desert-dragon-f9d7135acc.webp,category_mismatch|manual_review_required,manual_review,/coloring-pages|/coloring-pages/fantasy|/coloring-pages/fantasy-creatures|/coloring-pages/mythology,,
mythology__fantasy-mythology-dragons-emerald-dragon__6d1518293b,mythology,fantasy-mythology-dragons-emerald-dragon-6d1518293b.svg,pipeline/r2-upload/coloring-pages/svg/mythology/fantasy-mythology-dragons-emerald-dragon-6d1518293b.svg,pipeline/r2-upload/coloring-pages/webp/mythology/fantasy-mythology-dragons-emerald-dragon-6d1518293b.webp,Fantasy Mythology Dragons Emerald Dragon,fantasy-mythology-dragons-emerald-dragon-6d1518293b,coloring-pages/svg/mythology/fantasy-mythology-dragons-emerald-dragon-6d1518293b.svg,coloring-pages/webp/mythology/fantasy-mythology-dragons-emerald-dragon-6d1518293b.webp,category_mismatch|manual_review_required,manual_review,/coloring-pages|/coloring-pages/fantasy|/coloring-pages/fantasy-creatures|/coloring-pages/mythology,,
mythology__fantasy-mythology-dragons-forest-dragon__6aac54a573,mythology,fantasy-mythology-dragons-forest-dragon-6aac54a573.svg,pipeline/r2-upload/coloring-pages/svg/mythology/fantasy-mythology-dragons-forest-dragon-6aac54a573.svg,pipeline/r2-upload/coloring-pages/webp/mythology/fantasy-mythology-dragons-forest-dragon-6aac54a573.webp,Fantasy Mythology Dragons Forest Dragon,fantasy-mythology-dragons-forest-dragon-6aac54a573,coloring-pages/svg/mythology/fantasy-mythology-dragons-forest-dragon-6aac54a573.svg,coloring-pages/webp/mythology/fantasy-mythology-dragons-forest-dragon-6aac54a573.webp,category_mismatch|manual_review_required,manual_review,/coloring-pages|/coloring-pages/fantasy|/coloring-pages/fantasy-creatures|/coloring-pages/forest|/coloring-pages/mythology,,
mythology__fantasy-mythology-dragons-icefire-dragon__45b553e37f,mythology,fantasy-mythology-dragons-icefire-dragon-45b553e37f.svg,pipeline/r2-upload/coloring-pages/svg/mythology/fantasy-mythology-dragons-icefire-dragon-45b553e37f.svg,pipeline/r2-upload/coloring-pages/webp/mythology/fantasy-mythology-dragons-icefire-dragon-45b553e37f.webp,Fantasy Mythology Dragons Icefire Dragon,fantasy-mythology-dragons-icefire-dragon-45b553e37f,coloring-pages/svg/mythology/fantasy-mythology-dragons-icefire-dragon-45b553e37f.svg,coloring-pages/webp/mythology/fantasy-mythology-dragons-icefire-dragon-45b553e37f.webp,category_mismatch|manual_review_required,manual_review,/coloring-pages|/coloring-pages/fantasy|/coloring-pages/fantasy-creatures|/coloring-pages/mythology,,
mythology__fantasy-mythology-dragons-moon-dragon__c3cde44d14,mythology,fantasy-mythology-dragons-moon-dragon-c3cde44d14.svg,pipeline/r2-upload/coloring-pages/svg/mythology/fantasy-mythology-dragons-moon-dragon-c3cde44d14.svg,pipeline/r2-upload/coloring-pages/webp/mythology/fantasy-mythology-dragons-moon-dragon-c3cde44d14.webp,Fantasy Mythology Dragons Moon Dragon,fantasy-mythology-dragons-moon-dragon-c3cde44d14,coloring-pages/svg/mythology/fantasy-mythology-dragons-moon-dragon-c3cde44d14.svg,coloring-pages/webp/mythology/fantasy-mythology-dragons-moon-dragon-c3cde44d14.webp,category_mismatch|manual_review_required,manual_review,/coloring-pages|/coloring-pages/fantasy|/coloring-pages/fantasy-creatures|/coloring-pages/mythology,,
mythology__fantasy-mythology-dragons-mountain-dragon__6a735fdcf9,mythology,fantasy-mythology-dragons-mountain-dragon-6a735fdcf9.svg,pipeline/r2-upload/coloring-pages/svg/mythology/fantasy-mythology-dragons-mountain-dragon-6a735fdcf9.svg,pipeline/r2-upload/coloring-pages/webp/mythology/fantasy-mythology-dragons-mountain-dragon-6a735fdcf9.webp,Fantasy Mythology Dragons Mountain Dragon,fantasy-mythology-dragons-mountain-dragon-6a735fdcf9,coloring-pages/svg/mythology/fantasy-mythology-dragons-mountain-dragon-6a735fdcf9.svg,coloring-pages/webp/mythology/fantasy-mythology-dragons-mountain-dragon-6a735fdcf9.webp,category_mismatch|manual_review_required,manual_review,/coloring-pages|/coloring-pages/fantasy|/coloring-pages/fantasy-creatures|/coloring-pages/mythology,,
mythology__fantasy-mythology-dragons-mutant-dragon__4138e5df6c,mythology,fantasy-mythology-dragons-mutant-dragon-4138e5df6c.svg,pipeline/r2-upload/coloring-pages/svg/mythology/fantasy-mythology-dragons-mutant-dragon-4138e5df6c.svg,pipeline/r2-upload/coloring-pages/webp/mythology/fantasy-mythology-dragons-mutant-dragon-4138e5df6c.webp,Fantasy Mythology Dragons Mutant Dragon,fantasy-mythology-dragons-mutant-dragon-4138e5df6c,coloring-pages/svg/mythology/fantasy-mythology-dragons-mutant-dragon-4138e5df6c.svg,coloring-pages/webp/mythology/fantasy-mythology-dragons-mutant-dragon-4138e5df6c.webp,category_mismatch|manual_review_required,manual_review,/coloring-pages|/coloring-pages/fantasy|/coloring-pages/fantasy-creatures|/coloring-pages/mythology,,
mythology__fantasy-mythology-dragons-nightmare-dragon__74fe4cc494,mythology,fantasy-mythology-dragons-nightmare-dragon-74fe4cc494.svg,pipeline/r2-upload/coloring-pages/svg/mythology/fantasy-mythology-dragons-nightmare-dragon-74fe4cc494.svg,pipeline/r2-upload/coloring-pages/webp/mythology/fantasy-mythology-dragons-nightmare-dragon-74fe4cc494.webp,Fantasy Mythology Dragons Nightmare Dragon,fantasy-mythology-dragons-nightmare-dragon-74fe4cc494,coloring-pages/svg/mythology/fantasy-mythology-dragons-nightmare-dragon-74fe4cc494.svg,coloring-pages/webp/mythology/fantasy-mythology-dragons-nightmare-dragon-74fe4cc494.webp,category_mismatch|manual_review_required,manual_review,/coloring-pages|/coloring-pages/fantasy|/coloring-pages/fantasy-creatures|/coloring-pages/mythology,,
mythology__fantasy-mythology-dragons-obsidian-dragon__497192e27e,mythology,fantasy-mythology-dragons-obsidian-dragon-497192e27e.svg,pipeline/r2-upload/coloring-pages/svg/mythology/fantasy-mythology-dragons-obsidian-dragon-497192e27e.svg,pipeline/r2-upload/coloring-pages/webp/mythology/fantasy-mythology-dragons-obsidian-dragon-497192e27e.webp,Fantasy Mythology Dragons Obsidian Dragon,fantasy-mythology-dragons-obsidian-dragon-497192e27e,coloring-pages/svg/mythology/fantasy-mythology-dragons-obsidian-dragon-497192e27e.svg,coloring-pages/webp/mythology/fantasy-mythology-dragons-obsidian-dragon-497192e27e.webp,category_mismatch|manual_review_required,manual_review,/coloring-pages|/coloring-pages/fantasy|/coloring-pages/fantasy-creatures|/coloring-pages/mythology,,
mythology__fantasy-mythology-dragons-phantom-dragon__f203b16801,mythology,fantasy-mythology-dragons-phantom-dragon-f203b16801.svg,pipeline/r2-upload/coloring-pages/svg/mythology/fantasy-mythology-dragons-phantom-dragon-f203b16801.svg,pipeline/r2-upload/coloring-pages/webp/mythology/fantasy-mythology-dragons-phantom-dragon-f203b16801.webp,Fantasy Mythology Dragons Phantom Dragon,fantasy-mythology-dragons-phantom-dragon-f203b16801,coloring-pages/svg/mythology/fantasy-mythology-dragons-phantom-dragon-f203b16801.svg,coloring-pages/webp/mythology/fantasy-mythology-dragons-phantom-dragon-f203b16801.webp,category_mismatch|manual_review_required,manual_review,/coloring-pages|/coloring-pages/fantasy|/coloring-pages/fantasy-creatures|/coloring-pages/mythology,,
mythology__fantasy-mythology-dragons-poison-dragon__c11ae50cc0,mythology,fantasy-mythology-dragons-poison-dragon-c11ae50cc0.svg,pipeline/r2-upload/coloring-pages/svg/mythology/fantasy-mythology-dragons-poison-dragon-c11ae50cc0.svg,pipeline/r2-upload/coloring-pages/webp/mythology/fantasy-mythology-dragons-poison-dragon-c11ae50cc0.webp,Fantasy Mythology Dragons Poison Dragon,fantasy-mythology-dragons-poison-dragon-c11ae50cc0,coloring-pages/svg/mythology/fantasy-mythology-dragons-poison-dragon-c11ae50cc0.svg,coloring-pages/webp/mythology/fantasy-mythology-dragons-poison-dragon-c11ae50cc0.webp,category_mismatch|manual_review_required,manual_review,/coloring-pages|/coloring-pages/fantasy|/coloring-pages/fantasy-creatures|/coloring-pages/mythology,,
mythology__fantasy-mythology-dragons-river-dragon__251adf6741,mythology,fantasy-mythology-dragons-river-dragon-251adf6741.svg,pipeline/r2-upload/coloring-pages/svg/mythology/fantasy-mythology-dragons-river-dragon-251adf6741.svg,pipeline/r2-upload/coloring-pages/webp/mythology/fantasy-mythology-dragons-river-dragon-251adf6741.webp,Fantasy Mythology Dragons River Dragon,fantasy-mythology-dragons-river-dragon-251adf6741,coloring-pages/svg/mythology/fantasy-mythology-dragons-river-dragon-251adf6741.svg,coloring-pages/webp/mythology/fantasy-mythology-dragons-river-dragon-251adf6741.webp,category_mismatch|manual_review_required,manual_review,/coloring-pages|/coloring-pages/fantasy|/coloring-pages/fantasy-creatures|/coloring-pages/mythology,,
mythology__fantasy-mythology-dragons-ruby-dragon__4a4ef9b99f,mythology,fantasy-mythology-dragons-ruby-dragon-4a4ef9b99f.svg,pipeline/r2-upload/coloring-pages/svg/mythology/fantasy-mythology-dragons-ruby-dragon-4a4ef9b99f.svg,pipeline/r2-upload/coloring-pages/webp/mythology/fantasy-mythology-dragons-ruby-dragon-4a4ef9b99f.webp,Fantasy Mythology Dragons Ruby Dragon,fantasy-mythology-dragons-ruby-dragon-4a4ef9b99f,coloring-pages/svg/mythology/fantasy-mythology-dragons-ruby-dragon-4a4ef9b99f.svg,coloring-pages/webp/mythology/fantasy-mythology-dragons-ruby-dragon-4a4ef9b99f.webp,category_mismatch|manual_review_required,manual_review,/coloring-pages|/coloring-pages/fantasy|/coloring-pages/fantasy-creatures|/coloring-pages/mythology,,
mythology__fantasy-mythology-dragons-shadow-dragon__75002e2861,mythology,fantasy-mythology-dragons-shadow-dragon-75002e2861.svg,pipeline/r2-upload/coloring-pages/svg/mythology/fantasy-mythology-dragons-shadow-dragon-75002e2861.svg,pipeline/r2-upload/coloring-pages/webp/mythology/fantasy-mythology-dragons-shadow-dragon-75002e2861.webp,Fantasy Mythology Dragons Shadow Dragon,fantasy-mythology-dragons-shadow-dragon-75002e2861,coloring-pages/svg/mythology/fantasy-mythology-dragons-shadow-dragon-75002e2861.svg,coloring-pages/webp/mythology/fantasy-mythology-dragons-shadow-dragon-75002e2861.webp,category_mismatch|manual_review_required,manual_review,/coloring-pages|/coloring-pages/fantasy|/coloring-pages/fantasy-creatures|/coloring-pages/mythology,,
mythology__fantasy-mythology-dragons-skeletal-dragon__d608fc022a,mythology,fantasy-mythology-dragons-skeletal-dragon-d608fc022a.svg,pipeline/r2-upload/coloring-pages/svg/mythology/fantasy-mythology-dragons-skeletal-dragon-d608fc022a.svg,pipeline/r2-upload/coloring-pages/webp/mythology/fantasy-mythology-dragons-skeletal-dragon-d608fc022a.webp,Fantasy Mythology Dragons Skeletal Dragon,fantasy-mythology-dragons-skeletal-dragon-d608fc022a,coloring-pages/svg/mythology/fantasy-mythology-dragons-skeletal-dragon-d608fc022a.svg,coloring-pages/webp/mythology/fantasy-mythology-dragons-skeletal-dragon-d608fc022a.webp,category_mismatch|manual_review_required,manual_review,/coloring-pages|/coloring-pages/fantasy|/coloring-pages/fantasy-creatures|/coloring-pages/mythology,,
mythology__fantasy-mythology-dragons-stone-dragon__17b622a032,mythology,fantasy-mythology-dragons-stone-dragon-17b622a032.svg,pipeline/r2-upload/coloring-pages/svg/mythology/fantasy-mythology-dragons-stone-dragon-17b622a032.svg,pipeline/r2-upload/coloring-pages/webp/mythology/fantasy-mythology-dragons-stone-dragon-17b622a032.webp,Fantasy Mythology Dragons Stone Dragon,fantasy-mythology-dragons-stone-dragon-17b622a032,coloring-pages/svg/mythology/fantasy-mythology-dragons-stone-dragon-17b622a032.svg,coloring-pages/webp/mythology/fantasy-mythology-dragons-stone-dragon-17b622a032.webp,category_mismatch|manual_review_required,manual_review,/coloring-pages|/coloring-pages/fantasy|/coloring-pages/fantasy-creatures|/coloring-pages/mythology,,
mythology__fantasy-mythology-dragons-storm-dragon__288ac1b5b8,mythology,fantasy-mythology-dragons-storm-dragon-288ac1b5b8.svg,pipeline/r2-upload/coloring-pages/svg/mythology/fantasy-mythology-dragons-storm-dragon-288ac1b5b8.svg,pipeline/r2-upload/coloring-pages/webp/mythology/fantasy-mythology-dragons-storm-dragon-288ac1b5b8.webp,Fantasy Mythology Dragons Storm Dragon,fantasy-mythology-dragons-storm-dragon-288ac1b5b8,coloring-pages/svg/mythology/fantasy-mythology-dragons-storm-dragon-288ac1b5b8.svg,coloring-pages/webp/mythology/fantasy-mythology-dragons-storm-dragon-288ac1b5b8.webp,category_mismatch|manual_review_required,manual_review,/coloring-pages|/coloring-pages/fantasy|/coloring-pages/fantasy-creatures|/coloring-pages/mythology,,
mythology__fantasy-mythology-dragons-sun-dragon__419f76c99f,mythology,fantasy-mythology-dragons-sun-dragon-419f76c99f.svg,pipeline/r2-upload/coloring-pages/svg/mythology/fantasy-mythology-dragons-sun-dragon-419f76c99f.svg,pipeline/r2-upload/coloring-pages/webp/mythology/fantasy-mythology-dragons-sun-dragon-419f76c99f.webp,Fantasy Mythology Dragons Sun Dragon,fantasy-mythology-dragons-sun-dragon-419f76c99f,coloring-pages/svg/mythology/fantasy-mythology-dragons-sun-dragon-419f76c99f.svg,coloring-pages/webp/mythology/fantasy-mythology-dragons-sun-dragon-419f76c99f.webp,category_mismatch|manual_review_required,manual_review,/coloring-pages|/coloring-pages/fantasy|/coloring-pages/fantasy-creatures|/coloring-pages/mythology,,
mythology__fantasy-mythology-dragons-swamp-dragon__08f6c6536b,mythology,fantasy-mythology-dragons-swamp-dragon-08f6c6536b.svg,pipeline/r2-upload/coloring-pages/svg/mythology/fantasy-mythology-dragons-swamp-dragon-08f6c6536b.svg,pipeline/r2-upload/coloring-pages/webp/mythology/fantasy-mythology-dragons-swamp-dragon-08f6c6536b.webp,Fantasy Mythology Dragons Swamp Dragon,fantasy-mythology-dragons-swamp-dragon-08f6c6536b,coloring-pages/svg/mythology/fantasy-mythology-dragons-swamp-dragon-08f6c6536b.svg,coloring-pages/webp/mythology/fantasy-mythology-dragons-swamp-dragon-08f6c6536b.webp,category_mismatch|manual_review_required,manual_review,/coloring-pages|/coloring-pages/fantasy|/coloring-pages/fantasy-creatures|/coloring-pages/mythology,,
mythology__fantasy-mythology-dragons-thunder-dragon__ba65683680,mythology,fantasy-mythology-dragons-thunder-dragon-ba65683680.svg,pipeline/r2-upload/coloring-pages/svg/mythology/fantasy-mythology-dragons-thunder-dragon-ba65683680.svg,pipeline/r2-upload/coloring-pages/webp/mythology/fantasy-mythology-dragons-thunder-dragon-ba65683680.webp,Fantasy Mythology Dragons Thunder Dragon,fantasy-mythology-dragons-thunder-dragon-ba65683680,coloring-pages/svg/mythology/fantasy-mythology-dragons-thunder-dragon-ba65683680.svg,coloring-pages/webp/mythology/fantasy-mythology-dragons-thunder-dragon-ba65683680.webp,category_mismatch|manual_review_required,manual_review,/coloring-pages|/coloring-pages/fantasy|/coloring-pages/fantasy-creatures|/coloring-pages/mythology,,
nature__camping-in-the-woods-campfire-marshmellow__01497ca28a,nature,camping-in-the-woods-campfire-marshmellow-01497ca28a.svg,pipeline/r2-upload/coloring-pages/svg/nature/camping-in-the-woods-campfire-marshmellow-01497ca28a.svg,pipeline/r2-upload/coloring-pages/webp/nature/camping-in-the-woods-campfire-marshmellow-01497ca28a.webp,Camping In The Woods Campfire Marshmellow,camping-in-the-woods-campfire-marshmellow-01497ca28a,coloring-pages/svg/nature/camping-in-the-woods-campfire-marshmellow-01497ca28a.svg,coloring-pages/webp/nature/camping-in-the-woods-campfire-marshmellow-01497ca28a.webp,category_mismatch|manual_review_required,manual_review,/coloring-pages,,
nature__forest__0ee1cc3333,nature,forest-0ee1cc3333.svg,pipeline/r2-upload/coloring-pages/svg/nature/forest-0ee1cc3333.svg,pipeline/r2-upload/coloring-pages/webp/nature/forest-0ee1cc3333.webp,Forest,forest-0ee1cc3333,coloring-pages/svg/nature/forest-0ee1cc3333.svg,coloring-pages/webp/nature/forest-0ee1cc3333.webp,category_mismatch|manual_review_required,manual_review,/coloring-pages|/coloring-pages/forest,,
space__chatgpt-image-may-1-2025-12-50-41-am__3e13c05f13,space,chatgpt-image-may-1-2025-12-50-41-am-3e13c05f13.svg,pipeline/r2-upload/coloring-pages/svg/space/chatgpt-image-may-1-2025-12-50-41-am-3e13c05f13.svg,pipeline/r2-upload/coloring-pages/webp/space/chatgpt-image-may-1-2025-12-50-41-am-3e13c05f13.webp,"ChatGPT Image May 1, 2025, 12 50 41 AM",space-3e13c05f13,coloring-pages/svg/space/space-3e13c05f13.svg,coloring-pages/webp/space/space-3e13c05f13.webp,ai_export_name|generic_name|timestamp_name|category_mismatch|manual_review_required,manual_review,/coloring-pages,,
