internal_identifier,public_title,route,canonical_url,parent_hub,child_hubs,collection_type,current_visible_count,independently_calculated_count,sitemap_count,first_page_result_count,total_unique_printable_ids,indexability,robots_directive,sitemap_inclusion,pagination_state,introduction_text,introduction_length,content_template_fingerprint,fingerprint_occurrences,repeated_headings,repeated_instructional_blocks,related_collection_sections,representative_image,representative_belongs_to_collection,distinct_narrower_subcollections,meaningful_internal_links,distinct_user_intent_evidence,suspicious_internal_or_production_wording,missing_or_inaccurate_description,count_inconsistency,preliminary_recommendation,recommendation_reason
hub_coloring_pages,Coloring Pages,/coloring-pages,https://www.ilovecoloringpage.com/coloring-pages,,hub_plushies|hub_animals|hub_for_kids|hub_fantasy|hub_anime_girls|hub_holidays|hub_plants|hub_vehicles|hub_food|hub_dragons|hub_mushrooms|hub_garden|hub_sushi|hub_buildings|hub_ocean|hub_dungeon|hub_bakery|hub_geometric_dogs|hub_chibi_dogs|hub_forest|hub_bears|hub_houses|hub_wolves|hub_tigers|hub_foxes|hub_knights|hub_christmas_dogs|hub_lions|hub_lizards|hub_witches|hub_pandas|hub_wizards|hub_owls|hub_sloths|hub_bats|hub_plushie_whales|hub_castles|hub_chess|hub_pumpkins|hub_eagles|hub_koalas|hub_rabbits|hub_velociraptors|hub_cakes|hub_otters|hub_plushie_cats|hub_penguins|hub_ducks|hub_giraffes|hub_sharks|hub_zebras|hub_moose|hub_phoenix|hub_snakes|hub_t_rex|hub_elephants|hub_stegosaurus|hub_diplodocus|hub_fish|hub_hippos|hub_horses|hub_megalodon|hub_bees|hub_brachiosaurus|hub_deer|hub_hedgehogs|hub_hydras|hub_llamas|hub_reindeer|hub_wyverns|hub_cows|hub_dolphins|hub_monkeys|hub_plushie_unicorns|hub_sheep|hub_plushie_triceratops|hub_playing_cards|hub_plushie_dogs|hub_santa|hub_robots,root gallery,6352,6352,1,48,6352,index,"index,follow",true,133 pages,"Browse 6,352 printable pages in the full collection, then search or filter the available designs.",97,452aec51,1,Using this collection,1,1,animals__animals-alligator__4feec8505a,true,80,90,Primary gallery destination with comprehensive browsing intent.,selected from approved production assets|no indexable per-image pages,true,false,retain and index,Primary gallery destination with comprehensive browsing intent.
hub_animals,Animals Coloring Pages,/coloring-pages/animals,https://www.ilovecoloringpage.com/coloring-pages/animals,hub_coloring_pages,hub_dogs|hub_sea_life|hub_prehistoric_animals|hub_birds|hub_insects|hub_reptiles|hub_plushie_animals|hub_geometric_dogs|hub_chibi_dogs|hub_bears|hub_cats|hub_wolves|hub_tigers|hub_foxes|hub_christmas_dogs|hub_lions|hub_pandas|hub_sloths|hub_bats|hub_koalas|hub_rabbits|hub_otters|hub_plushie_cats|hub_giraffes|hub_zebras|hub_moose|hub_elephants|hub_hippos|hub_horses|hub_deer|hub_hedgehogs|hub_llamas|hub_cows|hub_monkeys|hub_sheep|hub_plushie_dogs|hub_dodo,subject parent,1450,1450,1,48,1450,index,"index,follow",true,31 pages,"Browse 1,450 printable pages in the Animals collection, then search or filter the available designs.",100,3406cfce,96,Using this collection,1,1,animals__animals-alligator__4feec8505a,true,37,49,weak filename/title evidence: 14.4% of members contain a route-subject token,selected from approved production assets|no indexable per-image pages,true,false,retain and index,weak filename/title evidence: 14.4% of members contain a route-subject token
hub_anime_girls,Anime Girls Coloring Pages,/coloring-pages/anime-girls,https://www.ilovecoloringpage.com/coloring-pages/anime-girls,hub_coloring_pages,,style,905,905,1,48,905,index,"index,follow",true,19 pages,"Browse 905 printable pages in the Anime Girls collection, then search or filter the available designs.",102,3406cfce,96,Using this collection,1,1,anime-girls__anime-girl-air-balloon__1f6b5be7bc,true,0,24,direct filename/title evidence: 100.0% of members contain a route-subject token,selected from approved production assets|no indexable per-image pages,true,false,retain and index,direct filename/title evidence: 100.0% of members contain a route-subject token
hub_bakery,Bakery Coloring Pages,/coloring-pages/bakery,https://www.ilovecoloringpage.com/coloring-pages/bakery,hub_food,hub_cookie|hub_gingerbread,subject parent,93,93,1,48,93,index,"index,follow",true,2 pages,"Bakery Coloring Pages gathers 93 printable bakery pages from the gallery. Start with the artwork previews, then use search and filters to narrow the set.",153,647f1987,66,Using this collection,1,1,mandala-geometry-patterns__mandala-geometry-patterns-bakery-animal-shaped-cookies__02c4796fed,true,2,9,direct filename/title evidence: 100.0% of members contain a route-subject token,,false,false,retain and index,direct filename/title evidence: 100.0% of members contain a route-subject token
hub_bats,Bats Coloring Pages,/coloring-pages/bats,https://www.ilovecoloringpage.com/coloring-pages/bats,hub_animals,,subject,27,27,1,27,27,index,"index,follow",true,single page,"Bats Coloring Pages gathers 27 printable bats pages from the gallery. Start with the artwork previews, then use search and filters to narrow the set.",149,647f1987,66,Using this collection,1,1,holiday__holiday-halloween-dracula-in-coffin-with-bats-coloring-page__4397409e48,true,0,8,weak filename/title evidence: 25.9% of members contain a route-subject token,,false,false,retain and index,weak filename/title evidence: 25.9% of members contain a route-subject token
hub_bears,Bears Coloring Pages,/coloring-pages/bears,https://www.ilovecoloringpage.com/coloring-pages/bears,hub_animals,,subject,60,60,1,48,60,index,"index,follow",true,2 pages,"Bears Coloring Pages gathers 60 printable bears pages from the gallery. Start with the artwork previews, then use search and filters to narrow the set.",151,647f1987,66,Using this collection,1,1,christmas__holiday-christmas-animals-bears__be6558c950,true,0,8,weak filename/title evidence: 6.7% of members contain a route-subject token,,false,false,retain and index,weak filename/title evidence: 6.7% of members contain a route-subject token
hub_bees,Bees Coloring Pages,/coloring-pages/bees,https://www.ilovecoloringpage.com/coloring-pages/bees,hub_insects,,subject,15,15,1,15,15,index,"index,follow",true,single page,"Bees Coloring Pages gathers 15 printable bees pages from the gallery. Start with the artwork previews, then use search and filters to narrow the set.",149,647f1987,66,Using this collection,1,1,anime-girls__anime-girl-summoning-killer-bees__646adb9f40,true,0,7,weak filename/title evidence: 6.7% of members contain a route-subject token,,false,false,retain and index,weak filename/title evidence: 6.7% of members contain a route-subject token
hub_beetles,Beetles Coloring Pages,/coloring-pages/beetles,https://www.ilovecoloringpage.com/coloring-pages/beetles,hub_insects,,subject,25,25,1,25,25,index,"index,follow",true,single page,"Browse 25 printable pages in the Beetles collection, then search or filter the available designs.",97,3406cfce,96,Using this collection,1,1,anime-girls__anime-girl-summoning-jutsu-beetles__13ee413203,true,0,9,weak filename/title evidence: 8.0% of members contain a route-subject token,selected from approved production assets|no indexable per-image pages,true,false,retain and index,weak filename/title evidence: 8.0% of members contain a route-subject token
hub_birds,Birds Coloring Pages,/coloring-pages/birds,https://www.ilovecoloringpage.com/coloring-pages/birds,hub_animals,hub_owls|hub_eagles|hub_penguins|hub_ducks,subject parent,188,188,1,48,188,index,"index,follow",true,4 pages,"Browse 188 printable pages in the Birds collection, then search or filter the available designs.",96,3406cfce,96,Using this collection,1,1,anime-girls__anime-girl-birds-duck__5c61314642,true,4,13,direct filename/title evidence: 89.9% of members contain a route-subject token,selected from approved production assets|no indexable per-image pages,true,false,retain and index,direct filename/title evidence: 89.9% of members contain a route-subject token
hub_birthday,Birthday Coloring Pages,/coloring-pages/birthday,https://www.ilovecoloringpage.com/coloring-pages/birthday,hub_holidays,hub_birthday_celebration,season or occasion,211,211,1,48,211,index,"index,follow",true,5 pages,"Browse 211 printable pages in the Birthday collection, then search or filter the available designs.",99,3406cfce,96,Using this collection,1,1,anime-girls__anime-girl-birthday-cake__a75fa3e263,true,1,5,direct filename/title evidence: 100.0% of members contain a route-subject token,selected from approved production assets|no indexable per-image pages,true,false,retain and index,direct filename/title evidence: 100.0% of members contain a route-subject token
hub_brachiosaurus,Brachiosaurus Coloring Pages,/coloring-pages/brachiosaurus,https://www.ilovecoloringpage.com/coloring-pages/brachiosaurus,hub_dinosaurs,,subject,15,15,1,15,15,index,"index,follow",true,single page,"Brachiosaurus Coloring Pages gathers 15 printable brachiosaurus pages from the gallery. Start with the artwork previews, then use search and filters to narrow the set.",167,647f1987,66,Using this collection,1,1,plushie__plushie-prehistoric-brachiosaurus__35dc7192a9,true,0,6,direct filename/title evidence: 100.0% of members contain a route-subject token,,false,false,retain and index,direct filename/title evidence: 100.0% of members contain a route-subject token
hub_bridges,Bridges Coloring Pages,/coloring-pages/bridges,https://www.ilovecoloringpage.com/coloring-pages/bridges,hub_buildings,,subject,23,23,1,23,23,index,"index,follow",true,single page,"Browse 23 printable pages in the Bridges collection, then search or filter the available designs.",97,3406cfce,96,Using this collection,1,1,chibi__chibi-dungeon-adventure-bridge-over-lava__906729f5e5,true,0,9,weak filename/title evidence: 0.0% of members contain a route-subject token,selected from approved production assets|no indexable per-image pages,true,false,retain and index,weak filename/title evidence: 0.0% of members contain a route-subject token
hub_buildings,Buildings Coloring Pages,/coloring-pages/buildings,https://www.ilovecoloringpage.com/coloring-pages/buildings,hub_coloring_pages,hub_houses|hub_castles|hub_bridges|hub_world_landmarks,subject parent,156,156,1,48,156,index,"index,follow",true,4 pages,"Browse 156 printable pages in the Buildings collection, then search or filter the available designs.",100,3406cfce,96,Using this collection,1,1,anime-girls__anime-girl-journaling-at-home__4243797a12,true,4,13,weak filename/title evidence: 0.0% of members contain a route-subject token,selected from approved production assets|no indexable per-image pages,true,false,retain and index,weak filename/title evidence: 0.0% of members contain a route-subject token
hub_butterflies,Butterflies Coloring Pages,/coloring-pages/butterflies,https://www.ilovecoloringpage.com/coloring-pages/butterflies,hub_insects,,subject,26,26,1,26,26,index,"index,follow",true,single page,"Browse 26 printable pages in the Butterflies collection, then search or filter the available designs.",101,3406cfce,96,Using this collection,1,1,animals__animals-butterflies__016ffbb0de,true,0,7,weak filename/title evidence: 7.7% of members contain a route-subject token,selected from approved production assets|no indexable per-image pages,true,false,retain and index,weak filename/title evidence: 7.7% of members contain a route-subject token
hub_cakes,Cakes Coloring Pages,/coloring-pages/cakes,https://www.ilovecoloringpage.com/coloring-pages/cakes,hub_food,,subject,21,21,1,21,21,index,"index,follow",true,single page,"Cakes Coloring Pages gathers 21 printable cakes pages from the gallery. Start with the artwork previews, then use search and filters to narrow the set.",151,647f1987,66,Using this collection,1,1,mandala-geometry-patterns__mandala-geometry-patterns-bakery-vanilla-cupcakes__803a7220cc,true,0,5,weak filename/title evidence: 4.8% of members contain a route-subject token,,false,false,retain and index,weak filename/title evidence: 4.8% of members contain a route-subject token
hub_cars,Cars Coloring Pages,/coloring-pages/cars,https://www.ilovecoloringpage.com/coloring-pages/cars,hub_vehicles,,subject,193,193,1,48,193,index,"index,follow",true,5 pages,"Browse 193 printable pages in the Cars collection, then search or filter the available designs.",95,3406cfce,96,Using this collection,1,1,anime-girls__anime-girl-driving-race-car-driving__07de9e75de,true,0,7,direct filename/title evidence: 94.3% of members contain a route-subject token,selected from approved production assets|no indexable per-image pages,true,false,retain and index,direct filename/title evidence: 94.3% of members contain a route-subject token
hub_castles,Castles Coloring Pages,/coloring-pages/castles,https://www.ilovecoloringpage.com/coloring-pages/castles,hub_buildings,,subject,25,25,1,25,25,index,"index,follow",true,single page,"Castles Coloring Pages gathers 25 printable castles pages from the gallery. Start with the artwork previews, then use search and filters to narrow the set.",155,647f1987,66,Using this collection,1,1,st-patricks-day__st-patricks-day-irish-castle-on-hilltop-coloring-page__862176e869,true,0,8,weak filename/title evidence: 0.0% of members contain a route-subject token,,false,false,retain and index,weak filename/title evidence: 0.0% of members contain a route-subject token
hub_cats,Cats Coloring Pages,/coloring-pages/cats,https://www.ilovecoloringpage.com/coloring-pages/cats,hub_animals,,subject,55,55,1,48,55,index,"index,follow",true,2 pages,"Browse 55 printable pages in the Cats collection, then search or filter the available designs.",94,3406cfce,96,Using this collection,1,1,anime-girls__anime-girl-cat-hoodie-plushie__62ed67bd39,true,0,6,weak filename/title evidence: 7.3% of members contain a route-subject token,selected from approved production assets|no indexable per-image pages,true,false,retain and index,weak filename/title evidence: 7.3% of members contain a route-subject token
hub_chess,Chess Coloring Pages,/coloring-pages/chess,https://www.ilovecoloringpage.com/coloring-pages/chess,hub_playing_cards,,subject,23,23,1,23,23,index,"index,follow",true,single page,"Chess Coloring Pages gathers 23 printable chess pages from the gallery. Start with the artwork previews, then use search and filters to narrow the set.",151,647f1987,66,Using this collection,1,1,anime-girls__anime-girl-chess__50e94b303e,true,0,5,direct filename/title evidence: 100.0% of members contain a route-subject token,,false,false,retain and index,direct filename/title evidence: 100.0% of members contain a route-subject token
hub_chibi,Chibi Coloring Pages,/coloring-pages/chibi,https://www.ilovecoloringpage.com/coloring-pages/chibi,hub_easy,,style,908,908,1,48,908,index,"index,follow",true,19 pages,"Browse 908 printable pages in the Chibi collection, then search or filter the available designs.",96,3406cfce,96,Using this collection,1,1,anime-girls__anime-girl-chibi-bear-summon__443fa88c61,true,0,23,direct filename/title evidence: 100.0% of members contain a route-subject token,selected from approved production assets|no indexable per-image pages,true,false,retain and index,direct filename/title evidence: 100.0% of members contain a route-subject token
hub_chibi_dogs,Chibi Dogs Coloring Pages,/coloring-pages/chibi-dogs,https://www.ilovecoloringpage.com/coloring-pages/chibi-dogs,hub_animals,,style,79,79,1,48,79,index,"index,follow",true,2 pages,"Chibi Dogs Coloring Pages gathers 79 printable chibi dogs pages from the gallery. Start with the artwork previews, then use search and filters to narrow the set.",161,647f1987,66,Using this collection,1,1,chibi__chibi-animals-pets-dogs-afghan-hound__d9a83b6ec9,true,0,9,direct filename/title evidence: 100.0% of members contain a route-subject token,,false,false,retain and index,direct filename/title evidence: 100.0% of members contain a route-subject token
hub_chibi_flowers,Chibi Flowers Coloring Pages,/coloring-pages/chibi-flowers,https://www.ilovecoloringpage.com/coloring-pages/chibi-flowers,hub_plants,,style,152,152,1,48,152,index,"index,follow",true,4 pages,"Browse 152 printable pages in the Chibi Flowers collection, then search or filter the available designs.",104,3406cfce,96,Using this collection,1,1,chibi__chibi-enchanted-forest-fairy-dancing-in-flower-ring__c4cb5961c2,true,0,10,direct filename/title evidence: 100.0% of members contain a route-subject token,selected from approved production assets|no indexable per-image pages,true,false,retain and index,direct filename/title evidence: 100.0% of members contain a route-subject token
hub_christmas,Christmas Coloring Pages,/coloring-pages/christmas,https://www.ilovecoloringpage.com/coloring-pages/christmas,hub_holidays,hub_reindeer|hub_santa|hub_christmas_plushie,season or occasion,332,332,1,48,332,index,"index,follow",true,7 pages,"Browse 332 printable pages in the Christmas collection, then search or filter the available designs.",100,3406cfce,96,Using this collection,1,1,christmas__christmas-holiday-advent-calendar__a1245c4617,true,3,15,direct filename/title evidence: 100.0% of members contain a route-subject token,selected from approved production assets|no indexable per-image pages,true,false,retain and index,direct filename/title evidence: 100.0% of members contain a route-subject token
hub_christmas_dogs,Christmas Dogs Coloring Pages,/coloring-pages/christmas-dogs,https://www.ilovecoloringpage.com/coloring-pages/christmas-dogs,hub_animals,,season or occasion,36,36,1,36,36,index,"index,follow",true,single page,"Christmas Dogs Coloring Pages gathers 36 printable christmas dogs pages from the gallery. Start with the artwork previews, then use search and filters to narrow the set.",169,647f1987,66,Using this collection,1,1,christmas__holiday-christmas-dogs-german-shepherd__5779fc20a7,true,0,8,direct filename/title evidence: 100.0% of members contain a route-subject token,,false,false,retain and index,direct filename/title evidence: 100.0% of members contain a route-subject token
hub_cows,Cows Coloring Pages,/coloring-pages/cows,https://www.ilovecoloringpage.com/coloring-pages/cows,hub_animals,,subject,14,14,1,14,14,index,"index,follow",true,single page,"Cows Coloring Pages gathers 14 printable cows pages from the gallery. Start with the artwork previews, then use search and filters to narrow the set.",149,647f1987,66,Using this collection,1,1,plushie__plushie-cow__fc41be5b71,true,0,6,weak filename/title evidence: 0.0% of members contain a route-subject token,,false,false,retain and index,weak filename/title evidence: 0.0% of members contain a route-subject token
hub_crabs,Crabs Coloring Pages,/coloring-pages/crabs,https://www.ilovecoloringpage.com/coloring-pages/crabs,hub_sea_life,,subject,21,21,1,21,21,index,"index,follow",true,single page,"Browse 21 printable pages in the Crabs collection, then search or filter the available designs.",95,3406cfce,96,Using this collection,1,1,chibi__chibi-plushie-crab__0a927497b6,true,0,8,weak filename/title evidence: 0.0% of members contain a route-subject token,selected from approved production assets|no indexable per-image pages,true,false,retain and index,weak filename/title evidence: 0.0% of members contain a route-subject token
hub_cute,Cute Coloring Pages,/coloring-pages/cute,https://www.ilovecoloringpage.com/coloring-pages/cute,hub_easy,,subject,375,375,1,48,375,index,"index,follow",true,8 pages,"Browse 375 printable pages in the Cute collection, then search or filter the available designs.",95,3406cfce,96,Using this collection,1,1,anime-girls__anime-girl-cute-teddy-bear-plushie__9e3171aa9b,true,0,10,weak filename/title evidence: 7.5% of members contain a route-subject token,selected from approved production assets|no indexable per-image pages,true,false,retain and index,weak filename/title evidence: 7.5% of members contain a route-subject token
hub_deer,Deer Coloring Pages,/coloring-pages/deer,https://www.ilovecoloringpage.com/coloring-pages/deer,hub_animals,,subject,15,15,1,15,15,index,"index,follow",true,single page,"Deer Coloring Pages gathers 15 printable deer pages from the gallery. Start with the artwork previews, then use search and filters to narrow the set.",149,647f1987,66,Using this collection,1,1,christmas__holiday-christmas-animals-deer__1ad8990dcd,true,0,6,direct filename/title evidence: 100.0% of members contain a route-subject token,,false,false,retain and index,direct filename/title evidence: 100.0% of members contain a route-subject token
hub_detailed_for_adults,Detailed Coloring Pages for Adults,/coloring-pages/detailed-for-adults,https://www.ilovecoloringpage.com/coloring-pages/detailed-for-adults,hub_mandalas,hub_mandalas|hub_geometric,audience or difficulty,1459,1459,1,48,1459,index,"index,follow",true,31 pages,"Browse 1,459 printable pages in the Detailed Coloring Pages for Adults collection, then search or filter the available designs.",127,3406cfce,96,Using this collection,1,1,mandala__mandala-geometry-patterns-animal-mandala-fox__3e8e80a2fd,true,2,24,weak filename/title evidence: 0.0% of members contain a route-subject token,selected from approved production assets|no indexable per-image pages,true,false,correct collection membership,"Distinct labels imply different intents, but the inventories are exact or more than 99.8% similar; repair the classification rule before an indexation decision."
hub_dinosaurs,Dinosaurs Coloring Pages,/coloring-pages/dinosaurs,https://www.ilovecoloringpage.com/coloring-pages/dinosaurs,hub_prehistoric_animals,hub_triceratops|hub_velociraptors|hub_t_rex|hub_stegosaurus|hub_diplodocus|hub_brachiosaurus|hub_plushie_triceratops|hub_woolly_mammoth|hub_saber_toothed_tiger|hub_ankylosaurus|hub_mosasaurus|hub_plesiosaurus|hub_pterodactyl|hub_iguanodon|hub_pteranodon,subject parent,189,189,1,48,189,index,"index,follow",true,4 pages,"Browse 189 printable pages in the Dinosaurs collection, then search or filter the available designs.",100,3406cfce,96,Using this collection,1,1,anime-girls__anime-girl-brachiosaurus-hoodie-plushie__73442e8b67,true,15,22,weak filename/title evidence: 0.5% of members contain a route-subject token,selected from approved production assets|no indexable per-image pages,true,false,manual editorial review,"The intent may be legitimate, but current membership is highly overlapping and does not adequately demonstrate the stated distinction."
hub_diplodocus,Diplodocus Coloring Pages,/coloring-pages/diplodocus,https://www.ilovecoloringpage.com/coloring-pages/diplodocus,hub_dinosaurs,,subject,16,16,1,16,16,index,"index,follow",true,single page,"Diplodocus Coloring Pages gathers 16 printable diplodocus pages from the gallery. Start with the artwork previews, then use search and filters to narrow the set.",161,647f1987,66,Using this collection,1,1,dinosaurs__prehistoric-diplodocus__9808941cbd,true,0,6,direct filename/title evidence: 100.0% of members contain a route-subject token,,false,false,retain and index,direct filename/title evidence: 100.0% of members contain a route-subject token
hub_dogs,Dogs Coloring Pages,/coloring-pages/dogs,https://www.ilovecoloringpage.com/coloring-pages/dogs,hub_animals,hub_terrier|hub_bulldog|hub_collie,subject parent,284,284,1,48,284,index,"index,follow",true,6 pages,"Browse 284 printable pages in the Dogs collection, then search or filter the available designs.",95,3406cfce,96,Using this collection,1,1,animals__animals-dog__18819a83c1,true,3,11,direct filename/title evidence: 92.3% of members contain a route-subject token,selected from approved production assets|no indexable per-image pages,true,false,retain and index,direct filename/title evidence: 92.3% of members contain a route-subject token
hub_dolphins,Dolphins Coloring Pages,/coloring-pages/dolphins,https://www.ilovecoloringpage.com/coloring-pages/dolphins,hub_sea_life,,subject,14,14,1,14,14,index,"index,follow",true,single page,"Dolphins Coloring Pages gathers 14 printable dolphins pages from the gallery. Start with the artwork previews, then use search and filters to narrow the set.",157,647f1987,66,Using this collection,1,1,animals__animals-dolphins__06e09058c7,true,0,5,weak filename/title evidence: 7.1% of members contain a route-subject token,,false,false,retain and index,weak filename/title evidence: 7.1% of members contain a route-subject token
hub_dragons,Dragons Coloring Pages,/coloring-pages/dragons,https://www.ilovecoloringpage.com/coloring-pages/dragons,hub_fantasy,,subject,259,259,1,48,259,index,"index,follow",true,6 pages,"Dragons Coloring Pages gathers 259 printable dragons pages from the gallery. Start with the artwork previews, then use search and filters to narrow the set.",156,647f1987,66,Using this collection,1,1,christmas__holiday-christmas-animals-dragons__b1e9ada7ea,true,0,12,weak filename/title evidence: 3.1% of members contain a route-subject token,,false,false,retain and index,weak filename/title evidence: 3.1% of members contain a route-subject token
hub_ducks,Ducks Coloring Pages,/coloring-pages/ducks,https://www.ilovecoloringpage.com/coloring-pages/ducks,hub_birds,,subject,19,19,1,19,19,index,"index,follow",true,single page,"Ducks Coloring Pages gathers 19 printable ducks pages from the gallery. Start with the artwork previews, then use search and filters to narrow the set.",151,647f1987,66,Using this collection,1,1,birds__birds-ducks__1dbebbc6d6,true,0,5,weak filename/title evidence: 5.3% of members contain a route-subject token,,false,false,retain and index,weak filename/title evidence: 5.3% of members contain a route-subject token
hub_dungeon,Dungeon Coloring Pages,/coloring-pages/dungeon,https://www.ilovecoloringpage.com/coloring-pages/dungeon,hub_coloring_pages,,subject,99,99,1,48,99,index,"index,follow",true,3 pages,"Browse 99 printable pages in the Dungeon collection, then search or filter the available designs.",97,3406cfce,96,Using this collection,1,1,chibi__chibi-dungeon-adventure-bridge-over-lava__906729f5e5,true,0,8,direct filename/title evidence: 100.0% of members contain a route-subject token,selected from approved production assets|no indexable per-image pages,true,false,retain and index,direct filename/title evidence: 100.0% of members contain a route-subject token
hub_eagles,Eagles Coloring Pages,/coloring-pages/eagles,https://www.ilovecoloringpage.com/coloring-pages/eagles,hub_birds,,subject,22,22,1,22,22,index,"index,follow",true,single page,"Eagles Coloring Pages gathers 22 printable eagles pages from the gallery. Start with the artwork previews, then use search and filters to narrow the set.",153,647f1987,66,Using this collection,1,1,animals__animals-eagles__9c48219eed,true,0,5,weak filename/title evidence: 4.5% of members contain a route-subject token,,false,false,retain and index,weak filename/title evidence: 4.5% of members contain a route-subject token
hub_easy,Easy Coloring Pages,/coloring-pages/easy,https://www.ilovecoloringpage.com/coloring-pages/easy,hub_for_kids,hub_chibi|hub_cute|hub_kawaii,audience or difficulty,1300,1300,1,48,1300,index,"index,follow",true,28 pages,"Browse 1,300 printable pages in the Easy collection, then search or filter the available designs.",97,3406cfce,96,Using this collection,1,1,anime-girls__anime-girl-chibi-bear-summon__443fa88c61,true,3,24,weak filename/title evidence: 0.0% of members contain a route-subject token,selected from approved production assets|no indexable per-image pages,true,false,manual editorial review,"The intent may be legitimate, but current membership is highly overlapping and does not adequately demonstrate the stated distinction."
hub_elephants,Elephants Coloring Pages,/coloring-pages/elephants,https://www.ilovecoloringpage.com/coloring-pages/elephants,hub_animals,,subject,17,17,1,17,17,index,"index,follow",true,single page,"Elephants Coloring Pages gathers 17 printable elephants pages from the gallery. Start with the artwork previews, then use search and filters to narrow the set.",159,647f1987,66,Using this collection,1,1,animals__animals-elephants__44cfe62b98,true,0,5,weak filename/title evidence: 11.8% of members contain a route-subject token,,false,false,retain and index,weak filename/title evidence: 11.8% of members contain a route-subject token
hub_fairies,Fairies Coloring Pages,/coloring-pages/fairies,https://www.ilovecoloringpage.com/coloring-pages/fairies,hub_fantasy_creatures,,subject,37,37,1,37,37,index,"index,follow",true,single page,"Browse 37 printable pages in the Fairies collection, then search or filter the available designs.",97,3406cfce,96,Using this collection,1,1,anime-girls__anime-girl-summoning-fairy-plushies__0c86dd4c47,true,0,8,weak filename/title evidence: 8.1% of members contain a route-subject token,selected from approved production assets|no indexable per-image pages,true,false,retain and index,weak filename/title evidence: 8.1% of members contain a route-subject token
hub_fantasy,Fantasy Coloring Pages,/coloring-pages/fantasy,https://www.ilovecoloringpage.com/coloring-pages/fantasy,hub_coloring_pages,hub_fantasy_creatures|hub_dragons|hub_mythology|hub_medieval_fantasy|hub_wizards|hub_phoenix|hub_hydras|hub_wyverns|hub_plushie_unicorns|hub_robots|hub_summoning|hub_magic,subject parent,1265,1265,1,48,1265,index,"index,follow",true,27 pages,"Browse 1,265 printable pages in the Fantasy collection, then search or filter the available designs.",100,3406cfce,96,Using this collection,1,1,anime-girls__anime-girl-centaur-standoff__d462b8fcc6,true,12,27,direct filename/title evidence: 57.6% of members contain a route-subject token,selected from approved production assets|no indexable per-image pages,true,false,retain and index,direct filename/title evidence: 57.6% of members contain a route-subject token
hub_fantasy_creatures,Fantasy Creatures Coloring Pages,/coloring-pages/fantasy-creatures,https://www.ilovecoloringpage.com/coloring-pages/fantasy-creatures,hub_fantasy,hub_plushie_dragons|hub_fantasy_dragons|hub_unicorns|hub_fairies|hub_pegasus|hub_mermaids|hub_griffins,subject parent,531,531,1,48,531,index,"index,follow",true,12 pages,"Browse 531 printable pages in the Fantasy Creatures collection, then search or filter the available designs.",108,3406cfce,96,Using this collection,1,1,anime-girls__anime-girl-centaur-standoff__d462b8fcc6,true,7,22,direct filename/title evidence: 39.0% of members contain a route-subject token,selected from approved production assets|no indexable per-image pages,true,false,retain and index,direct filename/title evidence: 39.0% of members contain a route-subject token
hub_fantasy_dragons,Fantasy Dragons Coloring Pages,/coloring-pages/fantasy-dragons,https://www.ilovecoloringpage.com/coloring-pages/fantasy-dragons,hub_fantasy_creatures,,subject,49,49,1,48,49,index,"index,follow",true,2 pages,"Browse 49 printable pages in the Fantasy Dragons collection, then search or filter the available designs.",105,3406cfce,96,Using this collection,1,1,fantasy__fantasy-angry-volcano-dragon__2d2fb81a98,true,0,2,direct filename/title evidence: 100.0% of members contain a route-subject token,selected from approved production assets|no indexable per-image pages,true,false,retain and index,direct filename/title evidence: 100.0% of members contain a route-subject token
hub_fish,Fish Coloring Pages,/coloring-pages/fish,https://www.ilovecoloringpage.com/coloring-pages/fish,hub_sea_life,,subject,16,16,1,16,16,index,"index,follow",true,single page,"Fish Coloring Pages gathers 16 printable fish pages from the gallery. Start with the artwork previews, then use search and filters to narrow the set.",149,647f1987,66,Using this collection,1,1,sea-life__sea-life-coral-reef-fish__c022c371ac,true,0,6,direct filename/title evidence: 100.0% of members contain a route-subject token,,false,false,retain and index,direct filename/title evidence: 100.0% of members contain a route-subject token
hub_flowers,Flowers Coloring Pages,/coloring-pages/flowers,https://www.ilovecoloringpage.com/coloring-pages/flowers,hub_plants,hub_roses|hub_lily|hub_forget_me_not|hub_daisy|hub_orchid|hub_poppy|hub_lotus,subject parent,346,346,1,48,346,index,"index,follow",true,8 pages,"Browse 346 printable pages in the Flowers collection, then search or filter the available designs.",98,3406cfce,96,Using this collection,1,1,anime-girls__anime-girl-field-of-flowers-nature__401fe52b71,true,7,15,direct filename/title evidence: 92.5% of members contain a route-subject token,selected from approved production assets|no indexable per-image pages,true,false,retain and index,direct filename/title evidence: 92.5% of members contain a route-subject token
hub_food,Food Coloring Pages,/coloring-pages/food,https://www.ilovecoloringpage.com/coloring-pages/food,hub_coloring_pages,hub_sushi|hub_bakery|hub_cakes,subject parent,261,261,1,48,261,index,"index,follow",true,6 pages,"Browse 261 printable pages in the Food collection, then search or filter the available designs.",95,3406cfce,96,Using this collection,1,1,anime-girls__anime-girl-birthday-cake__a75fa3e263,true,3,12,weak filename/title evidence: 1.9% of members contain a route-subject token,selected from approved production assets|no indexable per-image pages,true,false,retain and index,weak filename/title evidence: 1.9% of members contain a route-subject token
hub_for_kids,Coloring Pages for Kids,/coloring-pages/for-kids,https://www.ilovecoloringpage.com/coloring-pages/for-kids,hub_coloring_pages,hub_easy,audience or difficulty,1335,1335,1,48,1335,index,"index,follow",true,28 pages,"Browse 1,335 printable pages in the Coloring Pages for Kids collection, then search or filter the available designs.",116,3406cfce,96,Using this collection,1,1,animals__animals-puppies__093b6e6276,true,1,24,weak filename/title evidence: 0.2% of members contain a route-subject token,selected from approved production assets|no indexable per-image pages,true,false,manual editorial review,"The intent may be legitimate, but current membership is highly overlapping and does not adequately demonstrate the stated distinction."
hub_forest,Forest Coloring Pages,/coloring-pages/forest,https://www.ilovecoloringpage.com/coloring-pages/forest,hub_coloring_pages,,subject,72,72,1,48,72,index,"index,follow",true,2 pages,"Browse 72 printable pages in the Forest collection, then search or filter the available designs.",96,3406cfce,96,Using this collection,1,1,anime-girls__anime-girl-enchanted-forest-ambush__e6f3722767,true,0,10,direct filename/title evidence: 100.0% of members contain a route-subject token,selected from approved production assets|no indexable per-image pages,true,false,retain and index,direct filename/title evidence: 100.0% of members contain a route-subject token
hub_foxes,Foxes Coloring Pages,/coloring-pages/foxes,https://www.ilovecoloringpage.com/coloring-pages/foxes,hub_animals,,subject,40,40,1,40,40,index,"index,follow",true,single page,"Foxes Coloring Pages gathers 40 printable foxes pages from the gallery. Start with the artwork previews, then use search and filters to narrow the set.",151,647f1987,66,Using this collection,1,1,christmas__holiday-christmas-animals-foxes__a4773e1d23,true,0,9,weak filename/title evidence: 10.0% of members contain a route-subject token,,false,false,retain and index,weak filename/title evidence: 10.0% of members contain a route-subject token
hub_garden,Garden Coloring Pages,/coloring-pages/garden,https://www.ilovecoloringpage.com/coloring-pages/garden,hub_coloring_pages,,subject,195,195,1,48,195,index,"index,follow",true,5 pages,"Browse 195 printable pages in the Garden collection, then search or filter the available designs.",97,3406cfce,96,Using this collection,1,1,anime-girls__anime-girl-smelling-daisies-in-garden__8e712687ca,true,0,13,direct filename/title evidence: 53.8% of members contain a route-subject token,selected from approved production assets|no indexable per-image pages,true,false,retain and index,direct filename/title evidence: 53.8% of members contain a route-subject token
hub_garden_flowers,Garden Flowers Coloring Pages,/coloring-pages/garden-flowers,https://www.ilovecoloringpage.com/coloring-pages/garden-flowers,hub_plants,,subject,95,95,1,48,95,index,"index,follow",true,2 pages,"Browse 95 printable pages in the Garden Flowers collection, then search or filter the available designs.",104,3406cfce,96,Using this collection,1,1,chibi__chibi-flowers-tulip-garden__68470e6363,true,0,7,direct filename/title evidence: 100.0% of members contain a route-subject token,selected from approved production assets|no indexable per-image pages,true,false,retain and index,direct filename/title evidence: 100.0% of members contain a route-subject token
hub_geometric,Geometric Coloring Pages,/coloring-pages/geometric,https://www.ilovecoloringpage.com/coloring-pages/geometric,hub_detailed_for_adults,,style,1457,1457,1,48,1457,index,"index,follow",true,31 pages,"Browse 1,457 printable pages in the Geometric collection, then search or filter the available designs.",102,3406cfce,96,Using this collection,1,1,mandala__mandala-geometry-patterns-animal-mandala-fox__3e8e80a2fd,true,0,23,weak filename/title evidence: 0.1% of members contain a route-subject token,selected from approved production assets|no indexable per-image pages,true,false,correct collection membership,"Distinct labels imply different intents, but the inventories are exact or more than 99.8% similar; repair the classification rule before an indexation decision."
hub_geometric_dogs,Geometric Dogs Coloring Pages,/coloring-pages/geometric-dogs,https://www.ilovecoloringpage.com/coloring-pages/geometric-dogs,hub_animals,,style,85,85,1,48,85,index,"index,follow",true,2 pages,"Geometric Dogs Coloring Pages gathers 85 printable geometric dogs pages from the gallery. Start with the artwork previews, then use search and filters to narrow the set.",169,647f1987,66,Using this collection,1,1,mandala-geometry-patterns__mandala-geometry-patterns-dogs-akita-creative__64d3b64465,true,0,7,direct filename/title evidence: 95.3% of members contain a route-subject token,,false,false,retain and index,direct filename/title evidence: 95.3% of members contain a route-subject token
hub_giraffes,Giraffes Coloring Pages,/coloring-pages/giraffes,https://www.ilovecoloringpage.com/coloring-pages/giraffes,hub_animals,,subject,19,19,1,19,19,index,"index,follow",true,single page,"Giraffes Coloring Pages gathers 19 printable giraffes pages from the gallery. Start with the artwork previews, then use search and filters to narrow the set.",157,647f1987,66,Using this collection,1,1,anime-girls__anime-girl-summoning-jutsu-giraffes__b541aceb4c,true,0,6,weak filename/title evidence: 5.3% of members contain a route-subject token,,false,false,retain and index,weak filename/title evidence: 5.3% of members contain a route-subject token
hub_griffins,Griffins Coloring Pages,/coloring-pages/griffins,https://www.ilovecoloringpage.com/coloring-pages/griffins,hub_fantasy_creatures,,subject,21,21,1,21,21,index,"index,follow",true,single page,"Browse 21 printable pages in the Griffins collection, then search or filter the available designs.",98,3406cfce,96,Using this collection,1,1,chibi__chibi-dungeon-pet-griffin__7156ac6ffb,true,0,8,weak filename/title evidence: 0.0% of members contain a route-subject token,selected from approved production assets|no indexable per-image pages,true,false,retain and index,weak filename/title evidence: 0.0% of members contain a route-subject token
hub_halloween,Halloween Coloring Pages,/coloring-pages/halloween,https://www.ilovecoloringpage.com/coloring-pages/halloween,hub_holidays,hub_witches|hub_pumpkins|hub_halloween_costume|hub_trick_or_treat,season or occasion,305,305,1,48,305,index,"index,follow",true,7 pages,"Browse 305 printable pages in the Halloween collection, then search or filter the available designs.",100,3406cfce,96,Using this collection,1,1,anime-girls__anime-girl-zombie-halloween-png__93ec2c4c40,true,4,11,direct filename/title evidence: 100.0% of members contain a route-subject token,selected from approved production assets|no indexable per-image pages,true,false,retain and index,direct filename/title evidence: 100.0% of members contain a route-subject token
hub_hedgehogs,Hedgehogs Coloring Pages,/coloring-pages/hedgehogs,https://www.ilovecoloringpage.com/coloring-pages/hedgehogs,hub_animals,,subject,15,15,1,15,15,index,"index,follow",true,single page,"Hedgehogs Coloring Pages gathers 15 printable hedgehogs pages from the gallery. Start with the artwork previews, then use search and filters to narrow the set.",159,647f1987,66,Using this collection,1,1,anime-girls__anime-girl-summoning-jutsu-hedgehogs__90bf98ebb8,true,0,6,weak filename/title evidence: 6.7% of members contain a route-subject token,,false,false,retain and index,weak filename/title evidence: 6.7% of members contain a route-subject token
hub_hippos,Hippos Coloring Pages,/coloring-pages/hippos,https://www.ilovecoloringpage.com/coloring-pages/hippos,hub_animals,,subject,16,16,1,16,16,index,"index,follow",true,single page,"Hippos Coloring Pages gathers 16 printable hippos pages from the gallery. Start with the artwork previews, then use search and filters to narrow the set.",153,647f1987,66,Using this collection,1,1,anime-girls__anime-girl-summoning-jutsu-hippos__3ea75b764f,true,0,6,weak filename/title evidence: 6.3% of members contain a route-subject token,,false,false,retain and index,weak filename/title evidence: 6.3% of members contain a route-subject token
hub_holidays,Holidays Coloring Pages,/coloring-pages/holidays,https://www.ilovecoloringpage.com/coloring-pages/holidays,hub_coloring_pages,hub_christmas|hub_halloween|hub_birthday|hub_st_patricks_day|hub_leprechaun,season or occasion,874,874,1,48,874,index,"index,follow",true,19 pages,"Browse 874 printable pages in the Holidays collection, then search or filter the available designs.",99,3406cfce,96,Using this collection,1,1,anime-girls__anime-girl-birthday-cake__a75fa3e263,true,5,25,weak filename/title evidence: 0.0% of members contain a route-subject token,selected from approved production assets|no indexable per-image pages,true,false,retain and index,weak filename/title evidence: 0.0% of members contain a route-subject token
hub_horses,Horses Coloring Pages,/coloring-pages/horses,https://www.ilovecoloringpage.com/coloring-pages/horses,hub_animals,,subject,16,16,1,16,16,index,"index,follow",true,single page,"Horses Coloring Pages gathers 16 printable horses pages from the gallery. Start with the artwork previews, then use search and filters to narrow the set.",153,647f1987,66,Using this collection,1,1,holiday__holiday-birthday-celebration-horses__9d909d631e,true,0,6,weak filename/title evidence: 12.5% of members contain a route-subject token,,false,false,retain and index,weak filename/title evidence: 12.5% of members contain a route-subject token
hub_houses,Houses Coloring Pages,/coloring-pages/houses,https://www.ilovecoloringpage.com/coloring-pages/houses,hub_buildings,,subject,54,54,1,48,54,index,"index,follow",true,2 pages,"Houses Coloring Pages gathers 54 printable houses pages from the gallery. Start with the artwork previews, then use search and filters to narrow the set.",153,647f1987,66,Using this collection,1,1,christmas__holiday-christmas-christmas-village-with-snowy-houses-coloring-page__b297f1c694,true,0,8,weak filename/title evidence: 1.9% of members contain a route-subject token,,false,false,retain and index,weak filename/title evidence: 1.9% of members contain a route-subject token
hub_hydras,Hydras Coloring Pages,/coloring-pages/hydras,https://www.ilovecoloringpage.com/coloring-pages/hydras,hub_fantasy,,subject,15,15,1,15,15,index,"index,follow",true,single page,"Hydras Coloring Pages gathers 15 printable hydras pages from the gallery. Start with the artwork previews, then use search and filters to narrow the set.",153,647f1987,66,Using this collection,1,1,plushie__plushie-baby-hydra__4b6cab1173,true,0,7,weak filename/title evidence: 0.0% of members contain a route-subject token,,false,false,retain and index,weak filename/title evidence: 0.0% of members contain a route-subject token
hub_indoor_plants,Indoor Plants Coloring Pages,/coloring-pages/indoor-plants,https://www.ilovecoloringpage.com/coloring-pages/indoor-plants,hub_plants,hub_bamboo|hub_palm,subject parent,128,128,1,48,128,index,"index,follow",true,3 pages,"Browse 128 printable pages in the Indoor Plants collection, then search or filter the available designs.",104,3406cfce,96,Using this collection,1,1,indoor-plants__indoor-plants-african-violet__633e0af20e,true,2,11,direct filename/title evidence: 100.0% of members contain a route-subject token,selected from approved production assets|no indexable per-image pages,true,false,retain and index,direct filename/title evidence: 100.0% of members contain a route-subject token
hub_insects,Insects Coloring Pages,/coloring-pages/insects,https://www.ilovecoloringpage.com/coloring-pages/insects,hub_animals,hub_spiders|hub_butterflies|hub_beetles|hub_bees,subject parent,179,179,1,48,179,index,"index,follow",true,4 pages,"Browse 179 printable pages in the Insects collection, then search or filter the available designs.",98,3406cfce,96,Using this collection,1,1,animals__animals-butterflies__016ffbb0de,true,4,10,direct filename/title evidence: 77.1% of members contain a route-subject token,selected from approved production assets|no indexable per-image pages,true,false,retain and index,direct filename/title evidence: 77.1% of members contain a route-subject token
hub_kawaii,Kawaii Coloring Pages,/coloring-pages/kawaii,https://www.ilovecoloringpage.com/coloring-pages/kawaii,hub_easy,,subject,88,88,1,48,88,index,"index,follow",true,2 pages,"Browse 88 printable pages in the Kawaii collection, then search or filter the available designs.",96,3406cfce,96,Using this collection,1,1,anime-girls__anime-girl-fluffy-clothes-kawaii__09f36541df,true,0,7,direct filename/title evidence: 100.0% of members contain a route-subject token,selected from approved production assets|no indexable per-image pages,true,false,retain and index,direct filename/title evidence: 100.0% of members contain a route-subject token
hub_knights,Knights Coloring Pages,/coloring-pages/knights,https://www.ilovecoloringpage.com/coloring-pages/knights,hub_medieval_fantasy,,subject,39,39,1,39,39,index,"index,follow",true,single page,"Knights Coloring Pages gathers 39 printable knights pages from the gallery. Start with the artwork previews, then use search and filters to narrow the set.",155,647f1987,66,Using this collection,1,1,anime-girls__anime-girl-knights-templar__f69f68c75b,true,0,9,weak filename/title evidence: 7.7% of members contain a route-subject token,,false,false,retain and index,weak filename/title evidence: 7.7% of members contain a route-subject token
hub_koalas,Koalas Coloring Pages,/coloring-pages/koalas,https://www.ilovecoloringpage.com/coloring-pages/koalas,hub_animals,,subject,22,22,1,22,22,index,"index,follow",true,single page,"Koalas Coloring Pages gathers 22 printable koalas pages from the gallery. Start with the artwork previews, then use search and filters to narrow the set.",153,647f1987,66,Using this collection,1,1,anime-girls__anime-girl-summoning-jutsu-koalas__e9acaed12e,true,0,7,weak filename/title evidence: 4.5% of members contain a route-subject token,,false,false,retain and index,weak filename/title evidence: 4.5% of members contain a route-subject token
hub_lions,Lions Coloring Pages,/coloring-pages/lions,https://www.ilovecoloringpage.com/coloring-pages/lions,hub_animals,,subject,32,32,1,32,32,index,"index,follow",true,single page,"Lions Coloring Pages gathers 32 printable lions pages from the gallery. Start with the artwork previews, then use search and filters to narrow the set.",151,647f1987,66,Using this collection,1,1,gardening__gardening-mushroom-lions-mane__0719ae2d97,true,0,6,weak filename/title evidence: 18.8% of members contain a route-subject token,,false,false,retain and index,weak filename/title evidence: 18.8% of members contain a route-subject token
hub_lizards,Lizards Coloring Pages,/coloring-pages/lizards,https://www.ilovecoloringpage.com/coloring-pages/lizards,hub_reptiles,,subject,32,32,1,32,32,index,"index,follow",true,single page,"Lizards Coloring Pages gathers 32 printable lizards pages from the gallery. Start with the artwork previews, then use search and filters to narrow the set.",155,647f1987,66,Using this collection,1,1,anime-girls__anime-girl-summoning-frilled-lizards__bd7ea724d6,true,0,7,weak filename/title evidence: 3.1% of members contain a route-subject token,,false,false,retain and index,weak filename/title evidence: 3.1% of members contain a route-subject token
hub_llamas,Llamas Coloring Pages,/coloring-pages/llamas,https://www.ilovecoloringpage.com/coloring-pages/llamas,hub_animals,,subject,15,15,1,15,15,index,"index,follow",true,single page,"Llamas Coloring Pages gathers 15 printable llamas pages from the gallery. Start with the artwork previews, then use search and filters to narrow the set.",153,647f1987,66,Using this collection,1,1,anime-girls__anime-girl-summoning-jutsu-llamas__e271026a69,true,0,5,weak filename/title evidence: 6.7% of members contain a route-subject token,,false,false,retain and index,weak filename/title evidence: 6.7% of members contain a route-subject token
hub_mammoths,Mammoths Coloring Pages,/coloring-pages/mammoths,https://www.ilovecoloringpage.com/coloring-pages/mammoths,hub_prehistoric_animals,,subject,20,20,1,20,20,index,"index,follow",true,single page,"Browse 20 printable pages in the Mammoths collection, then search or filter the available designs.",98,3406cfce,96,Using this collection,1,1,anime-girls__anime-girl-summoning-jutsu-woolly-mammoth-kawaii-plushies__06dda78301,true,0,8,weak filename/title evidence: 0.0% of members contain a route-subject token,selected from approved production assets|no indexable per-image pages,true,false,retain and index,weak filename/title evidence: 0.0% of members contain a route-subject token
hub_mandalas,Mandalas Coloring Pages,/coloring-pages/mandalas,https://www.ilovecoloringpage.com/coloring-pages/mandalas,hub_detailed_for_adults,hub_detailed_for_adults,style,1459,1459,1,48,1459,index,"index,follow",true,31 pages,"Browse 1,459 printable pages in the Mandalas collection, then search or filter the available designs.",101,3406cfce,96,Using this collection,1,1,mandala__mandala-geometry-patterns-animal-mandala-fox__3e8e80a2fd,true,1,23,weak filename/title evidence: 0.0% of members contain a route-subject token,selected from approved production assets|no indexable per-image pages,true,false,correct collection membership,"Distinct labels imply different intents, but the inventories are exact or more than 99.8% similar; repair the classification rule before an indexation decision."
hub_medieval_fantasy,Medieval Fantasy Coloring Pages,/coloring-pages/medieval-fantasy,https://www.ilovecoloringpage.com/coloring-pages/medieval-fantasy,hub_fantasy,hub_knights,subject parent,194,194,1,48,194,index,"index,follow",true,5 pages,"Browse 194 printable pages in the Medieval Fantasy collection, then search or filter the available designs.",107,3406cfce,96,Using this collection,1,1,anime-girls__anime-girl-medieval-knight-armor__55bc056bae,true,1,9,direct filename/title evidence: 100.0% of members contain a route-subject token,selected from approved production assets|no indexable per-image pages,true,false,retain and index,direct filename/title evidence: 100.0% of members contain a route-subject token
hub_megalodon,Megalodon Coloring Pages,/coloring-pages/megalodon,https://www.ilovecoloringpage.com/coloring-pages/megalodon,hub_prehistoric_animals,,subject,16,16,1,16,16,index,"index,follow",true,single page,"Megalodon Coloring Pages gathers 16 printable megalodon pages from the gallery. Start with the artwork previews, then use search and filters to narrow the set.",159,647f1987,66,Using this collection,1,1,dinosaurs__prehistoric-megalodon__eea15266f6,true,0,9,direct filename/title evidence: 100.0% of members contain a route-subject token,,false,false,retain and index,direct filename/title evidence: 100.0% of members contain a route-subject token
hub_mermaids,Mermaids Coloring Pages,/coloring-pages/mermaids,https://www.ilovecoloringpage.com/coloring-pages/mermaids,hub_fantasy_creatures,,subject,26,26,1,26,26,index,"index,follow",true,single page,"Browse 26 printable pages in the Mermaids collection, then search or filter the available designs.",98,3406cfce,96,Using this collection,1,1,anime-girls__anime-girl-mermaid-scale-armor__887218d4ed,true,0,6,weak filename/title evidence: 0.0% of members contain a route-subject token,selected from approved production assets|no indexable per-image pages,true,false,retain and index,weak filename/title evidence: 0.0% of members contain a route-subject token
hub_monkeys,Monkeys Coloring Pages,/coloring-pages/monkeys,https://www.ilovecoloringpage.com/coloring-pages/monkeys,hub_animals,,subject,14,14,1,14,14,index,"index,follow",true,single page,"Monkeys Coloring Pages gathers 14 printable monkeys pages from the gallery. Start with the artwork previews, then use search and filters to narrow the set.",155,647f1987,66,Using this collection,1,1,mandala-geometry-patterns__mandala-geometry-patterns-japan-snow-monkeys-in-onsen__02e5a60637,true,0,5,weak filename/title evidence: 7.1% of members contain a route-subject token,,false,false,retain and index,weak filename/title evidence: 7.1% of members contain a route-subject token
hub_moose,Moose Coloring Pages,/coloring-pages/moose,https://www.ilovecoloringpage.com/coloring-pages/moose,hub_animals,,subject,18,18,1,18,18,index,"index,follow",true,single page,"Moose Coloring Pages gathers 18 printable moose pages from the gallery. Start with the artwork previews, then use search and filters to narrow the set.",151,647f1987,66,Using this collection,1,1,christmas__christmas-holiday-moose__64084d588b,true,0,5,direct filename/title evidence: 100.0% of members contain a route-subject token,,false,false,retain and index,direct filename/title evidence: 100.0% of members contain a route-subject token
hub_mushrooms,Mushrooms Coloring Pages,/coloring-pages/mushrooms,https://www.ilovecoloringpage.com/coloring-pages/mushrooms,hub_plants,,subject,218,218,1,48,218,index,"index,follow",true,5 pages,"Mushrooms Coloring Pages gathers 218 printable mushrooms pages from the gallery. Start with the artwork previews, then use search and filters to narrow the set.",160,647f1987,66,Using this collection,1,1,gardening__gardening-mushroom-mossy-log-with-mushrooms__819a1a9a1a,true,0,11,weak filename/title evidence: 2.8% of members contain a route-subject token,,false,false,retain and index,weak filename/title evidence: 2.8% of members contain a route-subject token
hub_mythology,Mythology Coloring Pages,/coloring-pages/mythology,https://www.ilovecoloringpage.com/coloring-pages/mythology,hub_fantasy,,subject,227,227,1,48,227,index,"index,follow",true,5 pages,"Browse 227 printable pages in the Mythology collection, then search or filter the available designs.",100,3406cfce,96,Using this collection,1,1,anime-girls__anime-girl-greek-mythology__d024d88a00,true,0,5,direct filename/title evidence: 100.0% of members contain a route-subject token,selected from approved production assets|no indexable per-image pages,true,false,retain and index,direct filename/title evidence: 100.0% of members contain a route-subject token
hub_ocean,Ocean Coloring Pages,/coloring-pages/ocean,https://www.ilovecoloringpage.com/coloring-pages/ocean,hub_coloring_pages,,subject,154,154,1,48,154,index,"index,follow",true,4 pages,"Browse 154 printable pages in the Ocean collection, then search or filter the available designs.",96,3406cfce,96,Using this collection,1,1,anime-girls__anime-girl-tentacle-yoga-in-ocean-smiling__dc79a75b99,true,0,9,weak filename/title evidence: 6.5% of members contain a route-subject token,selected from approved production assets|no indexable per-image pages,true,false,retain and index,weak filename/title evidence: 6.5% of members contain a route-subject token
hub_octopus,Octopus Coloring Pages,/coloring-pages/octopus,https://www.ilovecoloringpage.com/coloring-pages/octopus,hub_sea_life,,subject,20,20,1,20,20,index,"index,follow",true,single page,"Browse 20 printable pages in the Octopus collection, then search or filter the available designs.",97,3406cfce,96,Using this collection,1,1,anime-girls__anime-girl-octopus-hoodie-plushie__6202e52d7f,true,0,8,direct filename/title evidence: 100.0% of members contain a route-subject token,selected from approved production assets|no indexable per-image pages,true,false,retain and index,direct filename/title evidence: 100.0% of members contain a route-subject token
hub_otters,Otters Coloring Pages,/coloring-pages/otters,https://www.ilovecoloringpage.com/coloring-pages/otters,hub_animals,,subject,21,21,1,21,21,index,"index,follow",true,single page,"Otters Coloring Pages gathers 21 printable otters pages from the gallery. Start with the artwork previews, then use search and filters to narrow the set.",153,647f1987,66,Using this collection,1,1,plushie__plushie-cute-otter__b34390d563,true,0,5,weak filename/title evidence: 0.0% of members contain a route-subject token,,false,false,retain and index,weak filename/title evidence: 0.0% of members contain a route-subject token
hub_owls,Owls Coloring Pages,/coloring-pages/owls,https://www.ilovecoloringpage.com/coloring-pages/owls,hub_birds,,subject,28,28,1,28,28,index,"index,follow",true,single page,"Owls Coloring Pages gathers 28 printable owls pages from the gallery. Start with the artwork previews, then use search and filters to narrow the set.",149,647f1987,66,Using this collection,1,1,birds__birds-owls__673b806fff,true,0,7,weak filename/title evidence: 10.7% of members contain a route-subject token,,false,false,retain and index,weak filename/title evidence: 10.7% of members contain a route-subject token
hub_pandas,Pandas Coloring Pages,/coloring-pages/pandas,https://www.ilovecoloringpage.com/coloring-pages/pandas,hub_animals,,subject,30,30,1,30,30,index,"index,follow",true,single page,"Pandas Coloring Pages gathers 30 printable pandas pages from the gallery. Start with the artwork previews, then use search and filters to narrow the set.",153,647f1987,66,Using this collection,1,1,holiday__holiday-birthday-celebration-pandas__86f068157f,true,0,6,weak filename/title evidence: 6.7% of members contain a route-subject token,,false,false,retain and index,weak filename/title evidence: 6.7% of members contain a route-subject token
hub_pegasus,Pegasus Coloring Pages,/coloring-pages/pegasus,https://www.ilovecoloringpage.com/coloring-pages/pegasus,hub_fantasy_creatures,,subject,29,29,1,29,29,index,"index,follow",true,single page,"Browse 29 printable pages in the Pegasus collection, then search or filter the available designs.",97,3406cfce,96,Using this collection,1,1,chibi__chibi-flying-pegasus__3b3b6b5009,true,0,8,direct filename/title evidence: 100.0% of members contain a route-subject token,selected from approved production assets|no indexable per-image pages,true,false,retain and index,direct filename/title evidence: 100.0% of members contain a route-subject token
hub_penguins,Penguins Coloring Pages,/coloring-pages/penguins,https://www.ilovecoloringpage.com/coloring-pages/penguins,hub_birds,,subject,20,20,1,20,20,index,"index,follow",true,single page,"Penguins Coloring Pages gathers 20 printable penguins pages from the gallery. Start with the artwork previews, then use search and filters to narrow the set.",157,647f1987,66,Using this collection,1,1,christmas__holiday-christmas-animals-penguins__9bccabdaf6,true,0,6,weak filename/title evidence: 15.0% of members contain a route-subject token,,false,false,retain and index,weak filename/title evidence: 15.0% of members contain a route-subject token
hub_phoenix,Phoenix Coloring Pages,/coloring-pages/phoenix,https://www.ilovecoloringpage.com/coloring-pages/phoenix,hub_fantasy,,subject,18,18,1,18,18,index,"index,follow",true,single page,"Phoenix Coloring Pages gathers 18 printable phoenix pages from the gallery. Start with the artwork previews, then use search and filters to narrow the set.",155,647f1987,66,Using this collection,1,1,plushie__plushie-phoenix__ce1528f732,true,0,5,direct filename/title evidence: 100.0% of members contain a route-subject token,,false,false,retain and index,direct filename/title evidence: 100.0% of members contain a route-subject token
hub_planes,Planes Coloring Pages,/coloring-pages/planes,https://www.ilovecoloringpage.com/coloring-pages/planes,hub_vehicles,,subject,92,92,1,48,92,index,"index,follow",true,2 pages,"Browse 92 printable pages in the Planes collection, then search or filter the available designs.",96,3406cfce,96,Using this collection,1,1,mandala-geometry-patterns__mandala-geometry-patterns-vehiacle-planes-a-10-thunderbolt-ii__2b4b4c8bc7,true,0,5,direct filename/title evidence: 100.0% of members contain a route-subject token,selected from approved production assets|no indexable per-image pages,true,false,retain and index,direct filename/title evidence: 100.0% of members contain a route-subject token
hub_plants,Plants Coloring Pages,/coloring-pages/plants,https://www.ilovecoloringpage.com/coloring-pages/plants,hub_coloring_pages,hub_flowers|hub_mushrooms|hub_chibi_flowers|hub_indoor_plants|hub_garden_flowers|hub_trees,subject parent,586,586,1,48,586,index,"index,follow",true,13 pages,"Browse 586 printable pages in the Plants collection, then search or filter the available designs.",97,3406cfce,96,Using this collection,1,1,anime-girls__anime-girl-field-of-flowers-nature__401fe52b71,true,6,21,weak filename/title evidence: 21.8% of members contain a route-subject token,selected from approved production assets|no indexable per-image pages,true,false,retain and index,weak filename/title evidence: 21.8% of members contain a route-subject token
hub_playing_cards,Playing Cards Coloring Pages,/coloring-pages/playing-cards,https://www.ilovecoloringpage.com/coloring-pages/playing-cards,hub_coloring_pages,hub_chess,subject parent,12,12,1,12,12,index,"index,follow",true,single page,"Browse 12 printable pages in the Playing Cards collection, then search or filter the available designs.",103,3406cfce,96,Using this collection,1,1,anime-girls__anime-girl-playing-cards-professionally__1d1ba96ada,true,1,8,direct filename/title evidence: 100.0% of members contain a route-subject token,selected from approved production assets|no indexable per-image pages,true,false,retain and index,direct filename/title evidence: 100.0% of members contain a route-subject token
hub_plushie_animals,Plushie Animals Coloring Pages,/coloring-pages/plushie-animals,https://www.ilovecoloringpage.com/coloring-pages/plushie-animals,hub_animals,,style,105,105,1,48,105,index,"index,follow",true,3 pages,"Browse 105 printable pages in the Plushie Animals collection, then search or filter the available designs.",106,3406cfce,96,Using this collection,1,1,anime-girls__anime-girl-armadillo-hoodie-animal-plushie__d2e31ff395,true,0,3,direct filename/title evidence: 100.0% of members contain a route-subject token,selected from approved production assets|no indexable per-image pages,true,false,retain and index,direct filename/title evidence: 100.0% of members contain a route-subject token
hub_plushie_cats,Plushie Cats Coloring Pages,/coloring-pages/plushie-cats,https://www.ilovecoloringpage.com/coloring-pages/plushie-cats,hub_animals,,style,21,21,1,21,21,index,"index,follow",true,single page,"Plushie Cats Coloring Pages gathers 21 printable plushie cats pages from the gallery. Start with the artwork previews, then use search and filters to narrow the set.",165,647f1987,66,Using this collection,1,1,plushie__plushie-kitten-cat__d91852677c,true,0,7,direct filename/title evidence: 100.0% of members contain a route-subject token,,false,false,retain and index,direct filename/title evidence: 100.0% of members contain a route-subject token
hub_plushie_dogs,Plushie Dogs Coloring Pages,/coloring-pages/plushie-dogs,https://www.ilovecoloringpage.com/coloring-pages/plushie-dogs,hub_animals,,style,12,12,1,12,12,index,"index,follow",true,single page,"Plushie Dogs Coloring Pages gathers 12 printable plushie dogs pages from the gallery. Start with the artwork previews, then use search and filters to narrow the set.",165,647f1987,66,Using this collection,1,1,plushie__plushie-pets-dogs-labrador-retriever__bb94084dfd,true,0,9,direct filename/title evidence: 100.0% of members contain a route-subject token,,false,false,retain and index,direct filename/title evidence: 100.0% of members contain a route-subject token
hub_plushie_dragons,Plushie Dragons Coloring Pages,/coloring-pages/plushie-dragons,https://www.ilovecoloringpage.com/coloring-pages/plushie-dragons,hub_fantasy_creatures,,style,75,75,1,48,75,index,"index,follow",true,2 pages,"Browse 75 printable pages in the Plushie Dragons collection, then search or filter the available designs.",105,3406cfce,96,Using this collection,1,1,anime-girls__anime-girl-dragon-eggs-hoodie-plushie__b1747e4988,true,0,5,direct filename/title evidence: 100.0% of members contain a route-subject token,selected from approved production assets|no indexable per-image pages,true,false,retain and index,direct filename/title evidence: 100.0% of members contain a route-subject token
hub_plushie_triceratops,Plushie Triceratops Coloring Pages,/coloring-pages/plushie-triceratops,https://www.ilovecoloringpage.com/coloring-pages/plushie-triceratops,hub_dinosaurs,,style,13,13,1,13,13,index,"index,follow",true,single page,"Plushie Triceratops Coloring Pages gathers 13 printable plushie triceratops pages from the gallery. Start with the artwork previews, then use search and filters to narrow the set.",179,647f1987,66,Using this collection,1,1,plushie__plushie-prehistoric-triceratops__cfbd98566a,true,0,6,direct filename/title evidence: 100.0% of members contain a route-subject token,,false,false,retain and index,direct filename/title evidence: 100.0% of members contain a route-subject token
hub_plushie_unicorns,Plushie Unicorns Coloring Pages,/coloring-pages/plushie-unicorns,https://www.ilovecoloringpage.com/coloring-pages/plushie-unicorns,hub_fantasy,,style,14,14,1,14,14,index,"index,follow",true,single page,"Plushie Unicorns Coloring Pages gathers 14 printable plushie unicorns pages from the gallery. Start with the artwork previews, then use search and filters to narrow the set.",173,647f1987,66,Using this collection,1,1,plushie__plushie-unicorn__1d3fec1967,true,0,6,direct filename/title evidence: 100.0% of members contain a route-subject token,,false,false,retain and index,direct filename/title evidence: 100.0% of members contain a route-subject token
hub_plushie_whales,Plushie Whales Coloring Pages,/coloring-pages/plushie-whales,https://www.ilovecoloringpage.com/coloring-pages/plushie-whales,hub_sea_life,,style,27,27,1,27,27,index,"index,follow",true,single page,"Plushie Whales Coloring Pages gathers 27 printable plushie whales pages from the gallery. Start with the artwork previews, then use search and filters to narrow the set.",169,647f1987,66,Using this collection,1,1,plushie__plushie-blue-whale__17d0990688,true,0,6,direct filename/title evidence: 100.0% of members contain a route-subject token,,false,false,retain and index,direct filename/title evidence: 100.0% of members contain a route-subject token
hub_plushies,Plushies Coloring Pages,/coloring-pages/plushies,https://www.ilovecoloringpage.com/coloring-pages/plushies,hub_coloring_pages,,style,1704,1704,1,48,1704,index,"index,follow",true,36 pages,"Browse 1,704 printable pages in the Plushies collection, then search or filter the available designs.",101,3406cfce,96,Using this collection,1,1,anime-girls__anime-girl-ankylosaurus-hoodie-plushie__c819919e77,true,0,24,weak filename/title evidence: 9.3% of members contain a route-subject token,selected from approved production assets|no indexable per-image pages,true,false,retain and index,weak filename/title evidence: 9.3% of members contain a route-subject token
hub_prehistoric_animals,Prehistoric Animals Coloring Pages,/coloring-pages/prehistoric-animals,https://www.ilovecoloringpage.com/coloring-pages/prehistoric-animals,hub_animals,hub_dinosaurs|hub_mammoths|hub_megalodon,subject parent,220,220,1,48,220,index,"index,follow",true,5 pages,"Browse 220 printable pages in the Prehistoric Animals collection, then search or filter the available designs.",110,3406cfce,96,Using this collection,1,1,anime-girls__anime-girl-brachiosaurus-hoodie-plushie__73442e8b67,true,3,19,direct filename/title evidence: 68.2% of members contain a route-subject token,selected from approved production assets|no indexable per-image pages,true,false,manual editorial review,"The intent may be legitimate, but current membership is highly overlapping and does not adequately demonstrate the stated distinction."
hub_pumpkins,Pumpkins Coloring Pages,/coloring-pages/pumpkins,https://www.ilovecoloringpage.com/coloring-pages/pumpkins,hub_halloween,,subject,23,23,1,23,23,index,"index,follow",true,single page,"Pumpkins Coloring Pages gathers 23 printable pumpkins pages from the gallery. Start with the artwork previews, then use search and filters to narrow the set.",157,647f1987,66,Using this collection,1,1,holiday__holiday-halloween-pumpkin-patch-with-family-picking-pumpkins-coloring-pa__236c4af6d3,true,0,7,weak filename/title evidence: 21.7% of members contain a route-subject token,,false,false,retain and index,weak filename/title evidence: 21.7% of members contain a route-subject token
hub_rabbits,Rabbits Coloring Pages,/coloring-pages/rabbits,https://www.ilovecoloringpage.com/coloring-pages/rabbits,hub_animals,,subject,22,22,1,22,22,index,"index,follow",true,single page,"Rabbits Coloring Pages gathers 22 printable rabbits pages from the gallery. Start with the artwork previews, then use search and filters to narrow the set.",155,647f1987,66,Using this collection,1,1,christmas__holiday-christmas-animals-rabbits__47b4b58f22,true,0,7,weak filename/title evidence: 13.6% of members contain a route-subject token,,false,false,retain and index,weak filename/title evidence: 13.6% of members contain a route-subject token
hub_reindeer,Reindeer Coloring Pages,/coloring-pages/reindeer,https://www.ilovecoloringpage.com/coloring-pages/reindeer,hub_christmas,,subject,15,15,1,15,15,index,"index,follow",true,single page,"Reindeer Coloring Pages gathers 15 printable reindeer pages from the gallery. Start with the artwork previews, then use search and filters to narrow the set.",157,647f1987,66,Using this collection,1,1,christmas__holiday-christmas-reindeer-rudolph-with-red-nose-coloring-page__b8f43869bd,true,0,6,direct filename/title evidence: 100.0% of members contain a route-subject token,,false,false,retain and index,direct filename/title evidence: 100.0% of members contain a route-subject token
hub_reptiles,Reptiles Coloring Pages,/coloring-pages/reptiles,https://www.ilovecoloringpage.com/coloring-pages/reptiles,hub_animals,hub_turtles|hub_lizards|hub_snakes,subject parent,156,156,1,48,156,index,"index,follow",true,4 pages,"Browse 156 printable pages in the Reptiles collection, then search or filter the available designs.",99,3406cfce,96,Using this collection,1,1,anime-girls__anime-girl-reptile-martial-arts__8927e39f70,true,3,10,direct filename/title evidence: 62.8% of members contain a route-subject token,selected from approved production assets|no indexable per-image pages,true,false,retain and index,direct filename/title evidence: 62.8% of members contain a route-subject token
hub_robots,Robots Coloring Pages,/coloring-pages/robots,https://www.ilovecoloringpage.com/coloring-pages/robots,hub_fantasy,,subject,9,9,1,9,9,index,"index,follow",true,single page,"Robots Coloring Pages gathers 9 printable robots pages from the gallery. Start with the artwork previews, then use search and filters to narrow the set.",152,647f1987,66,Using this collection,1,1,plushie__plushie-robot__03bc6c06ce,true,0,6,weak filename/title evidence: 0.0% of members contain a route-subject token,,false,false,manual editorial review,"weak filename/title evidence: 0.0% of members contain a route-subject token; small size is not the decision criterion, but the current titles do not independently verify the intended subject."
hub_roses,Roses Coloring Pages,/coloring-pages/roses,https://www.ilovecoloringpage.com/coloring-pages/roses,hub_flowers,,subject,9,9,1,9,9,index,"index,follow",true,single page,"Roses Coloring Pages gathers 9 printable roses pages from the gallery. Start with the artwork previews, then use search and filters to narrow the set.",150,647f1987,66,Using this collection,1,1,anime-girls__anime-girl-smelling-roses-in-garden__9cb1400ccf,true,0,5,weak filename/title evidence: 11.1% of members contain a route-subject token,,false,false,manual editorial review,"weak filename/title evidence: 11.1% of members contain a route-subject token; small size is not the decision criterion, but the current titles do not independently verify the intended subject."
hub_santa,Santa Coloring Pages,/coloring-pages/santa,https://www.ilovecoloringpage.com/coloring-pages/santa,hub_christmas,,season or occasion,10,10,1,10,10,index,"index,follow",true,single page,"Santa Coloring Pages gathers 10 printable santa pages from the gallery. Start with the artwork previews, then use search and filters to narrow the set.",151,647f1987,66,Using this collection,1,1,christmas__christmas-holiday-santa-claus__5b583a26e7,true,0,3,direct filename/title evidence: 100.0% of members contain a route-subject token,,false,false,retain and index,direct filename/title evidence: 100.0% of members contain a route-subject token
hub_sea_life,Sea Life Coloring Pages,/coloring-pages/sea-life,https://www.ilovecoloringpage.com/coloring-pages/sea-life,hub_animals,hub_whales|hub_plushie_whales|hub_crabs|hub_octopus|hub_sharks|hub_fish|hub_dolphins,subject parent,236,236,1,48,236,index,"index,follow",true,5 pages,"Browse 236 printable pages in the Sea Life collection, then search or filter the available designs.",99,3406cfce,96,Using this collection,1,1,animals__animals-dolphins__06e09058c7,true,7,14,direct filename/title evidence: 61.9% of members contain a route-subject token,selected from approved production assets|no indexable per-image pages,true,false,retain and index,direct filename/title evidence: 61.9% of members contain a route-subject token
hub_sharks,Sharks Coloring Pages,/coloring-pages/sharks,https://www.ilovecoloringpage.com/coloring-pages/sharks,hub_sea_life,,subject,19,19,1,19,19,index,"index,follow",true,single page,"Sharks Coloring Pages gathers 19 printable sharks pages from the gallery. Start with the artwork previews, then use search and filters to narrow the set.",153,647f1987,66,Using this collection,1,1,plushie__plushie-prehistoric-land-shark-family__7271437a5c,true,0,8,weak filename/title evidence: 0.0% of members contain a route-subject token,,false,false,retain and index,weak filename/title evidence: 0.0% of members contain a route-subject token
hub_sheep,Sheep Coloring Pages,/coloring-pages/sheep,https://www.ilovecoloringpage.com/coloring-pages/sheep,hub_animals,,subject,14,14,1,14,14,index,"index,follow",true,single page,"Sheep Coloring Pages gathers 14 printable sheep pages from the gallery. Start with the artwork previews, then use search and filters to narrow the set.",151,647f1987,66,Using this collection,1,1,christmas__christmas-holiday-sheep__8356ba31f0,true,0,6,direct filename/title evidence: 100.0% of members contain a route-subject token,,false,false,retain and index,direct filename/title evidence: 100.0% of members contain a route-subject token
hub_sloths,Sloths Coloring Pages,/coloring-pages/sloths,https://www.ilovecoloringpage.com/coloring-pages/sloths,hub_animals,,subject,28,28,1,28,28,index,"index,follow",true,single page,"Sloths Coloring Pages gathers 28 printable sloths pages from the gallery. Start with the artwork previews, then use search and filters to narrow the set.",153,647f1987,66,Using this collection,1,1,holiday__holiday-birthday-celebration-sloths__3bbcf00c8f,true,0,5,weak filename/title evidence: 7.1% of members contain a route-subject token,,false,false,retain and index,weak filename/title evidence: 7.1% of members contain a route-subject token
hub_snakes,Snakes Coloring Pages,/coloring-pages/snakes,https://www.ilovecoloringpage.com/coloring-pages/snakes,hub_reptiles,,subject,18,18,1,18,18,index,"index,follow",true,single page,"Snakes Coloring Pages gathers 18 printable snakes pages from the gallery. Start with the artwork previews, then use search and filters to narrow the set.",153,647f1987,66,Using this collection,1,1,reptiles__reptiles-snakes__5030b29dd4,true,0,7,weak filename/title evidence: 11.1% of members contain a route-subject token,,false,false,retain and index,weak filename/title evidence: 11.1% of members contain a route-subject token
hub_spiders,Spiders Coloring Pages,/coloring-pages/spiders,https://www.ilovecoloringpage.com/coloring-pages/spiders,hub_insects,,subject,28,28,1,28,28,index,"index,follow",true,single page,"Browse 28 printable pages in the Spiders collection, then search or filter the available designs.",97,3406cfce,96,Using this collection,1,1,anime-girls__anime-girl-summoning-jutsu-spiders__22b5057f1f,true,0,8,weak filename/title evidence: 3.6% of members contain a route-subject token,selected from approved production assets|no indexable per-image pages,true,false,retain and index,weak filename/title evidence: 3.6% of members contain a route-subject token
hub_st_patricks_day,St. Patrick's Day Coloring Pages,/coloring-pages/st-patricks-day,https://www.ilovecoloringpage.com/coloring-pages/st-patricks-day,hub_holidays,,season or occasion,20,20,1,20,20,index,"index,follow",true,single page,"Browse 20 printable pages in the St. Patrick's Day collection, then search or filter the available designs.",107,3406cfce,96,Using this collection,1,1,st-patricks-day__st-patricks-day-celtic-knot-mandala-pattern-coloring-page__46e5c80f77,true,0,9,direct filename/title evidence: 100.0% of members contain a route-subject token,selected from approved production assets|no indexable per-image pages,true,false,retain and index,direct filename/title evidence: 100.0% of members contain a route-subject token
hub_stegosaurus,Stegosaurus Coloring Pages,/coloring-pages/stegosaurus,https://www.ilovecoloringpage.com/coloring-pages/stegosaurus,hub_dinosaurs,,subject,17,17,1,17,17,index,"index,follow",true,single page,"Stegosaurus Coloring Pages gathers 17 printable stegosaurus pages from the gallery. Start with the artwork previews, then use search and filters to narrow the set.",163,647f1987,66,Using this collection,1,1,dinosaurs__prehistoric-stegosaurus__2c4b0e049b,true,0,6,direct filename/title evidence: 100.0% of members contain a route-subject token,,false,false,retain and index,direct filename/title evidence: 100.0% of members contain a route-subject token
hub_sushi,Sushi Coloring Pages,/coloring-pages/sushi,https://www.ilovecoloringpage.com/coloring-pages/sushi,hub_food,hub_nigiri|hub_salmon,subject parent,161,161,1,48,161,index,"index,follow",true,4 pages,"Sushi Coloring Pages gathers 161 printable sushi pages from the gallery. Start with the artwork previews, then use search and filters to narrow the set.",152,647f1987,66,Using this collection,1,1,mandala-geometry-patterns__mandala-geometry-patterns-sushi__6b5ab1bad6,true,2,12,direct filename/title evidence: 100.0% of members contain a route-subject token,,false,false,retain and index,direct filename/title evidence: 100.0% of members contain a route-subject token
hub_t_rex,T-Rex Coloring Pages,/coloring-pages/t-rex,https://www.ilovecoloringpage.com/coloring-pages/t-rex,hub_dinosaurs,,subject,18,18,1,18,18,index,"index,follow",true,single page,"T-Rex Coloring Pages gathers 18 printable t-rex pages from the gallery. Start with the artwork previews, then use search and filters to narrow the set.",151,647f1987,66,Using this collection,1,1,anime-girls__anime-girl-t-rex-hoodie-plushie__518ba8dd62,true,0,6,direct filename/title evidence: 100.0% of members contain a route-subject token,,false,false,retain and index,direct filename/title evidence: 100.0% of members contain a route-subject token
hub_tigers,Tigers Coloring Pages,/coloring-pages/tigers,https://www.ilovecoloringpage.com/coloring-pages/tigers,hub_animals,,subject,43,43,1,43,43,index,"index,follow",true,single page,"Tigers Coloring Pages gathers 43 printable tigers pages from the gallery. Start with the artwork previews, then use search and filters to narrow the set.",153,647f1987,66,Using this collection,1,1,holiday__holiday-birthday-celebration-tigers__f3a3df7dc1,true,0,9,weak filename/title evidence: 4.7% of members contain a route-subject token,,false,false,retain and index,weak filename/title evidence: 4.7% of members contain a route-subject token
hub_trains,Trains Coloring Pages,/coloring-pages/trains,https://www.ilovecoloringpage.com/coloring-pages/trains,hub_vehicles,hub_steam_train,subject parent,102,102,1,48,102,index,"index,follow",true,3 pages,"Browse 102 printable pages in the Trains collection, then search or filter the available designs.",97,3406cfce,96,Using this collection,1,1,chibi__chibi-holiday-halloween-ghostly-train-passing-through-tunnel-coloring-pa__e62e0a874f,true,1,6,direct filename/title evidence: 97.1% of members contain a route-subject token,selected from approved production assets|no indexable per-image pages,true,false,retain and index,direct filename/title evidence: 97.1% of members contain a route-subject token
hub_trees,Trees Coloring Pages,/coloring-pages/trees,https://www.ilovecoloringpage.com/coloring-pages/trees,hub_plants,,subject,38,38,1,38,38,index,"index,follow",true,single page,"Browse 38 printable pages in the Trees collection, then search or filter the available designs.",95,3406cfce,96,Using this collection,1,1,anime-girls__anime-girl-summoning-jutsu-kittens-sitting-on-tree__8caa305aa0,true,0,9,weak filename/title evidence: 2.6% of members contain a route-subject token,selected from approved production assets|no indexable per-image pages,true,false,retain and index,weak filename/title evidence: 2.6% of members contain a route-subject token
hub_triceratops,Triceratops Coloring Pages,/coloring-pages/triceratops,https://www.ilovecoloringpage.com/coloring-pages/triceratops,hub_dinosaurs,,subject,22,22,1,22,22,index,"index,follow",true,single page,"Browse 22 printable pages in the Triceratops collection, then search or filter the available designs.",101,3406cfce,96,Using this collection,1,1,anime-girls__anime-girl-summoning-jutsu-triceratops-dino__62a38d00e9,true,0,8,direct filename/title evidence: 100.0% of members contain a route-subject token,selected from approved production assets|no indexable per-image pages,true,false,retain and index,direct filename/title evidence: 100.0% of members contain a route-subject token
hub_turtles,Turtles Coloring Pages,/coloring-pages/turtles,https://www.ilovecoloringpage.com/coloring-pages/turtles,hub_reptiles,,subject,44,44,1,44,44,index,"index,follow",true,single page,"Browse 44 printable pages in the Turtles collection, then search or filter the available designs.",97,3406cfce,96,Using this collection,1,1,chibi__chibi-plushie-sea-turtle-hatchling__5ca385e431,true,0,8,weak filename/title evidence: 4.5% of members contain a route-subject token,selected from approved production assets|no indexable per-image pages,true,false,retain and index,weak filename/title evidence: 4.5% of members contain a route-subject token
hub_unicorns,Unicorns Coloring Pages,/coloring-pages/unicorns,https://www.ilovecoloringpage.com/coloring-pages/unicorns,hub_fantasy_creatures,,subject,38,38,1,38,38,index,"index,follow",true,single page,"Browse 38 printable pages in the Unicorns collection, then search or filter the available designs.",98,3406cfce,96,Using this collection,1,1,anime-girls__anime-girl-summoning-unicorn-plushies__2038d034d6,true,0,9,weak filename/title evidence: 5.3% of members contain a route-subject token,selected from approved production assets|no indexable per-image pages,true,false,retain and index,weak filename/title evidence: 5.3% of members contain a route-subject token
hub_vehicles,Vehicles Coloring Pages,/coloring-pages/vehicles,https://www.ilovecoloringpage.com/coloring-pages/vehicles,hub_coloring_pages,hub_cars|hub_trains|hub_planes,subject parent,373,373,1,48,373,index,"index,follow",true,8 pages,"Browse 373 printable pages in the Vehicles collection, then search or filter the available designs.",99,3406cfce,96,Using this collection,1,1,anime-girls__anime-girl-driving-race-car-driving__07de9e75de,true,3,8,weak filename/title evidence: 0.0% of members contain a route-subject token,selected from approved production assets|no indexable per-image pages,true,false,retain and index,weak filename/title evidence: 0.0% of members contain a route-subject token
hub_velociraptors,Velociraptors Coloring Pages,/coloring-pages/velociraptors,https://www.ilovecoloringpage.com/coloring-pages/velociraptors,hub_dinosaurs,,subject,22,22,1,22,22,index,"index,follow",true,single page,"Velociraptors Coloring Pages gathers 22 printable velociraptors pages from the gallery. Start with the artwork previews, then use search and filters to narrow the set.",167,647f1987,66,Using this collection,1,1,holiday__holiday-birthday-celebration-velociraptors__e0e0b7f3d7,true,0,6,weak filename/title evidence: 4.5% of members contain a route-subject token,,false,false,retain and index,weak filename/title evidence: 4.5% of members contain a route-subject token
hub_whales,Whales Coloring Pages,/coloring-pages/whales,https://www.ilovecoloringpage.com/coloring-pages/whales,hub_sea_life,,subject,40,40,1,40,40,index,"index,follow",true,single page,"Browse 40 printable pages in the Whales collection, then search or filter the available designs.",96,3406cfce,96,Using this collection,1,1,animals__animals-whales__9b53c68a15,true,0,8,weak filename/title evidence: 2.5% of members contain a route-subject token,selected from approved production assets|no indexable per-image pages,true,false,retain and index,weak filename/title evidence: 2.5% of members contain a route-subject token
hub_witches,Witches Coloring Pages,/coloring-pages/witches,https://www.ilovecoloringpage.com/coloring-pages/witches,hub_halloween,,subject,32,32,1,32,32,index,"index,follow",true,single page,"Witches Coloring Pages gathers 32 printable witches pages from the gallery. Start with the artwork previews, then use search and filters to narrow the set.",155,647f1987,66,Using this collection,1,1,chibi__chibi-mushroom-kawaii-witches-butter__2d8d60119c,true,0,7,weak filename/title evidence: 6.3% of members contain a route-subject token,,false,false,retain and index,weak filename/title evidence: 6.3% of members contain a route-subject token
hub_wizards,Wizards Coloring Pages,/coloring-pages/wizards,https://www.ilovecoloringpage.com/coloring-pages/wizards,hub_fantasy,,subject,30,30,1,30,30,index,"index,follow",true,single page,"Wizards Coloring Pages gathers 30 printable wizards pages from the gallery. Start with the artwork previews, then use search and filters to narrow the set.",155,647f1987,66,Using this collection,1,1,anime-girls__anime-girl-wizard-war__69b142a576,true,0,7,weak filename/title evidence: 0.0% of members contain a route-subject token,,false,false,retain and index,weak filename/title evidence: 0.0% of members contain a route-subject token
hub_wolves,Wolves Coloring Pages,/coloring-pages/wolves,https://www.ilovecoloringpage.com/coloring-pages/wolves,hub_animals,,subject,45,45,1,45,45,index,"index,follow",true,single page,"Wolves Coloring Pages gathers 45 printable wolves pages from the gallery. Start with the artwork previews, then use search and filters to narrow the set.",153,647f1987,66,Using this collection,1,1,christmas__holiday-christmas-animals-wolves__c1dad8b598,true,0,7,weak filename/title evidence: 4.4% of members contain a route-subject token,,false,false,retain and index,weak filename/title evidence: 4.4% of members contain a route-subject token
hub_world_landmarks,World Landmarks Coloring Pages,/coloring-pages/world-landmarks,https://www.ilovecoloringpage.com/coloring-pages/world-landmarks,hub_buildings,,subject,47,47,1,47,47,index,"index,follow",true,single page,"Browse 47 printable pages in the World Landmarks collection, then search or filter the available designs.",105,3406cfce,96,Using this collection,1,1,world-landmarks__world-landmarks-abu-simbel-temples__46e1dff5bc,true,0,3,direct filename/title evidence: 100.0% of members contain a route-subject token,selected from approved production assets|no indexable per-image pages,true,false,retain and index,direct filename/title evidence: 100.0% of members contain a route-subject token
hub_wyverns,Wyverns Coloring Pages,/coloring-pages/wyverns,https://www.ilovecoloringpage.com/coloring-pages/wyverns,hub_fantasy,,subject,15,15,1,15,15,index,"index,follow",true,single page,"Wyverns Coloring Pages gathers 15 printable wyverns pages from the gallery. Start with the artwork previews, then use search and filters to narrow the set.",155,647f1987,66,Using this collection,1,1,anime-girls__anime-girl-summoning-jutsu-wyvern-dragon__7779d648f1,true,0,6,weak filename/title evidence: 0.0% of members contain a route-subject token,,false,false,retain and index,weak filename/title evidence: 0.0% of members contain a route-subject token
hub_zebras,Zebras Coloring Pages,/coloring-pages/zebras,https://www.ilovecoloringpage.com/coloring-pages/zebras,hub_animals,,subject,19,19,1,19,19,index,"index,follow",true,single page,"Zebras Coloring Pages gathers 19 printable zebras pages from the gallery. Start with the artwork previews, then use search and filters to narrow the set.",153,647f1987,66,Using this collection,1,1,anime-girls__anime-girl-summoning-jutsu-zebras__d6e8598bff,true,0,5,weak filename/title evidence: 5.3% of members contain a route-subject token,,false,false,retain and index,weak filename/title evidence: 5.3% of members contain a route-subject token
hub_dodo,Dodo Coloring Pages,/coloring-pages/dodo,https://www.ilovecoloringpage.com/coloring-pages/dodo,hub_animals,,subject,11,11,1,11,11,index,"index,follow",true,single page,"Browse 11 printable pages in the Dodo collection, then search or filter the available designs.",94,3406cfce,96,Using this collection,1,1,anime-girls__anime-girl-dodo-bird-hoodie-plushie__18189d3f2f,true,0,7,direct filename/title evidence: 100.0% of members contain a route-subject token,,false,false,retain and index,direct filename/title evidence: 100.0% of members contain a route-subject token
hub_bamboo,Bamboo Coloring Pages,/coloring-pages/bamboo,https://www.ilovecoloringpage.com/coloring-pages/bamboo,hub_indoor_plants,,subject,7,7,1,7,7,index,"index,follow",true,single page,"Browse 7 printable pages in the Bamboo collection, then search or filter the available designs.",95,3406cfce,96,Using this collection,1,1,indoor-plants__indoor-plants-bamboo-palm__b182761ba2,true,0,6,direct filename/title evidence: 100.0% of members contain a route-subject token,,false,false,retain and index,direct filename/title evidence: 100.0% of members contain a route-subject token
hub_steam_train,Steam Train Coloring Pages,/coloring-pages/steam-train,https://www.ilovecoloringpage.com/coloring-pages/steam-train,hub_trains,,subject,15,15,1,15,15,index,"index,follow",true,single page,"Browse 15 printable pages in the Steam Train collection, then search or filter the available designs.",101,3406cfce,96,Using this collection,1,1,mandala-geometry-patterns__mandala-geometry-patterns-trains-locomotives-classic-steam-train-at-smal__937925e879,true,0,6,direct filename/title evidence: 100.0% of members contain a route-subject token,,false,false,retain and index,direct filename/title evidence: 100.0% of members contain a route-subject token
hub_birthday_celebration,Birthday Celebration Coloring Pages,/coloring-pages/birthday-celebration,https://www.ilovecoloringpage.com/coloring-pages/birthday-celebration,hub_birthday,,season or occasion,190,190,1,48,190,index,"index,follow",true,4 pages,"Browse 190 printable pages in the Birthday Celebration collection, then search or filter the available designs.",111,3406cfce,96,Using this collection,1,1,holiday__holiday-birthday-celebration-cat__d6e01d08ac,true,0,8,direct filename/title evidence: 100.0% of members contain a route-subject token,,false,false,consolidate into a stronger parent,"The inventory overlaps Birthday by about 90%, and the names do not communicate a reliably distinct browsing task."
hub_christmas_plushie,Christmas Plushies Coloring Pages,/coloring-pages/christmas-plushie,https://www.ilovecoloringpage.com/coloring-pages/christmas-plushie,hub_christmas,,season or occasion,183,183,1,48,183,index,"index,follow",true,4 pages,"Browse 183 printable pages in the Christmas Plushies collection, then search or filter the available designs.",109,3406cfce,96,Using this collection,1,1,holiday__holiday-christmas-plushie-alligator-family__e57629ca9d,true,0,8,direct filename/title evidence: 100.0% of members contain a route-subject token,,false,false,retain and index,direct filename/title evidence: 100.0% of members contain a route-subject token
hub_halloween_costume,Halloween Costumes Coloring Pages,/coloring-pages/halloween-costume,https://www.ilovecoloringpage.com/coloring-pages/halloween-costume,hub_halloween,,season or occasion,161,161,1,48,161,index,"index,follow",true,4 pages,"Browse 161 printable pages in the Halloween Costumes collection, then search or filter the available designs.",109,3406cfce,96,Using this collection,1,1,holiday__holiday-halloween-costume-plushie-alligator-family__34d6f58480,true,0,8,direct filename/title evidence: 100.0% of members contain a route-subject token,,false,false,retain and index,direct filename/title evidence: 100.0% of members contain a route-subject token
hub_summoning,Summoning Coloring Pages,/coloring-pages/summoning,https://www.ilovecoloringpage.com/coloring-pages/summoning,hub_fantasy,,subject,336,336,1,48,336,index,"index,follow",true,7 pages,"Browse 336 printable pages in the Summoning collection, then search or filter the available designs.",100,3406cfce,96,Using this collection,1,1,anime-girls__anime-girl-demon-summoning__86bc23e91f,true,0,8,direct filename/title evidence: 100.0% of members contain a route-subject token,,false,false,retain and index,direct filename/title evidence: 100.0% of members contain a route-subject token
hub_terrier,Terrier Coloring Pages,/coloring-pages/terrier,https://www.ilovecoloringpage.com/coloring-pages/terrier,hub_dogs,,subject,29,29,1,29,29,index,"index,follow",true,single page,"Browse 29 printable pages in the Terrier collection, then search or filter the available designs.",97,3406cfce,96,Using this collection,1,1,chibi__chibi-animals-pets-dogs-american-staffordshire-terrier__0d5f95f4f2,true,0,6,direct filename/title evidence: 100.0% of members contain a route-subject token,,false,false,retain and index,direct filename/title evidence: 100.0% of members contain a route-subject token
hub_woolly_mammoth,Woolly Mammoth Coloring Pages,/coloring-pages/woolly-mammoth,https://www.ilovecoloringpage.com/coloring-pages/woolly-mammoth,hub_dinosaurs,,subject,19,19,1,19,19,index,"index,follow",true,single page,"Browse 19 printable pages in the Woolly Mammoth collection, then search or filter the available designs.",104,3406cfce,96,Using this collection,1,1,anime-girls__anime-girl-summoning-jutsu-woolly-mammoth__49c45dca6d,true,0,8,direct filename/title evidence: 100.0% of members contain a route-subject token,,false,false,consolidate into a stronger parent,Nineteen of twenty Mammoths records are shared; confirm whether the single non-woolly record warrants a separate parent/child pair.
hub_saber_toothed_tiger,Saber Toothed Tiger Coloring Pages,/coloring-pages/saber-toothed-tiger,https://www.ilovecoloringpage.com/coloring-pages/saber-toothed-tiger,hub_dinosaurs,,subject,13,13,1,13,13,index,"index,follow",true,single page,"Browse 13 printable pages in the Saber Toothed Tiger collection, then search or filter the available designs.",109,3406cfce,96,Using this collection,1,1,anime-girls__anime-girl-saber-toothed-tiger-hoodie-plushie__0df82031f8,true,0,8,direct filename/title evidence: 100.0% of members contain a route-subject token,,false,false,retain and index,direct filename/title evidence: 100.0% of members contain a route-subject token
hub_magic,Magic Coloring Pages,/coloring-pages/magic,https://www.ilovecoloringpage.com/coloring-pages/magic,hub_fantasy,,subject,35,35,1,35,35,index,"index,follow",true,single page,"Browse 35 printable pages in the Magic collection, then search or filter the available designs.",95,3406cfce,96,Using this collection,1,1,anime-girls__anime-girl-summoning-magic-cats__be349530e6,true,0,7,direct filename/title evidence: 100.0% of members contain a route-subject token,,false,false,retain and index,direct filename/title evidence: 100.0% of members contain a route-subject token
hub_ankylosaurus,Ankylosaurus Coloring Pages,/coloring-pages/ankylosaurus,https://www.ilovecoloringpage.com/coloring-pages/ankylosaurus,hub_dinosaurs,,subject,11,11,1,11,11,index,"index,follow",true,single page,"Browse 11 printable pages in the Ankylosaurus collection, then search or filter the available designs.",102,3406cfce,96,Using this collection,1,1,anime-girls__anime-girl-ankylosaurus-hoodie-plushie__c819919e77,true,0,7,direct filename/title evidence: 100.0% of members contain a route-subject token,,false,false,retain and index,direct filename/title evidence: 100.0% of members contain a route-subject token
hub_trick_or_treat,Trick or Treat Coloring Pages,/coloring-pages/trick-or-treat,https://www.ilovecoloringpage.com/coloring-pages/trick-or-treat,hub_halloween,,season or occasion,11,11,1,11,11,index,"index,follow",true,single page,"Browse 11 printable pages in the Trick or Treat collection, then search or filter the available designs.",104,3406cfce,96,Using this collection,1,1,chibi__chibi-holiday-halloween-trick-or-treat-children-with-pumpkin-bags-colori__abe00661e0,true,0,7,direct filename/title evidence: 100.0% of members contain a route-subject token,,false,false,retain and index,direct filename/title evidence: 100.0% of members contain a route-subject token
hub_lily,Lily Coloring Pages,/coloring-pages/lily,https://www.ilovecoloringpage.com/coloring-pages/lily,hub_flowers,,subject,14,14,1,14,14,index,"index,follow",true,single page,"Browse 14 printable pages in the Lily collection, then search or filter the available designs.",94,3406cfce,96,Using this collection,1,1,chibi__chibi-flowers-calla-lily__94920a8fca,true,0,7,direct filename/title evidence: 100.0% of members contain a route-subject token,,false,false,retain and index,direct filename/title evidence: 100.0% of members contain a route-subject token
hub_forget_me_not,Forget-Me-Not Coloring Pages,/coloring-pages/forget-me-not,https://www.ilovecoloringpage.com/coloring-pages/forget-me-not,hub_flowers,,subject,6,6,1,6,6,index,"index,follow",true,single page,"Browse 6 printable pages in the Forget-Me-Not collection, then search or filter the available designs.",102,3406cfce,96,Using this collection,1,1,chibi__chibi-flowers-forget-me-not__bc7c2e01c7,true,0,7,direct filename/title evidence: 100.0% of members contain a route-subject token,,false,false,retain and index,direct filename/title evidence: 100.0% of members contain a route-subject token
hub_mosasaurus,Mosasaurus Coloring Pages,/coloring-pages/mosasaurus,https://www.ilovecoloringpage.com/coloring-pages/mosasaurus,hub_dinosaurs,,subject,9,9,1,9,9,index,"index,follow",true,single page,"Browse 9 printable pages in the Mosasaurus collection, then search or filter the available designs.",99,3406cfce,96,Using this collection,1,1,chibi__chibi-plushie-prehistoric-mosasaurus__e7c98f3020,true,0,7,direct filename/title evidence: 100.0% of members contain a route-subject token,,false,false,retain and index,direct filename/title evidence: 100.0% of members contain a route-subject token
hub_plesiosaurus,Plesiosaurus Coloring Pages,/coloring-pages/plesiosaurus,https://www.ilovecoloringpage.com/coloring-pages/plesiosaurus,hub_dinosaurs,,subject,9,9,1,9,9,index,"index,follow",true,single page,"Browse 9 printable pages in the Plesiosaurus collection, then search or filter the available designs.",101,3406cfce,96,Using this collection,1,1,chibi__chibi-plushie-prehistoric-plesiosaurus__ea6db596f6,true,0,7,direct filename/title evidence: 100.0% of members contain a route-subject token,,false,false,retain and index,direct filename/title evidence: 100.0% of members contain a route-subject token
hub_pterodactyl,Pterodactyl Coloring Pages,/coloring-pages/pterodactyl,https://www.ilovecoloringpage.com/coloring-pages/pterodactyl,hub_dinosaurs,,subject,9,9,1,9,9,index,"index,follow",true,single page,"Browse 9 printable pages in the Pterodactyl collection, then search or filter the available designs.",100,3406cfce,96,Using this collection,1,1,anime-girls__anime-girl-pterodactyl-hoodie-plushie__2b4315b24b,true,0,7,direct filename/title evidence: 100.0% of members contain a route-subject token,,false,false,retain and index,direct filename/title evidence: 100.0% of members contain a route-subject token
hub_iguanodon,Iguanodon Coloring Pages,/coloring-pages/iguanodon,https://www.ilovecoloringpage.com/coloring-pages/iguanodon,hub_dinosaurs,,subject,8,8,1,8,8,index,"index,follow",true,single page,"Browse 8 printable pages in the Iguanodon collection, then search or filter the available designs.",98,3406cfce,96,Using this collection,1,1,chibi__chibi-plushie-prehistoric-iguanodon__d835d9df5c,true,0,7,direct filename/title evidence: 100.0% of members contain a route-subject token,,false,false,retain and index,direct filename/title evidence: 100.0% of members contain a route-subject token
hub_bulldog,Bulldog Coloring Pages,/coloring-pages/bulldog,https://www.ilovecoloringpage.com/coloring-pages/bulldog,hub_dogs,,subject,8,8,1,8,8,index,"index,follow",true,single page,"Browse 8 printable pages in the Bulldog collection, then search or filter the available designs.",96,3406cfce,96,Using this collection,1,1,chibi__chibi-animals-pets-dogs-bulldog__82dca02cef,true,0,8,direct filename/title evidence: 100.0% of members contain a route-subject token,,false,false,retain and index,direct filename/title evidence: 100.0% of members contain a route-subject token
hub_collie,Collie Coloring Pages,/coloring-pages/collie,https://www.ilovecoloringpage.com/coloring-pages/collie,hub_dogs,,subject,8,8,1,8,8,index,"index,follow",true,single page,"Browse 8 printable pages in the Collie collection, then search or filter the available designs.",95,3406cfce,96,Using this collection,1,1,chibi__chibi-animals-pets-dogs-border-collie__d66dc03111,true,0,7,direct filename/title evidence: 100.0% of members contain a route-subject token,,false,false,retain and index,direct filename/title evidence: 100.0% of members contain a route-subject token
hub_cookie,Cookie Coloring Pages,/coloring-pages/cookie,https://www.ilovecoloringpage.com/coloring-pages/cookie,hub_bakery,,subject,17,17,1,17,17,index,"index,follow",true,single page,"Browse 17 printable pages in the Cookie collection, then search or filter the available designs.",96,3406cfce,96,Using this collection,1,1,chibi__chibi-plushie-cookie-character__cbbcab378b,true,0,6,direct filename/title evidence: 100.0% of members contain a route-subject token,,false,false,retain and index,direct filename/title evidence: 100.0% of members contain a route-subject token
hub_daisy,Daisy Coloring Pages,/coloring-pages/daisy,https://www.ilovecoloringpage.com/coloring-pages/daisy,hub_flowers,,subject,10,10,1,10,10,index,"index,follow",true,single page,"Browse 10 printable pages in the Daisy collection, then search or filter the available designs.",95,3406cfce,96,Using this collection,1,1,chibi__chibi-flowers-daisy__4e83fb3127,true,0,7,direct filename/title evidence: 100.0% of members contain a route-subject token,,false,false,retain and index,direct filename/title evidence: 100.0% of members contain a route-subject token
hub_pteranodon,Pteranodon Coloring Pages,/coloring-pages/pteranodon,https://www.ilovecoloringpage.com/coloring-pages/pteranodon,hub_dinosaurs,,subject,6,6,1,6,6,index,"index,follow",true,single page,"Browse 6 printable pages in the Pteranodon collection, then search or filter the available designs.",99,3406cfce,96,Using this collection,1,1,anime-girls__anime-girl-summoning-jutsu-baby-pteranodon-plushies__b8eca7a99c,true,0,8,direct filename/title evidence: 100.0% of members contain a route-subject token,,false,false,retain and index,direct filename/title evidence: 100.0% of members contain a route-subject token
hub_nigiri,Nigiri Coloring Pages,/coloring-pages/nigiri,https://www.ilovecoloringpage.com/coloring-pages/nigiri,hub_sushi,,subject,16,16,1,16,16,index,"index,follow",true,single page,"Browse 16 printable pages in the Nigiri collection, then search or filter the available designs.",96,3406cfce,96,Using this collection,1,1,mandala-geometry-patterns__mandala-geometry-patterns-sushi-aburi-ebi-nigiri__e6a7198dae,true,0,6,direct filename/title evidence: 100.0% of members contain a route-subject token,,false,false,retain and index,direct filename/title evidence: 100.0% of members contain a route-subject token
hub_orchid,Orchid Coloring Pages,/coloring-pages/orchid,https://www.ilovecoloringpage.com/coloring-pages/orchid,hub_flowers,,subject,9,9,1,9,9,index,"index,follow",true,single page,"Browse 9 printable pages in the Orchid collection, then search or filter the available designs.",95,3406cfce,96,Using this collection,1,1,chibi__chibi-flowers-orchid__8683825abb,true,0,8,direct filename/title evidence: 100.0% of members contain a route-subject token,,false,false,retain and index,direct filename/title evidence: 100.0% of members contain a route-subject token
hub_poppy,Poppy Coloring Pages,/coloring-pages/poppy,https://www.ilovecoloringpage.com/coloring-pages/poppy,hub_flowers,,subject,7,7,1,7,7,index,"index,follow",true,single page,"Browse 7 printable pages in the Poppy collection, then search or filter the available designs.",94,3406cfce,96,Using this collection,1,1,chibi__chibi-flowers-iceland-poppy__c450d66a03,true,0,7,direct filename/title evidence: 100.0% of members contain a route-subject token,,false,false,retain and index,direct filename/title evidence: 100.0% of members contain a route-subject token
hub_lotus,Lotus Coloring Pages,/coloring-pages/lotus,https://www.ilovecoloringpage.com/coloring-pages/lotus,hub_flowers,,subject,6,6,1,6,6,index,"index,follow",true,single page,"Browse 6 printable pages in the Lotus collection, then search or filter the available designs.",94,3406cfce,96,Using this collection,1,1,chibi__chibi-flowers-lotus__0d87de91bc,true,0,6,direct filename/title evidence: 100.0% of members contain a route-subject token,,false,false,retain and index,direct filename/title evidence: 100.0% of members contain a route-subject token
hub_palm,Palm Coloring Pages,/coloring-pages/palm,https://www.ilovecoloringpage.com/coloring-pages/palm,hub_indoor_plants,,subject,6,6,1,6,6,index,"index,follow",true,single page,"Browse 6 printable pages in the Palm collection, then search or filter the available designs.",93,3406cfce,96,Using this collection,1,1,indoor-plants__indoor-plants-areca-palm__454f9da715,true,0,3,direct filename/title evidence: 100.0% of members contain a route-subject token,,false,false,retain and index,direct filename/title evidence: 100.0% of members contain a route-subject token
hub_leprechaun,Leprechaun Coloring Pages,/coloring-pages/leprechaun,https://www.ilovecoloringpage.com/coloring-pages/leprechaun,hub_holidays,,season or occasion,9,9,1,9,9,index,"index,follow",true,single page,"Browse 9 printable pages in the Leprechaun collection, then search or filter the available designs.",99,3406cfce,96,Using this collection,1,1,fantasy__fantasy-creatures-leprechaun__37036955f1,true,0,8,direct filename/title evidence: 100.0% of members contain a route-subject token,,false,false,retain and index,direct filename/title evidence: 100.0% of members contain a route-subject token
hub_salmon,Salmon Coloring Pages,/coloring-pages/salmon,https://www.ilovecoloringpage.com/coloring-pages/salmon,hub_sushi,,subject,11,11,1,11,11,index,"index,follow",true,single page,"Browse 11 printable pages in the Salmon collection, then search or filter the available designs.",96,3406cfce,96,Using this collection,1,1,mandala-geometry-patterns__mandala-geometry-patterns-sushi-aburi-salmon-nigiri__6009e02cb8,true,0,6,direct filename/title evidence: 100.0% of members contain a route-subject token,,false,false,retain and index,direct filename/title evidence: 100.0% of members contain a route-subject token
hub_gingerbread,Gingerbread Coloring Pages,/coloring-pages/gingerbread,https://www.ilovecoloringpage.com/coloring-pages/gingerbread,hub_bakery,,season or occasion,10,10,1,10,10,index,"index,follow",true,single page,"Browse 10 printable pages in the Gingerbread collection, then search or filter the available designs.",101,3406cfce,96,Using this collection,1,1,chibi__chibi-plushie-gingerbread-character__31a1a21871,true,0,6,direct filename/title evidence: 100.0% of members contain a route-subject token,,false,false,retain and index,direct filename/title evidence: 100.0% of members contain a route-subject token
