field,value,occurrence_count,routes,related_context,action
visible_summary,A portrait printable in the Animals collection.,17,/printables/animals/animals-alligator-4feec8505a|/printables/animals/animals-antelopes-49a5eb802f|/printables/animals/animals-buffalo-42947367b4|/printables/animals/animals-chickens-1d898c58de|/printables/animals/animals-crocodile-0389692b30|/printables/animals/animals-falcons-39d20877ca|/printables/animals/animals-frogs-242fdad0e9|/printables/animals/animals-gazelles-2ad6b27392|/printables/animals/animals-goat-74e02be085|/printables/animals/animals-goose-918235b6af|/printables/animals/animals-hawk-bb1442ad50|/printables/animals/animals-hyenas-b0e61b6bb7|/printables/animals/animals-leopards-9be94cf823|/printables/animals/animals-pig-67546b89c3|/printables/animals/animals-seal-02d2527a31|/printables/animals/animals-turkey-a5e1952cea|/printables/animals/animals-walrus-9d072cd3d9,true,retained standard terminology among records sharing verified context
visible_summary,A portrait printable in the Butterflies collection.,15,/printables/animals/animals-butterflies-016ffbb0de|/printables/animals/fantasy-butterfly-fairy-meadow-0a4da01303|/printables/animals/insects-blue-morpho-butterfly-in-rainforest-feb57c5778|/printables/animals/insects-butterfly-08f243899d|/printables/animals/insects-butterfly-eating-cabbage-9079a8da7c|/printables/animals/insects-butterfly-on-flower-bush-f1165f1f08|/printables/animals/insects-monarch-butterfly-9d324206d0|/printables/animals/insects-monarch-butterfly-flying-1c458c2c9a|/printables/animals/insects-painted-lady-butterfly-9c359ad5bd|/printables/animals/insects-red-admiral-butterfly-c29c16d8ed|/printables/animals/insects-swallowtail-butterfly-flying-81e01c22e6|/printables/animals/insects-swallowtail-butterfly-on-blossom-cc2f340b3a|/printables/animals/mandala-geometry-patterns-butterfly-4a780e044f|/printables/animals/mandala-geometry-patterns-insects-butterfly-a9ae5dd12e|/printables/animals/mandala-geometry-patterns-insects-monarch-butterfly-d093da068d,true,retained standard terminology among records sharing verified context
visible_summary,A portrait printable in the Dogs collection.,59,/printables/animals/animals-dog-18819a83c1|/printables/animals/animals-puppies-093b6e6276|/printables/animals/dogs-afghan-hound-cdbb79eb85|/printables/animals/dogs-akita-c10f6f8db8|/printables/animals/dogs-akita-cute-715c4d60d6|/printables/animals/dogs-alaskan-malamute-12fb8f1aaa|/printables/animals/dogs-alaskan-malamute-playing-279d90bedb|/printables/animals/dogs-anatolian-shepherd-dog-fb092f194b|/printables/animals/dogs-australian-cattle-dog-7b5008c2b1|/printables/animals/dogs-australian-shepherd-799da4cea1|/printables/animals/dogs-basenji-c7d4483f58|/printables/animals/dogs-beagle-a50dd43a49|/printables/animals/dogs-belgian-malinois-46824ae659|/printables/animals/dogs-belgian-sheepdog-2bb2249f5a|/printables/animals/dogs-belgian-tervuren-9696d630ec|/printables/animals/dogs-bernese-mountain-dog-9cf878649d|/printables/animals/dogs-bloodhound-50cc55e580|/printables/animals/dogs-borzoi-c1a2a87ee2|/printables/animals/dogs-bullmastiff-adb1172095|/printables/animals/dogs-catahoula-leopard-dog-c49e6864b3|/printables/animals/dogs-chesapeake-bay-retriever-2291012e65|/printables/animals/dogs-chihuahua-c9c8719ba8|/printables/animals/dogs-chinese-crested-2014588380|/printables/animals/dogs-cocker-spaniel-84b8ebce83|/printables/animals/dogs-dalmatian-944449a4f0|/printables/animals/dogs-daschund-57c8834384|/printables/animals/dogs-doberman-pinscher-78c2fe70bb|/printables/animals/dogs-english-mastiff-d1948d8ea0|/printables/animals/dogs-english-springer-spaniel-024f44493d|/printables/animals/dogs-german-shepherd-e52620bf32|/printables/animals/dogs-golden-retriever-8e82ff6098|/printables/animals/dogs-great-dane-f21172dbe7|/printables/animals/dogs-great-pyrenees-c84862b5e4|/printables/animals/dogs-havanese-fd71fa20e8|/printables/animals/dogs-irish-setter-ed296dbe4e|/printables/animals/dogs-irish-wolfhound-b6100b5ef9|/printables/animals/dogs-italian-greyhound-5c6bfe72a9|/printables/animals/dogs-labrador-retriever-9fe206f9f1|/printables/animals/dogs-leonberger-5ca62547ad|/printables/animals/dogs-lhasa-apso-2db6341f6d|/printables/animals/dogs-miniature-schnauzer-20fb8aedcb|/printables/animals/dogs-old-english-sheepdog-28718e4460|/printables/animals/dogs-papillon-2c9e3d5619|/printables/animals/dogs-pekingese-e025aa08c3|/printables/animals/dogs-pomeranian-8aaca92c84|/printables/animals/dogs-poodle-50a394fefc|/printables/animals/dogs-portuguese-water-dog-89720b4df5|/printables/animals/dogs-rhodesian-ridgeback-40fff3ca23|/printables/animals/dogs-rottweiler-ee525e9f61|/printables/animals/dogs-saint-bernard-8bdce2f945|/printables/animals/dogs-saluki-af92dc344b|/printables/animals/dogs-samoyed-016ca48e4a|/printables/animals/dogs-shiba-inu-d147a6d1e3|/printables/animals/dogs-shih-tzu-6b7d966998|/printables/animals/dogs-siberian-husky-48e8541c22|/printables/animals/dogs-tibetan-mastiff-25e1f355d8|/printables/animals/dogs-vizsla-eccd8223c2|/printables/animals/dogs-whippet-c8e6a7ce77|/printables/animals/dogs-wirehaired-pointing-griffon-5228741899,true,retained standard terminology among records sharing verified context
visible_summary,A portrait printable in the Dolphins collection.,5,/printables/animals/animals-dolphins-06e09058c7|/printables/animals/mandala-geometry-patterns-dolphin-e735059a82|/printables/animals/sea-life-bottlenose-dolphin-family-92f507e9b7|/printables/animals/sea-life-dolphin-ed4e474d19|/printables/animals/sea-life-dolphin-jumping-over-waves-b601f8398a,true,retained standard terminology among records sharing verified context
visible_summary,A portrait printable in the Ducks collection.,7,/printables/animals/animals-duck-f46c4f4007|/printables/animals/birds-ducks-1dbebbc6d6|/printables/animals/birds-pintail-duck-52a43c5809|/printables/animals/birds-ruddy-duck-801d89bb68|/printables/animals/birds-shoveler-duck-764e73170a|/printables/animals/birds-whistling-duck-86413a3c91|/printables/animals/birds-wood-duck-cf6285ec21,true,retained standard terminology among records sharing verified context
visible_summary,A portrait printable in the Eagles collection.,13,/printables/animals/animals-eagle-0e2698945b|/printables/animals/animals-eagles-9c48219eed|/printables/animals/birds-bald-eagle-78120718e1|/printables/animals/birds-bald-eagle-flying-f56d024672|/printables/animals/birds-bald-eagle-taking-flight-c6a7fe5797|/printables/animals/birds-eagle-419fc01f51|/printables/animals/birds-eagle-majestic-cc84ecdffc|/printables/animals/birds-golden-eagle-60db865aca|/printables/animals/birds-harpy-eagle-c4e15d34f5|/printables/eagles/fantasy-eagle-companion-bb6c4b083f|/printables/eagles/fantasy-ranger-eagle-companion-efc16169a5|/printables/detailed-for-adults/mandala-geometry-patterns-bald-eagle-cd94a6a15f|/printables/animals/sea-life-eagle-ray-spotted-ray-pattern-f6004fd8d9,true,retained standard terminology among records sharing verified context
visible_summary,A portrait printable in the Elephants collection.,3,/printables/animals/animals-elephants-44cfe62b98|/printables/elephants/indoor-plants-colocasia-elephant-ear-b36b26cf0c|/printables/detailed-for-adults/mandala-geometry-patterns-elephant-da13da6c8c,true,retained standard terminology among records sharing verified context
visible_summary,A portrait printable in the Otters collection.,3,/printables/animals/animals-otter-60dca506d6|/printables/animals/sea-life-sea-otter-56f0b93d65|/printables/animals/sea-life-sea-otter-floating-on-back-with-seashell-83ff75935e,true,retained standard terminology among records sharing verified context
visible_summary,A portrait printable in the Owls collection.,16,/printables/animals/animals-owls-73a12387df|/printables/animals/birds-barn-owl-17018a266e|/printables/animals/birds-great-horned-owl-49837e4c8e|/printables/animals/birds-long-eared-owl-738e4e3fa3|/printables/animals/birds-owl-d68dcf1f0b|/printables/animals/birds-owls-673b806fff|/printables/animals/birds-screech-owl-b4cba0244b|/printables/animals/birds-short-eared-owl-8079801fab|/printables/animals/birds-snowy-owl-7d1c01520f|/printables/fantasy/fantasy-celestial-island-owl-84979a23a7|/printables/fantasy/fantasy-celestial-owl-02a6371aeb|/printables/fantasy/fantasy-owl-sorcerer-tower-32009ca6d6|/printables/fantasy/fantasy-owl-spell-tome-646d7130aa|/printables/fantasy/fantasy-snow-owl-spirit-af03006edf|/printables/fantasy/fantasy-summoned-owl-spell-tome-61a4188d0a|/printables/fantasy/fantasy-wizard-familiar-owl-97a266eeba,true,retained standard terminology among records sharing verified context
visible_summary,A portrait printable in the Penguins collection.,5,/printables/animals/animals-penguins-9c3dda80d1|/printables/animals/birds-penguin-ae406770d7|/printables/animals/birds-penguin-on-ice-0827aa8b09|/printables/detailed-for-adults/mandala-geometry-patterns-penguin-5e5a878b04|/printables/animals/sea-life-penguin-56a7dc441c,true,retained standard terminology among records sharing verified context
visible_summary,A portrait printable in the Bears collection.,6,/printables/animals/animals-polar-bear-fb2c193ae5|/printables/animals/prehistoric-cave-bear-ded77840da|/printables/animals/prehistoric-short-faced-bear-19a9ff186f|/printables/bears/mandala-geometry-patterns-prehistoric-cave-bear-65762de0fd|/printables/bears/mandala-geometry-patterns-sushi-bear-shaped-onigiri-86e0e92626|/printables/bears/mandala-geometry-patterns-vehicle-planes-tupolev-tu-95-bear-828c737e46,true,retained standard terminology among records sharing verified context
visible_summary,A portrait printable in the Lions collection.,8,/printables/animals/animals-sea-lion-569daf97f7|/printables/animals/prehistoric-cave-lion-ab76211994|/printables/fantasy/fantasy-knight-lion-shield-crest-271e4c97d0|/printables/garden/gardening-mushroom-lions-mane-0719ae2d97|/printables/detailed-for-adults/mandala-geometry-patterns-lion-3293b9a87b|/printables/detailed-for-adults/mandala-geometry-patterns-lion-sitting-29672d4333|/printables/detailed-for-adults/mandala-geometry-patterns-mushroom-lions-mane-47b9b79b7d|/printables/animals/sea-life-sea-lion-performing-on-rock-a481277c9c,true,retained standard terminology among records sharing verified context
visible_summary,A portrait printable in the Whales collection.,12,/printables/animals/animals-whales-9b53c68a15|/printables/animals/mandala-geometry-patterns-whale-54cde12339|/printables/animals/sea-life-beluga-whale-7ef296638f|/printables/animals/sea-life-beluga-whale-in-arctic-waters-5c1a582db2|/printables/animals/sea-life-blue-whale-b9b63b8b9a|/printables/animals/sea-life-blue-whale-swimming-near-surface-4adfd0081f|/printables/animals/sea-life-gray-whale-migrating-scene-90ede05b45|/printables/animals/sea-life-humpback-whale-8f4bb27c1f|/printables/animals/sea-life-humpback-whale-with-calf-e73e0b7adc|/printables/animals/sea-life-sperm-whale-diving-deep-a2478dc2d9|/printables/animals/sea-life-whale-de3810f537|/printables/animals/sea-life-whale-breaching-water-splash-721c1a3e95,true,retained standard terminology among records sharing verified context
visible_summary,A portrait printable in the Playing Cards collection.,10,/printables/animals/cats-playing-cards-c22648db9b|/printables/fantasy/fantasy-creatures-flying-unicorn-playing-cards-8254919abd|/printables/fantasy/fantasy-creatures-ghost-pirate-ship-playing-cards-a2061c6400|/printables/fantasy/fantasy-creatures-magical-unicorn-playing-cards-0e202d55fb|/printables/fantasy/fantasy-creatures-mermaid-playing-cards-9830bfb88e|/printables/fantasy/fantasy-creatures-necromancer-playing-cards-8def1c62f5|/printables/fantasy/fantasy-creatures-shaman-playing-cards-b4f740ed99|/printables/dragons/fantasy-creatures-undead-dragon-playing-cards-ccc76fbc4c|/printables/fantasy/fantasy-creatures-unicorn-playing-cards-0f965d7309|/printables/fantasy/fantasy-creatures-wizard-playing-cards-2b84742213,true,retained standard terminology among records sharing verified context
visible_summary,A portrait anime printable.,355,/printables/anime-girls/anime-girl-air-balloon-1f6b5be7bc|/printables/anime-girls/anime-girl-airship-dogfight-154332e8ac|/printables/anime-girls/anime-girl-alien-invasion-5fc2e9d331|/printables/anime-girls/anime-girl-alien-invasion-battle-99f106ca9d|/printables/anime-girls/anime-girl-anubis-trial-d01e669614|/printables/anime-girls/anime-girl-applying-makeup-f2861b9ce7|/printables/anime-girls/anime-girl-armadillo-hoodie-plushie-4388d15510|/printables/anime-girls/anime-girl-axolotl-hoodie-plushie-10dcbb08c2|/printables/anime-girls/anime-girl-axolotl-hoodie-plushie-4fbeebbbf9|/printables/anime-girls/anime-girl-baboon-hoodie-plushie-162c0f194f|/printables/anime-girls/anime-girl-bakini-lab-coat-scientist-b11297a303|/printables/anime-girls/anime-girl-baseball-player-2acbb88cef|/printables/anime-girls/anime-girl-battle-claws-f9d7c62766|/printables/anime-girls/anime-girl-battle-worn-claws-1fef7847b3|/printables/anime-girls/anime-girl-beach-e5492e3687|/printables/anime-girls/anime-girl-beach-bakini-1d77abd2f3|/printables/anime-girls/anime-girl-beach-bakini-b9ede8c4db|/printables/anime-girls/anime-girl-beach-bakini-1-b471567c78|/printables/anime-girls/anime-girl-beast-berserker-armor-6a6db4fb14|/printables/anime-girls/anime-girl-beast-hide-armor-31fe047f7d|/printables/anime-girls/anime-girl-beastmaster-duel-e77b8fd28b|/printables/anime-girls/anime-girl-bed-with-plush-toys-de6487a823|/printables/anime-girls/anime-girl-bed-with-plush-toys-relaxing-bbab5fa342|/printables/anime-girls/anime-girl-bedtime-stories-36d92c5b6a|/printables/anime-girls/anime-girl-belly-dancing-cd39615108|/printables/anime-girls/anime-girl-bison-hoodie-plushie-eb4dc63297|/printables/anime-girls/anime-girl-boar-hoodie-plushie-2ade8446fa|/printables/anime-girls/anime-girl-bowling-b2fb110d93|/printables/anime-girls/anime-girl-bowling-trick-shot-aaa558e9a6|/printables/anime-girls/anime-girl-boxing-31e8b864b6|/printables/anime-girls/anime-girl-boxing-a787e2192f|/printables/anime-girls/anime-girl-brazilian-jiu-jitsu-5a40029b84|/printables/anime-girls/anime-girl-brontosaurus-hoodie-plushie-3ad488831a|/printables/anime-girls/anime-girl-brontosaurus-hoodie-plushie-6175891702|/printables/anime-girls/anime-girl-bull-hoodie-anima-plushie-98a7f4acd1|/printables/anime-girls/anime-girl-bull-hoodie-plushie-3edf39627f|/printables/anime-girls/anime-girl-bull-hoodie-plushie-cosplay-e76780baaf|/printables/anime-girls/anime-girl-camel-hoodie-plushie-97eab53f78|/printables/anime-girls/anime-girl-camping-b345386f54|/printables/anime-girls/anime-girl-camping-in-the-woods-42a57fe961|/printables/anime-girls/anime-girl-cave-climbing-14a25b5a14|/printables/anime-girls/anime-girl-cave-climbing-1-fa2d0c4eb0|/printables/anime-girls/anime-girl-celestial-paladin-armor-e770ba34fc|/printables/anime-girls/anime-girl-celtic-tribal-armor-a378a14a1a|/printables/anime-girls/anime-girl-cerberus-gate-guard-17fd627531|/printables/anime-girls/anime-girl-chainmail-armor-mace-battle-0c5ed4dbdf|/printables/anime-girls/anime-girl-chainmail-roar-12a901b418|/printables/anime-girls/anime-girl-chariot-of-fire-raid-1350e2fd7f|/printables/anime-girls/anime-girl-cheetah-hoodie-plushie-0da5d94336|/printables/anime-girls/anime-girl-chimpanzee-hoodie-plushie-3b785d8ef9|/printables/anime-girls/anime-girl-chin-up-2e237927ea|/printables/anime-girls/anime-girl-chinese-fan-d3ac6ff23e|/printables/anime-girls/anime-girl-cooking-194687b608|/printables/anime-girls/anime-girl-cowgirl-wild-west-828859c92f|/printables/anime-girls/anime-girl-crusader-armor-ac60b5cd18|/printables/anime-girls/anime-girl-crying-2510ace89a|/printables/anime-girls/anime-girl-crying-ada81436a5|/printables/anime-girls/anime-girl-crystal-palace-defense-eefbbe6dc4|/printables/anime-girls/anime-girl-cursed-battlefield-34de47339a|/printables/anime-girls/anime-girl-cursed-ruins-standoff-706e3072a4|/printables/anime-girls/anime-girl-cyber-ninja-assault-05c3bc10cf|/printables/anime-girls/anime-girl-cyber-punk-2101c8514d|/printables/anime-girls/anime-girl-cyber-punk-style-fc56c60658|/printables/anime-girls/anime-girl-cyberpunk-armor-10abafaaa2|/printables/anime-girls/anime-girl-dancing-55d4f5d9bf|/printables/anime-girls/anime-girl-dancing-ballerina-5a1b3b183a|/printables/anime-girls/anime-girl-dancing-in-studio-fadb3628c4|/printables/anime-girls/anime-girl-dancing-studio-e38a963dea|/printables/anime-girls/anime-girl-deadlift-582628521a|/printables/anime-girls/anime-girl-deadlift-a9e092fc9d|/printables/anime-girls/anime-girl-demon-lord-armor-c7621c7adb|/printables/anime-girls/anime-girl-detective-38e19f79a7|/printables/anime-girls/anime-girl-detective-solving-puzzle-9a3133b0b5|/printables/anime-girls/anime-girl-dilophosaurus-hoodie-plushie-b76adf3a87|/printables/anime-girls/anime-girl-dips-18b57d82ae|/printables/anime-girls/anime-girl-dips-6fb384e480|/printables/anime-girls/anime-girl-divine-intervention-e6d21041c0|/printables/anime-girls/anime-girl-donkey-hoodie-plushie-9fe5ffb55f|/printables/anime-girls/anime-girl-donkey-hoodie-plushie-cosplay-b7c731fd58|/printables/anime-girls/anime-girl-dragonbone-armor-8733488783|/printables/anime-girls/anime-girl-dwarven-heavy-plate-9ab429f8b2|/printables/anime-girls/anime-girl-earthquake-04bd9ffa35|/printables/anime-girls/anime-girl-eating-a-buffet-424779aeaf|/printables/anime-girls/anime-girl-eating-a-buffet-at-restaurant-f82cd76cac|/printables/anime-girls/anime-girl-egyptian-chariot-armor-6d898f4196|/printables/anime-girls/anime-girl-elemental-clash-66d661a796|/printables/anime-girls/anime-girl-elven-light-armor-84b23c73c3|/printables/anime-girls/anime-girl-emo-2abcc08323|/printables/anime-girls/anime-girl-energy-ball-attack-leviathan-battle-shounin-d0a627c243|/printables/anime-girls/anime-girl-enjoying-scenic-beach-2019111d4a|/printables/anime-girls/anime-girl-fire-fighter-rescue-dbc4176339|/printables/anime-girls/anime-girl-fire-juggler-f477f945f6|/printables/anime-girls/anime-girl-fire-juggler-carnival-14055fa13a|/printables/anime-girls/anime-girl-fireworks-338cd9ffc9|/printables/anime-girls/anime-girl-fishing-379d012add|/printables/anime-girls/anime-girl-fishing-db00abd519|/printables/anime-girls/anime-girl-fishing-in-pond-01d020392f|/printables/anime-girls/anime-girl-flame-alchemy-8ab79e2702|/printables/anime-girls/anime-girl-flamethrower-489bd105c7|/printables/anime-girls/anime-girl-flying-kite-d5d35ac903|/printables/anime-girls/anime-girl-flying-kite-happy-dca32e5305|/printables/anime-girls/anime-girl-future-mech-299de64d3f|/printables/anime-girls/anime-girl-future-mech-48efe0fb8e|/printables/anime-girls/anime-girl-gardener-growing-eggplants-33e6da71df|/printables/anime-girls/anime-girl-gardening-e328e8c223|/printables/anime-girls/anime-girl-gladiator-arena-aed6dd7917|/printables/anime-girls/anime-girl-gladiator-gear-21d8af9d80|/printables/anime-girls/anime-girl-gorilla-hoodie-plushie-3b980b9953|/printables/anime-girls/anime-girl-gorilla-hoodie-plushie-7e398204b0|/printables/anime-girls/anime-girl-gym-teacher-training-squats-2d547fcc66|/printables/anime-girls/anime-girl-hades-siege-639fc21767|/printables/anime-girls/anime-girl-hiking-59b3dcb6da|/printables/anime-girls/anime-girl-houmongi-japanese-dress-21d9871743|/printables/anime-girls/anime-girl-hydro-pump-433f23b922|/printables/anime-girls/anime-girl-hyper-beam-ca81c724c3|/printables/anime-girls/anime-girl-ice-alchemy-ccaccb110f|/printables/anime-girls/anime-girl-ice-beam-dc4795e084|/printables/anime-girls/anime-girl-ice-climbing-64165ab9f1|/printables/anime-girls/anime-girl-ice-climbing-edc1a5d0e7|/printables/anime-girls/anime-girl-in-rain-collecting-laundry-a2fd2d5c50|/printables/anime-girls/anime-girl-jaguar-hoodie-plushie-ea394c62e2|/printables/anime-girls/anime-girl-jaguar-hoodie-plushie-cosplay-540d6fcab8|/printables/anime-girls/anime-girl-journaling-74fbd5764b|/printables/anime-girls/anime-girl-judo-c5caa9f1d1|/printables/anime-girls/anime-girl-judo-battle-shounin-dcef0e08fe|/printables/anime-girls/anime-girl-junihitoe-japanese-dress-7f78ce3413|/printables/anime-girls/anime-girl-kangaroo-hoodie-plushie-boxing-dc8167ac0a|/printables/anime-girls/anime-girl-karaoke-9270fb8b16|/printables/anime-girls/anime-girl-karate-kick-59c0624127|/printables/anime-girls/anime-girl-karate-punch-af491c3c64|/printables/anime-girls/anime-girl-kickboxing-fa70af4d25|/printables/anime-girls/anime-girl-kimono-eating-rice-balls-a0a6e65af7|/printables/anime-girls/anime-girl-kimono-eating-tasty-rice-balls-3c6fa6fcc2|/printables/anime-girls/anime-girl-kimono-warrior-smoke-pipe-746838b0cb|/printables/anime-girls/anime-girl-knitting-0b78912d0b|/printables/anime-girls/anime-girl-knitting-scarf-0420b41b61|/printables/anime-girls/anime-girl-lantern-festival-f85e9ea41d|/printables/anime-girls/anime-girl-leg-press-f0f7c75cf7|/printables/anime-girls/anime-girl-lemur-hoodie-plushie-8d75e934fd|/printables/anime-girls/anime-girl-librarian-a94d44e53b|/printables/anime-girls/anime-girl-lifeguard-easter-egg-hunt-3cb055d938|/printables/anime-girls/anime-girl-lifeguard-going-down-water-slide-827359767f|/printables/anime-girls/anime-girl-lifeguard-mid-dive-7eb9ff618b|/printables/anime-girls/anime-girl-lightning-alchemy-064c845902|/printables/anime-girls/anime-girl-listening-to-music-337f6b06ea|/printables/anime-girls/anime-girl-listening-to-music-ipod-f73fe679c1|/printables/anime-girls/anime-girl-magical-duel-8eb381fba3|/printables/anime-girls/anime-girl-magical-powers-a784c8df43|/printables/anime-girls/anime-girl-magical-spell-823830b324|/printables/anime-girls/anime-girl-magician-battle-95ea6db32f|/printables/anime-girls/anime-girl-maid-cleaning-wet-floor-leaking-ceiling-8ca39b6261|/printables/anime-girls/anime-girl-makeup-bfdd713fef|/printables/anime-girls/anime-girl-martial-arts-09ac9f457d|/printables/anime-girls/anime-girl-martial-arts-8f695b1f3d|/printables/anime-girls/anime-girl-mastodon-hoodie-plushie-0389bb420f|/printables/anime-girls/anime-girl-mastodon-hoodie-plushie-sleepy-3610e7517b|/printables/anime-girls/anime-girl-mech-battle-cc5c0afe5a|/printables/anime-girls/anime-girl-medusa-encounter-240a0bdfd4|/printables/anime-girls/anime-girl-mining-underground-c154f6f65e|/printables/anime-girls/anime-girl-mining-underground-digging-4abdb05aeb|/printables/anime-girls/anime-girl-minotaur-labyrinth-fight-af713cdaff|/printables/anime-girls/anime-girl-mongol-leather-armor-b75166ad35|/printables/anime-girls/anime-girl-mouse-hoodie-plushie-778e087b3f|/printables/anime-girls/anime-girl-muay-thai-kick-46fc8fbfb6|/printables/anime-girls/anime-girl-narwhal-hoodie-plushie-17e9b3b594|/printables/anime-girls/anime-girl-narwhal-hoodie-plushie-bathtub-relaxing-c1c451e797|/printables/anime-girls/anime-girl-necromancer-robes-417bbd4860|/printables/anime-girls/anime-girl-ninja-0e887fdbb2|/printables/anime-girls/anime-girl-ninja-teleporting-to-monster-battle-shounin-562cbae255|/printables/anime-girls/anime-girl-norse-god-duel-e05156937b|/printables/anime-girls/anime-girl-nurse-89faad5f28|/printables/anime-girls/anime-girl-nurse-doing-cpr-686d31e262|/printables/anime-girls/anime-girl-nurse-doing-cpr-97cb133692|/printables/anime-girls/anime-girl-nurse-drinking-health-potion-47dbcbe714|/printables/anime-girls/anime-girl-nurse-with-needle-e7be0d428d|/printables/anime-girls/anime-girl-nurse-with-needle-hospital-e2a5946b56|/printables/anime-girls/anime-girl-olympian-clash-7281c2341f|/printables/anime-girls/anime-girl-olympic-diving-20ee35f263|/printables/anime-girls/anime-girl-olympic-diving-sport-b55c588723|/printables/anime-girls/anime-girl-orangutan-hoodie-plushie-b3da731cb1|/printables/anime-girls/anime-girl-orangutan-hoodie-plushie-relaxing-48ead7d962|/printables/anime-girls/anime-girl-painting-8f16cd7e05|/printables/anime-girls/anime-girl-painting-scenic-landscape-307b4260fb|/printables/anime-girls/anime-girl-panther-hoodie-plushie-8a4237619f|/printables/anime-girls/anime-girl-panther-hoodie-plushie-happy-538b87a2b9|/printables/anime-girls/anime-girl-parachuting-686657bf14|/printables/anime-girls/anime-girl-parachuting-adventure-abe0cc4105|/printables/anime-girls/anime-girl-parasaurolophus-hoodie-plushie-7be1711b4a|/printables/anime-girls/anime-girl-parasaurolophus-hoodie-plushie-bde184c45d|/printables/anime-girls/anime-girl-persian-armor-4cdc977e24|/printables/anime-girls/anime-girl-persian-scale-armor-d084044854|/printables/anime-girls/anime-girl-photography-3a4c435b58|/printables/anime-girls/anime-girl-pilot-flying-8f7180a7b0|/printables/anime-girls/anime-girl-pirate-ambush-62598221f4|/printables/anime-girls/anime-girl-pistol-shrimp-hoodie-plushie-978eeb75e4|/printables/anime-girls/anime-girl-pistol-shrimp-hoodie-plushie-f489358366|/printables/anime-girls/anime-girl-playing-flute-7de09769a5|/printables/anime-girls/anime-girl-playing-piano-950e677da1|/printables/anime-girls/anime-girl-playing-piano-professionally-e33c8f1764|/printables/anime-girls/anime-girl-playing-soccer-0244b52a41|/printables/anime-girls/anime-girl-police-officer-402743fc04|/printables/anime-girls/anime-girl-police-officer-in-action-a4bffe3c00|/printables/anime-girls/anime-girl-porcupine-hoodie-plushie-70d57edf51|/printables/anime-girls/anime-girl-porcupine-hoodie-plushie-party-06dace4890|/printables/anime-girls/anime-girl-portal-invasion-32bd7ae406|/printables/anime-girls/anime-girl-possum-hoodie-plushie-18a02091e0|/printables/anime-girls/anime-girl-possum-hoodie-plushie-outdoors-807bca29ca|/printables/anime-girls/anime-girl-potion-shop-49612ea98f|/printables/anime-girls/anime-girl-potion-shop-6e30ef7e14|/printables/anime-girls/anime-girl-potion-shop-1-4630c54cfc|/printables/anime-girls/anime-girl-power-up-e65f27b4c4|/printables/anime-girls/anime-girl-pull-up-3623487d0d|/printables/anime-girls/anime-girl-pull-up-ecf5a1e138|/printables/anime-girls/anime-girl-push-ups-2be378f5ca|/printables/anime-girls/anime-girl-push-ups-action-packed-72208057fa|/printables/anime-girls/anime-girl-push-ups-tired-484b4b65b3|/printables/anime-girls/anime-girl-raccoon-847e600c4b|/printables/anime-girls/anime-girl-raccoon-dcfab092d6|/printables/anime-girls/anime-girl-raccoon-eating-sandwitch-ce7b083397|/printables/anime-girls/anime-girl-raccoon-hoodie-plushie-31e1567ff8|/printables/anime-girls/anime-girl-raccoon-hoodie-plushie-fc614867f5|/printables/anime-girls/anime-girl-ragnarok-showdown-a166269826|/printables/anime-girls/anime-girl-ram-hoodie-plushie-0c704cbde6|/printables/anime-girls/anime-girl-rasengan-d509078193|/printables/anime-girls/anime-girl-rat-hoodie-plushie-1a2107fe18|/printables/anime-girls/anime-girl-rat-hoodie-plushie-eating-cheese-413462a43a|/printables/anime-girls/anime-girl-reading-36448f3dc6|/printables/anime-girls/anime-girl-reading-books-in-library-69b7ba45c5|/printables/anime-girls/anime-girl-reading-stories-bedtime-d031ac1224|/printables/anime-girls/anime-girl-rhino-hoodie-plushie-bc7389c752|/printables/anime-girls/anime-girl-rhino-hoodie-plushie-drinking-milk-bb0cc885d6|/printables/anime-girls/anime-girl-riding-air-balloon-749d75428b|/printables/anime-girls/anime-girl-riding-bicycle-in-park-e6805e1a2d|/printables/anime-girls/anime-girl-riding-motorbike-a0e2a70a8b|/printables/anime-girls/anime-girl-riding-motorbike-fast-c5f78aaae6|/printables/anime-girls/anime-girl-roaring-beast-armor-e960a25260|/printables/anime-girls/anime-girl-rock-climbing-cca1816458|/printables/anime-girls/anime-girl-rock-climbing-ed8cc63537|/printables/anime-girls/anime-girl-rock-climbing-action-packed-70cec8709c|/printables/anime-girls/anime-girl-roller-coaster-rides-286dd9b7e3|/printables/anime-girls/anime-girl-roman-centurion-armor-6b919399ce|/printables/anime-girls/anime-girl-running-1848f864a1|/printables/anime-girls/anime-girl-running-664e9a5bd1|/printables/anime-girls/anime-girl-running-fast-c050727397|/printables/anime-girls/anime-girl-running-in-park-a2fcfb43f0|/printables/anime-girls/anime-girl-running-track-d450cc2091|/printables/anime-girls/anime-girl-running-up-hill-7b1fc77bc3|/printables/anime-girls/anime-girl-samura-83d00410ce|/printables/anime-girls/anime-girl-samurai-armor-099217943f|/printables/anime-girls/anime-girl-samurai-walking-across-rainy-battlefield-fdcba462ab|/printables/anime-girls/anime-girl-sari-dress-47766104c3|/printables/anime-girls/anime-girl-scientist-7b72fd42ba|/printables/anime-girls/anime-girl-scientist-researcher-d5eb7a8a2f|/printables/anime-girls/anime-girl-scuba-diving-1eaeae9965|/printables/anime-girls/anime-girl-shadow-ball-585112cb58|/printables/anime-girls/anime-girl-shadow-rebellion-ad7d57150e|/printables/anime-girls/anime-girl-shopping-a050f055ae|/printables/anime-girls/anime-girl-shopping-mall-c7248ff5b4|/printables/anime-girls/anime-girl-shrimp-hoodie-plushie-2baf247324|/printables/anime-girls/anime-girl-skeleton-216f51c4b6|/printables/anime-girls/anime-girl-skeleton-outfit-d14e8c64a8|/printables/anime-girls/anime-girl-skiing-690c51caf0|/printables/anime-girls/anime-girl-skiing-winter-a35cc9afd6|/printables/anime-girls/anime-girl-skunk-hoodie-plushie-100f99934f|/printables/anime-girls/anime-girl-skunk-hoodie-plushie-e46f25f24b|/printables/anime-girls/anime-girl-sky-diving-09960a0b94|/printables/anime-girls/anime-girl-sky-diving-clouds-2c8f911f6c|/printables/anime-girls/anime-girl-sleeping-f1871a5706|/printables/anime-girls/anime-girl-sleeping-in-bed-c588641cbd|/printables/anime-girls/anime-girl-sleeping-in-bed-at-night-8a0bea1fc6|/printables/anime-girls/anime-girl-smelling-daisies-b470a6c0fd|/printables/anime-girls/anime-girl-snowboarding-ed7d005a8f|/printables/anime-girls/anime-girl-snowboarding-sports-604e8c7cb3|/printables/anime-girls/anime-girl-soccer-sports-aff494ee11|/printables/anime-girls/anime-girl-solar-beam-1f93507f72|/printables/anime-girls/anime-girl-spartan-hoplon-gear-4be2a4e6ba|/printables/anime-girls/anime-girl-spectral-wraith-armor-6b9c3b0021|/printables/anime-girls/anime-girl-spinosaurus-hoodie-plushie-5f5fe5ac55|/printables/anime-girls/anime-girl-spinosaurus-hoodie-plushie-b1c4da2cc4|/printables/anime-girls/anime-girl-squirrel-hoodie-plushie-da51ff935b|/printables/anime-girls/anime-girl-stars-baea083257|/printables/anime-girls/anime-girl-stegasaurus-hoodie-plushie-69cba107c4|/printables/anime-girls/anime-girl-stormforged-plate-df561f1d97|/printables/anime-girls/anime-girl-stretching-5c95448314|/printables/anime-girls/anime-girl-studying-1131891779|/printables/anime-girls/anime-girl-studying-focused-c799164e65|/printables/anime-girls/anime-girl-studying-with-plushie-lemur-f4e321e2ea|/printables/anime-girls/anime-girl-studying-with-plushie-tapir-bfb67083ed|/printables/anime-girls/anime-girl-sumo-training-d6af3f2c7d|/printables/anime-girls/anime-girl-surfing-44839c8d3b|/printables/anime-girls/anime-girl-surfing-volcano-escape-b65870a9b2|/printables/anime-girls/anime-girl-swimming-7f34193275|/printables/anime-girls/anime-girl-swimming-at-beach-d94476b691|/printables/anime-girls/anime-girl-swimming-olympics-829f9b6542|/printables/anime-girls/anime-girl-sword-battle-4ded8fff72|/printables/anime-girls/anime-girl-sword-fighting-56ce656ecf|/printables/anime-girls/anime-girl-sword-fighting-action-68da5e2e6b|/printables/anime-girls/anime-girl-taekwondo-d665d80471|/printables/anime-girls/anime-girl-thief-8a5252f8da|/printables/anime-girls/anime-girl-thief-a2a9ffde90|/printables/anime-girls/anime-girl-thunderbolt-db448082e9|/printables/anime-girls/anime-girl-time-warp-battle-07d474d01a|/printables/anime-girls/anime-girl-titan-rampage-7958c6583b|/printables/anime-girls/anime-girl-tribal-skirmish-3f37354a18|/printables/anime-girls/anime-girl-uchikake-japanese-dress-902f441c32|/printables/anime-girls/anime-girl-undead-uprising-d16098a52b|/printables/anime-girls/anime-girl-underground-rebellion-0c888e1484|/printables/anime-girls/anime-girl-underworld-escape-ca39630bff|/printables/anime-girls/anime-girl-valkyrie-charge-1d1f176167|/printables/anime-girls/anime-girl-vampire-siege-e9ce96c8ad|/printables/anime-girls/anime-girl-viking-mail-f97b555579|/printables/anime-girls/anime-girl-viking-raid-037fc6c6d1|/printables/anime-girls/anime-girl-vine-whip-55e323c1c8|/printables/anime-girls/anime-girl-warlock-duel-893a673127|/printables/anime-girls/anime-girl-werewolf-58f00f2580|/printables/anime-girls/anime-girl-western-high-noon-showdown-9f86eddd58|/printables/anime-girls/anime-girl-western-high-noon-showdown-cosplay-9aa070cffb|/printables/anime-girls/anime-girl-with-horns-04895b7eb5|/printables/anime-girls/anime-girl-workout-barbell-squat-22106d1624|/printables/anime-girls/anime-girl-workout-barbell-squat-963002bf98|/printables/anime-girls/anime-girl-workout-bench-press-4063d392eb|/printables/anime-girls/anime-girl-workout-gym-squat-8e49fc83f5|/printables/anime-girls/anime-girl-workout-sumo-squat-3178749205|/printables/anime-girls/anime-girl-workout-sumo-squat-49f5a3dff0|/printables/anime-girls/anime-girl-yoga-1bc06f7e9e|/printables/anime-girls/anime-girl-yoga-adho-mukha-svanasana-6ae8fb4d1c|/printables/anime-girls/anime-girl-yoga-adho-mukha-svanasana-88efa82eab|/printables/anime-girls/anime-girl-yoga-crane-pose-68d31d8787|/printables/anime-girls/anime-girl-yoga-crane-pose-b0c728f830|/printables/anime-girls/anime-girl-yoga-crow-pose-5ec68177e5|/printables/anime-girls/anime-girl-yoga-crow-pose-c99c1666a8|/printables/anime-girls/anime-girl-yoga-deep-squats-1e52f3ee9e|/printables/anime-girls/anime-girl-yoga-deep-squats-95d1dec836|/printables/anime-girls/anime-girl-yoga-doing-splits-86f2c5f78d|/printables/anime-girls/anime-girl-yoga-forward-bending-pose-820589e616|/printables/anime-girls/anime-girl-yoga-forward-bending-pose-smiling-399419b424|/printables/anime-girls/anime-girl-yoga-mat-83ab37b238|/printables/anime-girls/anime-girl-yoga-mountain-pose-9fed83ed3c|/printables/anime-girls/anime-girl-yoga-mountain-pose-b4108d5a66|/printables/anime-girls/anime-girl-yoga-splits-49437b1613|/printables/anime-girls/anime-girl-yoga-stretch-ab290206d7|/printables/anime-girls/anime-girl-yoga-stretching-727ac13047|/printables/anime-girls/anime-girl-yoga-triangle-pose-8bbe16961b|/printables/anime-girls/anime-girl-yoga-triangle-pose-e58cff7b5d|/printables/anime-girls/anime-girl-yoga-triangle-pose-flexible-5791c037a4|/printables/anime-girls/anime-girl-yoga-triangle-pose-smiling-2ade625154|/printables/anime-girls/anime-girl-yoga-warrior-i-1a9a130a72|/printables/anime-girls/anime-girl-yoga-warrior-i-9064348078|/printables/anime-girls/anime-girl-yoga-warrior-ii-63e2eef608|/printables/anime-girls/anime-girl-zeus-wrath-e65454a9a2|/printables/anime-girls/anime-girl-zombie-909032ac64|/printables/anime-girls/anime-girl-zombie-halloween-93ec2c4c40|/printables/anime-girls/anime-girl-zombie-horde-dfb025c1f5|/printables/anime-girls/chibi-anime-girl-hiking-23c5623800|/printables/anime-girls/chibi-anime-girl-karate-fighting-0e15e66f5d,true,retained standard terminology among records sharing verified context
visible_summary,A portrait anime printable in the Ankylosaurus collection.,2,/printables/anime-girls/anime-girl-ankylosaurus-hoodie-plushie-c819919e77|/printables/anime-girls/anime-girl-ankylosaurus-hoodie-plushie-eb8de86d73,true,retained standard terminology among records sharing verified context
visible_summary,A portrait anime printable in the Foxes collection.,8,/printables/anime-girls/anime-girl-arctic-fox-hoodie-plushie-ebaacda689|/printables/anime-girls/anime-girl-arctic-fox-hoodie-plushie-snow-6a9f81e6c3|/printables/anime-girls/anime-girl-fox-82e9f04c2c|/printables/anime-girls/anime-girl-fox-8b012cdc07|/printables/animals/anime-girl-fox-hoodie-animal-plushie-82cedecea8|/printables/anime-girls/anime-girl-fox-hoodie-plushie-0e149e7fbd|/printables/anime-girls/anime-girl-summoning-jutsu-fox-plushies-1c187ef1f0|/printables/anime-girls/anime-girl-summoning-jutsu-foxes-0ff605a0b7,true,retained standard terminology among records sharing verified context
visible_summary,A portrait anime printable in the Plushie Animals collection.,5,/printables/animals/anime-girl-armadillo-hoodie-animal-plushie-d2e31ff395|/printables/animals/anime-girl-boar-hoodie-animal-plushie-97f056d8b6|/printables/animals/anime-girl-camel-hoodie-animal-plushie-76c784f3af|/printables/animals/anime-girl-cheetah-hoodie-animal-plushie-f072445bd6|/printables/animals/anime-girl-chimpanzee-hoodie-animal-plushie-108fde11bd,true,retained standard terminology among records sharing verified context
visible_summary,A portrait anime printable in the Bats collection.,3,/printables/anime-girls/anime-girl-bat-hoodie-plushie-001c0e28be|/printables/anime-girls/anime-girl-summoning-jutsu-bat-plushies-76e4b5d4fa|/printables/anime-girls/anime-girl-summoning-jutsu-bats-ec05d6adc9,true,retained standard terminology among records sharing verified context
visible_summary,A portrait anime printable in the Bears collection.,11,/printables/anime-girls/anime-girl-bear-hoodie-plushie-4e33c8392d|/printables/anime-girls/anime-girl-chibi-bear-summon-443fa88c61|/printables/anime-girls/anime-girl-cute-teddy-bear-plushie-9e3171aa9b|/printables/anime-girls/anime-girl-hugging-teddy-bear-f8328a5844|/printables/anime-girls/anime-girl-hugging-teddy-bear-happy-4c64d39c5f|/printables/anime-girls/anime-girl-polar-bear-hoodie-plushie-9f7c56fd44|/printables/anime-girls/anime-girl-polar-bear-hoodie-plushie-e7831d7ddc|/printables/anime-girls/anime-girl-summoning-jutsu-bear-plushies-ca9eb6356d|/printables/anime-girls/anime-girl-summoning-jutsu-bears-e7599a8f87|/printables/anime-girls/anime-girl-teddy-bear-costume-a28b96c967|/printables/anime-girls/anime-girl-teddy-bear-outfit-kawaii-6746a30a00,true,retained standard terminology among records sharing verified context
visible_summary,A portrait anime printable in the Bees collection.,5,/printables/animals/anime-girl-bee-hoodie-plushie-0f4839d334|/printables/animals/anime-girl-summoning-jutsu-bumble-bee-battle-armor-462af9f174|/printables/animals/anime-girl-summoning-jutsu-bumble-bee-battle-armor-plushies-10d6c964c0|/printables/animals/anime-girl-summoning-killer-bee-plushies-78c9606ed3|/printables/animals/anime-girl-summoning-killer-bees-646adb9f40,true,retained standard terminology among records sharing verified context
visible_summary,A portrait anime printable in the Plushie Whales collection.,2,/printables/animals/anime-girl-beluga-whale-hoodie-plushie-54ab43e09e|/printables/animals/anime-girl-beluga-whale-hoodie-plushie-swimming-cold-a598161908,true,retained standard terminology among records sharing verified context
visible_summary,A portrait anime printable in the Ducks collection.,3,/printables/animals/anime-girl-birds-duck-5c61314642|/printables/anime-girls/anime-girl-duck-hoodie-plushie-db601c07de|/printables/anime-girls/anime-girl-duck-outfit-a8768c3ab0,true,retained standard terminology among records sharing verified context
visible_summary,A portrait anime printable in the Cakes collection.,2,/printables/anime-girls/anime-girl-birthday-cake-a75fa3e263|/printables/anime-girls/anime-girl-celetbrating-birthday-cake-3e754f4081,true,retained standard terminology among records sharing verified context
visible_summary,A portrait anime printable in the Brachiosaurus collection.,4,/printables/animals/anime-girl-brachiosaurus-hoodie-plushie-73442e8b67|/printables/animals/anime-girl-brachiosaurus-hoodie-plushie-a676a7c044|/printables/animals/anime-girl-summoning-jutsu-brachiosaurus-2aecad5672|/printables/animals/anime-girl-summoning-jutsu-brachiosaurus-plushies-80cd635d38,true,retained standard terminology among records sharing verified context
visible_summary,A portrait anime printable in the Rabbits collection.,6,/printables/anime-girls/anime-girl-bunny-birthday-party-4a4860c7ac|/printables/anime-girls/anime-girl-rabbit-1baf58c685|/printables/anime-girls/anime-girl-rabbit-hoodie-plushie-1631765d48|/printables/anime-girls/anime-girl-rabbit-hoodie-plushie-88ad45a887|/printables/anime-girls/anime-girl-summoning-jutsu-rabbit-plushies-18f94fdc0b|/printables/anime-girls/anime-girl-summoning-jutsu-rabbits-c31332f139,true,retained standard terminology among records sharing verified context
visible_summary,A portrait anime printable in the Cats collection.,8,/printables/animals/anime-girl-cat-3794ff8eaa|/printables/animals/anime-girl-summoning-jutsu-cats-ea0070f014|/printables/animals/anime-girl-summoning-jutsu-kittens-edc9b109fa|/printables/animals/anime-girl-summoning-jutsu-prehistoric-kitty-23c8d42eb9|/printables/animals/anime-girl-summoning-jutsu-prehistoric-kitty-plushies-7079e5bd61|/printables/animals/anime-girl-turning-into-a-cat-7b8eb25add|/printables/animals/anime-girl-yoga-cat-pose-8f1ad64f33|/printables/animals/anime-girl-yoga-cat-pose-b9c34831e3,true,retained standard terminology among records sharing verified context
visible_summary,A portrait anime printable in the Plushie Cats collection.,8,/printables/animals/anime-girl-cat-hoodie-plushie-62ed67bd39|/printables/animals/anime-girl-cat-hoodie-plushie-82a3c178ef|/printables/animals/anime-girl-kitten-hoodie-plushie-eccb22cf25|/printables/animals/anime-girl-kitten-hoodie-plushie-climbing-tree-8ff8b1a04a|/printables/animals/anime-girl-kitten-hoodie-plushie-climbing-tree-smiling-5677e16222|/printables/animals/anime-girl-kitten-hoodie-plushie-sitting-on-tree-6276a752d3|/printables/animals/anime-girl-summoning-jutsu-cat-plushies-4e696c1459|/printables/animals/anime-girl-summoning-jutsu-kitten-plushies-7f5d5f20d2,true,retained standard terminology among records sharing verified context
visible_summary,A portrait anime printable in the Fish collection.,5,/printables/animals/anime-girl-catching-fish-481cf18423|/printables/animals/anime-girl-fish-net-clothes-fishing-da373e629a|/printables/animals/anime-girl-fish-net-stocking-c566131b2b|/printables/animals/anime-girl-summoning-angler-fish-89420344d6|/printables/animals/anime-girl-summoning-angler-fish-plushies-120c0d8870,true,retained standard terminology among records sharing verified context
visible_summary,A portrait anime printable in the Fantasy Creatures collection.,3,/printables/anime-girls/anime-girl-centaur-standoff-d462b8fcc6|/printables/anime-girls/anime-girl-riding-a-kraken-1-f7eaf07716|/printables/anime-girls/anime-girl-riding-tentacle-kraken-monster-c8734bdf98,true,retained standard terminology among records sharing verified context
visible_summary,A portrait anime printable in the Chess collection.,23,/printables/anime-girls/anime-girl-chess-50e94b303e|/printables/anime-girls/anime-girl-chess-bishop-90c0fa38cf|/printables/anime-girls/anime-girl-chess-king-761b014230|/printables/anime-girls/anime-girl-chess-king-cosplay-25b9ccdec5|/printables/anime-girls/anime-girl-chess-knight-f8f05d445f|/printables/anime-girls/anime-girl-chess-knight-cosplay-5310e0f717|/printables/anime-girls/anime-girl-chess-pawn-faa13ef179|/printables/anime-girls/anime-girl-chess-pawn-cosplay-ebfd953f64|/printables/anime-girls/anime-girl-chess-queen-e7c4e7e4f2|/printables/anime-girls/anime-girl-chess-queen-cosplay-874c4ff733|/printables/anime-girls/anime-girl-chess-rook-3ea6076443|/printables/anime-girls/anime-girl-chess-rook-cosplay-59f6a920bc|/printables/anime-girls/anime-girl-summoning-jutsu-chess-pieces-bishop-b9f3877e59|/printables/anime-girls/anime-girl-summoning-jutsu-chess-pieces-bishop-plushies-49fc0535e9|/printables/anime-girls/anime-girl-summoning-jutsu-chess-pieces-king-3f397e3232|/printables/anime-girls/anime-girl-summoning-jutsu-chess-pieces-king-plushies-b21780fcb3|/printables/anime-girls/anime-girl-summoning-jutsu-chess-pieces-knight-98861b0a43|/printables/anime-girls/anime-girl-summoning-jutsu-chess-pieces-knight-battle-armor-22bd388a6f|/printables/anime-girls/anime-girl-summoning-jutsu-chess-pieces-knight-plushies-09c794ed64|/printables/anime-girls/anime-girl-summoning-jutsu-chess-pieces-queen-6d96a8c77c|/printables/anime-girls/anime-girl-summoning-jutsu-chess-pieces-queen-plushies-44324a34fb|/printables/anime-girls/anime-girl-summoning-jutsu-chess-pieces-rook-6885cd8a66|/printables/anime-girls/anime-girl-summoning-jutsu-chess-pieces-rook-plushies-63f6dadb94,true,retained standard terminology among records sharing verified context
visible_summary,A portrait anime printable in the Cows collection.,4,/printables/anime-girls/anime-girl-chibi-cow-summon-4b2d037f54|/printables/anime-girls/anime-girl-cow-hoodie-plushie-f886868ca2|/printables/anime-girls/anime-girl-cow-hoodie-plushie-farm-da7bf823b7|/printables/anime-girls/anime-girl-summoning-jutsu-cow-plushies-400b0fde98,true,retained standard terminology among records sharing verified context
visible_summary,A portrait anime printable in the Trees collection.,8,/printables/anime-girls/anime-girl-chin-up-outdoor-tree-winter-853f8ff475|/printables/anime-girls/anime-girl-ninja-claws-leaping-from-tree-b513247cef|/printables/animals/anime-girl-summoning-jutsu-kittens-sitting-on-tree-8caa305aa0|/printables/anime-girls/anime-girl-tree-climbing-88fbdf51e9|/printables/anime-girls/anime-girl-tree-climbing-d0d5f7375c|/printables/anime-girls/anime-girl-tree-clmibing-wolf-buddy-f1eedd2fdd|/printables/anime-girls/anime-girl-yoga-tree-pose-6aa02d0dff|/printables/anime-girls/anime-girl-yoga-tree-pose-d797bae638,true,retained standard terminology among records sharing verified context
visible_summary,A portrait anime printable in the Dragons collection.,46,/printables/anime-girls/anime-girl-climbing-a-dragon-308a121c86|/printables/anime-girls/anime-girl-climbing-dragon-f3f56244b8|/printables/anime-girls/anime-girl-dragon-claw-9f1f434513|/printables/anime-girls/anime-girl-dragon-claw-armor-8fdc1c3258|/printables/anime-girls/anime-girl-dragon-crying-2be7c4458a|/printables/anime-girls/anime-girl-dragon-queen-8c2e2a124f|/printables/anime-girls/anime-girl-dragon-queen-d532fdf0fd|/printables/anime-girls/anime-girl-dragon-scale-armor-ebeb4aedea|/printables/anime-girls/anime-girl-summoning-bone-dragon-25525e8031|/printables/anime-girls/anime-girl-summoning-jutsu-african-dragon-be9768fd81|/printables/anime-girls/anime-girl-summoning-jutsu-air-dragon-73ba4c872c|/printables/anime-girls/anime-girl-summoning-jutsu-battle-dragon-71fb15736c|/printables/anime-girls/anime-girl-summoning-jutsu-chinese-dragon-600fb1df99|/printables/anime-girls/anime-girl-summoning-jutsu-cockatrice-dragon-ee4b283e19|/printables/anime-girls/anime-girl-summoning-jutsu-crystal-dragon-ba9a35e40b|/printables/anime-girls/anime-girl-summoning-jutsu-decaying-dragon-e282a353a9|/printables/anime-girls/anime-girl-summoning-jutsu-dragonnet-dragon-333f75e00b|/printables/anime-girls/anime-girl-summoning-jutsu-drake-dragon-09b4a735dc|/printables/anime-girls/anime-girl-summoning-jutsu-earth-dragon-710623c1c0|/printables/anime-girls/anime-girl-summoning-jutsu-etherial-dragon-6faba540e4|/printables/anime-girls/anime-girl-summoning-jutsu-fanged-dragon-b3eb805dd8|/printables/anime-girls/anime-girl-summoning-jutsu-fire-dragon-a364a2bf3c|/printables/anime-girls/anime-girl-summoning-jutsu-gold-hoarding-dragon-c36d2ff8ae|/printables/anime-girls/anime-girl-summoning-jutsu-ice-dragon-e3179fb047|/printables/anime-girls/anime-girl-summoning-jutsu-kirin-dragon-bb72fb8e2f|/printables/anime-girls/anime-girl-summoning-jutsu-knucker-dragon-1e03c4104e|/printables/anime-girls/anime-girl-summoning-jutsu-lava-dragon-a68919389d|/printables/anime-girls/anime-girl-summoning-jutsu-leviathan-dragon-24e13afd65|/printables/anime-girls/anime-girl-summoning-jutsu-lightning-dragon-d2d01fd017|/printables/anime-girls/anime-girl-summoning-jutsu-lindwurm-dragon-e5e7f525a2|/printables/anime-girls/anime-girl-summoning-jutsu-lung-dragon-2d26f6558b|/printables/anime-girls/anime-girl-summoning-jutsu-naga-dragon-25d996fa15|/printables/anime-girls/anime-girl-summoning-jutsu-oriental-dragon-78778cb39c|/printables/anime-girls/anime-girl-summoning-jutsu-quetzalcoatl-dragon-dde890d130|/printables/anime-girls/anime-girl-summoning-jutsu-salamander-dragon-3e09871b3a|/printables/anime-girls/anime-girl-summoning-jutsu-sea-serpent-dragon-5bd52afce7|/printables/anime-girls/anime-girl-summoning-jutsu-spiked-dragon-d0c2f041f3|/printables/anime-girls/anime-girl-summoning-jutsu-spirit-dragon-5923a0a686|/printables/anime-girls/anime-girl-summoning-jutsu-toxic-poison-dragon-5cc6d34d9e|/printables/anime-girls/anime-girl-summoning-jutsu-tusk-dragon-2ae04e348a|/printables/anime-girls/anime-girl-summoning-jutsu-undead-dragon-eea9fe5d9e|/printables/anime-girls/anime-girl-summoning-jutsu-western-dragon-2a6d7f721b|/printables/anime-girls/anime-girl-summoning-jutsu-wind-dragon-ac79cded8b|/printables/anime-girls/anime-girl-summoning-jutsu-wyrm-dragon-8867c1e45f|/printables/anime-girls/anime-girl-transforming-into-dragon-974dbed7f3|/printables/anime-girls/anime-girl-transforming-into-dragon-hybrid-f2c420a555,true,retained standard terminology among records sharing verified context
visible_summary,A portrait anime printable in the Wolves collection.,10,/printables/anime-girls/anime-girl-climbing-a-wolf-d5e3c0a447|/printables/anime-girls/anime-girl-riding-a-wolf-c352ae4498|/printables/anime-girls/anime-girl-riding-a-wolf-1-b8179f4941|/printables/anime-girls/anime-girl-riding-a-wolf-2-f0402271c5|/printables/anime-girls/anime-girl-summoning-jutsu-dire-wolf-6241cd9562|/printables/anime-girls/anime-girl-summoning-jutsu-dire-wolf-plushies-e93d390fee|/printables/anime-girls/anime-girl-summoning-jutsu-wolf-plushies-94ac8c5782|/printables/anime-girls/anime-girl-summoning-jutsu-wolves-ff6d1d0488|/printables/anime-girls/anime-girl-wolf-hoodie-plushie-02c1f663d3|/printables/anime-girls/anime-girl-wolf-hoodie-plushie-54e2d6631a,true,retained standard terminology among records sharing verified context
visible_summary,A portrait anime printable in the Summoning collection.,128,/printables/anime-girls/anime-girl-demon-summoning-86bc23e91f|/printables/anime-girls/anime-girl-shadow-sprit-summoning-2b7f59c981|/printables/anime-girls/anime-girl-summoning-ants-6e07db07e6|/printables/anime-girls/anime-girl-summoning-broken-heart-emoji-plushies-eced4f0e1f|/printables/anime-girls/anime-girl-summoning-broken-heart-emojis-33e510fae7|/printables/anime-girls/anime-girl-summoning-bumblebee-plushies-130922d19b|/printables/anime-girls/anime-girl-summoning-bumblebees-468bf8d485|/printables/anime-girls/anime-girl-summoning-centipede-plushies-7d497ac7b8|/printables/anime-girls/anime-girl-summoning-centipedes-f38a982cb9|/printables/anime-girls/anime-girl-summoning-cute-heart-plushies-eb52e2276f|/printables/anime-girls/anime-girl-summoning-cute-hearts-2cdbd95749|/printables/anime-girls/anime-girl-summoning-dragonflies-3bb9606bcc|/printables/anime-girls/anime-girl-summoning-dragonfly-plushies-261eb5f297|/printables/anime-girls/anime-girl-summoning-electric-eel-plushies-f0a20a381e|/printables/anime-girls/anime-girl-summoning-electric-eels-e0da160465|/printables/anime-girls/anime-girl-summoning-emoji-heart-plushies-dc7022c119|/printables/anime-girls/anime-girl-summoning-emoji-plushies-18b8302632|/printables/anime-girls/anime-girl-summoning-emojis-2eaeeadc3b|/printables/anime-girls/anime-girl-summoning-face-with-emoji-plushies-d5a99f95db|/printables/anime-girls/anime-girl-summoning-face-with-emojis-2d4ebd87f5|/printables/animals/anime-girl-summoning-frog-d0e9c2a38c|/printables/anime-girls/anime-girl-summoning-heart-emoji-plushies-6a21fb9a3b|/printables/anime-girls/anime-girl-summoning-heart-emojis-fe9e1acf32|/printables/anime-girls/anime-girl-summoning-jutsu-ants-547bdd8671|/printables/anime-girls/anime-girl-summoning-jutsu-arachnids-06b6ea48f8|/printables/anime-girls/anime-girl-summoning-jutsu-armadillo-e15ffd9428|/printables/anime-girls/anime-girl-summoning-jutsu-armadillo-plushies-d5cf38eb87|/printables/anime-girls/anime-girl-summoning-jutsu-armadillos-ff3ce43586|/printables/anime-girls/anime-girl-summoning-jutsu-armadillos-1-2848bf7c34|/printables/anime-girls/anime-girl-summoning-jutsu-atomic-blast-57484a8782|/printables/anime-girls/anime-girl-summoning-jutsu-baboon-plushies-38e8ce6fab|/printables/anime-girls/anime-girl-summoning-jutsu-baboons-cf56fbc11f|/printables/anime-girls/anime-girl-summoning-jutsu-baboons-1-138ccd54a8|/printables/anime-girls/anime-girl-summoning-jutsu-badger-plushies-40a29129f2|/printables/anime-girls/anime-girl-summoning-jutsu-badgers-b0eb1e2515|/printables/anime-girls/anime-girl-summoning-jutsu-badgers-1-f6a28289c6|/printables/anime-girls/anime-girl-summoning-jutsu-beaver-plushies-cdea955066|/printables/anime-girls/anime-girl-summoning-jutsu-beavers-50d5e556cb|/printables/anime-girls/anime-girl-summoning-jutsu-boars-064bb1346d|/printables/anime-girls/anime-girl-summoning-jutsu-bull-plushies-57ef669cf2|/printables/anime-girls/anime-girl-summoning-jutsu-bulls-445d892ef1|/printables/anime-girls/anime-girl-summoning-jutsu-camel-plushies-998d5092e8|/printables/anime-girls/anime-girl-summoning-jutsu-camels-54fc137f38|/printables/anime-girls/anime-girl-summoning-jutsu-caterpillar-plushies-18b703c10f|/printables/anime-girls/anime-girl-summoning-jutsu-caterpillars-8335af353f|/printables/anime-girls/anime-girl-summoning-jutsu-cheetah-plushies-1a68d7663b|/printables/anime-girls/anime-girl-summoning-jutsu-cheetahs-8bb5738831|/printables/anime-girls/anime-girl-summoning-jutsu-chimpanzee-plushies-8d6c487fd7|/printables/anime-girls/anime-girl-summoning-jutsu-chimpanzees-92a958b2f7|/printables/anime-girls/anime-girl-summoning-jutsu-donkey-plushies-89acb2c904|/printables/anime-girls/anime-girl-summoning-jutsu-donkeys-f54f976cf5|/printables/anime-girls/anime-girl-summoning-jutsu-eel-6878e38919|/printables/anime-girls/anime-girl-summoning-jutsu-eight-sided-dice-95a7d9bfd5|/printables/anime-girls/anime-girl-summoning-jutsu-eight-sided-dice-plushies-a8a4c1cb0f|/printables/anime-girls/anime-girl-summoning-jutsu-fire-walls-1062367642|/printables/anime-girls/anime-girl-summoning-jutsu-four-sided-dice-563812508d|/printables/anime-girls/anime-girl-summoning-jutsu-four-sided-dice-plushies-42d8960801|/printables/anime-girls/anime-girl-summoning-jutsu-gorilla-plushies-51eeb3ca8a|/printables/anime-girls/anime-girl-summoning-jutsu-gorillas-c675d1ac6c|/printables/anime-girls/anime-girl-summoning-jutsu-grasshopper-plushies-d3d6eb4499|/printables/anime-girls/anime-girl-summoning-jutsu-hornet-plushies-fb01fd4ef2|/printables/anime-girls/anime-girl-summoning-jutsu-hornets-ba49e0c720|/printables/anime-girls/anime-girl-summoning-jutsu-jaguar-plushies-1a27b2abef|/printables/anime-girls/anime-girl-summoning-jutsu-jaguars-1474d9d72d|/printables/anime-girls/anime-girl-summoning-jutsu-kangaroo-plushies-a043552be0|/printables/anime-girls/anime-girl-summoning-jutsu-kangaroos-d93cddf816|/printables/anime-girls/anime-girl-summoning-jutsu-lemur-plushies-e3cb299424|/printables/anime-girls/anime-girl-summoning-jutsu-lemurs-4b76d0d987|/printables/anime-girls/anime-girl-summoning-jutsu-meteor-strike-d0ed1b3f4d|/printables/anime-girls/anime-girl-summoning-jutsu-meteor-strike-plushies-707fb2ed13|/printables/anime-girls/anime-girl-summoning-jutsu-mice-037c2f9712|/printables/anime-girls/anime-girl-summoning-jutsu-mice-plushies-d69e4ab9e8|/printables/anime-girls/anime-girl-summoning-jutsu-orangutan-plushies-ac94cc6416|/printables/anime-girls/anime-girl-summoning-jutsu-orangutans-222d37eb7f|/printables/anime-girls/anime-girl-summoning-jutsu-panther-plushies-62ab7308e8|/printables/anime-girls/anime-girl-summoning-jutsu-panthers-1f191c4933|/printables/anime-girls/anime-girl-summoning-jutsu-puzzle-cube-544e6f1cf8|/printables/anime-girls/anime-girl-summoning-jutsu-puzzle-cube-plushies-23486eed10|/printables/anime-girls/anime-girl-summoning-jutsu-raccoon-plushies-070f103095|/printables/anime-girls/anime-girl-summoning-jutsu-raccoons-443a729e66|/printables/anime-girls/anime-girl-summoning-jutsu-ram-plushies-eee5040059|/printables/anime-girls/anime-girl-summoning-jutsu-rams-679454c9f5|/printables/anime-girls/anime-girl-summoning-jutsu-rat-plushies-871b3ba1b1|/printables/anime-girls/anime-girl-summoning-jutsu-rats-025bbc2550|/printables/anime-girls/anime-girl-summoning-jutsu-rhino-plushies-473da7b671|/printables/anime-girls/anime-girl-summoning-jutsu-rhinos-dc67f55dad|/printables/anime-girls/anime-girl-summoning-jutsu-ring-tail-lemur-efd528a933|/printables/anime-girls/anime-girl-summoning-jutsu-ring-tail-lemur-plushies-abbfb23184|/printables/anime-girls/anime-girl-summoning-jutsu-six-sided-dice-2e0f4d3625|/printables/anime-girls/anime-girl-summoning-jutsu-six-sided-dice-plushies-5d7de27a02|/printables/anime-girls/anime-girl-summoning-jutsu-skunk-plushies-c25398e2b1|/printables/anime-girls/anime-girl-summoning-jutsu-skunks-7e68319275|/printables/anime-girls/anime-girl-summoning-jutsu-smilodon-4af6c81e21|/printables/anime-girls/anime-girl-summoning-jutsu-smilodon-plushies-32d812ce99|/printables/anime-girls/anime-girl-summoning-jutsu-spineosaurus-e7e7b06ee9|/printables/anime-girls/anime-girl-summoning-jutsu-spineosaurus-plushies-676c9246f3|/printables/anime-girls/anime-girl-summoning-jutsu-squirrel-plushies-90cb35ec6f|/printables/anime-girls/anime-girl-summoning-jutsu-squirrels-176dd31060|/printables/anime-girls/anime-girl-summoning-jutsu-ten-sided-dice-plushies-60e8e28145|/printables/anime-girls/anime-girl-summoning-jutsu-tornado-1252cb48fb|/printables/anime-girls/anime-girl-summoning-jutsu-tsunami-3b10732ab4|/printables/anime-girls/anime-girl-summoning-jutsu-twelve-sided-dice-plushies-d2e311ea3a|/printables/anime-girls/anime-girl-summoning-jutsu-twenty-sided-dice-plushies-a0670a7952|/printables/anime-girls/anime-girl-summoning-jutsu-wasps-fa45fb4a82|/printables/anime-girls/anime-girl-summoning-jutsu-wolverine-plushies-20b59d8086|/printables/anime-girls/anime-girl-summoning-jutsu-wolverines-0b1e3f7fa6|/printables/anime-girls/anime-girl-summoning-jutsu-woolly-rhinoceros-ed5032bc71|/printables/anime-girls/anime-girl-summoning-jutsu-woolly-rhinoceros-plushies-065924f18f|/printables/anime-girls/anime-girl-summoning-ladybird-plushies-1200462004|/printables/anime-girls/anime-girl-summoning-ladybirds-af014a94ad|/printables/anime-girls/anime-girl-summoning-ladybug-plushies-1f15484f70|/printables/anime-girls/anime-girl-summoning-ladybugs-5a6fc84223|/printables/anime-girls/anime-girl-summoning-mantis-04f797a425|/printables/anime-girls/anime-girl-summoning-mantis-plushies-b1bffd1ea8|/printables/anime-girls/anime-girl-summoning-praying-mantis-d1476e9ab0|/printables/anime-girls/anime-girl-summoning-praying-mantis-plushiesa-777d3d9a22|/printables/anime-girls/anime-girl-summoning-scorpion-65358e686f|/printables/anime-girls/anime-girl-summoning-scorpion-plushies-43c3dda9a7|/printables/anime-girls/anime-girl-summoning-scorpions-867f3c6ba7|/printables/anime-girls/anime-girl-summoning-skull-76f0b04f9a|/printables/anime-girls/anime-girl-summoning-slime-eggs-9fd811b000|/printables/anime-girls/anime-girl-summoning-smile-emoji-plushies-9abb6d5732|/printables/anime-girls/anime-girl-summoning-smiling-emoji-plushies-df1ead91bf|/printables/anime-girls/anime-girl-summoning-smiling-emojis-1eef1ea82f|/printables/anime-girls/anime-girl-summoning-snail-plushies-8908280edc|/printables/anime-girls/anime-girl-summoning-snails-e4b953985c|/printables/anime-girls/anime-girl-summoning-toad-a28bfa80bb|/printables/anime-girls/anime-girl-summoning-valentines-day-hearts-8d2344cc3b,true,retained standard terminology among records sharing verified context
visible_summary,A portrait anime printable in the Dinosaurs collection.,9,/printables/animals/anime-girl-dinosaur-fossil-hoodie-plushie-8dda1f7ef2|/printables/animals/anime-girl-dinosaur-fossil-hoodie-plushie-a77e1d62f4|/printables/animals/anime-girl-dinosaur-fossil-hoodie-plushie-holding-egg-4616cae654|/printables/animals/anime-girl-stegasaurus-hoodie-plushie-at-dino-theme-park-3625f1c425|/printables/animals/anime-girl-summoning-jutsu-cute-dinosaur-plushies-e958c58eca|/printables/animals/anime-girl-summoning-jutsu-long-neck-dino-afd2457158|/printables/animals/anime-girl-summoning-jutsu-long-neck-dino-plushies-dd893f3f18|/printables/animals/anime-girl-summoning-jutsu-undead-dinosaur-fossil-plushies-1d544c4aa0|/printables/animals/anime-girl-summoning-jutsu-undead-dinosaur-fossils-4a998aa4d1,true,retained standard terminology among records sharing verified context
visible_summary,A portrait anime printable in the Dodo collection.,2,/printables/animals/anime-girl-dodo-bird-hoodie-plushie-18189d3f2f|/printables/animals/anime-girl-dodo-bird-hoodie-plushie-5314caa215,true,retained standard terminology among records sharing verified context
visible_summary,A portrait anime printable in the Plushie Dragons collection.,46,/printables/anime-girls/anime-girl-dragon-eggs-hoodie-plushie-b1747e4988|/printables/anime-girls/anime-girl-dragon-eggs-hoodie-plushie-f41a8578b5|/printables/anime-girls/anime-girl-dragon-hoodie-plushie-0492bac704|/printables/anime-girls/anime-girl-dragon-hoodie-plushie-89af7a2cf7|/printables/anime-girls/anime-girl-summoning-bone-dragon-plushies-ac4b8bc72d|/printables/anime-girls/anime-girl-summoning-jutsu-african-dragon-plushies-ff03fa600f|/printables/anime-girls/anime-girl-summoning-jutsu-air-dragon-plushies-972d6444a9|/printables/anime-girls/anime-girl-summoning-jutsu-amphithere-dragon-plushies-24025b0c63|/printables/anime-girls/anime-girl-summoning-jutsu-battle-dragon-plushies-26533b9206|/printables/anime-girls/anime-girl-summoning-jutsu-chinese-dragon-plushies-62c625191e|/printables/anime-girls/anime-girl-summoning-jutsu-cockatrice-dragon-plushies-3414659f89|/printables/anime-girls/anime-girl-summoning-jutsu-crystal-dragon-plushies-4d307cc456|/printables/anime-girls/anime-girl-summoning-jutsu-cute-dragon-plushies-3f2c634dbf|/printables/anime-girls/anime-girl-summoning-jutsu-cute-horned-dragon-plushies-ab40243ff4|/printables/anime-girls/anime-girl-summoning-jutsu-decaying-dragon-plushies-c5560c781d|/printables/anime-girls/anime-girl-summoning-jutsu-dragon-hatching-egg-plushies-7c4bde2ff9|/printables/anime-girls/anime-girl-summoning-jutsu-drake-dragon-plushies-db9495c3b0|/printables/anime-girls/anime-girl-summoning-jutsu-earth-dragon-plushies-650c6964a0|/printables/anime-girls/anime-girl-summoning-jutsu-etherial-dragon-plushies-474f7d82fb|/printables/anime-girls/anime-girl-summoning-jutsu-fanged-dragon-plushies-6c9e6822c2|/printables/anime-girls/anime-girl-summoning-jutsu-fire-dragon-plushies-3dfa6504bd|/printables/anime-girls/anime-girl-summoning-jutsu-fluffy-dragon-plushies-58bf0f7198|/printables/anime-girls/anime-girl-summoning-jutsu-gold-hoarding-dragon-plushies-dbf97d1f19|/printables/anime-girls/anime-girl-summoning-jutsu-horned-dragon-plushies-99e44aaf03|/printables/anime-girls/anime-girl-summoning-jutsu-ice-dragon-plushies-6dc8c3582d|/printables/anime-girls/anime-girl-summoning-jutsu-kirin-dragon-plushies-173f5d81e8|/printables/anime-girls/anime-girl-summoning-jutsu-knucker-dragon-plushies-e42d8118a1|/printables/anime-girls/anime-girl-summoning-jutsu-leviathan-dragon-plushies-38e9ac92af|/printables/anime-girls/anime-girl-summoning-jutsu-lightning-dragon-plushies-226ac64864|/printables/anime-girls/anime-girl-summoning-jutsu-lindwurm-dragon-plushies-0a6d02916b|/printables/anime-girls/anime-girl-summoning-jutsu-lung-dragon-plushies-c347deaa71|/printables/anime-girls/anime-girl-summoning-jutsu-mushroom-dragon-plushies-de4e6630f6|/printables/anime-girls/anime-girl-summoning-jutsu-naga-dragon-plushies-20950af249|/printables/anime-girls/anime-girl-summoning-jutsu-oriental-dragon-plushies-3cea10624a|/printables/anime-girls/anime-girl-summoning-jutsu-quetzalcoatl-dragon-plushies-760d52a517|/printables/anime-girls/anime-girl-summoning-jutsu-salamander-dragon-plushies-2bf660a975|/printables/anime-girls/anime-girl-summoning-jutsu-sea-serpent-dragon-plushies-c2b2f781be|/printables/anime-girls/anime-girl-summoning-jutsu-serpant-dragon-plushies-8d4006fd56|/printables/anime-girls/anime-girl-summoning-jutsu-spiked-dragon-plushies-fa83a278cb|/printables/anime-girls/anime-girl-summoning-jutsu-swamp-dragon-plushies-2d5ed605c2|/printables/anime-girls/anime-girl-summoning-jutsu-toxic-poison-dragon-plushies-a3c090ac25|/printables/anime-girls/anime-girl-summoning-jutsu-tusk-dragon-plushies-98b8e0155f|/printables/anime-girls/anime-girl-summoning-jutsu-undead-dragon-plushies-ebe197a95b|/printables/anime-girls/anime-girl-summoning-jutsu-western-dragon-plushies-b28415c6ba|/printables/anime-girls/anime-girl-summoning-jutsu-wind-dragon-plushies-3bfbe92a69|/printables/anime-girls/anime-girl-summoning-jutsu-wyrm-dragon-plushies-9611fa8b9e,true,retained standard terminology among records sharing verified context
visible_summary,A portrait anime printable in the Cars collection.,2,/printables/anime-girls/anime-girl-driving-race-car-df63803a40|/printables/anime-girls/anime-girl-driving-race-car-driving-07de9e75de,true,retained standard terminology among records sharing verified context
visible_summary,A portrait anime printable in the Sushi collection.,3,/printables/anime-girls/anime-girl-eating-sushi-611ce32759|/printables/anime-girls/anime-girl-eating-tasty-sushi-2f226346cc|/printables/anime-girls/anime-girl-sushi-kimono-dress-fdb0d7c7bc,true,retained standard terminology among records sharing verified context
visible_summary,A portrait anime printable in the Elephants collection.,3,/printables/anime-girls/anime-girl-elephant-hoodie-plushie-41ce992563|/printables/anime-girls/anime-girl-summoning-jutsu-elephant-plushies-3951b5dfec|/printables/anime-girls/anime-girl-summoning-jutsu-elephants-eb6a29fa42,true,retained standard terminology among records sharing verified context
visible_summary,A portrait anime printable in the Forest collection.,3,/printables/anime-girls/anime-girl-enchanted-forest-ambush-e6f3722767|/printables/anime-girls/anime-girl-summoning-jutsu-forest-dragon-8f164c4221|/printables/anime-girls/anime-girl-summoning-jutsu-forest-dragon-plushies-e76d209fbd,true,retained standard terminology among records sharing verified context
visible_summary,A portrait anime printable in the Flowers collection.,7,/printables/anime-girls/anime-girl-field-of-flowers-c6343aeefe|/printables/anime-girls/anime-girl-field-of-flowers-nature-401fe52b71|/printables/anime-girls/anime-girl-gardening-flowers-a0c51dafff|/printables/anime-girls/anime-girl-laying-on-field-of-flowers-1710cbcb6d|/printables/anime-girls/anime-girl-laying-on-flowers-e7d6cbc311|/printables/anime-girls/anime-girl-sun-flower-cba5ab3514|/printables/anime-girls/anime-girl-sunflower-87985fa291,true,retained standard terminology among records sharing verified context
visible_summary,A portrait anime printable in the Animals collection.,2,/printables/animals/anime-girl-frog-148346a00d|/printables/animals/anime-girl-frog-tongue-c07e152335,true,retained standard terminology among records sharing verified context
visible_summary,A portrait anime printable in the Giraffes collection.,8,/printables/animals/anime-girl-giraffe-hoodie-animal-plushie-41223afd5c|/printables/anime-girls/anime-girl-giraffe-hoodie-plushie-1416704b0e|/printables/anime-girls/anime-girl-giraffe-hoodie-plushie-b2e72b248e|/printables/anime-girls/anime-girl-giraffe-hoodie-plushie-cosplay-c86ae32e36|/printables/anime-girls/anime-girl-summoning-jutsu-cute-giraffe-plushies-c29b50e685|/printables/anime-girls/anime-girl-summoning-jutsu-giraffe-5c3bdfa027|/printables/anime-girls/anime-girl-summoning-jutsu-giraffe-plushies-4c0112308c|/printables/anime-girls/anime-girl-summoning-jutsu-giraffes-b541aceb4c,true,retained standard terminology among records sharing verified context
visible_summary,A portrait anime printable in the Hedgehogs collection.,3,/printables/anime-girls/anime-girl-hedgehog-hoodie-plushie-b3a439614f|/printables/anime-girls/anime-girl-summoning-jutsu-hedgehog-plushies-e147d90018|/printables/anime-girls/anime-girl-summoning-jutsu-hedgehogs-90bf98ebb8,true,retained standard terminology among records sharing verified context
visible_summary,A portrait anime printable in the Hippos collection.,5,/printables/animals/anime-girl-hippo-hoodie-animal-plushie-70c492c233|/printables/anime-girls/anime-girl-hippo-hoodie-plushie-847d855c07|/printables/anime-girls/anime-girl-hippo-hoodie-plushie-cosplay-ed5dffc186|/printables/anime-girls/anime-girl-summoning-jutsu-hippo-plushies-7df122edf0|/printables/anime-girls/anime-girl-summoning-jutsu-hippos-3ea75b764f,true,retained standard terminology among records sharing verified context
visible_summary,A portrait anime printable in the Horses collection.,4,/printables/anime-girls/anime-girl-horse-hoodie-plushie-19fe517464|/printables/anime-girls/anime-girl-horse-hoodie-plushie-5237363b2b|/printables/anime-girls/anime-girl-summoning-jutsu-horse-plushies-94f6c5a535|/printables/anime-girls/anime-girl-summoning-jutsu-horses-ea265e451d,true,retained standard terminology among records sharing verified context
visible_summary,A portrait anime printable in the Hydras collection.,2,/printables/anime-girls/anime-girl-hydra-hunt-f884e53172|/printables/anime-girls/anime-girl-summoning-jutsu-hydra-dragon-ea2cbdd841,true,retained standard terminology among records sharing verified context
visible_summary,A portrait anime printable in the Knights collection.,2,/printables/anime-girls/anime-girl-knights-templar-f69f68c75b|/printables/anime-girls/anime-girl-medieval-knight-armor-55bc056bae,true,retained standard terminology among records sharing verified context
visible_summary,A portrait anime printable in the Koalas collection.,6,/printables/anime-girls/anime-girl-koala-hoodie-plushie-a0ff921e3d|/printables/anime-girls/anime-girl-koala-hoodie-plushie-f55012edb9|/printables/anime-girls/anime-girl-koala-hoodie-plushie-australia-e1a60299d4|/printables/anime-girls/anime-girl-koala-hoodie-plushie-cosplay-55781c9ebb|/printables/anime-girls/anime-girl-summoning-jutsu-koala-plushies-68633980eb|/printables/anime-girls/anime-girl-summoning-jutsu-koalas-e9acaed12e,true,retained standard terminology among records sharing verified context
visible_summary,A portrait anime printable in the Lions collection.,5,/printables/anime-girls/anime-girl-lion-hoodie-plushie-0be0222b50|/printables/anime-girls/anime-girl-lion-hoodie-plushie-8e35521d72|/printables/anime-girls/anime-girl-summoning-jutsu-lion-plushies-c7b3d6ab3c|/printables/anime-girls/anime-girl-summoning-jutsu-lions-0af2745f4f|/printables/anime-girls/anime-girl-summoning-jutsu-lions-excited-ac78db9794,true,retained standard terminology among records sharing verified context
visible_summary,A portrait anime printable in the Llamas collection.,3,/printables/anime-girls/anime-girl-llama-hoodie-plushie-9cdf827fc8|/printables/anime-girls/anime-girl-summoning-jutsu-llama-plushies-10b1e7ec71|/printables/anime-girls/anime-girl-summoning-jutsu-llamas-e271026a69,true,retained standard terminology among records sharing verified context
visible_summary,A portrait anime printable in the Megalodon collection.,4,/printables/anime-girls/anime-girl-megalodon-hoodie-plushie-1ee3da0f28|/printables/anime-girls/anime-girl-megalodon-hoodie-plushie-e1e622c3a6|/printables/anime-girls/anime-girl-summoning-jutsu-megalodon-3e39375ff2|/printables/anime-girls/anime-girl-summoning-jutsu-megalodon-plushies-7640589604,true,retained standard terminology among records sharing verified context
visible_summary,A portrait anime printable in the Mermaids collection.,2,/printables/anime-girls/anime-girl-mermaid-scale-armor-887218d4ed|/printables/anime-girls/anime-girl-mermaid-surprise-096eb1b278,true,retained standard terminology among records sharing verified context
visible_summary,A portrait anime printable in the Monkeys collection.,2,/printables/animals/anime-girl-monkey-hoodie-animal-plushie-4ab858c3f5|/printables/anime-girls/anime-girl-monkey-hoodie-plushie-e48bce542f,true,retained standard terminology among records sharing verified context
visible_summary,A portrait anime printable in the Moose collection.,4,/printables/anime-girls/anime-girl-moose-hoodie-plushie-178702b497|/printables/anime-girls/anime-girl-moose-hoodie-plushie-cosplay-2a1c1d819b|/printables/anime-girls/anime-girl-summoning-jutsu-moose-9f27ed30d0|/printables/anime-girls/anime-girl-summoning-jutsu-moose-plushies-46b14f6759,true,retained standard terminology among records sharing verified context
visible_summary,A portrait anime printable in the Octopus collection.,3,/printables/animals/anime-girl-octopus-hoodie-plushie-6202e52d7f|/printables/animals/anime-girl-summoning-jutsu-ringed-octopus-f09deb916c|/printables/animals/anime-girl-summoning-jutsu-ringed-octopus-plushies-bd6c70675e,true,retained standard terminology among records sharing verified context
visible_summary,A portrait anime printable in the Pandas collection.,5,/printables/anime-girls/anime-girl-panda-hoodie-plushie-28ae998098|/printables/anime-girls/anime-girl-panda-hoodie-plushie-34886c72fd|/printables/anime-girls/anime-girl-studying-with-plushie-red-panda-e1d1e2fea5|/printables/anime-girls/anime-girl-summoning-jutsu-panda-plushies-7ddffd5379|/printables/anime-girls/anime-girl-summoning-jutsu-pandas-fdd547ae68,true,retained standard terminology among records sharing verified context
visible_summary,A portrait anime printable in the Phoenix collection.,2,/printables/anime-girls/anime-girl-phoenix-rebirth-battle-64df3ab11c|/printables/anime-girls/anime-girl-phoenix-spirit-73b19f4dd3,true,retained standard terminology among records sharing verified context
visible_summary,A portrait anime printable in the Playing Cards collection.,2,/printables/anime-girls/anime-girl-playing-cards-0c676c2206|/printables/anime-girls/anime-girl-playing-cards-professionally-1d1ba96ada,true,retained standard terminology among records sharing verified context
visible_summary,A portrait anime printable in the Pterodactyl collection.,2,/printables/anime-girls/anime-girl-pterodactyl-hoodie-plushie-2b4315b24b|/printables/anime-girls/anime-girl-pterodactyl-hoodie-plushie-6b078f0b47,true,retained standard terminology among records sharing verified context
visible_summary,A portrait anime printable in the Saber Toothed Tiger collection.,4,/printables/animals/anime-girl-saber-toothed-tiger-hoodie-plushie-0df82031f8|/printables/animals/anime-girl-saber-toothed-tiger-hoodie-plushie-14e1ec01ad|/printables/animals/anime-girl-summoning-jutsu-saber-toothed-tiger-11270f5fc7|/printables/animals/anime-girl-summoning-jutsu-saber-toothed-tiger-plushies-40d1c7a0f7,true,retained standard terminology among records sharing verified context
visible_summary,A portrait anime printable in the Sharks collection.,3,/printables/animals/anime-girl-shark-hoodie-plushie-d129be38aa|/printables/animals/anime-girl-shark-hoodie-plushie-fa5478b739|/printables/animals/anime-girl-summoning-jutsu-great-white-shark-plushies-63c536aefd,true,retained standard terminology among records sharing verified context
visible_summary,A portrait anime printable in the Sheep collection.,4,/printables/anime-girls/anime-girl-sheep-hoodie-plushie-758204ddc0|/printables/anime-girls/anime-girl-sheep-hoodie-plushie-fa8069a940|/printables/anime-girls/anime-girl-summoning-jutsu-sheep-203902a289|/printables/anime-girls/anime-girl-summoning-jutsu-sheep-plushies-18ceba804a,true,retained standard terminology among records sharing verified context
visible_summary,A portrait anime printable in the Sloths collection.,5,/printables/anime-girls/anime-girl-sloth-hoodie-plushie-714f59e3d0|/printables/anime-girls/anime-girl-sloth-hoodie-plushie-addf74f9c0|/printables/anime-girls/anime-girl-studying-with-plushie-sloth-baby-d5965f0c25|/printables/anime-girls/anime-girl-summoning-jutsu-sloth-plushies-676c3e0d19|/printables/anime-girls/anime-girl-summoning-jutsu-sloths-cae55e8859,true,retained standard terminology among records sharing verified context
visible_summary,A portrait anime printable in the Roses collection.,2,/printables/anime-girls/anime-girl-smelling-rose-43e961522f|/printables/anime-girls/anime-girl-smelling-roses-in-garden-9cb1400ccf,true,retained standard terminology among records sharing verified context
visible_summary,A portrait anime printable in the Snakes collection.,5,/printables/animals/anime-girl-snake-charming-b804de88d2|/printables/animals/anime-girl-snake-hoodie-plushie-18ff159176|/printables/animals/anime-girl-snake-hoodie-plushie-a3d6dff189|/printables/animals/anime-girl-summoning-jutsu-snake-plushies-a3c82934d9|/printables/animals/anime-girl-summoning-jutsu-snakes-99fe33338a,true,retained standard terminology among records sharing verified context
visible_summary,A portrait anime printable in the Stegosaurus collection.,5,/printables/animals/anime-girl-stegosaurus-hoodie-plushie-191f4bdb4d|/printables/animals/anime-girl-stegosaurus-hoodie-plushie-1d07718adb|/printables/animals/anime-girl-stegosaurus-hoodie-plushies-b3be247d68|/printables/animals/anime-girl-summoning-jutsu-stegosaurus-fe13462c51|/printables/animals/anime-girl-summoning-jutsu-stegosaurus-plushies-c2f86af0d4,true,retained standard terminology among records sharing verified context
visible_summary,A portrait anime printable in the Lizards collection.,4,/printables/animals/anime-girl-summoning-australian-throny-devil-lizard-f64b34131c|/printables/animals/anime-girl-summoning-australian-throny-devil-lizard-plushies-b0d3d85b97|/printables/animals/anime-girl-summoning-frilled-lizard-plushies-d018b1541b|/printables/animals/anime-girl-summoning-frilled-lizards-bd7ea724d6,true,retained standard terminology among records sharing verified context
visible_summary,A portrait anime printable in the Butterflies collection.,2,/printables/animals/anime-girl-summoning-butterflies-45da814617|/printables/animals/anime-girl-summoning-butterfly-plushies-3ff3f20a00,true,retained standard terminology among records sharing verified context
visible_summary,A portrait anime printable in the Fairies collection.,8,/printables/anime-girls/anime-girl-summoning-fairy-plushies-0c86dd4c47|/printables/anime-girls/anime-girl-summoning-forest-fairies-4d93ad28c4|/printables/anime-girls/anime-girl-summoning-forest-fairy-plushies-e35a604498|/printables/anime-girls/anime-girl-summoning-jutsu-fae-dragon-fairy-dragon-924221089a|/printables/anime-girls/anime-girl-summoning-jutsu-fae-dragon-fairy-dragon-high-detail-6c0f7c30b1|/printables/anime-girls/anime-girl-summoning-jutsu-fae-dragon-fairy-dragon-plushies-eaa971b8c3|/printables/anime-girls/anime-girl-summoning-mushroom-fairies-50e3a6cff8|/printables/anime-girls/anime-girl-summoning-mushroom-fairy-plushies-a1778cbdbd,true,retained standard terminology among records sharing verified context
visible_summary,A portrait anime printable in the Pteranodon collection.,3,/printables/anime-girls/anime-girl-summoning-jutsu-baby-pteranodon-plushies-b8eca7a99c|/printables/anime-girls/anime-girl-summoning-jutsu-pteranodon-77b47a14af|/printables/anime-girls/anime-girl-summoning-jutsu-pteranodon-plushies-e8beaf371a,true,retained standard terminology among records sharing verified context
visible_summary,A portrait anime printable in the Diplodocus collection.,2,/printables/animals/anime-girl-summoning-jutsu-diplodocus-09ee0053b4|/printables/animals/anime-girl-summoning-jutsu-diplodocus-plushies-fdcb2f94dc,true,retained standard terminology among records sharing verified context
visible_summary,A portrait anime printable in the Mushrooms collection.,3,/printables/anime-girls/anime-girl-summoning-jutsu-mushroom-dragon-ef30eb8289|/printables/anime-girls/anime-girl-summoning-mushroom-creature-plushies-c0e75d3d40|/printables/anime-girls/anime-girl-summoning-mushroom-creatures-4c90291dfd,true,retained standard terminology among records sharing verified context
visible_summary,A portrait anime printable in the Tigers collection.,3,/printables/anime-girls/anime-girl-summoning-jutsu-tiger-plushies-bbe86362a1|/printables/anime-girls/anime-girl-summoning-jutsu-tigers-fb32ef0067|/printables/anime-girls/anime-girl-tiger-hoodie-plushie-334a390ff8,true,retained standard terminology among records sharing verified context
visible_summary,A portrait anime printable in the Triceratops collection.,2,/printables/animals/anime-girl-summoning-jutsu-triceratops-0a7c980855|/printables/animals/anime-girl-summoning-jutsu-triceratops-dino-62a38d00e9,true,retained standard terminology among records sharing verified context
visible_summary,A portrait anime printable in the T-Rex collection.,5,/printables/animals/anime-girl-summoning-jutsu-tyrannosaurus-rex-dinosaur-f9c57f8569|/printables/animals/anime-girl-t-rex-hoodie-plushie-518ba8dd62|/printables/animals/anime-girl-t-rex-hoodie-plushie-8a87f18c10|/printables/animals/anime-girl-t-rex-hoodie-plushie-back-yard-cc05c4a825|/printables/animals/anime-girl-t-rex-hoodie-plushie-volcano-089a3007f4,true,retained standard terminology among records sharing verified context
visible_summary,A portrait anime printable in the Velociraptors collection.,4,/printables/animals/anime-girl-summoning-jutsu-velociraptor-0307facf5c|/printables/animals/anime-girl-summoning-jutsu-velociraptor-dinosaur-898b2cef1b|/printables/animals/anime-girl-velociraptor-hoodie-plushie-09fa9dfa72|/printables/animals/anime-girl-velociraptor-hoodie-plushie-d744747b6a,true,retained standard terminology among records sharing verified context
visible_summary,A portrait anime printable in the Woolly Mammoth collection.,5,/printables/animals/anime-girl-summoning-jutsu-woolly-mammoth-49c45dca6d|/printables/animals/anime-girl-summoning-jutsu-woolly-mammoth-kawaii-plushies-06dda78301|/printables/animals/anime-girl-summoning-jutsu-woolly-mammoth-plushies-40525455d2|/printables/animals/anime-girl-woolly-mammoth-hoodie-plushie-4e018104ac|/printables/animals/anime-girl-woolly-mammoth-hoodie-plushie-f4b9879b0d,true,retained standard terminology among records sharing verified context
visible_summary,A portrait anime printable in the Wyverns collection.,2,/printables/anime-girls/anime-girl-summoning-jutsu-wyvern-dragon-7779d648f1|/printables/anime-girls/anime-girl-summoning-jutsu-wyvern-dragon-plushies-6c233f2060,true,retained standard terminology among records sharing verified context
visible_summary,A portrait anime printable in the Zebras collection.,5,/printables/anime-girls/anime-girl-summoning-jutsu-zebra-plushies-942909cf1e|/printables/anime-girls/anime-girl-summoning-jutsu-zebras-d6e8598bff|/printables/anime-girls/anime-girl-zebra-hoodie-plushie-825c503b8d|/printables/anime-girls/anime-girl-zebra-hoodie-plushie-ed9bd916ff|/printables/anime-girls/anime-girl-zebra-hoodie-plushie-blowing-bubbles-64d3db1776,true,retained standard terminology among records sharing verified context
visible_summary,A portrait anime printable in the Magic collection.,3,/printables/animals/anime-girl-summoning-magic-cats-be349530e6|/printables/anime-girls/anime-girl-summoning-magic-musical-sword-plushies-72066c4f84|/printables/anime-girls/anime-girl-summoning-magic-musical-swords-d3bbfaf158,true,retained standard terminology among records sharing verified context
visible_summary,A portrait anime printable in the Plushie Unicorns collection.,2,/printables/anime-girls/anime-girl-summoning-unicorn-plushies-2038d034d6|/printables/anime-girls/anime-girl-unicorn-hoodie-plushie-2c7ecdca7d,true,retained standard terminology among records sharing verified context
visible_summary,A portrait anime printable in the Ocean collection.,2,/printables/anime-girls/anime-girl-tentacle-yoga-in-ocean-9faa1ae094|/printables/anime-girls/anime-girl-tentacle-yoga-in-ocean-smiling-dc79a75b99,true,retained standard terminology among records sharing verified context
visible_summary,A portrait anime printable in the Fantasy collection.,2,/printables/anime-girls/anime-girl-transforming-into-fantasy-werewolf-af448e8995|/printables/anime-girls/anime-girl-transforming-into-fantasy-werewolf-full-moon-854ddd88d4,true,retained standard terminology among records sharing verified context
visible_summary,A portrait anime printable in the Plushie Triceratops collection.,5,/printables/animals/anime-girl-triceratops-hoodie-plushie-35b8a70219|/printables/animals/anime-girl-triceratops-hoodie-plushie-dceea22cc8|/printables/animals/anime-girl-triceratops-hoodie-plushie-in-park-2f0df02662|/printables/animals/anime-girl-triceratops-hoodie-plushie-jungle-bebaefff98|/printables/animals/anime-girl-triceratops-hoodie-plushie-playing-board-games-a41606b4c0,true,retained standard terminology among records sharing verified context
visible_summary,A portrait anime printable in the Dogs collection.,6,/printables/animals/anime-girl-walking-dogs-9ed6538012|/printables/animals/anime-girl-walking-dogs-in-park-694f16a874|/printables/animals/anime-girl-yoga-downward-dog-pose-7ef0da1e5b|/printables/animals/anime-girl-yoga-downward-dog-pose-db00bb01c8|/printables/animals/anime-girl-yoga-downward-facing-dog-45dac09d58|/printables/animals/anime-girl-yoga-downward-facing-dog-acb30310e2,true,retained standard terminology among records sharing verified context
visible_summary,A portrait anime printable in the Witches collection.,5,/printables/anime-girls/anime-girl-wicked-witch-5d0aff7abe|/printables/anime-girls/anime-girl-witch-25f4cd66c4|/printables/anime-girls/anime-girl-witch-hunter-attire-c4705bd334|/printables/anime-girls/anime-girl-witch-riding-broom-57ec0926f1|/printables/anime-girls/anime-girl-witch-riding-broom-75a4274ba0,true,retained standard terminology among records sharing verified context
visible_summary,A portrait printable in the Birds collection.,144,/printables/animals/birds-albatross-2380234539|/printables/animals/birds-auk-7f7d155ab1|/printables/animals/birds-auklet-211dc866de|/printables/animals/birds-bittern-77c7c3be28|/printables/animals/birds-blue-jay-e5bcac71cf|/printables/animals/birds-blue-jay-perched-on-branch-77a6c120a5|/printables/animals/birds-blue-jays-e9de831b7f|/printables/animals/birds-bluebird-b070ce4304|/printables/animals/birds-booby-0116ccb712|/printables/animals/birds-bowerbird-c12232a721|/printables/animals/birds-bulbul-8483fff98d|/printables/animals/birds-bustard-5c3e358433|/printables/animals/birds-canary-319f5da855|/printables/animals/birds-canary-garden-c219efd629|/printables/animals/birds-cardinal-8fa3cbca04|/printables/animals/birds-cardinals-b4358743e6|/printables/animals/birds-cassins-finch-cc639f5829|/printables/animals/birds-cassowary-5ba2199d89|/printables/animals/birds-chickadee-6b99fa431e|/printables/animals/birds-chough-d9ab091d65|/printables/animals/birds-cockatoo-9b294177d2|/printables/animals/birds-cockatoo-relaxing-8c8cc73196|/printables/animals/birds-coot-ee0007b08e|/printables/animals/birds-cormorant-e8c8f43fd8|/printables/animals/birds-crane-61ea365fb4|/printables/animals/birds-crane-fishing-cc0dc8c08d|/printables/animals/birds-crossbill-af2399771f|/printables/animals/birds-crow-6df1556e74|/printables/animals/birds-crows-5669dc70ec|/printables/animals/birds-cuckoo-862d417e87|/printables/animals/birds-curlew-c6b186b41a|/printables/animals/birds-dove-7be541edf4|/printables/animals/birds-drongo-4322d4c505|/printables/animals/birds-duckling-37e6e1cd1b|/printables/animals/birds-egret-27fb7f0146|/printables/animals/birds-emu-5410fcec6f|/printables/animals/birds-falcon-79c474a40a|/printables/animals/birds-falcon-flying-f5a2b6e979|/printables/animals/birds-falcon-on-rock-4fd0fbf0f8|/printables/animals/birds-finch-067274f653|/printables/animals/birds-flamingo-3d23672e41|/printables/animals/birds-flamingos-d6989a6ed4|/printables/animals/birds-frigatebird-486abea50b|/printables/animals/birds-gannet-c7b3625aed|/printables/animals/birds-goldfinch-609972ef6e|/printables/animals/birds-goose-0db038f343|/printables/animals/birds-greenfinch-302cea04ec|/printables/animals/birds-grosbeak-452c4b0654|/printables/animals/birds-grouse-92549ceea7|/printables/animals/birds-guillemot-77f80c0e27|/printables/animals/birds-hawk-b38d18aefa|/printables/animals/birds-heron-c2ed53b367|/printables/animals/birds-hobby-fd07fcb75d|/printables/animals/birds-hornbill-d95a431923|/printables/animals/birds-hummingbird-1af4da1930|/printables/animals/birds-hummingbirds-5b1de95661|/printables/animals/birds-ibis-56cb26d651|/printables/animals/birds-ibis-sacred-50619ff6fa|/printables/animals/birds-jacana-8b6b0a895d|/printables/animals/birds-jaeger-8287041614|/printables/animals/birds-jay-e69fcd3d1f|/printables/animals/birds-kingbird-eaa6a66746|/printables/animals/birds-kingfisher-0d31938720|/printables/animals/birds-kingfisher-lake-fac0484e6c|/printables/animals/birds-kite-6714a22419|/printables/animals/birds-kiwi-ce0e8d8ecb|/printables/animals/birds-lapwing-67cb89863f|/printables/animals/birds-lark-4fefea5ee9|/printables/animals/birds-lovebirds-172f9610dc|/printables/animals/birds-lyrebird-80f3dccbf3|/printables/animals/birds-macaw-parrot-2d746b2e00|/printables/animals/birds-macaw-parrot-sitting-ffc0bb9e57|/printables/animals/birds-magpie-31b3d05190|/printables/animals/birds-mallard-4fb020eede|/printables/animals/birds-merlin-e542799f3c|/printables/animals/birds-moorhen-0b750df09c|/printables/animals/birds-nightingale-d7642e0285|/printables/animals/birds-nuthatch-6d96e8b29a|/printables/animals/birds-oriole-5275ff3a7b|/printables/animals/birds-ostrich-6f2ef75630|/printables/animals/birds-parakeets-47374e4d81|/printables/animals/birds-parrot-d216eb0c04|/printables/animals/birds-parrots-fa953f5f08|/printables/animals/birds-partridge-aa2f9d90a5|/printables/animals/birds-peacock-0ea83a2a46|/printables/animals/birds-peacocks-75f8b103c0|/printables/animals/birds-pelican-607391ff14|/printables/animals/birds-pheasant-40c3958563|/printables/animals/birds-pigeon-13bec71b22|/printables/animals/birds-pigeon-sidewalk-88782f5de7|/printables/animals/birds-pipit-662e26da11|/printables/animals/birds-pipit-lark-7fcc73a9fb|/printables/animals/birds-plover-28524ffbd4|/printables/animals/birds-ptarmigan-bb19dc4275|/printables/animals/birds-puffin-543fdde720|/printables/animals/birds-quail-af919ae392|/printables/animals/birds-rail-dcab3131fe|/printables/animals/birds-ravens-8184a005a2|/printables/animals/birds-redpoll-98b7d6ed2e|/printables/animals/birds-roadrunner-a897775ef5|/printables/animals/birds-robin-12318fe49e|/printables/animals/birds-robin-nature-5bc726cded|/printables/animals/birds-rock-dove-0b5b6a81a2|/printables/animals/birds-sandpiper-437f25cdc1|/printables/animals/birds-seagull-b7ccd50421|/printables/animals/birds-seagull-flying-3b7930d5a0|/printables/animals/birds-seriema-3affda75c7|/printables/animals/birds-shelduck-8fd6f06293|/printables/animals/birds-shoebill-f10c1a0129|/printables/animals/birds-skimmer-1d1eb67dcb|/printables/animals/birds-snipe-6ab85bd034|/printables/animals/birds-snow-bunting-55540ffe00|/printables/animals/birds-snow-bunting-mountain-landscape-53924381a5|/printables/animals/birds-sparrow-4945905e29|/printables/animals/birds-sparrowhawk-4cff19c12c|/printables/animals/birds-sparrowhawk-majestic-f6ed35b491|/printables/animals/birds-sparrows-ed4a78d15d|/printables/animals/birds-spoonbill-7b2a15faf6|/printables/animals/birds-starling-bb3b406f37|/printables/animals/birds-stork-2287ede0ce|/printables/animals/birds-stork-nesting-27bb642158|/printables/animals/birds-swallow-ca7e48f6f0|/printables/animals/birds-swan-7418cb8a85|/printables/animals/birds-swan-swimming-8481407363|/printables/animals/birds-swift-3541dd46b9|/printables/animals/birds-tanager-f0abec4b29|/printables/animals/birds-teal-72910a2932|/printables/animals/birds-tern-3df472491c|/printables/animals/birds-thrush-73782ffa80|/printables/animals/birds-toucan-6d14647399|/printables/animals/birds-toucans-7fd7c722b9|/printables/animals/birds-turkey-bc342ca0d4|/printables/animals/birds-vulture-3c32ee17d6|/printables/animals/birds-warbler-f16b988405|/printables/animals/birds-waxwing-834327c547|/printables/animals/birds-whimbrel-39b7363e54|/printables/animals/birds-woodpecker-603b858f4f|/printables/animals/birds-woodpecker-pecking-57fd5117a0|/printables/animals/birds-wren-94e18411a1|/printables/animals/prehistoric-terror-bird-f50c08d4d0|/printables/animals/fantasy-clockwork-bird-6d80a3ff95|/printables/animals/mandala-geometry-patterns-birds-of-paradise-flower-d91bd6a137|/printables/animals/mandala-geometry-patterns-flowers-bird-of-paradise-6dbe136f0a|/printables/animals/midieval-fantasy-roc-giant-bird-ccdcfd84fb,true,retained standard terminology among records sharing verified context
visible_summary,A portrait printable in the Houses collection.,39,/printables/animals/birds-house-finch-a984c4b8c2|/printables/buildings/homes-apartment-building-front-view-f69cf800b3|/printables/buildings/homes-beach-house-on-stilts-c3b3edc73e|/printables/buildings/homes-cabin-in-the-woods-5dace00dd6|/printables/buildings/homes-cabin-in-winter-scene-8a47cc93aa|/printables/buildings/homes-cabin-with-smoke-from-chimney-3f5acb92af|/printables/buildings/homes-cape-cod-style-house-901a62a713|/printables/buildings/homes-cape-cod-style-house-with-dormers-82f772c641|/printables/buildings/homes-chinese-courtyard-house-7e0c4e5b0c|/printables/buildings/homes-classic-bungalow-with-porch-370373a5ed|/printables/buildings/homes-colonial-style-house-with-pillars-9280377f9d|/printables/buildings/homes-country-house-with-porch-swing-9573590fc0|/printables/buildings/homes-cozy-cottage-in-woods-d9142ebd8e|/printables/buildings/homes-cozy-cottage-with-garden-446e5fe134|/printables/buildings/homes-craftsman-style-house-with-porch-1aa026dbd4|/printables/buildings/homes-farmhouse-with-barn-f1aef331d1|/printables/buildings/homes-gnome-cottage-in-forest-343da893a1|/printables/buildings/homes-hobbit-hole-house-in-hill-2aa0cef775|/printables/buildings/homes-igloo-house-in-snow-e750109ab7|/printables/buildings/homes-japanese-traditional-house-with-garden-7d3da116e5|/printables/buildings/homes-korean-hanok-house-with-tiled-roof-c6c0b16df1|/printables/buildings/homes-lake-house-with-dock-a20f41f1b8|/printables/buildings/homes-log-cabin-by-lake-a2792c99a0|/printables/buildings/homes-log-cabin-in-mountains-7342eb0d74|/printables/buildings/homes-mediterranean-villa-with-courtyard-f443cffe16|/printables/buildings/homes-modern-house-with-glass-walls-9b5d5f070f|/printables/buildings/homes-modern-house-with-swimming-pool-a084ca70fe|/printables/buildings/homes-mountain-chalet-with-snow-6ea050de87|/printables/buildings/homes-mushroom-house-fantasy-style-8cadaf8b39|/printables/buildings/homes-neighborhood-street-with-bicycles-3c1e602b6b|/printables/buildings/homes-storybook-cottage-with-chimney-aca96bfa15|/printables/buildings/homes-thai-stilt-house-over-water-e78167883a|/printables/buildings/homes-townhouse-row-homes-scene-0d580d2465|/printables/buildings/homes-treehouse-classic-ladder-0feadae6ce|/printables/buildings/homes-treehouse-with-slide-0878b9ca71|/printables/buildings/homes-tudor-style-house-with-timber-frame-e1c05df88f|/printables/buildings/homes-victorian-house-front-view-681569f1dd|/printables/buildings/homes-victorian-house-with-garden-dc6f000456|/printables/buildings/mandala-geometry-patterns-japan-traditional-house-5903ae39c2,true,retained standard terminology among records sharing verified context
visible_summary,A portrait printable in the Trees collection.,15,/printables/animals/birds-woodpecker-on-tree-866c5404e6|/printables/fantasy/fantasy-ancient-tree-titan-5371091aa5|/printables/fantasy/fantasy-enchanted-transforming-tree-3f23ebf73f|/printables/fantasy/fantasy-enchanted-tree-3e8f807ebf|/printables/fantasy/fantasy-tree-ent-ancient-e09961b716|/printables/fantasy/fantasy-tree-majestic-ancient-47531ee6bc|/printables/fantasy/fantasy-tree-spirit-awakening-9eeb879ced|/printables/fantasy/fantasy-tree-spirit-sleeping-e3ae74cf5f|/printables/indoor-plants/indoor-plants-money-tree-pachira-aquatica-b387e7328f|/printables/animals/insects-cicada-on-tree-bark-9da846acef|/printables/detailed-for-adults/mandala-geometry-patterns-japan-cherry-blossom-tree-0b993cddf8|/printables/animals/reptiles-chameleon-on-tree-branch-d15d314864|/printables/animals/reptiles-giant-tokay-gecko-climbing-tree-7e13de0469|/printables/animals/reptiles-tokay-gecko-climbing-tree-3236dcd877|/printables/animals/reptiles-tree-frog-885e5989b8,true,retained standard terminology among records sharing verified context
visible_summary,A portrait chibi printable in the Dragons collection.,42,/printables/chibi/chibi-african-dragon-ebdfccdd0d|/printables/chibi/chibi-air-dragon-28195417f8|/printables/chibi/chibi-amphithere-dragon-b7962a14d1|/printables/chibi/chibi-cockatrice-dragon-60d807d856|/printables/chibi/chibi-decaying-dragon-b4bbf97bf0|/printables/chibi/chibi-dragon-5c5b02a5f9|/printables/chibi/chibi-dragonnet-dragon-262b06a421|/printables/chibi/chibi-drake-dragon-21b97e85fc|/printables/chibi/chibi-earth-dragon-4623602646|/printables/chibi/chibi-earth-dragon-sitting-eb99d4b700|/printables/chibi/chibi-etherial-dragon-fd7a0ebeca|/printables/chibi/chibi-fanged-dragon-e6792c59b8|/printables/chibi/chibi-fire-dragon-b295fb2b3c|/printables/chibi/chibi-fire-dragon-rampage-30e615c85a|/printables/chibi/chibi-friendly-dragon-0dff5b55c4|/printables/chibi/chibi-gold-hoarding-dragon-876222b213|/printables/chibi/chibi-happy-african-dragon-cdc50e839a|/printables/chibi/chibi-happy-dragon-30854f2227|/printables/chibi/chibi-horned-dragon-5cc57ff98a|/printables/chibi/chibi-ice-dragon-2a6981e4d2|/printables/chibi/chibi-kirin-dragon-a4f7d8c16c|/printables/chibi/chibi-lava-dragon-8b627e937f|/printables/chibi/chibi-leviathan-dragon-8b4e46e982|/printables/chibi/chibi-lightning-dragon-5ef0c13b5b|/printables/chibi/chibi-lindwurm-dragon-9b1dbc099e|/printables/chibi/chibi-lung-dragon-4f33c35eb2|/printables/chibi/chibi-oriental-dragon-799ef48342|/printables/chibi/chibi-oriental-dragon-flying-fdfa392d1a|/printables/chibi/chibi-poison-dragon-2b248137d4|/printables/chibi/chibi-poison-salamander-dragon-76507f7ec2|/printables/chibi/chibi-quetzalcoatl-dragon-c51eb8dda8|/printables/chibi/chibi-salamander-dragon-b708afe4a7|/printables/chibi/chibi-spiked-dragon-b67961950e|/printables/chibi/chibi-spirit-dragon-db61393d1d|/printables/chibi/chibi-spotted-salamander-dragon-259867da1b|/printables/chibi/chibi-tusk-dragon-a57d0f47d7|/printables/chibi/chibi-undead-dragon-93285040c9|/printables/chibi/chibi-undead-skeletal-dragon-3beb470fdb|/printables/chibi/chibi-wind-dragon-19cac622a8|/printables/chibi/chibi-wind-dragon-flying-52388f7147|/printables/chibi/chibi-wyrm-dragon-7178c5cd86|/printables/chibi/chibi-zombie-dragon-504ccfb0ce,true,retained standard terminology among records sharing verified context
visible_summary,A portrait chibi printable in the Chibi Dogs collection.,65,/printables/animals/chibi-animals-pets-dogs-afghan-hound-d9a83b6ec9|/printables/animals/chibi-animals-pets-dogs-akita-202daa2ad3|/printables/animals/chibi-animals-pets-dogs-alaskan-malamute-17a510678c|/printables/animals/chibi-animals-pets-dogs-anatolian-shepherd-dog-c82c00bae3|/printables/animals/chibi-animals-pets-dogs-australian-cattle-dog-9f36356469|/printables/animals/chibi-animals-pets-dogs-australian-shepherd-30c890a81e|/printables/animals/chibi-animals-pets-dogs-basenji-b3df50ea92|/printables/animals/chibi-animals-pets-dogs-beagle-66a9b9dc9e|/printables/animals/chibi-animals-pets-dogs-belgian-malinois-05d5243abd|/printables/animals/chibi-animals-pets-dogs-belgian-tervuren-35d5373d78|/printables/animals/chibi-animals-pets-dogs-bernese-mountain-dog-2be9008a10|/printables/animals/chibi-animals-pets-dogs-bichon-frise-01192dc10b|/printables/animals/chibi-animals-pets-dogs-bloodhound-36d4af24b2|/printables/animals/chibi-animals-pets-dogs-borzoi-20102e12a0|/printables/animals/chibi-animals-pets-dogs-briard-f8f1a5d849|/printables/animals/chibi-animals-pets-dogs-bullmastiff-77d489baa8|/printables/animals/chibi-animals-pets-dogs-catahoula-leopard-dog-b255436134|/printables/animals/chibi-animals-pets-dogs-cavalier-king-charles-spaniel-4c6f2c88bb|/printables/animals/chibi-animals-pets-dogs-chesapeake-bay-retriever-96effd4b27|/printables/animals/chibi-animals-pets-dogs-chihuahua-e1b319483b|/printables/animals/chibi-animals-pets-dogs-chinese-crested-75a05177cb|/printables/animals/chibi-animals-pets-dogs-cocker-spaniel-2ced886556|/printables/animals/chibi-animals-pets-dogs-dachshund-1cea1c123c|/printables/animals/chibi-animals-pets-dogs-dalmatian-e5736bdcd7|/printables/animals/chibi-animals-pets-dogs-daschund-a8a954e270|/printables/animals/chibi-animals-pets-dogs-doberman-pinscher-ccf0b25f73|/printables/animals/chibi-animals-pets-dogs-english-mastiff-3c5e7719d4|/printables/animals/chibi-animals-pets-dogs-english-springer-spaniel-6e6be10dc9|/printables/animals/chibi-animals-pets-dogs-german-shepherd-6cfd6cf5e2|/printables/animals/chibi-animals-pets-dogs-golden-retriever-ac1272e4ed|/printables/animals/chibi-animals-pets-dogs-great-dane-804a94db86|/printables/animals/chibi-animals-pets-dogs-great-pyrenees-6664477fb6|/printables/animals/chibi-animals-pets-dogs-havanese-9e0637efcd|/printables/animals/chibi-animals-pets-dogs-irish-setter-c7dd78cd9b|/printables/animals/chibi-animals-pets-dogs-irish-wolfhound-3ede5fe21f|/printables/animals/chibi-animals-pets-dogs-italian-greyhound-f68857ba7b|/printables/animals/chibi-animals-pets-dogs-komondor-27f9215999|/printables/animals/chibi-animals-pets-dogs-labrador-retriever-03ad00c638|/printables/animals/chibi-animals-pets-dogs-leonberger-2f6bd298e0|/printables/animals/chibi-animals-pets-dogs-lhasa-apso-a5d275e1b8|/printables/animals/chibi-animals-pets-dogs-maltese-4563d51e2b|/printables/animals/chibi-animals-pets-dogs-miniature-schnauzer-b7705a66c9|/printables/animals/chibi-animals-pets-dogs-newfoundland-9c1bdc2e1c|/printables/animals/chibi-animals-pets-dogs-old-english-sheepdog-ff97a096c3|/printables/animals/chibi-animals-pets-dogs-papillon-db23515839|/printables/animals/chibi-animals-pets-dogs-pekingese-8499e79c02|/printables/animals/chibi-animals-pets-dogs-pembroke-welsh-corgi-c7ab230ca8|/printables/animals/chibi-animals-pets-dogs-pomeranian-f923ab7c32|/printables/animals/chibi-animals-pets-dogs-poodle-8ec7f8987f|/printables/animals/chibi-animals-pets-dogs-portuguese-water-dog-92303ff607|/printables/animals/chibi-animals-pets-dogs-pug-68e0527228|/printables/animals/chibi-animals-pets-dogs-rhodesian-ridgeback-4fb181f4e8|/printables/animals/chibi-animals-pets-dogs-rottweiler-53a10ba654|/printables/animals/chibi-animals-pets-dogs-saint-bernard-5f57cee85c|/printables/animals/chibi-animals-pets-dogs-saluki-46ee9151f0|/printables/animals/chibi-animals-pets-dogs-samoyed-08d5995129|/printables/animals/chibi-animals-pets-dogs-shetland-sheepdog-9fac4e13c7|/printables/animals/chibi-animals-pets-dogs-shiba-inu-21f6045bdb|/printables/animals/chibi-animals-pets-dogs-shih-tzu-2f951f298d|/printables/animals/chibi-animals-pets-dogs-siberian-husky-abef18b5ee|/printables/animals/chibi-animals-pets-dogs-vizsla-55a5226b41|/printables/animals/chibi-animals-pets-dogs-weimaraner-8f5d137088|/printables/animals/chibi-animals-pets-dogs-whippet-31b3929140|/printables/animals/chibi-animals-pets-dogs-wirehaired-pointing-griffon-f7f02c9fd3|/printables/animals/chibi-holiday-halloween-trick-or-treat-dog-in-cute-costume-79fa5d8c2d,true,retained standard terminology among records sharing verified context
visible_summary,A portrait chibi printable in the Terrier collection.,9,/printables/animals/chibi-animals-pets-dogs-american-staffordshire-terrier-0d5f95f4f2|/printables/animals/chibi-animals-pets-dogs-border-terrier-43cfd795ea|/printables/animals/chibi-animals-pets-dogs-boston-terrier-3232802ad1|/printables/animals/chibi-animals-pets-dogs-cairn-terrier-7faba12ef3|/printables/animals/chibi-animals-pets-dogs-jack-russell-terrier-90937679a3|/printables/animals/chibi-animals-pets-dogs-scottish-terrier-341d994df6|/printables/animals/chibi-animals-pets-dogs-staffordshire-bull-terrier-7b8d7a0b1f|/printables/animals/chibi-animals-pets-dogs-toy-fox-terrier-b31c35388c|/printables/animals/chibi-animals-pets-dogs-yorkshire-terrier-0e4582d5cf,true,retained standard terminology among records sharing verified context
visible_summary,A portrait chibi printable in the Collie collection.,2,/printables/animals/chibi-animals-pets-dogs-border-collie-d66dc03111|/printables/animals/chibi-animals-pets-dogs-collie-5980fb6203,true,retained standard terminology among records sharing verified context
visible_summary,A portrait chibi printable in the Bulldog collection.,2,/printables/animals/chibi-animals-pets-dogs-bulldog-82dca02cef|/printables/animals/chibi-animals-pets-dogs-french-bulldog-f72835a638,true,retained standard terminology among records sharing verified context
visible_summary,A portrait chibi printable.,243,/printables/chibi/chibi-armadillo-b67dd7fc0d|/printables/chibi/chibi-baboon-1aa4c907ea|/printables/chibi/chibi-baby-rat-507350ed4f|/printables/chibi/chibi-badger-57e945a922|/printables/chibi/chibi-basilisk-6f2bd7b27d|/printables/chibi/chibi-basilisk-angry-a4253bd32d|/printables/chibi/chibi-beaver-c4784a9714|/printables/chibi/chibi-bison-55c9f42a2b|/printables/chibi/chibi-boar-71b5865a51|/printables/chibi/chibi-bull-8c78675ea7|/printables/chibi/chibi-camel-77678a2976|/printables/chibi/chibi-cave-paintings-5b114a51df|/printables/chibi/chibi-chimera-aef6b6abb8|/printables/chibi/chibi-chimera-skull-905900a7dd|/printables/chibi/chibi-donkey-f9eaade28e|/printables/chibi/chibi-dragonnet-fe740e2930|/printables/chibi/chibi-elf-b061b6e57f|/printables/chibi/chibi-extinction-level-event-180e9e67aa|/printables/chibi/chibi-fossil-0632b38c2a|/printables/chibi/chibi-ghost-pirates-78e9538796|/printables/chibi/chibi-glyptodon-36550bbf83|/printables/chibi/chibi-gnomes-61a6a56945|/printables/chibi/chibi-goblins-fbed3b5619|/printables/chibi/chibi-gorilla-b733262478|/printables/chibi/chibi-holiday-halloween-candy-bucket-filled-with-treats-27d5c14d60|/printables/chibi/chibi-holiday-halloween-candy-corn-pattern-background-7e70d5d5ae|/printables/chibi/chibi-holiday-halloween-candy-stall-at-halloween-festival-50f8dcfa9b|/printables/chibi/chibi-holiday-halloween-candy-trail-leading-to-haunted-door-64ae58c6d8|/printables/chibi/chibi-holiday-halloween-cauldron-bubbling-over-firewood-cea100bc43|/printables/chibi/chibi-holiday-halloween-cauldron-bubbling-with-green-slime-a7e4efaae7|/printables/chibi/chibi-holiday-halloween-cauldron-surrounded-by-potion-bottles-2565671600|/printables/chibi/chibi-holiday-halloween-crow-sitting-on-fence-post-975b8f919b|/printables/chibi/chibi-holiday-halloween-frankenstein-and-bride-standing-together-7af91016f5|/printables/chibi/chibi-holiday-halloween-frankenstein-monster-smiling-a39841457f|/printables/chibi/chibi-holiday-halloween-ghost-family-f4a78ca0e4|/printables/chibi/chibi-holiday-halloween-ghost-family-with-smiling-faces-fc38fdeb9d|/printables/chibi/chibi-holiday-halloween-ghost-floating-above-graveyard-1dcafd9556|/printables/chibi/chibi-holiday-halloween-ghost-floating-in-haunted-hallway-2ecd4724a1|/printables/chibi/chibi-holiday-halloween-ghost-peeking-behind-tombstone-c136970593|/printables/chibi/chibi-holiday-halloween-ghosts-holding-hands-in-circle-9aa47c8b6a|/printables/chibi/chibi-holiday-halloween-graveyard-with-creepy-crows-c64f2d6601|/printables/chibi/chibi-holiday-halloween-graveyard-with-creepy-crows-on-crosses-2f0f3d2c2f|/printables/chibi/chibi-holiday-halloween-carnival-with-games-and-booths-a2a741e801|/printables/chibi/chibi-holiday-halloween-garland-and-decorated-door-21641bdc41|/printables/chibi/chibi-holiday-halloween-maze-with-cornfield-paths-1a71fa21e1|/printables/chibi/chibi-holiday-halloween-parade-with-children-in-costumes-10288dab01|/printables/chibi/chibi-holiday-halloween-party-with-balloons-and-streamers-3c16bfa9fb|/printables/chibi/chibi-holiday-halloween-harvest-scene-with-hay-bales-and-crows-f63a303b4e|/printables/chibi/chibi-holiday-halloween-haunted-mansion-with-creaky-gate-a27ab1a344|/printables/chibi/chibi-holiday-halloween-haunted-mansion-with-lantern-lit-path-e05357e953|/printables/chibi/chibi-holiday-halloween-jack-o-lantern-faces-variety-0e546b82e0|/printables/chibi/chibi-holiday-halloween-jack-o-lantern-glowing-in-window-915e33dd1c|/printables/chibi/chibi-holiday-halloween-jack-o-lantern-lined-front-porch-1b72f4cc2e|/printables/chibi/chibi-holiday-halloween-mummy-walking-with-bandages-loose-3d7b5dcceb|/printables/chibi/chibi-holiday-halloween-pirate-treasure-67a78d4043|/printables/chibi/chibi-holiday-halloween-skeleton-band-playing-in-graveyard-beeabe84e8|/printables/chibi/chibi-holiday-halloween-skeleton-dancing-with-top-hat-3ddcbf334e|/printables/chibi/chibi-holiday-halloween-skeleton-riding-bicycle-through-town-d08afbfad3|/printables/chibi/chibi-holiday-halloween-skeleton-sitting-on-bench-in-park-861748f12e|/printables/chibi/chibi-holiday-halloween-spooky-graveyard-with-tombstones-5686477b0a|/printables/chibi/chibi-holiday-halloween-tombstone-with-rip-inscription-0fce902c33|/printables/chibi/chibi-holiday-halloween-trick-or-treat-front-porch-decorated-aad2950ba7|/printables/chibi/chibi-holiday-halloween-trick-or-treat-walkway-lined-with-lanterns-604d716265|/printables/chibi/chibi-holiday-halloween-vampire-holding-goblet-under-crescent-moon-62c9c0a50f|/printables/chibi/chibi-holiday-halloween-vampire-with-spooky-shadow-on-wall-560dde82c2|/printables/chibi/chibi-holiday-halloween-vintage-halloween-postcard-style-scene-fd3be2b3e7|/printables/chibi/chibi-holiday-halloween-werewolf-howling-under-full-moon-a6643004a9|/printables/chibi/chibi-holiday-halloween-werewolf-jumping-over-haunted-fence-7466595531|/printables/chibi/chibi-holiday-halloween-werewolf-standing-atop-rock-under-moon-a8e1c3adf2|/printables/chibi/chibi-holiday-halloween-zombie-peeking-out-of-ground-b59b806249|/printables/chibi/chibi-holiday-halloween-zombie-with-torn-trick-or-treat-bag-1862dece82|/printables/chibi/chibi-hydr-d3e2fc9696|/printables/chibi/chibi-hyppogriff-872b509ed1|/printables/chibi/chibi-irish-elk-a026e8cc28|/printables/chibi/chibi-jaguar-cae69e3522|/printables/chibi/chibi-kaiju-monster-5a5847eaec|/printables/chibi/chibi-kangaroo-b9ebb844ea|/printables/chibi/chibi-kirin-488a7c0ea9|/printables/chibi/chibi-knucker-b9528fbc79|/printables/chibi/chibi-lemur-fa5f860468|/printables/chibi/chibi-leprachaun-1591945de7|/printables/chibi/chibi-leviathan-f1830449f2|/printables/chibi/chibi-lindwurm-32126e0dd0|/printables/chibi/chibi-mastodon-prehistoric-dbff264879|/printables/chibi/chibi-megatherium-92c31a58a8|/printables/chibi/chibi-minotaur-dea8f5f8ca|/printables/chibi/chibi-necromancer-8149eb9be7|/printables/chibi/chibi-ninjas-7ff0476869|/printables/chibi/chibi-ogres-bf2ca901e0|/printables/chibi/chibi-orangutan-eb8526ec78|/printables/chibi/chibi-panther-79ee252950|/printables/chibi/chibi-pirates-dcd656af7e|/printables/chibi/chibi-plushie-alligator-90926f5c7b|/printables/chibi/chibi-plushie-alpaca-2860177e32|/printables/chibi/chibi-plushie-angelfish-4577f3eb39|/printables/chibi/chibi-plushie-anteater-49ba44c4e9|/printables/chibi/chibi-plushie-antelope-31435444ab|/printables/chibi/chibi-plushie-axolotl-03ca11d572|/printables/chibi/chibi-plushie-baby-alien-84a9b3e346|/printables/chibi/chibi-plushie-baby-kangaroo-joey-74e2f66bcf|/printables/chibi/chibi-plushie-baby-kitsune-baec94f628|/printables/chibi/chibi-plushie-badger-ab49215930|/printables/chibi/chibi-plushie-beaver-3998692f5c|/printables/chibi/chibi-plushie-beluga-14b49d7651|/printables/chibi/chibi-plushie-bobcat-485d33e8dc|/printables/chibi/chibi-plushie-bubble-tea-character-eeb735f63b|/printables/chibi/chibi-plushie-buffalo-bd024f845a|/printables/chibi/chibi-plushie-burger-and-fries-ad1f46c936|/printables/chibi/chibi-plushie-camel-a7571e114e|/printables/chibi/chibi-plushie-capibara-22f62e998e|/printables/chibi/chibi-plushie-caribou-337a1a9b3a|/printables/chibi/chibi-plushie-cerberus-4ba1699cff|/printables/chibi/chibi-plushie-cheetah-8db122da29|/printables/chibi/chibi-plushie-chick-c649e61ec6|/printables/chibi/chibi-plushie-chinchilla-6feee6f4cd|/printables/chibi/chibi-plushie-chipmunk-815af458ce|/printables/chibi/chibi-plushie-cloud-character-14aa2d7940|/printables/chibi/chibi-plushie-cougar-11aac42ddc|/printables/chibi/chibi-plushie-coyote-cfd8cb5205|/printables/chibi/chibi-plushie-donut-character-77eb4a92e1|/printables/chibi/chibi-plushie-dugong-03c2fe95f7|/printables/chibi/chibi-plushie-earth-globe-character-38729dc3d2|/printables/chibi/chibi-plushie-easter-egg-character-efff2333cb|/printables/chibi/chibi-plushie-ferret-b53510cfbf|/printables/chibi/chibi-plushie-flamingo-a32d621260|/printables/chibi/chibi-plushie-gazelle-7f25487674|/printables/chibi/chibi-plushie-gecko-7aaf40fa39|/printables/chibi/chibi-plushie-gerbil-b50a20ddb9|/printables/chibi/chibi-plushie-gingerbread-character-31a1a21871|/printables/chibi/chibi-plushie-goose-080bd104a8|/printables/chibi/chibi-plushie-guinea-pig-402c7d92d0|/printables/chibi/chibi-plushie-hamster-ebd4764896|/printables/chibi/chibi-plushie-hanukkah-dreidel-character-123ff3fb5f|/printables/chibi/chibi-plushie-happy-hippogriff-7d3e8be1c8|/printables/chibi/chibi-plushie-heart-character-d50306f131|/printables/chibi/chibi-plushie-hippogriff-32b1afa010|/printables/chibi/chibi-plushie-hummingbird-fcf7ae5bcb|/printables/chibi/chibi-plushie-hyena-790ed18add|/printables/chibi/chibi-plushie-ice-cream-cone-character-df62a5c71e|/printables/chibi/chibi-plushie-jackal-aab942cb2a|/printables/chibi/chibi-plushie-jaguar-0bb870913d|/printables/chibi/chibi-plushie-jellyfish-4eec26949a|/printables/chibi/chibi-plushie-lamb-685283c78f|/printables/chibi/chibi-plushie-lemur-ccee7916e3|/printables/chibi/chibi-plushie-lobster-eefb1202e4|/printables/chibi/chibi-plushie-lynx-54651154e9|/printables/chibi/chibi-plushie-macaw-61580cb786|/printables/chibi/chibi-plushie-manatee-39ec2222ed|/printables/chibi/chibi-plushie-marshmallow-character-77bce7e08c|/printables/chibi/chibi-plushie-meerkat-022438e185|/printables/chibi/chibi-plushie-moon-01ed9427ef|/printables/chibi/chibi-plushie-moon-character-a71599fc1e|/printables/chibi/chibi-plushie-mountain-goat-9ae1bb4cae|/printables/chibi/chibi-plushie-mouse-c5d8954eb0|/printables/chibi/chibi-plushie-newt-e7baebab04|/printables/chibi/chibi-plushie-okapi-d16a01ae0b|/printables/chibi/chibi-plushie-orca-c0d3cfcf62|/printables/chibi/chibi-plushie-pangolin-8a0dbe8d5e|/printables/chibi/chibi-plushie-panther-91bcc8dcee|/printables/chibi/chibi-plushie-parrot-a8078c56f1|/printables/chibi/chibi-plushie-peacock-85943abfae|/printables/chibi/chibi-plushie-piglet-a3b69136e1|/printables/chibi/chibi-plushie-pizza-slice-77487adbb6|/printables/chibi/chibi-plushie-popsicle-character-a9ee0be926|/printables/chibi/chibi-plushie-porcupine-c7fcb1e1e8|/printables/chibi/chibi-plushie-possum-411a22ce65|/printables/chibi/chibi-plushie-prehistoric-glyptodon-610ce5b60f|/printables/chibi/chibi-plushie-pufferfish-e4d7ffe334|/printables/chibi/chibi-plushie-raccoon-0a50680ecc|/printables/chibi/chibi-plushie-rat-170af4ef89|/printables/chibi/chibi-plushie-rocket-ship-blasting-off-f761ce0a8c|/printables/chibi/chibi-plushie-rocket-ship-character-057c26e37a|/printables/chibi/chibi-plushie-rooster-0138040c27|/printables/chibi/chibi-plushie-salamander-bdd9c02c46|/printables/chibi/chibi-plushie-sea-anemone-8034224dc6|/printables/chibi/chibi-plushie-sea-urchin-ad4b7e0e8c|/printables/chibi/chibi-plushie-seahorse-e2ef3da10a|/printables/chibi/chibi-plushie-seal-9100181a31|/printables/chibi/chibi-plushie-skunk-0121e626c2|/printables/chibi/chibi-plushie-snail-5f8b0efb84|/printables/chibi/chibi-plushie-snow-leopard-e4b24383a1|/printables/chibi/chibi-plushie-snowman-character-07cc3bcf2b|/printables/chibi/chibi-plushie-squirrel-dd9bd67c59|/printables/chibi/chibi-plushie-star-character-8c9cf0ed93|/printables/chibi/chibi-plushie-starfish-232df26486|/printables/chibi/chibi-plushie-sun-character-7221a2c722|/printables/chibi/chibi-plushie-swan-e05dfd1ed0|/printables/chibi/chibi-plushie-tapir-32755e2d50|/printables/chibi/chibi-plushie-toucan-c8592eb783|/printables/chibi/chibi-plushie-turkey-f9d8c7c40f|/printables/chibi/chibi-plushie-walrus-7b2c0e126a|/printables/chibi/chibi-plushie-wolverine-563e484ab2|/printables/chibi/chibi-plushie-yak-71d8bf89d0|/printables/chibi/chibi-plushie-yeti-9765a3e609|/printables/chibi/chibi-possum-6da3988d0d|/printables/chibi/chibi-professions-architect-d24860eb88|/printables/chibi/chibi-professions-chef-d89908e525|/printables/chibi/chibi-professions-construction-worker-a9e6b045d5|/printables/chibi/chibi-professions-dancer-272e10c8fc|/printables/chibi/chibi-professions-dentist-0388f32abd|/printables/chibi/chibi-professions-doctor-b09822e77a|/printables/chibi/chibi-professions-electrician-f2b13a2f47|/printables/chibi/chibi-professions-engineer-68f0bd4f22|/printables/chibi/chibi-professions-firefighter-2330318ea5|/printables/chibi/chibi-professions-graphic-designer-d98c030169|/printables/chibi/chibi-professions-journalist-6623e4994d|/printables/chibi/chibi-professions-librarian-b819bf5127|/printables/chibi/chibi-professions-mechanic-d01ad81e2d|/printables/chibi/chibi-professions-musician-633180c6bf|/printables/chibi/chibi-professions-nurse-031620f44b|/printables/chibi/chibi-professions-personal-trainer-7e9e01a9d9|/printables/chibi/chibi-professions-photographer-b175ded7e0|/printables/chibi/chibi-professions-pilot-451f270387|/printables/chibi/chibi-professions-plumber-afe4833c5f|/printables/chibi/chibi-professions-police-officer-79843d6916|/printables/chibi/chibi-professions-scientist-39eb42f850|/printables/chibi/chibi-professions-teacher-da765050a0|/printables/chibi/chibi-professions-tour-guide-ae71ab3b16|/printables/chibi/chibi-professions-videographer-293fa8ff4d|/printables/chibi/chibi-professions-writer-9f1d4d82ca|/printables/chibi/chibi-professions-yoga-instructor-22b4bbec69|/printables/chibi/chibi-professions-youtuber-058de14732|/printables/chibi/chibi-quetzalcoatl-dc1379b7a0|/printables/chibi/chibi-raccoon-e14b7b3f07|/printables/chibi/chibi-ram-0b337f8527|/printables/chibi/chibi-rat-a8ff89b3bd|/printables/chibi/chibi-raven-8480c02beb|/printables/chibi/chibi-rhino-9970b97a08|/printables/chibi/chibi-salamander-30deeb9936|/printables/chibi/chibi-samurai-3d8fc67e17|/printables/chibi/chibi-sasquatch-35679f7be5|/printables/chibi/chibi-sea-serpent-cabaaf4ae2|/printables/chibi/chibi-skeleton-ee6d18e28b|/printables/chibi/chibi-skunk-b133229100|/printables/chibi/chibi-smilodon-67e42f15c2|/printables/chibi/chibi-sphinx-9332b52539|/printables/chibi/chibi-sphinx-monument-b38230ff08|/printables/chibi/chibi-spineosaurus-1831f107a6|/printables/chibi/chibi-squirrel-58b3309bc7|/printables/chibi/chibi-trolls-41101a58f4|/printables/chibi/chibi-wolverine-c1d1c2baa4|/printables/chibi/chibi-woolly-rhinoceros-5ce477e2ea|/printables/chibi/chibi-wyrm-6b8a4cb1c3,true,retained standard terminology among records sharing verified context
visible_summary,A portrait chibi printable in the Bats collection.,10,/printables/bats/chibi-bat-fe629d39f4|/printables/bats/chibi-dungeon-giant-bat-swarm-27cc1a9612|/printables/bats/chibi-holiday-halloween-bat-colony-flying-in-night-sky-3624fb1d72|/printables/bats/chibi-holiday-halloween-cauldron-with-green-smoke-and-bats-9a8a418b04|/printables/animals/chibi-holiday-halloween-cute-halloween-ghost-cat-bat-friends-1cc339c68a|/printables/bats/chibi-holiday-halloween-dracula-in-coffin-with-bats-145ac201f0|/printables/bats/chibi-holiday-halloween-graveyard-with-bats-and-foggy-moonlight-b293cf953e|/printables/bats/chibi-holiday-halloween-haunted-house-with-bats-flying-around-1cb79db677|/printables/bats/chibi-holiday-halloween-vampire-standing-with-bat-cloak-450302864b|/printables/bats/chibi-plushie-bat-38f7ed18a6,true,retained standard terminology among records sharing verified context
visible_summary,A portrait chibi printable in the Bears collection.,5,/printables/bears/chibi-bear-24adcef6cd|/printables/bears/chibi-cave-bear-34458b23d1|/printables/bears/chibi-plushie-kawaii-polar-bear-938c4d4db3|/printables/bears/chibi-plushie-polar-bear-64be79dc44|/printables/bears/chibi-plushie-teddy-bear-614914bb45,true,retained standard terminology among records sharing verified context
visible_summary,A portrait chibi printable in the Bees collection.,2,/printables/animals/chibi-bee-dragon-d02a4e4cd4|/printables/animals/chibi-plushie-bee-227167d01c,true,retained standard terminology among records sharing verified context
visible_summary,A portrait chibi printable in the Brachiosaurus collection.,2,/printables/animals/chibi-brachiosaurus-2674f26daf|/printables/animals/chibi-plushie-prehistoric-brachiosaurus-c6bca59cb4,true,retained standard terminology among records sharing verified context
visible_summary,A portrait chibi printable in the Castles collection.,6,/printables/buildings/chibi-castle-d763e81619|/printables/buildings/chibi-dungeon-castle-gate-defender-d3cd88319b|/printables/buildings/chibi-dungeon-castle-gate-guardian-d54b7a9b36|/printables/buildings/chibi-holiday-halloween-creepy-castle-with-torch-lit-windows-08e80ab431|/printables/bats/chibi-holiday-halloween-dracula-flying-as-bat-over-castle-16b1ef94ce|/printables/buildings/chibi-midieval-fantasy-castle-b91a8926a6,true,retained standard terminology among records sharing verified context
visible_summary,A portrait chibi printable in the Cats collection.,4,/printables/animals/chibi-cat-3abcbe3ef5|/printables/animals/chibi-holiday-halloween-black-cat-sitting-on-fence-under-moon-81d2ff4c89|/printables/animals/chibi-holiday-halloween-mummy-running-away-from-black-cat-3d6746f90b|/printables/animals/chibi-kitten-aec37cad01,true,retained standard terminology among records sharing verified context
visible_summary,A portrait chibi printable in the Lions collection.,5,/printables/chibi/chibi-cave-lion-6264802ece|/printables/chibi/chibi-lion-0c6efff62b|/printables/chibi/chibi-mushroom-lions-mane-e34046529b|/printables/chibi/chibi-plushie-lion-cee6d8728c|/printables/chibi/chibi-plushie-sea-lion-6b8e346a23,true,retained standard terminology among records sharing verified context
visible_summary,A portrait chibi printable in the Fantasy Creatures collection.,7,/printables/chibi/chibi-centaur-6127029f26|/printables/chibi/chibi-centaur-archer-f313ab1b5c|/printables/chibi/chibi-elf-centaur-efcbbd3047|/printables/chibi/chibi-pirate-centaur-3b808fa86b|/printables/chibi/chibi-plushie-baby-kraken-4822d30730|/printables/chibi/chibi-plushie-centaur-e63c7c3bed|/printables/chibi/fantasy-chibi-kraken-playful-33bdec4570,true,retained standard terminology among records sharing verified context
visible_summary,A portrait chibi printable in the Wizards collection.,6,/printables/chibi/chibi-dark-wizard-74938cda04|/printables/chibi/chibi-dungeon-wizard-and-magic-book-674b4fb637|/printables/chibi/chibi-dungeon-wizard-casting-spell-60bcc3c082|/printables/chibi/chibi-dungeon-wizard-tower-room-f624d1911c|/printables/chibi/chibi-midieval-fantasy-sorcerer-1f994253a1|/printables/chibi/chibi-midieval-fantasy-wizard-5737cee6c0,true,retained standard terminology among records sharing verified context
visible_summary,A portrait chibi printable in the Dinosaurs collection.,2,/printables/animals/chibi-dino-chimera-cb8ef931c5|/printables/animals/chibi-plushie-dinosaur-aaef2c5df6,true,retained standard terminology among records sharing verified context
visible_summary,A portrait chibi printable in the Moose collection.,4,/printables/animals/chibi-dino-moose-f5e7c0e714|/printables/chibi/chibi-moose-658b3ed796|/printables/animals/chibi-moose-animal-01b0453ef2|/printables/chibi/chibi-plushie-moose-2474de4b02,true,retained standard terminology among records sharing verified context
visible_summary,A portrait chibi printable in the Diplodocus collection.,2,/printables/animals/chibi-diplodocus-86deebc2b4|/printables/animals/chibi-plushie-prehistoric-diplodocus-a6eff46243,true,retained standard terminology among records sharing verified context
visible_summary,A portrait chibi printable in the Wolves collection.,3,/printables/chibi/chibi-dire-wolf-6717fb3d25|/printables/chibi/chibi-plushie-wolf-dd5081ce9f|/printables/chibi/chibi-wolf-df9e62ae61,true,retained standard terminology among records sharing verified context
visible_summary,A portrait chibi printable in the Dodo collection.,2,/printables/animals/chibi-dodo-birds-8aec652364|/printables/chibi/chibi-plushie-prehistoric-dodo-971a0a50fe,true,retained standard terminology among records sharing verified context
visible_summary,A portrait chibi printable in the Knights collection.,10,/printables/chibi/chibi-dragon-rider-knight-9863da6096|/printables/chibi/chibi-dungeon-dragon-vs-knight-74edf06dac|/printables/chibi/chibi-dungeon-knight-in-armor-3ea355cd76|/printables/chibi/chibi-dungeon-undead-warrior-knight-6635512a9b|/printables/chibi/chibi-knight-f98723b283|/printables/chibi/chibi-knights-cab6909340|/printables/chibi/chibi-knights-battle-f839056e5b|/printables/chibi/chibi-midieval-fantasy-knight-48896ba8b7|/printables/chibi/chibi-midieval-fantasy-knight-king-9b6be9aa08|/printables/chibi/fantasy-chibi-shadow-knight-47c317c3b0,true,retained standard terminology among records sharing verified context
visible_summary,A portrait chibi printable in the Bridges collection.,2,/printables/bridges/chibi-dungeon-adventure-bridge-over-lava-906729f5e5|/printables/bridges/chibi-dungeon-torch-lit-bridge-f3d6daee01,true,retained standard terminology among records sharing verified context
visible_summary,A portrait chibi printable in the Dungeon collection.,73,/printables/chibi/chibi-dungeon-adventurer-767fe037cf|/printables/chibi/chibi-dungeon-adventurer-crystal-cavern-d4303d4069|/printables/chibi/chibi-dungeon-adventurer-party-fe4db74674|/printables/chibi/chibi-dungeon-ancient-altar-74b69399ca|/printables/chibi/chibi-dungeon-ancient-dungeon-map-71572891ce|/printables/chibi/chibi-dungeon-ancient-runestone-abe0a4f607|/printables/chibi/chibi-dungeon-ancient-treasure-map-b52be3eb75|/printables/chibi/chibi-dungeon-arrow-trap-wall-4590917de8|/printables/chibi/chibi-dungeon-baby-dragon-in-nest-cde9ddcc12|/printables/chibi/chibi-dungeon-brick-walls-and-chains-51ee449351|/printables/chibi/chibi-dungeon-cave-3487239306|/printables/chibi/chibi-dungeon-chained-dragon-rescue-22a0538d15|/printables/chibi/chibi-dungeon-chained-monster-049b6dd5ac|/printables/chibi/chibi-dungeon-crystal-cave-dragon-48aa259e32|/printables/chibi/chibi-dungeon-crystal-cave-warrior-7f88258473|/printables/chibi/chibi-dungeon-crystal-dragon-ea7f2cb1f5|/printables/chibi/chibi-dungeon-cursed-mask-b5bfc91bc1|/printables/chibi/chibi-dungeon-dragon-eggs-caf2e39059|/printables/chibi/chibi-dungeon-dragon-guarding-treasure-ead3add052|/printables/chibi/chibi-dungeon-key-56b3ec8777|/printables/chibi/chibi-dungeon-dwarf-warrior-with-axe-1f0a4e3c62|/printables/chibi/chibi-dungeon-earth-golem-c53d120fd0|/printables/chibi/chibi-dungeon-enchanted-book-afb6f2ea49|/printables/chibi/chibi-dungeon-engraved-rune-circle-7a231d0ebe|/printables/chibi/chibi-dungeon-fantasy-archer-fc5ed913af|/printables/chibi/chibi-dungeon-fire-breathing-dragon-b3abd6d8be|/printables/chibi/chibi-dungeon-goblin-archer-c6f5735412|/printables/chibi/chibi-dungeon-goblin-warrior-fecbeef086|/printables/chibi/chibi-dungeon-golden-coins-and-gems-12c72934fa|/printables/chibi/chibi-dungeon-golden-treasure-idol-d5e14eb5b2|/printables/chibi/chibi-dungeon-haunted-armor-bbaa50fccb|/printables/chibi/chibi-dungeon-haunted-throne-room-a6b9928656|/printables/chibi/chibi-dungeon-healer-casting-light-e59fab0304|/printables/chibi/chibi-dungeon-hidden-treasure-behind-wall-a29b16128d|/printables/chibi/chibi-dungeon-hidden-treasure-room-3040a8b81c|/printables/chibi/chibi-dungeon-ice-dragon-613c45e00a|/printables/chibi/chibi-dungeon-iron-portcullis-f65422da05|/printables/chibi/chibi-dungeon-laboratory-874c7d2c56|/printables/chibi/chibi-dungeon-lava-river-a0d17904e8|/printables/chibi/chibi-dungeon-legendary-dragon-slayer-bae02ab1b8|/printables/chibi/chibi-dungeon-legendary-dragon-warrior-ae638798a9|/printables/chibi/chibi-dungeon-lord-of-light-6214968add|/printables/chibi/chibi-dungeon-mage-casting-fireball-4cdeeb4a23|/printables/chibi/chibi-dungeon-mimic-chest-d1f8acf948|/printables/chibi/chibi-dungeon-monster-egg-hatching-708b4cfceb|/printables/chibi/chibi-dungeon-obsidian-throne-b1ede3bcf6|/printables/chibi/chibi-dungeon-ogre-in-dungeon-b0d88e1da8|/printables/chibi/chibi-dungeon-poisonous-slime-4afe5f777c|/printables/chibi/chibi-dungeon-portal-with-runes-f32efac1fd|/printables/chibi/chibi-dungeon-potion-shelves-2fb564e0ca|/printables/chibi/chibi-dungeon-rogue-picking-lock-c3c187da7f|/printables/chibi/chibi-dungeon-runic-stone-door-0f35ed5e60|/printables/chibi/chibi-dungeon-sacred-relic-on-pedestal-063dea28bd|/printables/chibi/chibi-dungeon-secret-passage-door-af7b103730|/printables/chibi/chibi-dungeon-secret-stone-door-3133159983|/printables/chibi/chibi-dungeon-shield-and-sword-269f2cc7a9|/printables/chibi/chibi-dungeon-skeleton-archer-4e7e721bcd|/printables/chibi/chibi-dungeon-skeleton-guard-58f6231f52|/printables/chibi/chibi-dungeon-slime-monster-d9a13a8514|/printables/chibi/chibi-dungeon-spiked-trap-floor-36fea60cf9|/printables/chibi/chibi-dungeon-summoning-circle-70c4e4f57b|/printables/chibi/chibi-dungeon-swinging-axe-trap-34bc752de9|/printables/chibi/chibi-dungeon-sword-in-stone-69ffaed3cd|/printables/chibi/chibi-dungeon-torch-lit-hallway-d2eb5b84d1|/printables/chibi/chibi-dungeon-trapped-adventurer-1291d68930|/printables/chibi/chibi-dungeon-treasure-chest-3886a51c16|/printables/chibi/chibi-dungeon-treasure-guardian-statue-07f6607a26|/printables/chibi/chibi-dungeon-treasure-king-58f131ad63|/printables/chibi/chibi-dungeon-troll-guard-863bb50ba6|/printables/chibi/chibi-dungeon-undead-warrior-f06c52e19f|/printables/chibi/chibi-dungeon-underground-waterfall-70a96590ec|/printables/chibi/chibi-dungeon-warrior-vs-ogre-afc47e34b7|/printables/chibi/chibi-dungeon-water-elemental-d8d144215e,true,retained standard terminology among records sharing verified context
visible_summary,A portrait chibi printable in the Spiders collection.,3,/printables/animals/chibi-dungeon-cave-spider-nest-2816b4fbee|/printables/animals/chibi-holiday-halloween-cobweb-in-corner-with-spider-7b53c373f3|/printables/animals/chibi-holiday-halloween-giant-spider-crawling-on-wall-990dc9d87f,true,retained standard terminology among records sharing verified context
visible_summary,A portrait chibi printable in the Magic collection.,9,/printables/chibi/chibi-dungeon-floating-magic-crystals-9806fcc6f6|/printables/chibi/chibi-dungeon-haunted-magic-sword-8d7144eff4|/printables/chibi/chibi-dungeon-magic-crystal-orb-54682316ed|/printables/chibi/chibi-dungeon-magic-crystal-staff-349438bde2|/printables/chibi/chibi-dungeon-magic-health-potion-99dae6814e|/printables/chibi/chibi-dungeon-magic-mirror-gate-21f64614e7|/printables/chibi/chibi-dungeon-magic-potion-table-5f5d85baaa|/printables/chibi/chibi-dungeon-magic-scrolls-b3f3c88ca4|/printables/chibi/chibi-mushroom-magic-forest-mushroom-cartoon-491c7ddec7,true,retained standard terminology among records sharing verified context
visible_summary,A portrait chibi printable in the Hydras collection.,5,/printables/chibi/chibi-dungeon-hydra-dragon-c70b5d0072|/printables/chibi/chibi-hydra-8a2905c0b9|/printables/buildings/chibi-hydra-castle-pet-49e2d5c525|/printables/chibi/chibi-hydra-dragon-1fcc5229ea|/printables/chibi/chibi-plushie-baby-hydra-1a0a8c89e9,true,retained standard terminology among records sharing verified context
visible_summary,A portrait chibi printable in the Griffins collection.,4,/printables/chibi/chibi-dungeon-pet-griffin-7156ac6ffb|/printables/chibi/chibi-midieval-fantasy-griffin-bba9e2ef5b|/printables/chibi/chibi-plushie-griffin-0163e5c809|/printables/chibi/fantasy-chibi-griffin-nest-cab98ed0ff,true,retained standard terminology among records sharing verified context
visible_summary,A portrait chibi printable in the Wyverns collection.,5,/printables/chibi/chibi-dungeon-wyvern-1327ce97df|/printables/chibi/chibi-midieval-fantasy-wyvern-cd49e23cb5|/printables/chibi/chibi-wyvern-85f2234823|/printables/chibi/chibi-wyvern-flying-8c0f34a275|/printables/chibi/fantasy-chibi-wyvern-baby-5801a34813,true,retained standard terminology among records sharing verified context
visible_summary,A portrait chibi printable in the Elephants collection.,2,/printables/chibi/chibi-elephant-9554944ceb|/printables/chibi/chibi-plushie-elephant-d4115aa5af,true,retained standard terminology among records sharing verified context
visible_summary,A portrait chibi printable in the Fairies collection.,13,/printables/chibi/chibi-enchanted-forest-fairy-dancing-in-flower-ring-c4cb5961c2|/printables/chibi/chibi-enchanted-forest-fairy-dancing-under-moonlight-00578c2506|/printables/chibi/chibi-enchanted-forest-fairy-sitting-on-toadstool-f86d2acf35|/printables/chibi/chibi-enchanted-forest-fairy-sleeping-on-leaf-bed-80b63a7407|/printables/chibi/chibi-enchanted-forest-fairy-with-dragonfly-wings-c807547c33|/printables/chibi/chibi-fae-dragon-fairy-dragon-a3ffa6676e|/printables/chibi/chibi-fairies-ac46f5610b|/printables/chibi/chibi-fairy-4dbdaf1cc0|/printables/chibi/chibi-fairy-dragon-deb8f8a49b|/printables/chibi/chibi-flowers-delphinium-fairy-e2952ac2c0|/printables/chibi/chibi-midieval-fantasy-fairy-d83bb471b7|/printables/chibi/chibi-mushroom-forest-fairy-ring-36a59c6a0c|/printables/chibi/chibi-plushie-fairy-3ee5b8c755,true,retained standard terminology among records sharing verified context
visible_summary,A portrait chibi printable in the Phoenix collection.,5,/printables/chibi/chibi-flaming-phoenix-0cb30013cc|/printables/chibi/chibi-phoenix-62b3e003db|/printables/chibi/chibi-plushie-phoenix-3b48543986|/printables/chibi/fantasy-chibi-phoenix-0b24a2f4e3|/printables/chibi/fantasy-chibi-phoenix-flight-bd83c0d408,true,retained standard terminology among records sharing verified context
visible_summary,A portrait chibi printable in the Chibi Flowers collection.,68,/printables/chibi/chibi-flowers-amaryllis-7d97d74c49|/printables/chibi/chibi-flowers-aster-8a1c6a1f8b|/printables/chibi/chibi-flowers-astera-83794f73c1|/printables/chibi/chibi-flowers-azalea-4ce1edf97a|/printables/chibi/chibi-flowers-bellflower-d45fbbe02f|/printables/animals/chibi-flowers-bird-of-paradise-5465ea1db1|/printables/chibi/chibi-flowers-bleeding-hearts-ff7b1bd88f|/printables/chibi/chibi-flowers-calendula-d3a3d4faf2|/printables/chibi/chibi-flowers-camellia-12cd3e281a|/printables/chibi/chibi-flowers-carnation-1b5fa00e2d|/printables/chibi/chibi-flowers-celosia-e0a426bf9d|/printables/chibi/chibi-flowers-chrysanthemum-934ed3a712|/printables/chibi/chibi-flowers-columbine-90fddc1c15|/printables/chibi/chibi-flowers-coneflowe-8f3d047024|/printables/chibi/chibi-flowers-coneflower-0fd45f8a4c|/printables/chibi/chibi-flowers-cornflower-fbd3f73c0d|/printables/chibi/chibi-flowers-cosmos-61989656ac|/printables/chibi/chibi-flowers-crocus-3d9ac0d9a3|/printables/chibi/chibi-flowers-daffodil-8802b023e9|/printables/chibi/chibi-flowers-delphinium-f83326f1fd|/printables/chibi/chibi-flowers-freesia-02a8a2c887|/printables/chibi/chibi-flowers-fuchsia-040243f495|/printables/chibi/chibi-flowers-gaillardia-19da626ed1|/printables/chibi/chibi-flowers-gazania-2e13db9bc1|/printables/chibi/chibi-flowers-gladiolus-72e86d67ca|/printables/chibi/chibi-flowers-hellebore-553d11d863|/printables/chibi/chibi-flowers-hibiscus-b80e681042|/printables/chibi/chibi-flowers-hollyhock-0313fd46db|/printables/chibi/chibi-flowers-hyacinth-b6ec0b39a0|/printables/chibi/chibi-flowers-hydrangea-4006211b8f|/printables/chibi/chibi-flowers-iris-8596cfdf27|/printables/chibi/chibi-flowers-lavender-3615787499|/printables/chibi/chibi-flowers-lilac-9953280193|/printables/chibi/chibi-flowers-lisianthus-ea57ec7b45|/printables/chibi/chibi-flowers-magnolia-9a950712e4|/printables/chibi/chibi-flowers-maple-leaves-4833621ad6|/printables/chibi/chibi-flowers-marigold-2b8d06d32d|/printables/chibi/chibi-flowers-morning-glory-897f33fa6a|/printables/chibi/chibi-flowers-narcissus-dba9a26956|/printables/chibi/chibi-flowers-nasturtium-a1c5d549fc|/printables/chibi/chibi-flowers-osteospermum-3326120d08|/printables/chibi/chibi-flowers-passionflower-e07866578d|/printables/chibi/chibi-flowers-peony-3fd5e69555|/printables/chibi/chibi-flowers-petunia-5d200c0706|/printables/chibi/chibi-flowers-primrose-b9572e5e1d|/printables/chibi/chibi-flowers-protea-bbbcd4679a|/printables/chibi/chibi-flowers-protea-flower-girl-9726d28a48|/printables/chibi/chibi-flowers-queen-annes-lace-5d746f9947|/printables/chibi/chibi-flowers-ranunculus-a3503b585d|/printables/chibi/chibi-flowers-red-maple-c851da0487|/printables/chibi/chibi-flowers-rudbeckia-81baf793d2|/printables/chibi/chibi-flowers-sakura-f82b267e27|/printables/chibi/chibi-flowers-sakura-petals-74afd94e3c|/printables/chibi/chibi-flowers-salvia-3fb7f920b6|/printables/chibi/chibi-flowers-snapdragon-4c46e75844|/printables/chibi/chibi-flowers-snowdrop-860d5dd23a|/printables/chibi/chibi-flowers-sunflower-ac2919d4df|/printables/chibi/chibi-flowers-sweet-pea-5c18a82752|/printables/chibi/chibi-flowers-sweet-pea-girl-f6fee6fcf2|/printables/chibi/chibi-flowers-thistle-17f022f85b|/printables/chibi/chibi-flowers-tulip-af5661784b|/printables/chibi/chibi-flowers-wisteria-0f71605677|/printables/chibi/chibi-flowers-xeranthemum-8dcd6932f1|/printables/chibi/chibi-flowers-yucca-c2c7eb673a|/printables/chibi/chibi-flowers-zantedeschia-aa85f3bd10|/printables/chibi/chibi-flowers-zephyranthes-29bb3121bf|/printables/chibi/chibi-flowers-zinnia-e17b4b8ff1|/printables/chibi/chibi-holiday-halloween-tombstone-with-wilted-flowers-dbdec0dd78,true,retained standard terminology among records sharing verified context
visible_summary,A portrait chibi printable in the Kawaii collection.,63,/printables/chibi/chibi-flowers-anemone-kawaii-7a8c9bec9d|/printables/chibi/chibi-flowers-azalea-kawaii-2d8ee92155|/printables/chibi/chibi-flowers-bellflower-kawaii-6b0984705c|/printables/chibi/chibi-flowers-bleeding-hearts-kawaii-fad8899d50|/printables/chibi/chibi-flowers-calendula-kawaii-26d079a028|/printables/chibi/chibi-flowers-camellia-kawaii-979135336a|/printables/chibi/chibi-flowers-carnation-kawaii-ba15d39c17|/printables/chibi/chibi-flowers-celosia-kawaii-3bea704a5b|/printables/chibi/chibi-flowers-chrysanthemum-kawaii-d1c123c27b|/printables/chibi/chibi-flowers-columbine-kawaii-d22eafde7c|/printables/chibi/chibi-flowers-cornflower-kawaii-ce4a2e1bdf|/printables/chibi/chibi-flowers-cosmos-kawaii-f5b4464629|/printables/chibi/chibi-flowers-crocus-kawaii-908b17edf5|/printables/chibi/chibi-flowers-daffodil-kawaii-c6168d9eef|/printables/chibi/chibi-flowers-freesia-kawaii-016aec3d38|/printables/chibi/chibi-flowers-fuchsia-kawaii-4743a1b29b|/printables/chibi/chibi-flowers-fuchsia-kawaii-girl-e71e60066b|/printables/chibi/chibi-flowers-gaillardia-kawaii-7cdebeba6a|/printables/chibi/chibi-flowers-gazania-kawaii-fe20efd5d8|/printables/chibi/chibi-flowers-gerbera-kawaii-010b3bb082|/printables/chibi/chibi-flowers-gladiolus-kawaii-d416ec834e|/printables/chibi/chibi-flowers-hellebore-kawaii-0a820f30c0|/printables/chibi/chibi-flowers-hibiscus-kawaii-f08306ad5c|/printables/chibi/chibi-flowers-hollyhock-kawaii-a7e7716767|/printables/chibi/chibi-flowers-hyacinth-kawaii-cf3402830f|/printables/chibi/chibi-flowers-hydrangea-kawaii-04afc2c39b|/printables/chibi/chibi-flowers-iris-kawaii-01ded14151|/printables/chibi/chibi-flowers-kawaii-coneflower-94ce7ad43b|/printables/chibi/chibi-flowers-kawaii-protea-cd925409e4|/printables/chibi/chibi-flowers-kawaii-rudbeckia-119fcff044|/printables/chibi/chibi-flowers-kawaii-zephyranthes-97613d6aee|/printables/chibi/chibi-flowers-lavender-kawaii-2894aba713|/printables/chibi/chibi-flowers-liatris-kawaii-77bf22d13d|/printables/chibi/chibi-flowers-lilac-kawaii-72f241983f|/printables/chibi/chibi-flowers-lisianthus-kawaii-08b16258e0|/printables/chibi/chibi-flowers-magnolia-kawaii-1453b11308|/printables/chibi/chibi-flowers-marigold-kawaii-406affdb49|/printables/chibi/chibi-flowers-morning-glory-kawaii-a084f4c454|/printables/chibi/chibi-flowers-narcissus-kawaii-be0ed54dc9|/printables/chibi/chibi-flowers-nasturtium-kawaii-13efac2d5e|/printables/chibi/chibi-flowers-passionflower-kawaii-0ca8755322|/printables/chibi/chibi-flowers-peony-kawaii-64d419ec56|/printables/chibi/chibi-flowers-petunia-kawaii-4a23800e0b|/printables/chibi/chibi-flowers-primrose-kawaii-2b63385b3f|/printables/chibi/chibi-flowers-protea-kawaii-a402f55420|/printables/chibi/chibi-flowers-queen-annes-lace-kawaii-a224f28c8e|/printables/chibi/chibi-flowers-ranunculus-kawaii-e6d821f095|/printables/chibi/chibi-flowers-salvia-kawaii-39df3a268d|/printables/chibi/chibi-flowers-snowdrop-kawaii-cfbb970178|/printables/chibi/chibi-flowers-sunflower-kawaii-61ea71f5d8|/printables/chibi/chibi-flowers-sweet-pea-kawaii-e583e082b1|/printables/chibi/chibi-flowers-thistle-kawaii-d0fdd888b3|/printables/chibi/chibi-flowers-tulip-kawaii-1702662941|/printables/chibi/chibi-flowers-wisteria-kawaii-b5c71c0b49|/printables/chibi/chibi-flowers-xeranthemum-kawaii-d2f5673855|/printables/chibi/chibi-flowers-yarrow-kawaii-00a73bd106|/printables/chibi/chibi-flowers-yarrow-kawaii-girl-d760f916bb|/printables/chibi/chibi-flowers-yucca-kawaii-993bcef9bf|/printables/chibi/chibi-flowers-zantedeschia-kawaii-f13e8bac2a|/printables/chibi/chibi-flowers-zephyranthes-kawaii-0d0397afe6|/printables/chibi/chibi-holiday-halloween-cute-kawaii-halloween-characters-7d69f90252|/printables/chibi/chibi-mushroom-artists-conk-kawaii-e5ba88231b|/printables/chibi/chibi-plushie-kawaii-salamander-25e0d7ec1d,true,retained standard terminology among records sharing verified context
visible_summary,A portrait chibi printable in the Lily collection.,5,/printables/chibi/chibi-flowers-calla-lily-94920a8fca|/printables/chibi/chibi-flowers-calla-lily-kawaii-82a3b3f4e3|/printables/chibi/chibi-flowers-kawaii-calla-lily-748201306b|/printables/chibi/chibi-flowers-lily-551499878f|/printables/chibi/chibi-flowers-lily-kawaii-aed3de2c3c,true,retained standard terminology among records sharing verified context
visible_summary,A portrait chibi printable in the Daisy collection.,4,/printables/chibi/chibi-flowers-daisy-4e83fb3127|/printables/chibi/chibi-flowers-daisy-kawaii-94c5961825|/printables/chibi/chibi-flowers-paper-daisy-735e683ad4|/printables/chibi/chibi-flowers-paper-daisy-kawaii-14c5b1714c,true,retained standard terminology among records sharing verified context
visible_summary,A portrait chibi printable in the Forget-Me-Not collection.,3,/printables/chibi/chibi-flowers-forget-me-not-bc7c2e01c7|/printables/chibi/chibi-flowers-forget-me-not-kawaii-7f1650e53a|/printables/chibi/chibi-flowers-kawaii-forget-me-not-b6c86d0b57,true,retained standard terminology among records sharing verified context
visible_summary,A portrait chibi printable in the Poppy collection.,4,/printables/chibi/chibi-flowers-iceland-poppy-c450d66a03|/printables/chibi/chibi-flowers-iceland-poppy-kawaii-66fcbf16fb|/printables/chibi/chibi-flowers-poppy-69a7927d41|/printables/chibi/chibi-flowers-poppy-kawaii-3814cae262,true,retained standard terminology among records sharing verified context
visible_summary,A portrait chibi printable in the Lotus collection.,2,/printables/chibi/chibi-flowers-lotus-0d87de91bc|/printables/chibi/chibi-flowers-lotus-kawaii-0e0fa19a21,true,retained standard terminology among records sharing verified context
visible_summary,A portrait chibi printable in the Roses collection.,2,/printables/chibi/chibi-flowers-rose-286c51de98|/printables/chibi/chibi-flowers-rose-kawaii-debc262673,true,retained standard terminology among records sharing verified context
visible_summary,A portrait chibi printable in the Pegasus collection.,5,/printables/chibi/chibi-flying-pegasus-3b3b6b5009|/printables/chibi/chibi-midieval-fantasy-pegasus-234fbcf992|/printables/chibi/chibi-pegasus-1898443bae|/printables/chibi/chibi-plushie-pegasus-0ee225e1c3|/printables/chibi/chibi-samurai-pegasus-9b4b5ef8bb,true,retained standard terminology among records sharing verified context
visible_summary,A portrait chibi printable in the Unicorns collection.,4,/printables/chibi/chibi-flying-unicorn-c209c6b535|/printables/chibi/chibi-midieval-fantasy-unicorn-4034fb6294|/printables/chibi/chibi-unicorn-d5a9c0734f|/printables/chibi/fantasy-chibi-unicorn-sparkle-b6a8eb6d58,true,retained standard terminology among records sharing verified context
visible_summary,A portrait chibi printable in the Foxes collection.,2,/printables/chibi/chibi-fox-d49391e970|/printables/chibi/chibi-plushie-fennec-fox-3e3791b4fe,true,retained standard terminology among records sharing verified context
visible_summary,A portrait chibi printable in the Giraffes collection.,2,/printables/chibi/chibi-giraffe-c6736f0b51|/printables/chibi/chibi-plushie-giraffe-b73746824c,true,retained standard terminology among records sharing verified context
visible_summary,A portrait chibi printable in the Hedgehogs collection.,2,/printables/chibi/chibi-hedgehog-c1d0dca1fd|/printables/chibi/chibi-mushroom-hedgehog-tooth-da14bd7fc8,true,retained standard terminology among records sharing verified context
visible_summary,A portrait chibi printable in the Hippos collection.,2,/printables/chibi/chibi-hippo-24a67653c8|/printables/chibi/chibi-plushie-hippo-064988dd71,true,retained standard terminology among records sharing verified context
visible_summary,A portrait chibi printable in the Pumpkins collection.,16,/printables/animals/chibi-holiday-halloween-black-cat-peeking-out-of-pumpkin-c47ea723e5|/printables/chibi/chibi-holiday-halloween-ghost-peeking-from-pumpkin-55ab382228|/printables/chibi/chibi-holiday-halloween-market-stall-with-pumpkins-31885be148|/printables/chibi/chibi-holiday-halloween-happy-pumpkin-patch-scene-fa503c2b9a|/printables/chibi/chibi-holiday-halloween-jack-o-lantern-stack-of-three-pumpkins-a26d735941|/printables/chibi/chibi-holiday-halloween-pumpkin-carving-party-eb38dfff5d|/printables/chibi/chibi-holiday-halloween-pumpkin-patch-with-cornstalks-and-scarecrow-d7adf41e8e|/printables/chibi/chibi-holiday-halloween-pumpkin-patch-with-crows-flying-over-91ce03c1b2|/printables/chibi/chibi-holiday-halloween-pumpkin-patch-with-family-picking-pumpkins-01c2f0ce30|/printables/chibi/chibi-holiday-halloween-pumpkin-pie-and-spice-decor-scene-7d3c695c2b|/printables/chibi/chibi-holiday-halloween-scarecrow-guarding-pumpkin-field-e97953d8aa|/printables/chibi/chibi-holiday-halloween-trick-or-treat-children-with-pumpkin-bags-abe00661e0|/printables/chibi/chibi-holiday-halloween-trick-or-treat-doorstep-with-carved-pumpkins-764a39620c|/printables/chibi/chibi-holiday-halloween-zombie-walking-with-pumpkin-bucket-0d47fdf121|/printables/chibi/chibi-plushie-pumpkin-62940acc20|/printables/chibi/chibi-plushie-pumpkin-character-8f9949dc7c,true,retained standard terminology among records sharing verified context
visible_summary,A portrait chibi printable in the Witches collection.,10,/printables/chibi/chibi-holiday-halloween-ghost-riding-on-broom-with-witch-f62927f988|/printables/chibi/chibi-holiday-halloween-witch-cooking-potion-in-cauldron-7d050e8926|/printables/chibi/chibi-holiday-halloween-witch-cottage-in-forest-scene-c97fddfd8f|/printables/chibi/chibi-holiday-halloween-witch-flying-on-broomstick-across-moon-c631f661fc|/printables/chibi/chibi-holiday-halloween-witch-hat-and-potion-bottles-74c5898630|/printables/chibi/chibi-holiday-halloween-witch-reading-spellbook-near-cauldron-4c5f9d69ca|/printables/animals/chibi-holiday-halloween-witch-with-black-cat-on-shoulder-09368c189e|/printables/chibi/chibi-midieval-fantasy-witch-694ac651bd|/printables/chibi/chibi-mushroom-kawaii-witches-butter-2d8d60119c|/printables/chibi/chibi-mushroom-witches-butter-bd312b4045,true,retained standard terminology among records sharing verified context
visible_summary,A portrait chibi printable in the Houses collection.,5,/printables/buildings/chibi-holiday-halloween-haunted-house-c0eae7d121|/printables/buildings/chibi-holiday-halloween-haunted-house-on-hill-c7aba2cae1|/printables/buildings/chibi-holiday-halloween-haunted-house-on-hill-under-full-moon-6de4b2a74b|/printables/buildings/chibi-holiday-halloween-haunted-house-on-stilts-in-swamp-362fdd250c|/printables/buildings/chibi-holiday-halloween-haunted-house-with-broken-fence-c23ca248b8,true,retained standard terminology among records sharing verified context
visible_summary,A portrait chibi printable in the Forest collection.,5,/printables/chibi/chibi-holiday-halloween-spooky-forest-path-with-glowing-eyes-5063003da3|/printables/chibi/chibi-holiday-halloween-werewolf-in-forest-with-fireflies-eac93f03f5|/printables/chibi/chibi-midieval-fantasy-enchanted-forest-f436796253|/printables/chibi/chibi-mushroom-biolu-minescent-forest-scene-baeebb6f2b|/printables/chibi/fantasy-chibi-kitsune-forest-beec40385d,true,retained standard terminology among records sharing verified context
visible_summary,A portrait chibi printable in the Horses collection.,2,/printables/chibi/chibi-horse-6a67610f3f|/printables/chibi/chibi-plushie-horse-86da662270,true,retained standard terminology among records sharing verified context
visible_summary,A portrait chibi printable in the Koalas collection.,3,/printables/chibi/chibi-koala-0f127731fa|/printables/bears/chibi-plushie-koala-bear-683bc7db01|/printables/chibi/chibi-plushie-koala-joey-35e84d9388,true,retained standard terminology among records sharing verified context
visible_summary,A portrait chibi printable in the Megalodon collection.,2,/printables/animals/chibi-megalodon-tiger-shark-976f35ce44|/printables/chibi/chibi-plushie-prehistoric-megalodon-12d269ee5c,true,retained standard terminology among records sharing verified context
visible_summary,A portrait chibi printable in the Mermaids collection.,2,/printables/chibi/chibi-mermaid-03b5c990c8|/printables/chibi/chibi-plushie-mermaid-e5049743f6,true,retained standard terminology among records sharing verified context
visible_summary,A portrait chibi printable in the Medieval Fantasy collection.,20,/printables/chibi/chibi-midieval-fantasy-ancient-ruins-af5c9fe0a8|/printables/chibi/chibi-midieval-fantasy-basilisk-9aa4874ba1|/printables/chibi/chibi-midieval-fantasy-centaur-eed9718a81|/printables/chibi/chibi-midieval-fantasy-dragon-slayer-44eb09cef0|/printables/chibi/chibi-midieval-fantasy-druid-4f8f62cf4f|/printables/chibi/chibi-midieval-fantasy-dwarf-9484c117e0|/printables/chibi/chibi-midieval-fantasy-elf-bbd29f276e|/printables/chibi/chibi-midieval-fantasy-enchanted-armor-bbb71cceda|/printables/chibi/chibi-midieval-fantasy-goblin-41a3b6452b|/printables/chibi/chibi-midieval-fantasy-king-54b8e21267|/printables/chibi/chibi-midieval-fantasy-mage-b4b625a2e5|/printables/chibi/chibi-midieval-fantasy-necromancer-4a2469335a|/printables/chibi/chibi-midieval-fantasy-orc-f9cf7569a2|/printables/chibi/chibi-midieval-fantasy-prince-e5eb6156b8|/printables/chibi/chibi-midieval-fantasy-princess-7098f8a8b2|/printables/chibi/chibi-midieval-fantasy-queen-9dc34880c3|/printables/chibi/chibi-midieval-fantasy-stable-pony-5cecfe4758|/printables/chibi/chibi-midieval-fantasy-troll-e8f19faa96|/printables/chibi/chibi-midieval-fantasy-vampire-5ac1e09e2a|/printables/chibi/chibi-midieval-fantasy-werewolf-996a769caf,true,retained standard terminology among records sharing verified context
visible_summary,A portrait chibi printable in the Monkeys collection.,3,/printables/chibi/chibi-monkey-king-cc6ace13e5|/printables/chibi/chibi-monkey-king-clouds-ad04e8c11a|/printables/chibi/chibi-plushie-monkey-cf5d794769,true,retained standard terminology among records sharing verified context
visible_summary,A portrait chibi printable in the Mushrooms collection.,37,/printables/chibi/chibi-mushroom-artists-conk-painter-f66559f236|/printables/chibi/chibi-mushroom-black-trumpet-894ec6ddab|/printables/chibi/chibi-mushroom-bleeding-tooth-81089fcc88|/printables/chibi/chibi-mushroom-button-mushroom-6072e605d4|/printables/chibi/chibi-mushroom-chicken-of-the-woods-4c4a24ac1c|/printables/chibi/chibi-mushroom-coprinus-comatus-shaggy-mane-5cbf631455|/printables/chibi/chibi-mushroom-coral-fungus-3dc67a7396|/printables/chibi/chibi-mushroom-cremini-ba6fc52e0e|/printables/chibi/chibi-mushroom-earthstar-fungus-215ca4134d|/printables/chibi/chibi-mushroom-enoki-6bfdb2bd4b|/printables/chibi/chibi-mushroom-fly-agaric-amanita-2db4d90cf5|/printables/chibi/chibi-mushroom-friend-ce358f4b21|/printables/chibi/chibi-mushroom-ghost-fungus-glowing-eaca5ed377|/printables/chibi/chibi-mushroom-honey-fungus-cluster-0c0f1b8089|/printables/chibi/chibi-mushroom-horn-of-plenty-40e8943949|/printables/chibi/chibi-mushroom-inky-cap-a6975c8bea|/printables/chibi/chibi-mushroom-king-oyster-1edf35ed45|/printables/chibi/chibi-mushroom-maitake-hen-of-the-woods-8ba224720d|/printables/chibi/chibi-mushroom-morel-4b65f0e105|/printables/chibi/chibi-mushroom-mossy-log-with-mushrooms-2d117acbc1|/printables/chibi/chibi-mushroom-nameko-mushroom-892099aa0f|/printables/chibi/chibi-mushroom-oyster-mushroom-d514faae8e|/printables/chibi/chibi-mushroom-pine-mushroom-scene-37c1352e02|/printables/chibi/chibi-mushroom-porcini-5357dd49de|/printables/chibi/chibi-mushroom-portobello-a6b4fbd943|/printables/chibi/chibi-mushroom-puffball-giant-370648df2d|/printables/chibi/chibi-mushroom-reishi-ganoderma-9afa47e393|/printables/chibi/chibi-mushroom-shaggy-parasol-cd738eb2f7|/printables/chibi/chibi-mushroom-shiitake-1fb4234720|/printables/chibi/chibi-mushroom-snow-fungus-8762c0d0bf|/printables/chibi/chibi-mushroom-spore-print-pattern-38db84b879|/printables/chibi/chibi-mushroom-stinkhorn-fungus-8ef6dcbb80|/printables/chibi/chibi-mushroom-sulphur-shelf-9d6165645c|/printables/chibi/chibi-mushroom-turkey-tail-cd2674eaf3|/printables/chibi/chibi-mushroom-wood-ear-31646488a7|/printables/chibi/chibi-mushrooms-25389c3770|/printables/chibi/chibi-plushie-mushroom-character-a45701e795,true,retained standard terminology among records sharing verified context
visible_summary,A portrait chibi printable in the Pandas collection.,3,/printables/chibi/chibi-panda-2c93d273f3|/printables/bears/chibi-plushie-panda-bear-99b2188092|/printables/chibi/chibi-plushie-red-panda-26f7e27d79,true,retained standard terminology among records sharing verified context
visible_summary,A portrait chibi printable in the Plushie Dragons collection.,3,/printables/chibi/chibi-plushie-baby-dragon-088c244303|/printables/chibi/chibi-plushie-dragon-e8231d10ea|/printables/chibi/chibi-plushie-komodo-dragon-c393e03850,true,retained standard terminology among records sharing verified context
visible_summary,A portrait chibi printable in the Octopus collection.,2,/printables/animals/chibi-plushie-baby-octopus-d70c1e6cae|/printables/animals/chibi-plushie-octopus-8099052ba8,true,retained standard terminology among records sharing verified context
visible_summary,A portrait chibi printable in the Sheep collection.,2,/printables/chibi/chibi-plushie-bighorn-sheep-aad072c5db|/printables/chibi/chibi-sheep-39f7807597,true,retained standard terminology among records sharing verified context
visible_summary,A portrait chibi printable in the Plushie Whales collection.,5,/printables/animals/chibi-plushie-blue-whale-a89416a0fd|/printables/animals/chibi-plushie-humpback-whale-a7d7270711|/printables/animals/chibi-plushie-kawaii-blue-whale-564a15da70|/printables/animals/chibi-plushie-kawaii-humpback-whale-fd78201f5a|/printables/animals/chibi-plushie-whale-915a57e6ff,true,retained standard terminology among records sharing verified context
visible_summary,A portrait chibi printable in the Rabbits collection.,2,/printables/chibi/chibi-plushie-bunny-rabbit-10282745ac|/printables/chibi/chibi-rabbit-8efc380fb9,true,retained standard terminology among records sharing verified context
visible_summary,A portrait chibi printable in the Plushie Cats collection.,2,/printables/animals/chibi-plushie-kitten-cat-de2f96f241|/printables/animals/chibi-plushie-witch-cat-c1502079e4,true,retained standard terminology among records sharing verified context
visible_summary,A portrait chibi printable in the Otters collection.,2,/printables/chibi/chibi-plushie-otter-3b52aef11e|/printables/chibi/chibi-plushie-sea-otter-2044e68336,true,retained standard terminology among records sharing verified context
visible_summary,A portrait chibi printable in the Saber Toothed Tiger collection.,2,/printables/animals/chibi-plushie-prehistoric-saber-toothed-tiger-b1b54abff8|/printables/animals/chibi-saber-toothed-tiger-d449186160,true,retained standard terminology among records sharing verified context
visible_summary,A portrait chibi printable in the T-Rex collection.,2,/printables/animals/chibi-plushie-prehistoric-tyrannosaurus-rex-2f73f2fae2|/printables/animals/chibi-tyrannosaurus-rex-b621e67b87,true,retained standard terminology among records sharing verified context
visible_summary,A portrait chibi printable in the Velociraptors collection.,2,/printables/animals/chibi-plushie-prehistoric-velociraptor-00cb827257|/printables/animals/chibi-velociraptor-00720a5ba1,true,retained standard terminology among records sharing verified context
visible_summary,A portrait chibi printable in the Woolly Mammoth collection.,2,/printables/animals/chibi-plushie-prehistoric-woolly-mammoth-88facd460e|/printables/animals/chibi-woolly-mammoth-a06ffbc753,true,retained standard terminology among records sharing verified context
visible_summary,A portrait chibi printable in the Reindeer collection.,2,/printables/chibi/chibi-plushie-reindeer-471ae183de|/printables/chibi/chibi-plushie-reindeer-rudolph-7632633df0,true,retained standard terminology among records sharing verified context
visible_summary,A portrait chibi printable in the Turtles collection.,2,/printables/animals/chibi-plushie-sea-turtle-hatchling-5ca385e431|/printables/animals/chibi-plushie-turtle-f01d2fc6fa,true,retained standard terminology among records sharing verified context
visible_summary,A portrait chibi printable in the Sloths collection.,4,/printables/chibi/chibi-plushie-sloth-4d7ae744df|/printables/chibi/chibi-plushie-sloth-baby-2cf54e9851|/printables/chibi/chibi-sloth-75fbfde660|/printables/animals/chibi-sloth-animal-46a45a499b,true,retained standard terminology among records sharing verified context
visible_summary,A portrait chibi printable in the Tigers collection.,2,/printables/chibi/chibi-plushie-tiger-d61bd17544|/printables/chibi/chibi-tiger-5687e401c3,true,retained standard terminology among records sharing verified context
visible_summary,A portrait chibi printable in the Zebras collection.,2,/printables/chibi/chibi-plushie-zebra-effbdf9da3|/printables/chibi/chibi-zebra-e43f386fec,true,retained standard terminology among records sharing verified context
visible_summary,A portrait printable in the Houses collection with an explicit Christmas classification.,3,/printables/buildings/christmas-holiday-gingerbread-house-2e315f039b|/printables/buildings/holiday-christmas-village-with-snowy-houses-b297f1c694|/printables/buildings/holiday-christmas-gingerbread-house-decorated-with-candy-4648bc3409,true,retained standard terminology among records sharing verified context
visible_summary,A portrait printable in the Cats collection with an explicit Christmas classification.,3,/printables/animals/christmas-holiday-kitten-9c698f8609|/printables/animals/holiday-christmas-animals-cats-11d92160ab|/printables/animals/holiday-christmas-prehistoric-saber-toothed-cat-fb4edd81be,true,retained standard terminology among records sharing verified context
visible_summary,A portrait printable in the Rabbits collection with an explicit Christmas classification.,2,/printables/christmas/christmas-holiday-rabbit-750430115c|/printables/animals/holiday-christmas-animals-rabbits-47b4b58f22,true,retained standard terminology among records sharing verified context
visible_summary,A portrait printable in the Wolves collection with an explicit Christmas classification.,3,/printables/christmas/christmas-holiday-wolf-8a8eb7350b|/printables/animals/holiday-christmas-animals-wolves-c1dad8b598|/printables/christmas/holiday-christmas-prehistoric-dire-wolf-5ef5e18199,true,retained standard terminology among records sharing verified context
visible_summary,A portrait printable in the Bears collection with an explicit Christmas classification.,3,/printables/animals/holiday-christmas-animals-bears-be6558c950|/printables/animals/holiday-christmas-animals-polar-bears-d4241df54b|/printables/bears/holiday-christmas-polar-bears-wrapping-gifts-4adc12f31d,true,retained standard terminology among records sharing verified context
visible_summary,A portrait printable in the Dogs collection with an explicit Christmas classification.,28,/printables/animals/holiday-christmas-animals-dogs-604b134b4c|/printables/animals/holiday-christmas-animals-puppies-5bd309ca4e|/printables/animals/holiday-christmas-dogs-german-shepherd-5779fc20a7|/printables/animals/holiday-christmas-dogs-golden-retriever-554c5af22c|/printables/animals/holiday-christmas-dogs-labrador-retriever-bb150ed2c5|/printables/animals/holiday-christmas-dogs-australian-shepherd-324967ed9d|/printables/animals/holiday-christmas-dogs-beagle-2ecc7d9e3b|/printables/animals/holiday-christmas-dogs-bernese-mountain-dog-f52f5fba2b|/printables/animals/holiday-christmas-dogs-bichon-frise-172fd234c8|/printables/animals/holiday-christmas-dogs-cavalier-king-charles-spaniel-b1cfbaf153|/printables/animals/holiday-christmas-dogs-chihuahua-a255c3851c|/printables/animals/holiday-christmas-dogs-dachshund-f768dd0f94|/printables/animals/holiday-christmas-dogs-dalmatian-df72d9d77e|/printables/animals/holiday-christmas-dogs-great-dane-814c8ae86e|/printables/animals/holiday-christmas-dogs-maltese-928b7f9f2b|/printables/animals/holiday-christmas-dogs-miniature-schnauzer-e811ef9f19|/printables/animals/holiday-christmas-dogs-newfoundland-c9304d0172|/printables/animals/holiday-christmas-dogs-pembroke-welsh-corgi-e843264558|/printables/animals/holiday-christmas-dogs-pomeranian-ba2cacf763|/printables/animals/holiday-christmas-dogs-poodle-41efeefd24|/printables/animals/holiday-christmas-dogs-pug-80147a06e1|/printables/animals/holiday-christmas-dogs-rottweiler-f24c032ae6|/printables/animals/holiday-christmas-dogs-saint-bernard-5d79767bb9|/printables/animals/holiday-christmas-dogs-samoyed-405e8f4955|/printables/animals/holiday-christmas-dogs-shiba-inu-411b8b9034|/printables/animals/holiday-christmas-dogs-shih-tzu-06c9d4be78|/printables/animals/holiday-christmas-dogs-siberian-husky-2b77265bbf|/printables/animals/holiday-christmas-dogs-siberian-husky-puppies-98126e5b28,true,retained standard terminology among records sharing verified context
visible_summary,A portrait printable in the Foxes collection with an explicit Christmas classification.,2,/printables/animals/holiday-christmas-animals-foxes-a4773e1d23|/printables/animals/holiday-christmas-animals-kawaii-foxes-70f122f707,true,retained standard terminology among records sharing verified context
visible_summary,A portrait printable in the Penguins collection with an explicit Christmas classification.,3,/printables/animals/holiday-christmas-animals-penguins-9bccabdaf6|/printables/christmas/holiday-christmas-penguins-decorating-tree-in-snow-5c2ccd9a9b|/printables/christmas/holiday-christmas-snowman-hugging-small-penguin-friend-00540e278f,true,retained standard terminology among records sharing verified context
visible_summary,A portrait printable in the Animals collection with an explicit Christmas classification.,2,/printables/animals/holiday-christmas-animals-squirrels-0838f57211|/printables/animals/holiday-christmas-nativity-scene-with-manger-and-animals-33d01d460f,true,retained standard terminology among records sharing verified context
visible_summary,A portrait printable in the Trees collection with an explicit Christmas classification.,4,/printables/christmas/holiday-christmas-tree-lit-up-in-town-square-e11c99e6fb|/printables/christmas/holiday-christmas-tree-outdoor-with-snowfall-422c4414c2|/printables/christmas/holiday-christmas-tree-with-presents-underneath-84ffd8322d|/printables/christmas/holiday-christmas-tree-with-star-and-ornaments-63c2db51c5,true,retained standard terminology among records sharing verified context
visible_summary,A portrait printable in the Cookie collection with an explicit Christmas classification.,5,/printables/christmas/holiday-christmas-gingerbread-cookie-decorating-scene-19a6c72dea|/printables/christmas/holiday-christmas-gingerbread-cookie-family-in-snow-scene-5e8fe7c930|/printables/christmas/holiday-christmas-holiday-cookie-decorating-2dd968539b|/printables/christmas/holiday-christmas-holiday-cookie-decorating-with-kids-f5f66ac510|/printables/christmas/holiday-christmas-mrs-claus-baking-holiday-cookies-4843cecb87,true,retained standard terminology among records sharing verified context
visible_summary,A portrait printable in the Reindeer collection with an explicit Christmas classification.,3,/printables/christmas/holiday-christmas-reindeer-rudolph-with-red-nose-b8f43869bd|/printables/christmas/holiday-christmas-reindeer-team-pulling-sleigh-over-rooftops-d30dbfb71b|/printables/christmas/gardening-mushroom-reindeer-lichen-reindeer-gardener-christmas-284b794095,true,retained standard terminology among records sharing verified context
visible_summary,A portrait printable in the Dinosaurs collection.,43,/printables/animals/prehistoric-allosaurus-9787e7d0fd|/printables/animals/prehistoric-amphicyon-47e3f5008b|/printables/animals/prehistoric-andrewsarchus-d8747e8696|/printables/animals/prehistoric-archaeopteryx-0fed576d4a|/printables/animals/prehistoric-arsinoitherium-9433beaeb8|/printables/animals/prehistoric-brontotherium-74a7ae71dc|/printables/animals/prehistoric-camelops-4580f33017|/printables/animals/prehistoric-chalicothere-b876697c9f|/printables/animals/prehistoric-coelodonta-388a28edc0|/printables/animals/prehistoric-deinotherium-b4022672f5|/printables/animals/prehistoric-dimetrodon-669e21b259|/printables/animals/prehistoric-diprotodon-765022c883|/printables/animals/prehistoric-doedicurus-0b8b53a1d7|/printables/animals/prehistoric-dunkleosteus-9bb85c4328|/printables/animals/prehistoric-elasmotherium-9fc8e09003|/printables/animals/prehistoric-entelodont-31de96a1e8|/printables/animals/prehistoric-eremotherium-74e5353918|/printables/animals/prehistoric-extinction-fb644701eb|/printables/animals/prehistoric-fossils-4a0ab1f4d3|/printables/animals/prehistoric-glyptodon-e32f6d0e1d|/printables/animals/prehistoric-gomphothere-729ff490fa|/printables/animals/prehistoric-gorgonopsid-c2f876c4bb|/printables/animals/prehistoric-homotherium-7392936f53|/printables/animals/prehistoric-hyaenodon-8adfbff526|/printables/animals/prehistoric-irish-elk-68d3c2b380|/printables/animals/prehistoric-macrauchenia-394c748933|/printables/animals/prehistoric-mammut-americanum-2698e5a1a8|/printables/animals/prehistoric-mastodon-4ad3ce94c9|/printables/animals/prehistoric-megaladon-3df46b9d78|/printables/animals/prehistoric-megaloceros-2341fd5c92|/printables/animals/prehistoric-meganeura-97b64f487c|/printables/animals/prehistoric-megatherium-7953dc28ba|/printables/animals/prehistoric-paraceratherium-d763aeeddf|/printables/animals/prehistoric-platybelodon-c7d72418ef|/printables/animals/prehistoric-procoptodon-476cf19c31|/printables/animals/prehistoric-quetzalcoatlus-6ac9372a4e|/printables/animals/prehistoric-saber-toothed-63de3c7b82|/printables/animals/prehistoric-smilodon-7b8da57d8a|/printables/animals/prehistoric-spineosaurus-348fad6795|/printables/animals/prehistoric-thylacoleo-df4536cd20|/printables/animals/prehistoric-toxodon-9c69ac9732|/printables/animals/prehistoric-woolly-rhinoceros-a0c7501433|/printables/animals/mandala-geometry-patterns-prehistoric-fossils-dino-chimera-78bf57b3be,true,retained standard terminology among records sharing verified context
visible_summary,A portrait printable in the Diplodocus collection.,5,/printables/animals/prehistoric-diplodocus-9808941cbd|/printables/animals/prehistoric-diplodocus-happy-a17af9a68d|/printables/animals/mandala-geometry-patterns-prehistoric-diplodocus-419361fd46|/printables/animals/mandala-geometry-patterns-prehistoric-diplodocus-roaming-584a516986|/printables/animals/mandala-geometry-patterns-prehistoric-diplodocus-walking-6fdf44df40,true,retained standard terminology among records sharing verified context
visible_summary,A portrait printable in the Wolves collection.,13,/printables/animals/prehistoric-dire-wolf-825d92787d|/printables/fantasy/fantasy-barbarian-winter-wolf-74d520a2e6|/printables/fantasy/fantasy-barbarian-wolf-queen-b36bbf63b8|/printables/fantasy/fantasy-celestial-wolf-a74896dcc2|/printables/fantasy/fantasy-celestial-wolf-howling-26e31381b0|/printables/fantasy/fantasy-ember-wolf-9484a99032|/printables/fantasy/fantasy-female-barbarian-winter-wolf-df2060763f|/printables/fantasy/fantasy-ranger-wolf-pack-a882ba3049|/printables/fantasy/fantasy-wolf-howling-rune-circle-6deca2919d|/printables/fantasy/fantasy-wolf-rune-circle-cf1ba09b29|/printables/detailed-for-adults/mandala-geometry-patterns-prehistoric-dire-wolf-90dfef8677|/printables/detailed-for-adults/mandala-geometry-patterns-wolf-sitting-11771a32df|/printables/fantasy/midieval-fantasy-wolf-pack-ecbb847d49,true,retained standard terminology among records sharing verified context
visible_summary,A portrait printable in the Dodo collection.,2,/printables/animals/prehistoric-dodo-bird-396845907f|/printables/animals/mandala-geometry-patterns-prehistoric-dodo-bird-b31714da2e,true,retained standard terminology among records sharing verified context
visible_summary,A portrait printable in the Megalodon collection.,2,/printables/animals/prehistoric-megalodon-eea15266f6|/printables/detailed-for-adults/mandala-geometry-patterns-prehistoric-megalodon-905844cb15,true,retained standard terminology among records sharing verified context
visible_summary,A portrait printable in the Pteranodon collection.,2,/printables/animals/prehistoric-pteranodon-c8a7e33ffb|/printables/detailed-for-adults/mandala-geometry-patterns-prehistoric-pteranodon-d590ce1142,true,retained standard terminology among records sharing verified context
visible_summary,A portrait printable in the Velociraptors collection.,7,/printables/animals/prehistoric-raptor-1606a05c61|/printables/animals/prehistoric-velociraptor-e6905e5914|/printables/animals/prehistoric-velociraptor-gardening-22f1a3823e|/printables/animals/mandala-geometry-patterns-prehistoric-velociraptor-1587fa84b0|/printables/detailed-for-adults/mandala-geometry-patterns-vehicle-planes-lockheed-martin-f-22-raptor-f9e439a4b7|/printables/detailed-for-adults/mandala-geometry-patterns-vehicle-planes-lockheed-martin-f-22-raptor-0676466f36|/printables/cars/mandala-geometry-patterns-vehicle-cars-ford-f150-raptor-06b2bed764,true,retained standard terminology among records sharing verified context
visible_summary,A portrait printable in the Cats collection.,4,/printables/animals/prehistoric-saber-toothed-cat-74fdd0108a|/printables/animals/fantasy-cat-moon-guardian-28e6b21464|/printables/animals/mandala-geometry-patterns-kitten-d55934587b|/printables/animals/mandala-geometry-patterns-sushi-cat-shaped-onigiri-a336d3f931,true,retained standard terminology among records sharing verified context
visible_summary,A portrait printable in the Sloths collection.,3,/printables/animals/prehistoric-sloth-7b177bab51|/printables/detailed-for-adults/mandala-geometry-patterns-prehistoric-sloth-5e3345d557|/printables/detailed-for-adults/mandala-geometry-patterns-sloth-952346f26d,true,retained standard terminology among records sharing verified context
visible_summary,A portrait printable in the Stegosaurus collection.,3,/printables/animals/prehistoric-stegosaurus-2c4b0e049b|/printables/animals/prehistoric-stegosaurus-gardening-e653fa811d|/printables/animals/mandala-geometry-patterns-prehistoric-stegosaurus-2716eb5f12,true,retained standard terminology among records sharing verified context
visible_summary,A portrait printable in the Triceratops collection.,3,/printables/animals/prehistoric-triceratops-510ed1154f|/printables/animals/prehistoric-triceratops-gardening-0f1326f4eb|/printables/animals/mandala-geometry-patterns-prehistoric-triceratops-9fb344868e,true,retained standard terminology among records sharing verified context
visible_summary,A portrait printable in the T-Rex collection.,2,/printables/animals/prehistoric-tyrannosaurus-rex-09b81a2be5|/printables/animals/mandala-geometry-patterns-prehistoric-tyrannosaurus-rex-23ee4428c8,true,retained standard terminology among records sharing verified context
visible_summary,A portrait printable in the Woolly Mammoth collection.,3,/printables/animals/prehistoric-woolly-mammoth-a4fb9ca327|/printables/animals/prehistoric-woolly-mammoth-on-ice-6a53a5f3bd|/printables/animals/mandala-geometry-patterns-prehistoric-woolly-mammoth-277aa61772,true,retained standard terminology among records sharing verified context
visible_summary,A portrait printable in the Terrier collection.,5,/printables/animals/dogs-american-staffordshire-terrier-f16997ca25|/printables/animals/dogs-bull-terrier-fedf3a0c2d|/printables/animals/dogs-jack-russell-terrier-06260e578f|/printables/animals/dogs-staffordshire-bull-terrier-2e64ac1b6d|/printables/animals/dogs-toy-fox-terrier-5d2017710f,true,retained standard terminology among records sharing verified context
visible_summary,A portrait printable in the Collie collection.,3,/printables/animals/dogs-border-collie-901304e7d9|/printables/animals/dogs-border-collie-playing-ff795b9bb4|/printables/animals/dogs-collie-3e1963afc2,true,retained standard terminology among records sharing verified context
visible_summary,A portrait printable in the Bulldog collection.,2,/printables/animals/dogs-bulldog-05faf7f8dd|/printables/animals/dogs-french-bulldog-2814a49432,true,retained standard terminology among records sharing verified context
visible_summary,A portrait printable in the Fantasy collection.,208,/printables/fantasy/fantasy-abyss-wyrm-7a01eb3636|/printables/fantasy/fantasy-alchemist-explosion-mishap-dd83871e93|/printables/fantasy/fantasy-alchemist-potion-lab-8a8913ebf4|/printables/fantasy/fantasy-alchemist-rune-cauldron-09f58aa5ae|/printables/fantasy/fantasy-ancient-colossus-running-90ddfdb0af|/printables/fantasy/fantasy-ancient-grimoire-collection-8d8cea1169|/printables/fantasy/fantasy-ancient-grimoires-8d6e92451a|/printables/fantasy/fantasy-ancient-observatory-887e1ef7cd|/printables/fantasy/fantasy-ancient-spriggan-f4554be291|/printables/fantasy/fantasy-angry-chimera-lair-a15621aa3d|/printables/fantasy/fantasy-angry-ogre-camping-19c811e53b|/printables/animals/fantasy-animal-mage-fire-summon-bcb80754bb|/printables/fantasy/fantasy-arcane-crystals-88a1392381|/printables/fantasy/fantasy-arcane-crystals-growing-c2e7d5ad0f|/printables/fantasy/fantasy-arcane-elk-d58c6109da|/printables/fantasy/fantasy-arcane-fountain-475a55e9cb|/printables/fantasy/fantasy-arcane-lantern-55303ab81e|/printables/fantasy/fantasy-arcane-scrolls-31503472a5|/printables/fantasy/fantasy-arcane-sigil-bb4c286e2c|/printables/fantasy/fantasy-artifact-eldritch-heart-c3cd631039|/printables/fantasy/fantasy-artifact-moon-orb-08f413f4d4|/printables/fantasy/fantasy-artifact-runic-orb-bdbcebcfa8|/printables/fantasy/fantasy-artifact-storm-core-c0c2145699|/printables/fantasy/fantasy-artifact-sun-orb-ee546213e3|/printables/fantasy/fantasy-artificer-gear-workshop-947d9e6ca2|/printables/fantasy/fantasy-artificer-mech-golem-f1d7e3b102|/printables/fantasy/fantasy-barbarian-battle-axe-c420be4f88|/printables/fantasy/fantasy-barbarian-battle-charge-ad1242905f|/printables/fantasy/fantasy-barbarian-firecamp-ca39bc4f06|/printables/fantasy/fantasy-barbarian-storm-peak-4ec4ee7410|/printables/fantasy/fantasy-barbarian-war-drum-8972baa455|/printables/fantasy/fantasy-bard-camping-a46216c29b|/printables/fantasy/fantasy-bard-melody-40e17a2c51|/printables/fantasy/fantasy-bard-mystic-stage-e5563fed77|/printables/fantasy/fantasy-bard-rune-song-e646045251|/printables/fantasy/fantasy-bard-singing-65788e605e|/printables/fantasy/fantasy-bard-singing-tavern-19d36f4489|/printables/fantasy/fantasy-bard-wind-harp-386dd7380b|/printables/fantasy/fantasy-basilisk-cave-7a23fdf4fb|/printables/fantasy/fantasy-battle-harpy-cliffs-709218da62|/printables/fantasy/fantasy-berserker-battle-cry-e731a01307|/printables/fantasy/fantasy-berserker-frost-axe-2e7ce9f5ca|/printables/fantasy/fantasy-berserker-thunder-strike-6d4d540e65|/printables/fantasy/fantasy-camp-bard-singing-895e7168fc|/printables/fantasy/fantasy-cave-guardian-3b594710d6|/printables/fantasy/fantasy-cave-scale-guardian-2d961197ac|/printables/fantasy/fantasy-celestial-kirin-132dc0fde7|/printables/fantasy/fantasy-chimera-lair-03ddb896d6|/printables/fantasy/fantasy-cleric-healing-light-bb0764d0c3|/printables/fantasy/fantasy-cleric-holy-tome-0ed6c854ac|/printables/fantasy/fantasy-cleric-moon-blessing-2bf9fe093d|/printables/fantasy/fantasy-cleric-sun-disc-309ac94cff|/printables/fantasy/fantasy-cleric-water-sanctum-aa69283c56|/printables/fantasy/fantasy-clockwork-golem-f5d7e04de4|/printables/fantasy/fantasy-clockwork-stag-d07ce99cc8|/printables/fantasy/fantasy-crystal-cavern-eac8220972|/printables/fantasy/fantasy-crystal-golem-core-68e200644e|/printables/fantasy/fantasy-crystal-spire-d6a2c7d1dd|/printables/fantasy/fantasy-cursed-armor-589c26feb2|/printables/fantasy/fantasy-cyclops-forge-efc059c0a3|/printables/fantasy/fantasy-dwarf-forge-0eafecaa48|/printables/fantasy/fantasy-dwarf-hammer-forge-49f3106676|/printables/fantasy/fantasy-dwarf-miner-cart-3c2aa3da20|/printables/fantasy/fantasy-earth-golem-fighter-1a6254f195|/printables/fantasy/fantasy-eldritch-orb-1aa2bb2025|/printables/fantasy/fantasy-eldritch-orbs-d02b71eeb5|/printables/fantasy/fantasy-elf-crystal-mage-833187c9ab|/printables/fantasy/fantasy-elf-moon-archer-565c967253|/printables/fantasy/fantasy-elf-sun-swordsman-4d09831c4d|/printables/fantasy/fantasy-elven-archer-woods-771ec2ca36|/printables/fantasy/fantasy-ember-serpent-a3789fd811|/printables/fantasy/fantasy-ethereal-serpent-5b4fc5d805|/printables/fantasy/fantasy-ethereal-serpent-summon-8e1e1b0729|/printables/fantasy/fantasy-female-barbarian-mountain-roar-98a8a33230|/printables/fantasy/fantasy-fire-spirit-forge-038914f9d2|/printables/fantasy/fantasy-floating-archipelago-bf0624e39f|/printables/fantasy/fantasy-floating-fortress-5598390794|/printables/fantasy/fantasy-floating-island-2f451dc7d1|/printables/fantasy/fantasy-floating-islands-a341ca9769|/printables/fantasy/fantasy-ghost-haunted-hall-480aaf0b96|/printables/fantasy/fantasy-glade-guardian-spirit-a6479088a9|/printables/fantasy/fantasy-goblin-alchemist-8d6890642f|/printables/fantasy/fantasy-goblin-market-029c389777|/printables/fantasy/fantasy-goblin-merchant-a6328a9c88|/printables/fantasy/fantasy-goblin-miner-5823628dac|/printables/fantasy/fantasy-happy-light-spirit-shrine-d22bdef0a8|/printables/fantasy/fantasy-happy-moonlight-serpent-21e45ee356|/printables/fantasy/fantasy-harpies-efb1136683|/printables/fantasy/fantasy-harpy-cliffs-10f25f1d0a|/printables/fantasy/fantasy-hill-giant-feast-1c58205362|/printables/fantasy/fantasy-hill-giant-feasting-b0bbfe8efa|/printables/fantasy/fantasy-holy-stag-3606292d17|/printables/fantasy/fantasy-iron-golem-core-5ac5e91d5f|/printables/fantasy/fantasy-jungle-serpent-god-53aa6a69cd|/printables/fantasy/fantasy-lake-guardian-54b4c8609d|/printables/fantasy/fantasy-lake-naiad-9c2cea7555|/printables/fantasy/fantasy-lake-serpant-guardian-ee367e4567|/printables/fantasy/fantasy-lantern-wisp-b29589d7bf|/printables/fantasy/fantasy-legendary-cyclops-forge-51efddd56f|/printables/fantasy/fantasy-leviathan-riding-waves-02d5f152ba|/printables/fantasy/fantasy-leviathan-waves-c9e78a460a|/printables/fantasy/fantasy-lich-4a8f0abf50|/printables/fantasy/fantasy-light-spirit-shrine-623558d709|/printables/fantasy/fantasy-mage-arcane-burst-73e236402c|/printables/fantasy/fantasy-mage-crystal-staff-d615e65e3d|/printables/fantasy/fantasy-mage-floating-books-1d40801329|/printables/fantasy/fantasy-mage-ice-spell-7205982d1f|/printables/fantasy/fantasy-mage-rune-circle-74768d49e6|/printables/fantasy/fantasy-merfolk-city-c8143495e6|/printables/fantasy/fantasy-merfolk-city-under-water-112188da94|/printables/fantasy/fantasy-minotaur-maze-1ad4b46f39|/printables/fantasy/fantasy-monk-meditation-circle-495b334334|/printables/fantasy/fantasy-monk-stone-steps-6cca8418a1|/printables/fantasy/fantasy-monk-wind-strike-d7bdfd6309|/printables/fantasy/fantasy-moon-guardian-6687dd837a|/printables/fantasy/fantasy-moon-wisp-ddd4704a23|/printables/fantasy/fantasy-moonlight-serpent-b28d83989f|/printables/fantasy/fantasy-mountain-crystal-guardian-cdd4a9b6b4|/printables/fantasy/fantasy-mountain-giant-9d22f5b1ae|/printables/fantasy/fantasy-mountain-giant-exercising-6b1c875cd2|/printables/fantasy/fantasy-mountain-guardian-339bc727d7|/printables/fantasy/fantasy-naiad-38881a034d|/printables/fantasy/fantasy-necromancer-bone-army-e092d00779|/printables/fantasy/fantasy-necromancer-crypt-altar-08342e6e01|/printables/fantasy/fantasy-necromancer-soul-flame-fe34caeee0|/printables/fantasy/fantasy-night-sky-sanctum-5d66daf137|/printables/fantasy/fantasy-nightmare-steed-05fafcc31c|/printables/fantasy/fantasy-nymph-river-bloom-3185162c94|/printables/fantasy/fantasy-obelisk-runes-354bd49f9e|/printables/fantasy/fantasy-ogre-camp-217a7a373f|/printables/fantasy/fantasy-orc-camp-d89e2f9827|/printables/fantasy/fantasy-orc-war-chief-c1d5471103|/printables/fantasy/fantasy-paladin-angel-guard-df0da49424|/printables/fantasy/fantasy-paladin-hammer-guardian-969aa4398f|/printables/fantasy/fantasy-paladin-holy-aura-7aef0183ae|/printables/fantasy/fantasy-paladin-holy-hammer-ca275c23fa|/printables/fantasy/fantasy-paladin-light-aura-96b7e24a18|/printables/fantasy/fantasy-paladin-oath-circle-fed1c13da0|/printables/fantasy/fantasy-paladin-radiant-steed-1d8fbfea2d|/printables/fantasy/fantasy-paladin-sun-emblem-6a50af44a3|/printables/fantasy/fantasy-phantom-mirror-b3f34c0b31|/printables/fantasy/fantasy-poison-assassin-75c1af43b1|/printables/fantasy/fantasy-portal-gate-340a0b7e4b|/printables/fantasy/fantasy-portal-gate-teleporter-9472108e49|/printables/fantasy/fantasy-portal-mage-01553bcd03|/printables/fantasy/fantasy-ranger-cliff-scout-e56edbf883|/printables/fantasy/fantasy-ranger-elf-moonlit-woods-09a7ed55ad|/printables/fantasy/fantasy-ranger-moonlit-woods-b143eb58ca|/printables/fantasy/fantasy-ranger-scout-457ce9a343|/printables/fantasy/fantasy-rare-nightmare-steed-fe82547e6a|/printables/fantasy/fantasy-river-guardian-82f7693f64|/printables/fantasy/fantasy-river-naiad-8a9b3418f2|/printables/fantasy/fantasy-rogue-dagger-strike-821dabbf3e|/printables/fantasy/fantasy-rogue-lockpick-chest-bb64ff2185|/printables/fantasy/fantasy-rogue-magician-lockpicking-8aa80e22f1|/printables/fantasy/fantasy-rogue-night-market-c974e4fcc0|/printables/fantasy/fantasy-rogue-rune-poison-997593dc4f|/printables/fantasy/fantasy-rogue-shadow-alley-f5a4b54720|/printables/fantasy/fantasy-rogue-smoke-dodge-55a51e4451|/printables/fantasy/fantasy-ruins-forgotten-city-fac5dfa99b|/printables/fantasy/fantasy-rune-elk-667b57a8ef|/printables/fantasy/fantasy-rune-forge-7904b72f3c|/printables/fantasy/fantasy-rune-shield-sanctuary-8b7b9ae17d|/printables/fantasy/fantasy-rune-shield-summon-41c3a317c9|/printables/fantasy/fantasy-rune-stone-circle-390378c793|/printables/fantasy/fantasy-runebound-golem-196bef4008|/printables/fantasy/fantasy-runebound-golem-mech-1747daa34b|/printables/fantasy/fantasy-runebound-stone-golem-2dec074ea4|/printables/fantasy/fantasy-sand-wyrm-dunes-fd27143a00|/printables/fantasy/fantasy-satyr-dance-aad34fe46d|/printables/fantasy/fantasy-satyr-dancing-e3e530f939|/printables/fantasy/fantasy-scaled-serpant-basilisk-cave-95a3d7524f|/printables/fantasy/fantasy-scout-desert-camp-fd082e3328|/printables/fantasy/fantasy-scout-jungle-hunt-006c2853eb|/printables/fantasy/fantasy-scout-ruins-map-ca792b4ef3|/printables/fantasy/fantasy-sea-serpent-e0c4dffa83|/printables/fantasy/fantasy-sea-serpent-swimming-8e5c5d9bf5|/printables/fantasy/fantasy-shadow-assassin-9992775ee6|/printables/fantasy/fantasy-shadow-guardian-ac6c4c5553|/printables/fantasy/fantasy-shadow-mage-dc444aee6d|/printables/fantasy/fantasy-shadow-wraith-catacombs-7aef5b78c9|/printables/fantasy/fantasy-siren-lagoon-b7c1479b9d|/printables/fantasy/fantasy-sky-guardian-b450adae23|/printables/fantasy/fantasy-sorceress-ice-circle-4867fd0117|/printables/fantasy/fantasy-sorceress-shadow-ring-43059f023a|/printables/fantasy/fantasy-spellbook-arcane-a98eaceb92|/printables/fantasy/fantasy-spellbook-arcane-summon-991d65093b|/printables/fantasy/fantasy-sphinx-riddle-f676ba87db|/printables/fantasy/fantasy-sphinx-riddler-7b2215f2f7|/printables/fantasy/fantasy-spiritual-arcane-fountain-24c4589125|/printables/fantasy/fantasy-stone-giant-peak-8a40f6ecb8|/printables/fantasy/fantasy-stone-guard-giant-peak-b8bb17ae47|/printables/fantasy/fantasy-storm-rider-02fde697bd|/printables/fantasy/fantasy-sun-guardian-2306338dae|/printables/fantasy/fantasy-sun-wisp-983012679e|/printables/fantasy/fantasy-sunrise-guardian-ae2b2bdc0d|/printables/fantasy/fantasy-thief-alley-ambush-552b1bcc79|/printables/fantasy/fantasy-thief-dagger-strike-35584127ad|/printables/fantasy/fantasy-thief-smoke-dodge-7b6a8ffa1f|/printables/fantasy/fantasy-volcanic-wyrm-89b89262c1|/printables/fantasy/fantasy-warlock-demon-pact-651527d91a|/printables/fantasy/fantasy-warlock-shadow-circle-79ee020f02|/printables/fantasy/fantasy-warlock-void-familiar-7b63c2137f|/printables/fantasy/fantasy-water-nymph-affaccb23c|/printables/fantasy/fantasy-water-nymph-stream-988cde0769|/printables/fantasy/fantasy-werewolf-howl-a4bef761ef|/printables/fantasy/fantasy-wind-elemental-air-powers-fdc70b1f2a|/printables/fantasy/fantasy-wind-elemental-sky-912b45c990,true,retained standard terminology among records sharing verified context
visible_summary,A portrait printable in the Ocean collection.,98,/printables/fantasy/fantasy-ancient-kraken-ocean-depths-8a45e5be89|/printables/fantasy/fantasy-creatures-leviathan-ocean-depths-6b0420bddb|/printables/fantasy/fantasy-kraken-ocean-depths-6a95eda3f4|/printables/fantasy/fantasy-ocean-colossus-81cb10e5f9|/printables/fantasy/fantasy-ocean-reef-spirits-16b362a052|/printables/fantasy/fantasy-ocean-spirits-reef-ddb9548b5c|/printables/animals/sea-life-abalone-91d33c9740|/printables/animals/sea-life-anchovy-fcfba9f14d|/printables/animals/sea-life-anemone-with-clownfish-8c6f9bb032|/printables/animals/sea-life-angelfish-49e6e4806c|/printables/animals/sea-life-angelfish-swimming-in-reef-95e70aed68|/printables/animals/sea-life-axolotl-aquatic-salamander-c9adc60ccd|/printables/animals/sea-life-barracuda-3904b9eade|/printables/animals/sea-life-blowfish-b5305b987f|/printables/animals/sea-life-box-jellyfish-c2997adc54|/printables/animals/sea-life-butterflyfish-e46bea3989|/printables/animals/sea-life-butterflyfish-pair-in-reef-81d7feea1f|/printables/animals/sea-life-cartoon-sea-shell-8da9465263|/printables/animals/sea-life-cartoon-sea-urchin-b67b36c318|/printables/animals/sea-life-clam-955007d0d8|/printables/animals/sea-life-clownfish-pair-in-sea-anemone-ff8430fea7|/printables/animals/sea-life-cod-daa5c39784|/printables/animals/sea-life-cutlassfish-323af00ec0|/printables/animals/sea-life-cuttlefish-ab42eff13b|/printables/animals/sea-life-cuttlefish-changing-colors-9df2ab701e|/printables/animals/sea-life-damselfish-a54b32593f|/printables/animals/sea-life-damselfish-school-near-coral-51d1188271|/printables/animals/sea-life-dugong-near-mangrove-shore-31ef268609|/printables/animals/sea-life-eel-771063335b|/printables/animals/sea-life-eel-moray-hiding-in-rock-hole-6caf3ad31a|/printables/animals/sea-life-electric-eel-underwater-current-092a229fd5|/printables/animals/sea-life-flounder-c3f4d8cff2|/printables/animals/sea-life-giant-koi-in-garden-pond-1e7413d0db|/printables/animals/sea-life-giant-squid-dd083ba1ff|/printables/animals/sea-life-giant-squid-wrapping-tentacles-2a57de072a|/printables/animals/sea-life-goby-0a5c17d395|/printables/animals/sea-life-goby-on-coral-branch-2471cc90b1|/printables/animals/sea-life-goldfish-in-pond-lilypads-af806e9dc6|/printables/animals/sea-life-green-moray-90b731629b|/printables/animals/sea-life-grouper-e0060593ed|/printables/animals/sea-life-haddock-c0bf4cee8a|/printables/animals/sea-life-halibut-7b0b443165|/printables/animals/sea-life-jellyfish-ef807e50af|/printables/animals/sea-life-jellyfish-floating-underwater-827d51a134|/printables/animals/sea-life-koi-44a215120d|/printables/animals/sea-life-lionfish-e953cee48c|/printables/animals/sea-life-lionfish-spiky-fins-warning-04f8952709|/printables/animals/sea-life-lobster-a3a838c932|/printables/animals/sea-life-lobster-in-crevice-187615c2cb|/printables/animals/sea-life-mackerel-a11ac15cb9|/printables/animals/sea-life-manatee-e40b8370fc|/printables/animals/sea-life-manatee-grazing-on-seagrass-37e06b9d91|/printables/animals/sea-life-manta-ray-ab20b82cf9|/printables/animals/sea-life-manta-ray-leaping-above-water-1772a626be|/printables/animals/sea-life-mantis-shrimp-colorful-claws-e729ed3d99|/printables/animals/sea-life-marlin-cd3ee1a6c5|/printables/animals/sea-life-moray-eel-bc9c65fd4c|/printables/animals/sea-life-narwhal-54ff0fef0c|/printables/animals/sea-life-narwhal-with-long-tusk-0571ddbf6e|/printables/animals/sea-life-needlefish-e382586faa|/printables/animals/sea-life-oarfish-fb4ff125e4|/printables/animals/sea-life-orca-c00c8538a3|/printables/animals/sea-life-oyster-dd280d8acb|/printables/animals/sea-life-parrotfish-de861ce0da|/printables/animals/sea-life-parrotfish-nibbling-on-coral-b2925b69ba|/printables/animals/sea-life-pipefish-slender-in-reef-559d0456c1|/printables/animals/sea-life-pufferfish-8d026cf2b8|/printables/animals/sea-life-pufferfish-inflated-defense-mode-6d3789f5f7|/printables/animals/sea-life-queen-angelfish-0431902275|/printables/animals/sea-life-ray-d2851b7889|/printables/animals/sea-life-sailfish-c083739651|/printables/animals/sea-life-sand-dollar-on-seabed-f84bf7f1cd|/printables/animals/sea-life-sardine-463c142eb9|/printables/animals/sea-life-scallop-789ca7985b|/printables/animals/sea-life-school-of-butterflyfish-3790e629f2|/printables/animals/sea-life-school-of-koi-in-garden-pond-e1980eaa9b|/printables/animals/sea-life-sea-anemone-90a7758b0d|/printables/animals/sea-life-sea-dragon-leafy-camouflage-c2259a6dc0|/printables/animals/sea-life-sea-slug-5522a70c8d|/printables/animals/sea-life-sea-urchin-5cfd70fa3c|/printables/animals/sea-life-seahorse-68c5e339a2|/printables/animals/sea-life-seahorse-in-seagrass-bed-554ce7d9fc|/printables/animals/sea-life-seal-19563245a7|/printables/animals/sea-life-seal-resting-on-iceberg-7cd476e550|/printables/animals/sea-life-shrimp-a35c61991f|/printables/animals/sea-life-shrimp-cleaner-shrimp-on-coral-a56f2e98c6|/printables/animals/sea-life-skate-e0bf36bd90|/printables/animals/sea-life-squid-34d6c48ae9|/printables/animals/sea-life-starfish-39bc0566ee|/printables/animals/sea-life-starfish-on-ocean-floor-cfbfffe6e4|/printables/animals/sea-life-stingray-d46e9efa0a|/printables/animals/sea-life-stingray-gliding-along-seabed-7683a23198|/printables/animals/sea-life-surgeonfish-5954eb8069|/printables/animals/sea-life-swordfish-543567e878|/printables/animals/sea-life-triggerfish-f69e6a1b61|/printables/animals/sea-life-tuna-0303a5dafd|/printables/animals/sea-life-walrus-8b76d580b9|/printables/animals/sea-life-walrus-with-long-tusks-on-ice-adffdb8245,true,retained standard terminology among records sharing verified context
visible_summary,A portrait printable in the Fantasy Dragons collection.,45,/printables/dragons/fantasy-angry-volcano-dragon-2d2fb81a98|/printables/dragons/fantasy-artificer-clockwork-dragon-50a90d2c07|/printables/dragons/fantasy-celestial-dragon-db3cf87534|/printables/dragons/fantasy-celestial-dragon-flying-e50b2c2113|/printables/dragons/fantasy-creatures-crystal-dragon-0910ef39dd|/printables/dragons/fantasy-creatures-dragon-3d2c737c54|/printables/dragons/fantasy-creatures-dragon-hatchling-395c8d6048|/printables/dragons/fantasy-creatures-undead-dragon-6b5fab566c|/printables/dragons/fantasy-crystal-dragon-81382b77ca|/printables/dragons/fantasy-crystal-dragon-realm-28f7eff6b4|/printables/dragons/fantasy-dragon-guardian-80790438a0|/printables/dragons/fantasy-dragon-mech-37871bc1b5|/printables/dragons/fantasy-dragon-mountain-d84c048093|/printables/dragons/fantasy-dragon-resting-on-mountain-6f47884517|/printables/dragons/fantasy-dragon-river-guardian-66167228c1|/printables/dragons/fantasy-dragon-treasure-guardian-84a8f35529|/printables/dragons/fantasy-earth-dragon-burrow-a9e46db10c|/printables/dragons/fantasy-ice-dragon-cavern-98ef81fd22|/printables/dragons/fantasy-ice-dragon-crystal-cavern-ab3322295b|/printables/dragons/fantasy-light-dragon-2c6e7c8730|/printables/dragons/fantasy-light-dragon-sanctum-fe47661b02|/printables/dragons/fantasy-majestic-light-dragon-2a6c247ddf|/printables/dragons/fantasy-monk-dragon-style-c9ca8dbbf0|/printables/dragons/fantasy-mythology-dragons-earth-dragon-fb5e112409|/printables/dragons/fantasy-mythology-dragons-fire-dragon-e3c7d3b9f1|/printables/dragons/fantasy-mythology-dragons-ice-dragon-03ed3e1240|/printables/dragons/fantasy-mythology-dragons-lava-dragon-135143c1e7|/printables/dragons/fantasy-mythology-dragons-lightning-dragon-d7232583d5|/printables/dragons/fantasy-mythology-dragons-wind-dragon-626b7a5c16|/printables/buildings/fantasy-ruins-ancient-temple-dragon-guard-0147add711|/printables/dragons/fantasy-ruins-dragon-throne-b293c83a41|/printables/dragons/fantasy-shadow-dragon-deadly-crypt-cefd581fee|/printables/buildings/fantasy-sky-dragon-temple-guard-47fd851314|/printables/dragons/fantasy-starborn-celestial-dragon-2cc7683859|/printables/dragons/fantasy-starborn-dragon-8f7a5c3bea|/printables/dragons/fantasy-storm-dragon-raging-502f5f1261|/printables/dragons/fantasy-volcano-dragon-b778837c60|/printables/dragons/midieval-fantasy-dragon-1a7697a3b2|/printables/dragons/midieval-fantasy-dragon-hoard-c360706294|/printables/dragons/midieval-fantasy-dragon-rider-350d21ceff|/printables/dragons/midieval-fantasy-dragon-scale-armor-26c1c19b9f|/printables/dragons/midieval-fantasy-dragon-skull-gate-942845f67a|/printables/dragons/midieval-fantasy-dragon-slayer-a126994e77|/printables/dragons/midieval-fantasy-volcanic-dragon-hoarding-gold-6df50897b0|/printables/dragons/midieval-fantasy-volcanic-dragon-lair-56dff4ad6c,true,retained standard terminology among records sharing verified context
visible_summary,A portrait printable in the Foxes collection.,5,/printables/animals/fantasy-animal-fox-rogue-night-market-5073be9dee|/printables/fantasy/fantasy-celestial-fox-71598c8013|/printables/fantasy/fantasy-crystal-fox-e84ba3b7b0|/printables/fantasy/fantasy-crystal-island-celestial-fox-94fc41552c|/printables/fantasy/fantasy-mushroom-village-little-fox-0ea98d8d42,true,retained standard terminology among records sharing verified context
visible_summary,A portrait printable in the Wizards collection.,19,/printables/animals/fantasy-animal-fox-sorcerer-magic-storm-a97eebae96|/printables/fantasy/fantasy-creatures-dark-wizard-773a43f90e|/printables/fantasy/fantasy-creatures-wizard-8a8668b51a|/printables/fantasy/fantasy-dark-sorcerer-void-gate-ff7080e573|/printables/fantasy/fantasy-sorcerer-arcane-sorcery-aaae154c3e|/printables/fantasy/fantasy-sorcerer-arcane-veil-00c5a0a998|/printables/fantasy/fantasy-sorcerer-bone-familiar-bffd3c9e50|/printables/fantasy/fantasy-sorcerer-eldritch-orb-177434f718|/printables/fantasy/fantasy-sorcerer-magic-storm-423d46ba5f|/printables/fantasy/fantasy-sorcerer-shadow-flame-8945818ea3|/printables/fantasy/fantasy-sorcerer-summon-bone-familiar-168c8e4c5a|/printables/fantasy/fantasy-sorcerer-tower-fd3f42dba3|/printables/fantasy/fantasy-sorcerer-void-gate-59205d61b2|/printables/fantasy/fantasy-wizard-planetarium-f2d65b45f4|/printables/fantasy/fantasy-wizard-tower-library-bbf0f2f24d|/printables/fantasy/midieval-fantasy-sorcerer-351c7e51af|/printables/fantasy/midieval-fantasy-sorcerer-spellbook-93725ad5ae|/printables/fantasy/midieval-fantasy-wizard-3607af7b5a|/printables/fantasy/midieval-fantasy-wizard-tower-f28a090754,true,retained standard terminology among records sharing verified context
visible_summary,A portrait printable in the Bridges collection.,19,/printables/bridges/fantasy-astral-bridge-0e1de7f2cc|/printables/bridges/fantasy-creatures-troll-bridge-bcdeff6f1e|/printables/bridges/fantasy-troll-bridge-e39a6b7e65|/printables/bridges/homes-treehouse-with-rope-bridge-c35de5fd36|/printables/bridges/mandala-geometry-patterns-japan-japanese-bridge-7b16ebebde|/printables/bridges/mandala-geometry-patterns-sushi-japanese-bridge-restaurant-view-352733f972|/printables/bridges/mandala-geometry-patterns-trains-locomotives-electric-light-rail-train-deb046a5d2|/printables/bridges/mandala-geometry-patterns-trains-locomotives-excursion-train-crossing-00002da099|/printables/bridges/mandala-geometry-patterns-trains-locomotives-high-speed-bullet-train-130d98c162|/printables/bridges/mandala-geometry-patterns-trains-locomotives-intercity-passenger-train-2b48d7893e|/printables/bridges/mandala-geometry-patterns-trains-locomotives-railway-bridge-over-river-20aaf431d4|/printables/bridges/mandala-geometry-patterns-trains-locomotives-train-passing-over-long-b6b87eb7c0|/printables/bridges/mandala-geometry-patterns-trains-locomotives-train-passing-over-viaduct-33a77a8607|/printables/bridges/mandala-geometry-patterns-trains-locomotives-tram-streetcar-crossing-e8e3c0e2c8|/printables/bridges/midieval-fantasy-ancient-bridge-0d9f15fd56|/printables/bridges/midieval-fantasy-castle-bridge-a89537bcb3|/printables/bridges/midieval-fantasy-lava-bridge-426bb983fd|/printables/bridges/world-landmarks-golden-gate-bridge-4903581f52|/printables/bridges/world-landmarks-tower-bridge-8d5880dd64,true,retained standard terminology among records sharing verified context
visible_summary,A portrait printable in the Pegasus collection.,13,/printables/fantasy/fantasy-astral-pegasus-caa99a19ba|/printables/fantasy/fantasy-astral-star-pegasus-f1a8dfdaf4|/printables/fantasy/fantasy-creatures-pegasus-52d7fd9cab|/printables/fantasy/fantasy-creatures-pegasus-flight-f054d45f27|/printables/fantasy/fantasy-pegasus-dream-valley-f2bb873460|/printables/fantasy/fantasy-pegasus-flight-a9b1693f42|/printables/fantasy/fantasy-pegasus-flying-82816f898e|/printables/fantasy/fantasy-pegasus-rainbow-ridge-bf70a41d1f|/printables/fantasy/fantasy-pegasus-snow-peak-9716950509|/printables/detailed-for-adults/mandala-geometry-patterns-vehicle-planes-kc-46-pegasus-fcc7a92159|/printables/fantasy/midieval-fantasy-pegasus-5995f8d902|/printables/fantasy/midieval-fantasy-pegasus-flight-21ee70c571|/printables/fantasy/mythology-pegasus-187481c7cf,true,retained standard terminology among records sharing verified context
visible_summary,A portrait printable in the Forest collection.,39,/printables/fantasy/fantasy-bard-forest-melody-0a0212ec64|/printables/fantasy/fantasy-cleric-forest-shrine-5a364af565|/printables/fantasy/fantasy-creatures-dryad-forest-b61d2f93bc|/printables/fantasy/fantasy-creatures-forest-spirit-9747e67304|/printables/fantasy/fantasy-elemental-forest-guardian-50bb58f904|/printables/fantasy/fantasy-elf-forest-rider-8771d25b0f|/printables/fantasy/fantasy-fawn-forest-path-45d00b8620|/printables/fantasy/fantasy-forest-colossus-d6b210656e|/printables/fantasy/fantasy-forest-fawn-9286741575|/printables/fantasy/fantasy-forest-giant-eac1d7f3ba|/printables/fantasy/fantasy-forest-glade-portal-4222f97948|/printables/fantasy/fantasy-forest-guardian-89dfca517c|/printables/fantasy/fantasy-forest-kitsune-50fb018177|/printables/fantasy/fantasy-forest-mage-3e710d6988|/printables/fantasy/fantasy-forest-nymph-hollow-2f8f17a2ac|/printables/fantasy/fantasy-forest-portal-glade-daa4e565d6|/printables/fantasy/fantasy-forest-spirit-e9d876f48b|/printables/fantasy/fantasy-forest-sprite-dance-ee0523077c|/printables/fantasy/fantasy-forest-sprite-dancing-0ec7ef76fb|/printables/fantasy/fantasy-forest-wisp-trail-3186c72c82|/printables/fantasy/fantasy-forest-wisps-1e561dfa5b|/printables/fantasy/fantasy-friendly-forest-spirit-eea7d0cd85|/printables/fantasy/fantasy-giant-forest-trek-176a653cdf|/printables/fantasy/fantasy-ranger-forest-hunt-1eca4c2d96|/printables/fantasy/fantasy-ranger-forest-hunt-bow-drawn-6175ec1d31|/printables/fantasy/fantasy-stag-forest-guardian-f255e91906|/printables/fantasy/fantasy-werewolf-forest-run-f13cab8b58|/printables/forest/gardening-mushroom-biolu-minescent-forest-scene-abf83c6370|/printables/animals/insects-centipede-in-forest-87a092f45c|/printables/animals/insects-fly-forest-fire-31e839e190|/printables/detailed-for-adults/mandala-geometry-patterns-cave-entrance-in-forest-d227b33e76|/printables/detailed-for-adults/mandala-geometry-patterns-mushroom-biolu-minescent-forest-scene-8c68719b84|/printables/fantasy/midieval-fantasy-centaur-forest-archer-df8ec8f64d|/printables/fantasy/midieval-fantasy-dryad-forest-spirit-8cf238aac1|/printables/fantasy/midieval-fantasy-enchanted-forest-cc76300dea|/printables/fantasy/midieval-fantasy-forest-ambush-7a5234cabd|/printables/fantasy/midieval-fantasy-forest-centaur-8e585f490f|/printables/fantasy/midieval-fantasy-haunted-forest-fa3fb763e9|/printables/animals/reptiles-salamander-on-forest-floor-aa538ff384,true,retained standard terminology among records sharing verified context
visible_summary,A portrait printable in the Magic collection.,20,/printables/fantasy/fantasy-bard-lute-magic-aaa17bf5cc|/printables/fantasy/fantasy-magic-cauldron-2316b2c784|/printables/fantasy/fantasy-magic-fire-spirit-forge-1719b08650|/printables/fantasy/fantasy-magic-forest-nymph-hollow-2bf4c3afe5|/printables/fantasy/fantasy-magic-fountain-water-tome-25b95964c0|/printables/fantasy/fantasy-magic-mirror-gate-4606f69aba|/printables/fantasy/fantasy-magic-portal-29e8f11e8f|/printables/fantasy/fantasy-magic-portal-spell-book-1639eb1c99|/printables/fantasy/fantasy-magic-river-ba53d9cef8|/printables/fantasy/fantasy-magic-river-flowing-fdb38296ae|/printables/fantasy/fantasy-magic-runestones-de83bb5fe7|/printables/fantasy/fantasy-magic-sword-on-pedestal-5251222f7c|/printables/fantasy/fantasy-magic-sword-pedestal-d543d1d70e|/printables/fantasy/fantasy-serpent-magic-flaming-pool-c0d15f7d28|/printables/fantasy/fantasy-serpent-magic-pool-1ed0ff14e2|/printables/easy/gardening-mushroom-magic-forest-mushroom-cartoon-e3e9e99920|/printables/detailed-for-adults/mandala-geometry-patterns-mushroom-magic-forest-mushroom-cartoon-04cf5e1b11|/printables/fantasy/midieval-fantasy-magic-crystal-orb-8f7701faa8|/printables/fantasy/midieval-fantasy-magic-portal-b499a6fad5|/printables/fantasy/midieval-fantasy-magic-scrolls-999c238f6e,true,retained standard terminology among records sharing verified context
visible_summary,A portrait printable in the Buildings collection.,10,/printables/buildings/fantasy-celestial-temple-3cfd13faa5|/printables/buildings/fantasy-monk-temple-garden-778021fcc8|/printables/buildings/fantasy-paladin-temple-guardian-3a0a6a9ded|/printables/buildings/fantasy-ruins-ancient-temple-0bf75a3646|/printables/buildings/fantasy-ruins-sky-temple-40e95663e1|/printables/buildings/fantasy-temple-guardian-abfad825fb|/printables/buildings/fantasy-temple-mythology-460ed84e4e|/printables/animals/insects-wasp-building-nest-cddadd24cd|/printables/buildings/mandala-geometry-patterns-japan-buddhist-temple-c9359b333f|/printables/buildings/mandala-geometry-patterns-japan-winter-snow-at-temple-94fe883526,true,retained standard terminology among records sharing verified context
visible_summary,A portrait printable in the Fantasy Creatures collection.,60,/printables/fantasy/fantasy-centaur-hunt-f7987d1033|/printables/fantasy/fantasy-centaur-huntress-31d679a0d3|/printables/fantasy/fantasy-centaur-starlit-field-16d9c7ca60|/printables/fantasy/fantasy-creatures-banshee-mist-4b9702ab40|/printables/fantasy/fantasy-creatures-basilisk-8210607aef|/printables/fantasy/fantasy-creatures-centaur-98c12013d2|/printables/fantasy/fantasy-creatures-centaur-archer-906c4fd1a5|/printables/fantasy/fantasy-creatures-chimera-f75d9f22a7|/printables/fantasy/fantasy-creatures-chimera-cliff-d7c2c2f6b4|/printables/fantasy/fantasy-creatures-cockatrice-nest-eb62ef98e5|/printables/fantasy/fantasy-creatures-drake-horde-9822e4d1dc|/printables/fantasy/fantasy-creatures-earth-elemental-080ab30b84|/printables/fantasy/fantasy-creatures-elf-79bd85d381|/printables/fantasy/fantasy-creatures-fire-elemental-8e6d8eeef3|/printables/fantasy/fantasy-creatures-frost-giant-66418ddb29|/printables/fantasy/fantasy-creatures-gargoyle-c1b5c0b51f|/printables/fantasy/fantasy-creatures-gargoyle-tower-91875c1695|/printables/fantasy/fantasy-creatures-gnome-7361c020c1|/printables/fantasy/fantasy-creatures-goblin-efa81a3655|/printables/fantasy/fantasy-creatures-goblin-tinker-d81d9ac65e|/printables/fantasy/fantasy-creatures-golem-c48d081d2a|/printables/fantasy/fantasy-creatures-golem-stone-ec554a3521|/printables/fantasy/fantasy-creatures-harpy-cliffs-1ea8afbef9|/printables/fantasy/fantasy-creatures-hippogriff-1c483e0c12|/printables/fantasy/fantasy-creatures-hippogriff-flight-2686dd19b2|/printables/fantasy/fantasy-creatures-hobgoblin-horde-231e7cca3f|/printables/fantasy/fantasy-creatures-imp-trickster-5649a2d146|/printables/fantasy/fantasy-creatures-kitsune-foxfire-e1928b8ee2|/printables/fantasy/fantasy-creatures-kraken-sea-8211d8ab65|/printables/fantasy/fantasy-creatures-manticore-desert-49c00e3fb2|/printables/fantasy/fantasy-creatures-minotaur-dfe8580916|/printables/fantasy/fantasy-creatures-minotaur-labyrinth-325d208299|/printables/fantasy/fantasy-creatures-naga-river-a34edd9aa7|/printables/fantasy/fantasy-creatures-ogre-1fb5a90d3d|/printables/fantasy/fantasy-creatures-ogre-camp-c69cef70ee|/printables/fantasy/fantasy-creatures-oni-demon-dd5827243f|/printables/fantasy/fantasy-creatures-pirates-01b215c633|/printables/fantasy/fantasy-creatures-raven-568ecca63f|/printables/fantasy/fantasy-creatures-roc-sky-a5533c3431|/printables/fantasy/fantasy-creatures-salamander-flame-e0eb29d39b|/printables/fantasy/fantasy-creatures-sasquatch-b78b046176|/printables/fantasy/fantasy-creatures-satyr-flute-e84ac84fc8|/printables/fantasy/fantasy-creatures-selkie-shore-2adfb14c70|/printables/fantasy/fantasy-creatures-shadow-drake-f05f3dae79|/printables/fantasy/fantasy-creatures-skeleton-00b6883520|/printables/fantasy/fantasy-creatures-sphinx-13d2bac283|/printables/fantasy/fantasy-creatures-sphinx-riddle-6a927ec9ee|/printables/fantasy/fantasy-creatures-storm-elemental-5e2dd9a074|/printables/fantasy/fantasy-creatures-sylph-wind-914d9b6bd3|/printables/fantasy/fantasy-creatures-tengu-peak-314ec31af8|/printables/fantasy/fantasy-creatures-troll-5ef4f22e78|/printables/fantasy/fantasy-creatures-two-tail-basilisk-in-cave-0e84f76d23|/printables/fantasy/fantasy-creatures-undead-685e8170bf|/printables/fantasy/fantasy-creatures-undead-pirates-f88d08e335|/printables/fantasy/fantasy-creatures-water-elemental-21bb88996d|/printables/fantasy/fantasy-creatures-wendigo-snow-4e9b8972bf|/printables/fantasy/fantasy-creatures-wraith-cemetery-5088425f91|/printables/fantasy/fantasy-creatures-yeti-2a2fb69218|/printables/fantasy/fantasy-kraken-lighthouse-3d70e4a3bc|/printables/fantasy/fantasy-kraken-protecting-lighthouse-62602c8223,true,retained standard terminology among records sharing verified context
visible_summary,A portrait printable in the Knights collection.,18,/printables/dragons/fantasy-creatures-dragon-rider-knight-95919bf6e7|/printables/fantasy/fantasy-guardian-ant-knight-a904293c67|/printables/fantasy/fantasy-holy-knight-6ba3c07413|/printables/dragons/fantasy-knight-dragon-slayer-9accb3c6db|/printables/fantasy/fantasy-knight-forest-quest-d69124c805|/printables/fantasy/fantasy-knight-holy-blade-bdc892eb83|/printables/fantasy/fantasy-knight-monster-slayer-d8f4b27fc2|/printables/fantasy/fantasy-knight-shield-crest-0af44f3e5c|/printables/fantasy/fantasy-knight-wolf-companion-2bff6a9e6c|/printables/fantasy/fantasy-knight-wolf-familiar-b7b13251e1|/printables/fantasy/fantasy-shadow-knight-4c49f64f7f|/printables/fantasy/fantasy-sky-guardian-knight-2650926161|/printables/fantasy/midieval-fantasy-crusader-knight-b8d317b04f|/printables/fantasy/midieval-fantasy-ghostly-knight-8ef9f5cb57|/printables/fantasy/midieval-fantasy-knight-1517275f45|/printables/fantasy/midieval-fantasy-knight-battle-a134661c2b|/printables/fantasy/midieval-fantasy-knight-horseback-8b9d8b6444|/printables/fantasy/midieval-fantasy-royal-knight-8bec3673f1,true,retained standard terminology among records sharing verified context
visible_summary,A portrait printable in the Fairies collection.,12,/printables/fairies/fantasy-creatures-fairy-be44979b83|/printables/fairies/fantasy-creatures-fairy-ring-c8acb17cca|/printables/fairies/fantasy-crystal-cavern-fox-fairy-12cac2de86|/printables/fairies/fantasy-crystal-fairy-cavern-c6c1a07ed2|/printables/fairies/fantasy-fairy-garden-d5f120b9a0|/printables/fairies/fantasy-flower-fairy-grove-9f20eecc6a|/printables/fairies/fantasy-garden-fairy-0a6e6321ed|/printables/fairies/fantasy-leaf-fairy-shrine-86c5b38df3|/printables/fairies/gardening-mushroom-forest-fairy-ring-39e0a2460b|/printables/buildings/homes-fairy-cottage-hidden-in-woods-9cf0b153c5|/printables/detailed-for-adults/mandala-geometry-patterns-mushroom-forest-fairy-ring-c4d7d96e52|/printables/fairies/midieval-fantasy-fairy-050e013b6c,true,retained standard terminology among records sharing verified context
visible_summary,A portrait printable in the Unicorns collection.,12,/printables/fantasy/fantasy-creatures-flying-unicorn-991af1a5d5|/printables/fantasy/fantasy-creatures-unicorn-1755f421cf|/printables/fantasy/fantasy-creatures-unicorn-glade-0b65c5db3b|/printables/fantasy/fantasy-glade-unicorn-circle-05ca04c26a|/printables/fantasy/fantasy-rune-stone-circle-summoning-unicorn-91b607b070|/printables/fantasy/fantasy-storm-rider-unicorn-6d1714ca57|/printables/fantasy/fantasy-unicorn-circle-b0c2653a9f|/printables/fantasy/fantasy-unicorn-flight-3c41554da5|/printables/fantasy/fantasy-unicorn-meadow-fc7462fded|/printables/fantasy/fantasy-unicorn-scenic-meadow-519a401e37|/printables/fantasy/midieval-fantasy-unicorn-67dd5aa01e|/printables/fantasy/mythology-unicorn-6f62f7697d,true,retained standard terminology among records sharing verified context
visible_summary,A portrait printable in the Hydras collection.,6,/printables/fantasy/fantasy-creatures-hydra-1085d31837|/printables/fantasy/fantasy-creatures-hydra-marsh-0456539706|/printables/fantasy/fantasy-hydra-swamp-a39ebed4fd|/printables/fantasy/fantasy-three-headed-hydra-swamp-1f5cfb6917|/printables/fantasy/midieval-fantasy-hydra-serpent-15d68f1a22|/printables/fantasy/mythology-hydra-19bdea6889,true,retained standard terminology among records sharing verified context
visible_summary,A portrait printable in the Mermaids collection.,11,/printables/fantasy/fantasy-creatures-mermaid-4d7c6549c0|/printables/fantasy/fantasy-creatures-mermaid-lagoon-bb302393bc|/printables/fantasy/fantasy-mermaid-choir-f97ca0d69b|/printables/fantasy/fantasy-mermaid-chorus-a2f6f2a715|/printables/fantasy/fantasy-mermaid-coral-throne-f732e4901b|/printables/fantasy/fantasy-mermaid-princess-coral-throne-9da6f15653|/printables/fantasy/fantasy-mermaid-resting-starlit-shore-f7b42a158f|/printables/fantasy/fantasy-mermaid-singing-acf6267840|/printables/fantasy/fantasy-mermaid-starlit-shore-ec37fad499|/printables/fantasy/fantasy-sad-mermaid-singing-156886db4c|/printables/fantasy/mythology-mermaid-476a074c92,true,retained standard terminology among records sharing verified context
visible_summary,A portrait printable in the Phoenix collection.,8,/printables/fantasy/fantasy-creatures-phoenix-6c818cff02|/printables/fantasy/fantasy-creatures-phoenix-rising-4863229262|/printables/fantasy/fantasy-flaming-phoenix-rebirth-ab0aadc980|/printables/fantasy/fantasy-phoenix-feather-nest-37b83cbb4a|/printables/fantasy/fantasy-phoenix-rebirth-4365a8447a|/printables/fantasy/fantasy-phoenix-rising-from-the-ashes-bddc9a9ba0|/printables/fantasy/fantasy-sunrise-phoenix-guardian-542410254a|/printables/fantasy/mythology-phoenix-9342c86171,true,retained standard terminology among records sharing verified context
visible_summary,A portrait printable in the Wyverns collection.,8,/printables/fantasy/fantasy-creatures-wyvern-mountain-4a5ef0dd42|/printables/fantasy/fantasy-mechanical-wyvern-825eddc9a6|/printables/fantasy/fantasy-ridge-wyvern-67b6a495cd|/printables/fantasy/fantasy-wyvern-canyon-90f461181e|/printables/fantasy/fantasy-wyvern-family-nest-2d868fd218|/printables/fantasy/fantasy-wyvern-nest-761cf599ad|/printables/fantasy/midieval-fantasy-wyvern-0bade40b87|/printables/fantasy/midieval-fantasy-wyvern-sky-b2b1633bf1,true,retained standard terminology among records sharing verified context
visible_summary,A portrait printable in the Griffins collection.,9,/printables/fantasy/fantasy-dawn-griffin-c76a29fe21|/printables/fantasy/fantasy-dusk-griffin-68a949c319|/printables/fantasy/fantasy-griffin-sky-cliff-be836088c7|/printables/fantasy/fantasy-griffin-sky-perch-920cc37e42|/printables/fantasy/fantasy-royal-griffin-70e628ceda|/printables/fantasy/fantasy-royal-griffin-pet-41a476d26b|/printables/fantasy/midieval-fantasy-griffin-c6a970d351|/printables/fantasy/midieval-fantasy-griffin-guardian-105b2366a3|/printables/fantasy/mythology-griffin-a1782cca68,true,retained standard terminology among records sharing verified context
visible_summary,A portrait printable in the Dungeon collection.,3,/printables/dungeon/fantasy-dungeon-shadow-mage-20faa26efb|/printables/dungeon/midieval-fantasy-dungeon-treasure-a66dc4b928|/printables/dungeon/midieval-fantasy-royal-dungeon-d5d5f68dab,true,retained standard terminology among records sharing verified context
visible_summary,A portrait printable in the Mushrooms collection.,69,/printables/fantasy/fantasy-farm-mushroom-guardian-e7dcbf3e42|/printables/fantasy/fantasy-mushroom-guardian-ad45965b5d|/printables/fantasy/fantasy-mushroom-village-d190709504|/printables/detailed-for-adults/mandala-geometry-patterns-mushroom-artists-conk-2e9f42d2f2|/printables/detailed-for-adults/mandala-geometry-patterns-mushroom-bay-bolete-ffc787395a|/printables/detailed-for-adults/mandala-geometry-patterns-mushroom-beech-mushroom-0a1007631f|/printables/detailed-for-adults/mandala-geometry-patterns-mushroom-birch-bolete-41a71817e7|/printables/detailed-for-adults/mandala-geometry-patterns-mushroom-birch-polypore-a02dd3053c|/printables/detailed-for-adults/mandala-geometry-patterns-mushroom-black-trumpet-170fe3ec4e|/printables/detailed-for-adults/mandala-geometry-patterns-mushroom-bleeding-tooth-ed4955922e|/printables/detailed-for-adults/mandala-geometry-patterns-mushroom-button-mushroom-cfb0e10708|/printables/detailed-for-adults/mandala-geometry-patterns-mushroom-caesar-s-mushroom-798f03a546|/printables/detailed-for-adults/mandala-geometry-patterns-mushroom-candlesnuff-fungus-1a58c9b375|/printables/detailed-for-adults/mandala-geometry-patterns-mushroom-chanterelle-ac27765428|/printables/detailed-for-adults/mandala-geometry-patterns-mushroom-chicken-of-the-woods-b71162befa|/printables/detailed-for-adults/mandala-geometry-patterns-mushroom-cinnamon-cap-8133e34a45|/printables/detailed-for-adults/mandala-geometry-patterns-mushroom-coprinus-comatus-shaggy-mane-0d580bb50c|/printables/detailed-for-adults/mandala-geometry-patterns-mushroom-coral-fungus-d27a8968ec|/printables/detailed-for-adults/mandala-geometry-patterns-mushroom-cracked-cap-boletus-dd7bd7f449|/printables/detailed-for-adults/mandala-geometry-patterns-mushroom-cremini-ff2a04020f|/printables/detailed-for-adults/mandala-geometry-patterns-mushroom-crimson-waxcap-bd99172770|/printables/detailed-for-adults/mandala-geometry-patterns-mushroom-cup-fungus-c2383dbe9b|/printables/detailed-for-adults/mandala-geometry-patterns-mushroom-death-cap-amanita-7bf1062b93|/printables/detailed-for-adults/mandala-geometry-patterns-mushroom-destroying-angel-5609e2a919|/printables/detailed-for-adults/mandala-geometry-patterns-mushroom-devil-s-cigar-63c09e86ad|/printables/detailed-for-adults/mandala-geometry-patterns-mushroom-earthstar-fungus-b082cefc75|/printables/detailed-for-adults/mandala-geometry-patterns-mushroom-elfin-saddle-a99f940155|/printables/detailed-for-adults/mandala-geometry-patterns-mushroom-enoki-3bf9894480|/printables/detailed-for-adults/mandala-geometry-patterns-mushroom-field-mushroom-a6515cf31e|/printables/detailed-for-adults/mandala-geometry-patterns-mushroom-fly-agaric-amanita-d648d3c0d4|/printables/detailed-for-adults/mandala-geometry-patterns-mushroom-ghost-fungus-glowing-caa954feb8|/printables/detailed-for-adults/mandala-geometry-patterns-mushroom-green-spored-parasol-4a3deb676b|/printables/detailed-for-adults/mandala-geometry-patterns-mushroom-honey-fungus-f2c68e147f|/printables/detailed-for-adults/mandala-geometry-patterns-mushroom-honey-fungus-cluster-e921bdcf35|/printables/detailed-for-adults/mandala-geometry-patterns-mushroom-horn-of-plenty-d6a6ee4f69|/printables/detailed-for-adults/mandala-geometry-patterns-mushroom-horsehair-fungus-b9ba4f9d31|/printables/detailed-for-adults/mandala-geometry-patterns-mushroom-inky-cap-9f5935c7e0|/printables/detailed-for-adults/mandala-geometry-patterns-mushroom-king-oyster-3c51db8847|/printables/detailed-for-adults/mandala-geometry-patterns-mushroom-lactarius-deliciosus-saffron-milk-cap-b3952b8d63|/printables/detailed-for-adults/mandala-geometry-patterns-mushroom-lactarius-indigo-blue-milk-cap-37b003bf76|/printables/detailed-for-adults/mandala-geometry-patterns-mushroom-leccinum-scabrum-77f92e7de7|/printables/detailed-for-adults/mandala-geometry-patterns-mushroom-lichen-cup-f4ff7bd747|/printables/detailed-for-adults/mandala-geometry-patterns-mushroom-matsutake-f751cd642d|/printables/detailed-for-adults/mandala-geometry-patterns-mushroom-morel-aa9b0f6932|/printables/detailed-for-adults/mandala-geometry-patterns-mushroom-mossy-log-with-mushrooms-08758370f9|/printables/detailed-for-adults/mandala-geometry-patterns-mushroom-nameko-mushroom-b54ffcc7a2|/printables/detailed-for-adults/mandala-geometry-patterns-mushroom-orange-birch-bolete-25bb0d2975|/printables/detailed-for-adults/mandala-geometry-patterns-mushroom-oyster-mushroom-e21119fb7e|/printables/detailed-for-adults/mandala-geometry-patterns-mushroom-oyster-shelf-bracket-7e485ffde4|/printables/detailed-for-adults/mandala-geometry-patterns-mushroom-parasol-macrolepiota-5a06aea56a|/printables/detailed-for-adults/mandala-geometry-patterns-mushroom-pine-mushroom-scene-bb22905097|/printables/detailed-for-adults/mandala-geometry-patterns-mushroom-porcini-c44872779d|/printables/detailed-for-adults/mandala-geometry-patterns-mushroom-portobello-9a61e0ef25|/printables/detailed-for-adults/mandala-geometry-patterns-mushroom-puffball-common-881c0835ce|/printables/detailed-for-adults/mandala-geometry-patterns-mushroom-puffball-giant-b403b0fd2a|/printables/detailed-for-adults/mandala-geometry-patterns-mushroom-red-pored-boletus-087e497fda|/printables/detailed-for-adults/mandala-geometry-patterns-mushroom-reishi-ganoderma-aecd0af6c4|/printables/detailed-for-adults/mandala-geometry-patterns-mushroom-shaggy-parasol-68cfacea21|/printables/detailed-for-adults/mandala-geometry-patterns-mushroom-shield-bracket-73d4976da2|/printables/detailed-for-adults/mandala-geometry-patterns-mushroom-shiitake-1d070de422|/printables/detailed-for-adults/mandala-geometry-patterns-mushroom-snow-fungus-86b82c8dda|/printables/detailed-for-adults/mandala-geometry-patterns-mushroom-stinkhorn-fungus-b876b2de3f|/printables/detailed-for-adults/mandala-geometry-patterns-mushroom-sulphur-shelf-ccaae8699d|/printables/detailed-for-adults/mandala-geometry-patterns-mushroom-trametes-versicolor-cdd758fdc7|/printables/detailed-for-adults/mandala-geometry-patterns-mushroom-truffle-black-c2ecab31f1|/printables/detailed-for-adults/mandala-geometry-patterns-mushroom-truffle-white-b82f8d4190|/printables/detailed-for-adults/mandala-geometry-patterns-mushroom-turkey-tail-2ab1d3961c|/printables/detailed-for-adults/mandala-geometry-patterns-mushroom-velvet-shank-d69ba0533b|/printables/detailed-for-adults/mandala-geometry-patterns-mushroom-wood-ear-8c3f170ece,true,retained standard terminology among records sharing verified context
visible_summary,A portrait printable in the Castles collection.,16,/printables/buildings/fantasy-floating-castle-96de23c313|/printables/buildings/fantasy-knight-castle-guard-c6cbf34e9c|/printables/buildings/fantasy-knight-castle-rampart-d68af9723f|/printables/buildings/fantasy-lunar-castle-e0fdd720c3|/printables/buildings/fantasy-solar-castle-f4a2b945c2|/printables/buildings/fantasy-vampire-castle-3b148f9b81|/printables/buildings/mandala-geometry-patterns-japan-himeji-castle-3d95866146|/printables/buildings/mandala-geometry-patterns-japan-hiroshima-castle-65ea49f7e6|/printables/buildings/mandala-geometry-patterns-japan-matsumoto-castle-1655fa0fdb|/printables/buildings/mandala-geometry-patterns-japan-osaka-castle-6e9ac0ec4f|/printables/buildings/mandala-geometry-patterns-japan-osaka-castle-sakura-tree-9469422578|/printables/buildings/midieval-fantasy-castle-2566cddd90|/printables/buildings/midieval-fantasy-castle-banquet-35d13685d2|/printables/buildings/midieval-fantasy-castle-ruins-b0b03251d7|/printables/buildings/midieval-fantasy-stormy-clifftop-castle-3e55d02d48|/printables/buildings/world-landmarks-neuschwanstein-castle-a786349499,true,retained standard terminology among records sharing verified context
visible_summary,A portrait printable in the Tigers collection.,9,/printables/fantasy/fantasy-majestic-starlight-tiger-66447f705a|/printables/fantasy/fantasy-rune-tiger-5bb89e5f8d|/printables/fantasy/fantasy-starlight-tiger-97be2d28e2|/printables/fantasy/fantasy-tiger-magical-forest-b6281ca5a2|/printables/fantasy/fantasy-tiger-mythic-forest-2edd8739ab|/printables/detailed-for-adults/mandala-geometry-patterns-sushi-tiger-roll-a4f72ee32c|/printables/detailed-for-adults/mandala-geometry-patterns-tiger-running-924d53b46d|/printables/detailed-for-adults/mandala-geometry-patterns-tiger-sitting-dde86be55f|/printables/animals/reptiles-tiger-salamander-ba8f3d5c8e,true,retained standard terminology among records sharing verified context
visible_summary,A portrait printable in the Witches collection.,10,/printables/fantasy/fantasy-sea-witch-2534e72caf|/printables/fantasy/fantasy-sea-witch-cave-db800d1a22|/printables/fantasy/fantasy-witch-broom-flight-e599575818|/printables/fantasy/fantasy-witch-cauldron-brew-b892df6cb1|/printables/fantasy/fantasy-witch-flame-rune-264c3b4c27|/printables/fantasy/fantasy-witch-forest-hut-444a9a5fce|/printables/animals/fantasy-witch-kitty-forest-hut-fcc5ca779d|/printables/garden/gardening-mushroom-witchs-butter-646dfa4983|/printables/detailed-for-adults/mandala-geometry-patterns-mushroom-witch-s-butter-b8706cf60a|/printables/fantasy/midieval-fantasy-witch-cauldron-d74ee87927,true,retained standard terminology among records sharing verified context
visible_summary,A portrait printable in the Horses collection.,2,/printables/fantasy/fantasy-spectral-horse-a99ca9808f|/printables/fantasy/mythology-kelpie-horse-146f4807d7,true,retained standard terminology among records sharing verified context
visible_summary,A portrait printable in the Bats collection.,2,/printables/bats/fantasy-vampire-bat-swarm-8d95944986|/printables/bats/mandala-geometry-patterns-cave-bat-colony-hanging-8c215e7042,true,retained standard terminology among records sharing verified context
visible_summary,A portrait printable in the Garden Flowers collection.,81,/printables/flowers/flowers-anemone-d321bad81a|/printables/flowers/flowers-anthurium-f11b179d14|/printables/flowers/flowers-apple-blossom-80682fcc47|/printables/flowers/flowers-apple-blossom-with-apples-62875c198b|/printables/flowers/flowers-aster-fe9cc46a65|/printables/flowers/flowers-azalea-68431c0e14|/printables/flowers/flowers-begonia-6a6e79e1c3|/printables/flowers/flowers-bellflower-b9e7be35e2|/printables/animals/flowers-bird-of-paradise-d3dda83342|/printables/flowers/flowers-bleeding-hearts-a42b97df7b|/printables/flowers/flowers-bougainvillea-99a8372944|/printables/flowers/flowers-calendula-222db5e1c4|/printables/flowers/flowers-camellia-84c8cb86ac|/printables/flowers/flowers-carnation-927616c1a5|/printables/flowers/flowers-celosia-f192deb389|/printables/flowers/flowers-chamomile-28c689250d|/printables/flowers/flowers-cherry-blossom-1cbc68b504|/printables/flowers/flowers-chrysanthemum-e508a0e312|/printables/flowers/flowers-clematis-8fd4d31189|/printables/flowers/flowers-coneflower-74dbf80d6f|/printables/flowers/flowers-cornflower-f2fea290d5|/printables/flowers/flowers-cosmos-101f8e0e02|/printables/flowers/flowers-crocus-2edb680e8a|/printables/flowers/flowers-daffodil-effdb3d6bb|/printables/flowers/flowers-dahlia-8016df4b21|/printables/flowers/flowers-dandilion-seed-heads-0f481bfe11|/printables/flowers/flowers-delphinium-3ac8f07175|/printables/flowers/flowers-foxglove-7522e00ee8|/printables/flowers/flowers-freesia-958f33f82d|/printables/flowers/flowers-fuchsia-8a9d6bac4c|/printables/flowers/flowers-gaillardia-e70379c1d3|/printables/flowers/flowers-gardenia-f0d79d4f3e|/printables/flowers/flowers-gazania-532631a816|/printables/flowers/flowers-geranium-0c72354a85|/printables/flowers/flowers-gerber-7e583b7382|/printables/flowers/flowers-gladiolus-53fcbc8937|/printables/flowers/flowers-hellebore-9c5431f58f|/printables/flowers/flowers-hibiscus-49067d693d|/printables/flowers/flowers-hollyhock-893f186320|/printables/flowers/flowers-hyacinth-d567352494|/printables/flowers/flowers-hydrangea-a5ffd17287|/printables/flowers/flowers-iris-fc606f9fcf|/printables/flowers/flowers-jasmine-b0f2631ed6|/printables/flowers/flowers-lantana-b903598b91|/printables/flowers/flowers-larkspur-10cf3eeb1e|/printables/flowers/flowers-lavender-04627965b0|/printables/flowers/flowers-lilac-ae1e78f729|/printables/flowers/flowers-lisianthus-1c40e483a5|/printables/flowers/flowers-magnolia-da76ce02d9|/printables/flowers/flowers-milkweed-e8ea1a6fe1|/printables/flowers/flowers-morning-9e5c66e584|/printables/flowers/flowers-narcissus-4710eb70df|/printables/flowers/flowers-nasturtium-bf97a4cc25|/printables/flowers/flowers-osteospermum-9ac3c91c05|/printables/flowers/flowers-pansy-f98ccb42ef|/printables/flowers/flowers-passionflower-0cad41dc34|/printables/flowers/flowers-peach-blossom-a8803e3513|/printables/flowers/flowers-peach-blossom-with-large-peach-a91a71999a|/printables/flowers/flowers-peony-455799cdd9|/printables/flowers/flowers-petunia-ea1963f1ed|/printables/flowers/flowers-plum-blossom-903f9256c6|/printables/flowers/flowers-primrose-a0083dbd25|/printables/flowers/flowers-protea-be638b83e8|/printables/flowers/flowers-queen-annes-lace-fd2a150c58|/printables/flowers/flowers-red-maple-313f6ee65a|/printables/flowers/flowers-rudbeckia-cec49976a5|/printables/flowers/flowers-sakura-b40754794b|/printables/flowers/flowers-salvia-dc9682d27b|/printables/flowers/flowers-sweet-pea-22bf386a8b|/printables/flowers/flowers-thistle-078683be1c|/printables/flowers/flowers-tulip-782884fea3|/printables/flowers/flowers-wallflower-d1958bc9fc|/printables/flowers/flowers-wisteria-9c0d7c3fa9|/printables/flowers/flowers-xeranthemum-3f1e83cd4d|/printables/flowers/flowers-yarrow-d65f56c6c0|/printables/flowers/flowers-yucca-57af1dffd4|/printables/flowers/flowers-zantedeschia-c8599aee62|/printables/flowers/flowers-zephyranthes-470ad5eca5|/printables/flowers/flowers-zinnia-1a4475ffee|/printables/detailed-for-adults/mandala-geometry-patterns-flower-garden-36901c48a7|/printables/detailed-for-adults/mandala-geometry-patterns-flowers-queen-annes-lace-garden-6a4e6f6121,true,retained standard terminology among records sharing verified context
visible_summary,A portrait printable in the Lily collection.,9,/printables/flowers/flowers-calla-lily-c2b3044292|/printables/flowers/flowers-lily-840952043c|/printables/flowers/flowers-water-lily-9c55c14242|/printables/flowers/indoor-plants-peace-lily-01c9f71c71|/printables/flowers/indoor-plants-peace-lily-domino-085271dfa2|/printables/flowers/indoor-plants-peace-lily-sensation-02c20ab15e|/printables/detailed-for-adults/mandala-geometry-patterns-flowers-calla-lily-ab773dc0f6|/printables/detailed-for-adults/mandala-geometry-patterns-flowers-lily-534d510212|/printables/animals/reptiles-tree-frog-on-lily-pad-de87dd4a23,true,retained standard terminology among records sharing verified context
visible_summary,A portrait printable in the Daisy collection.,6,/printables/flowers/flowers-daisy-6cbc96e281|/printables/flowers/flowers-paper-daisy-72442e2738|/printables/indoor-plants/indoor-plants-gerbera-daisy-591cf8e859|/printables/animals/insects-ladybug-on-daisy-5a620e7456|/printables/detailed-for-adults/mandala-geometry-patterns-flowers-daisy-538ea20938|/printables/detailed-for-adults/mandala-geometry-patterns-flowers-paper-daisy-13f3be6617,true,retained standard terminology among records sharing verified context
visible_summary,A portrait printable in the Forget-Me-Not collection.,3,/printables/flowers/flowers-forget-me-not-79ceb6c0d3|/printables/dragons/flowers-forget-me-not-dragon-65213a584e|/printables/flowers/flowers-spell-book-featuring-forget-me-not-ingredient-99d0d94f99,true,retained standard terminology among records sharing verified context
visible_summary,A portrait printable in the Poppy collection.,3,/printables/flowers/flowers-iceland-poppy-861b1bb59a|/printables/detailed-for-adults/mandala-geometry-patterns-flowers-iceland-poppy-f252973e02|/printables/detailed-for-adults/mandala-geometry-patterns-flowers-poppy-b519928155,true,retained standard terminology among records sharing verified context
visible_summary,A portrait printable in the Lotus collection.,3,/printables/flowers/flowers-lotus-76705cae88|/printables/detailed-for-adults/mandala-geometry-patterns-flowers-lotus-1e19f377e6|/printables/detailed-for-adults/mandala-geometry-patterns-sushi-nigiri-on-lotus-leaf-8317d93647,true,retained standard terminology among records sharing verified context
visible_summary,A portrait printable in the Orchid collection.,8,/printables/flowers/flowers-orchid-dc56db2468|/printables/flowers/flowers-orchid-gardener-b24cab3082|/printables/indoor-plants/indoor-plants-orchid-cattleya-0a395ae9fd|/printables/indoor-plants/indoor-plants-orchid-dendrobium-da23c9ce0d|/printables/indoor-plants/indoor-plants-orchid-oncidium-ecd71eb7c8|/printables/indoor-plants/indoor-plants-orchid-phalaenopsis-bfdd444fcb|/printables/indoor-plants/indoor-plants-orchid-vanda-7f08260a18|/printables/detailed-for-adults/mandala-geometry-patterns-flowers-orchid-3709e60faf,true,retained standard terminology among records sharing verified context
visible_summary,A portrait printable in the Roses collection.,5,/printables/flowers/flowers-rose-37d505f1b0|/printables/detailed-for-adults/mandala-geometry-patterns-flower-rose-ed6bcad347|/printables/detailed-for-adults/mandala-geometry-patterns-flowers-rose-55eb4c3ef3|/printables/detailed-for-adults/mandala-geometry-patterns-japan-origami-rose-flower-faca02f08e|/printables/detailed-for-adults/mandala-geometry-patterns-sushi-platter-with-ginger-rose-f2ad32c446,true,retained standard terminology among records sharing verified context
visible_summary,A portrait printable in the Garden collection.,76,/printables/garden/gardening-mushroom-e69ff4758c|/printables/garden/gardening-mushroom-angry-cup-fungus-character-9d5610d95b|/printables/garden/gardening-mushroom-artists-conk-7cc9f80fcb|/printables/garden/gardening-mushroom-bay-bolete-4ee30b4305|/printables/garden/gardening-mushroom-beech-mushroom-e19662eaaf|/printables/garden/gardening-mushroom-birch-bolete-2312788246|/printables/garden/gardening-mushroom-birch-polypore-337bc52c4b|/printables/garden/gardening-mushroom-black-trumpet-4bad4bc68e|/printables/garden/gardening-mushroom-bleeding-tooth-71e8a56f09|/printables/garden/gardening-mushroom-button-mushroom-2cec87bf0b|/printables/garden/gardening-mushroom-caesar-s-mushroom-6f9ed63666|/printables/garden/gardening-mushroom-candlesnuff-fungus-fa542d3cd7|/printables/garden/gardening-mushroom-chanterelle-8e3ca48466|/printables/garden/gardening-mushroom-character-9b66c6bf6d|/printables/garden/gardening-mushroom-chicken-of-the-woods-e55caeca1a|/printables/garden/gardening-mushroom-cinnamon-cap-e803a22846|/printables/garden/gardening-mushroom-coprinus-comatus-shaggy-mane-7fb65b6f55|/printables/garden/gardening-mushroom-coral-fungus-f45cb07fc7|/printables/garden/gardening-mushroom-cracked-cap-boletus-50ad1f531e|/printables/garden/gardening-mushroom-cremini-29bfac27e2|/printables/garden/gardening-mushroom-crimson-waxcap-e2a5a82a8f|/printables/garden/gardening-mushroom-crimson-waxcap-worker-3cde071707|/printables/garden/gardening-mushroom-cup-fungus-2fcbeaa472|/printables/garden/gardening-mushroom-death-cap-amanita-57e3f8c124|/printables/garden/gardening-mushroom-destroying-angel-d5491fa412|/printables/garden/gardening-mushroom-devils-cigar-ae94b69fda|/printables/garden/gardening-mushroom-earthstar-fungus-8996743c7f|/printables/garden/gardening-mushroom-elfin-saddle-09e89b8002|/printables/garden/gardening-mushroom-enoki-32b9091cb8|/printables/garden/gardening-mushroom-field-mushroom-9cb01da251|/printables/garden/gardening-mushroom-fly-agaric-amanita-31b8f76970|/printables/garden/gardening-mushroom-green-spored-parasol-90854c73d3|/printables/garden/gardening-mushroom-head-gardener-94a37251af|/printables/garden/gardening-mushroom-honey-fungus-cluster-7725dcba8b|/printables/garden/gardening-mushroom-horn-of-plenty-8bf53428a3|/printables/garden/gardening-mushroom-horsehair-fungus-42802b132d|/printables/garden/gardening-mushroom-inky-cap-d3614e03c4|/printables/garden/gardening-mushroom-inky-caps-ec9ccce8df|/printables/garden/gardening-mushroom-king-oyster-b9d5fdc612|/printables/garden/gardening-mushroom-lactarius-indigo-blue-milk-cap-0d6c42fcdb|/printables/garden/gardening-mushroom-leccinum-scabrum-e01310ab22|/printables/garden/gardening-mushroom-lichen-cup-76d6d63296|/printables/garden/gardening-mushroom-maitake-hen-of-the-woods-52333ebbb3|/printables/garden/gardening-mushroom-matsutake-217b53a3f5|/printables/garden/gardening-mushroom-morel-a540c16ce5|/printables/garden/gardening-mushroom-mossy-log-with-mushrooms-819a1a9a1a|/printables/garden/gardening-mushroom-nameko-mushroom-f470a3c217|/printables/garden/gardening-mushroom-orange-birch-bolete-bf0c758754|/printables/garden/gardening-mushroom-oyster-mushroom-1131270840|/printables/garden/gardening-mushroom-oyster-shelf-bracket-efc9f2dc9b|/printables/garden/gardening-mushroom-parasol-macrolepiota-d0472e1950|/printables/garden/gardening-mushroom-person-839f950bf8|/printables/garden/gardening-mushroom-pine-mushroom-scene-c6ace33614|/printables/garden/gardening-mushroom-porcini-e83ea4766e|/printables/garden/gardening-mushroom-portobello-3c2be991a9|/printables/garden/gardening-mushroom-puffball-common-e82e9ede94|/printables/garden/gardening-mushroom-puffball-giant-f149afd624|/printables/garden/gardening-mushroom-red-pored-boletus-0ba9cc140a|/printables/garden/gardening-mushroom-reishi-ganoderma-26ddf07d45|/printables/garden/gardening-mushroom-shaggy-parasol-236b5f75e6|/printables/garden/gardening-mushroom-shield-bracket-de85753030|/printables/garden/gardening-mushroom-shiitake-dc3bb4cbc3|/printables/garden/gardening-mushroom-snow-fungus-830ae63b46|/printables/garden/gardening-mushroom-spore-print-pattern-233178650e|/printables/garden/gardening-mushroom-stinkhorn-fungus-051eee3fec|/printables/garden/gardening-mushroom-straw-mushroom-aacf084052|/printables/garden/gardening-mushroom-sulphur-shelf-561452c287|/printables/garden/gardening-mushroom-trametes-versicolor-4e97a5f812|/printables/garden/gardening-mushroom-truffle-black-96607abd7b|/printables/garden/gardening-mushroom-turkey-tail-4cbc3e83ee|/printables/garden/gardening-mushroom-velvet-shank-8fd4b2db1a|/printables/garden/gardening-mushroom-wood-ear-d80a1fe13c|/printables/detailed-for-adults/mandala-geometry-patterns-japan-japanese-garden-b44a8a9f7b|/printables/detailed-for-adults/mandala-geometry-patterns-japan-stone-lantern-in-garden-952849097e|/printables/detailed-for-adults/mandala-geometry-patterns-japan-zen-meditation-garden-2805a58937|/printables/detailed-for-adults/mandala-geometry-patterns-japan-zen-rock-garden-73d2af5769,true,retained standard terminology among records sharing verified context
visible_summary,A portrait printable in the Deer collection.,4,/printables/deer/gardening-mushroom-deer-mushroom-7564bbd21b|/printables/animals/insects-deer-fly-b379d4e2b8|/printables/deer/mandala-geometry-patterns-japan-nara-deer-in-park-d98beeb140|/printables/deer/mandala-geometry-patterns-mushroom-deer-mushroom-1e78159233,true,retained standard terminology among records sharing verified context
visible_summary,A portrait printable in the Hedgehogs collection.,2,/printables/garden/gardening-mushroom-hedgehog-tooth-f30de9a18b|/printables/detailed-for-adults/mandala-geometry-patterns-mushroom-hedgehog-tooth-6bfabcb850,true,retained standard terminology among records sharing verified context
visible_summary,A portrait printable in the Cakes collection with an explicit Birthday classification.,5,/printables/birthday/holiday-birthday-cake-with-candles-fa85526c3e|/printables/birthday/holiday-birthday-cupcake-d0219b233b|/printables/animals/holiday-birthday-dog-with-birthday-cake-7fabf79cbe|/printables/bakery/mandala-geometry-patterns-bakery-birthday-cake-63baabceb3|/printables/bakery/mandala-geometry-patterns-bakery-birthday-cupcake-775c363bbe,true,retained standard terminology among records sharing verified context
visible_summary,A portrait printable in the Cats collection with an explicit Birthday classification.,3,/printables/animals/holiday-birthday-cat-with-balloons-e32c39858c|/printables/animals/holiday-birthday-celebration-cat-d6e01d08ac|/printables/animals/holiday-birthday-celebration-kittens-ed2debfba8,true,retained standard terminology among records sharing verified context
visible_summary,A portrait printable in the Dragons collection with an explicit Birthday classification.,3,/printables/birthday/holiday-birthday-celebration-dragon-bc7966ef21|/printables/birthday/holiday-birthday-celebration-fire-dragon-de6f8bbf33|/printables/birthday/holiday-birthday-celebration-ice-dragon-a135872bdb,true,retained standard terminology among records sharing verified context
visible_summary,A portrait printable in the Mermaids collection with an explicit Birthday classification.,2,/printables/birthday/holiday-birthday-celebration-mermaid-0d38872f44|/printables/birthday/holiday-birthday-mermaid-birthday-party-48db16584a,true,retained standard terminology among records sharing verified context
visible_summary,A portrait printable in the Pegasus collection with an explicit Birthday classification.,2,/printables/birthday/holiday-birthday-celebration-pegasus-1429ef12f7|/printables/birthday/holiday-birthday-pegasus-980420331e,true,retained standard terminology among records sharing verified context
visible_summary,A portrait plushie printable.,374,/printables/birthday/holiday-birthday-celebration-plushie-alligator-family-88ffd48da0|/printables/birthday/holiday-birthday-celebration-plushie-alpaca-family-6c1d2b2765|/printables/birthday/holiday-birthday-celebration-plushie-angelfish-family-a79b6012eb|/printables/birthday/holiday-birthday-celebration-plushie-anteater-family-867a7d00ff|/printables/birthday/holiday-birthday-celebration-plushie-antelope-family-cf8835f947|/printables/birthday/holiday-birthday-celebration-plushie-armadillo-family-d6ad162889|/printables/birthday/holiday-birthday-celebration-plushie-axolotl-family-68b71fbde5|/printables/birthday/holiday-birthday-celebration-plushie-baby-alien-family-8cd588fa8c|/printables/birthday/holiday-birthday-celebration-plushie-baby-kangaroo-joey-family-eec8a13ba3|/printables/birthday/holiday-birthday-celebration-plushie-badger-family-5640792c94|/printables/birthday/holiday-birthday-celebration-plushie-beaver-family-a1d9094ead|/printables/birthday/holiday-birthday-celebration-plushie-beluga-family-09eb57d092|/printables/birthday/holiday-birthday-celebration-plushie-bobcat-family-c08cbd11e1|/printables/birthday/holiday-birthday-celebration-plushie-buffalo-family-481e0ed026|/printables/birthday/holiday-birthday-celebration-plushie-camel-family-ac79c5e3f3|/printables/birthday/holiday-birthday-celebration-plushie-capibara-family-12d05b44a4|/printables/birthday/holiday-birthday-celebration-plushie-caribou-family-15c22212d2|/printables/birthday/holiday-birthday-celebration-plushie-cheetah-family-b2eccccbc2|/printables/birthday/holiday-birthday-celebration-plushie-chick-family-2d0bf63184|/printables/birthday/holiday-birthday-celebration-plushie-chinchilla-family-464ddbe6ea|/printables/birthday/holiday-birthday-celebration-plushie-chipmunk-family-a452cc5c6a|/printables/birthday/holiday-birthday-celebration-plushie-cloud-family-cc1c17af23|/printables/birthday/holiday-birthday-celebration-plushie-cougar-family-790d3ae5a3|/printables/birthday/holiday-birthday-celebration-plushie-coyote-family-0c77390dd3|/printables/birthday/holiday-birthday-celebration-plushie-ferret-family-3ae8a5f2c0|/printables/birthday/holiday-birthday-celebration-plushie-flamingo-family-cee1a52bc7|/printables/birthday/holiday-birthday-celebration-plushie-gazelle-family-846f4f592c|/printables/birthday/holiday-birthday-celebration-plushie-gecko-family-d23b1dedd9|/printables/birthday/holiday-birthday-celebration-plushie-gerbil-family-214934567a|/printables/birthday/holiday-birthday-celebration-plushie-goose-family-41632da93e|/printables/birthday/holiday-birthday-celebration-plushie-guinea-pig-family-1741bf14a2|/printables/birthday/holiday-birthday-celebration-plushie-hamster-family-43856f8a2e|/printables/birthday/holiday-birthday-celebration-plushie-heart-character-family-66b0634b05|/printables/birthday/holiday-birthday-celebration-plushie-hummingbird-family-7e3a2593e2|/printables/birthday/holiday-birthday-celebration-plushie-jackal-family-c7361579af|/printables/birthday/holiday-birthday-celebration-plushie-jaguar-family-00e15de90d|/printables/birthday/holiday-birthday-celebration-plushie-jellyfish-family-e9e85b338d|/printables/birthday/holiday-birthday-celebration-plushie-lamb-family-3e3c698bb0|/printables/birthday/holiday-birthday-celebration-plushie-lemur-family-b9f5d5d475|/printables/birthday/holiday-birthday-celebration-plushie-lobster-family-0d34dae8e7|/printables/birthday/holiday-birthday-celebration-plushie-lynx-family-ae3d56b832|/printables/birthday/holiday-birthday-celebration-plushie-macaw-family-0b41574d43|/printables/birthday/holiday-birthday-celebration-plushie-manta-ray-family-1b9a11059f|/printables/birthday/holiday-birthday-celebration-plushie-meerkat-family-23c5ef3580|/printables/birthday/holiday-birthday-celebration-plushie-moon-family-368bc9acfe|/printables/birthday/holiday-birthday-celebration-plushie-mountain-goat-family-71701f7384|/printables/birthday/holiday-birthday-celebration-plushie-mouse-family-e47038857d|/printables/birthday/holiday-birthday-celebration-plushie-newt-family-c6bc23a20b|/printables/birthday/holiday-birthday-celebration-plushie-okapi-family-146516f836|/printables/birthday/holiday-birthday-celebration-plushie-orca-family-bbebaaedfc|/printables/birthday/holiday-birthday-celebration-plushie-pangolin-family-3ce1bd37be|/printables/birthday/holiday-birthday-celebration-plushie-panther-family-e02fac7390|/printables/birthday/holiday-birthday-celebration-plushie-parrot-family-2ca8325835|/printables/birthday/holiday-birthday-celebration-plushie-peacock-family-19e67a2461|/printables/birthday/holiday-birthday-celebration-plushie-piglet-family-3fa54421d1|/printables/birthday/holiday-birthday-celebration-plushie-porcupine-family-86b90f7421|/printables/birthday/holiday-birthday-celebration-plushie-possum-family-6ce185d184|/printables/birthday/holiday-birthday-celebration-plushie-prehistoric-glyptodon-family-deb67dc8da|/printables/birthday/holiday-birthday-celebration-plushie-pufferfish-family-98a104d9df|/printables/birthday/holiday-birthday-celebration-plushie-raccoon-family-cdfd7c04f3|/printables/birthday/holiday-birthday-celebration-plushie-rat-family-b856fe2d39|/printables/birthday/holiday-birthday-celebration-plushie-rooster-family-c3df071a60|/printables/birthday/holiday-birthday-celebration-plushie-salamander-family-1bf0a4bb2b|/printables/birthday/holiday-birthday-celebration-plushie-sea-anemone-family-0c520eb792|/printables/birthday/holiday-birthday-celebration-plushie-sea-urchin-family-e28e0992b5|/printables/birthday/holiday-birthday-celebration-plushie-seahorse-family-56e4df3d71|/printables/birthday/holiday-birthday-celebration-plushie-seal-family-d472242262|/printables/birthday/holiday-birthday-celebration-plushie-skunk-family-cf1b8b252c|/printables/birthday/holiday-birthday-celebration-plushie-snail-family-4b943993e9|/printables/birthday/holiday-birthday-celebration-plushie-snow-leopard-family-f904c879e7|/printables/birthday/holiday-birthday-celebration-plushie-star-family-d8fcf4ce1c|/printables/birthday/holiday-birthday-celebration-plushie-starfish-family-464da00e3e|/printables/birthday/holiday-birthday-celebration-plushie-swan-family-3e45e30773|/printables/birthday/holiday-birthday-celebration-plushie-tapir-family-fd10f23cf2|/printables/birthday/holiday-birthday-celebration-plushie-tortoise-family-48617cc09f|/printables/birthday/holiday-birthday-celebration-plushie-toucan-family-a90847ef09|/printables/birthday/holiday-birthday-celebration-plushie-turkey-family-b8180034e7|/printables/birthday/holiday-birthday-celebration-plushie-walrus-family-3e6d6f5c72|/printables/birthday/holiday-birthday-celebration-plushie-wolverine-family-a8f6e47bef|/printables/birthday/holiday-birthday-celebration-plushie-yak-family-b3e577fcf4|/printables/birthday/holiday-birthday-celebration-plushie-yeti-family-eb94019a23|/printables/christmas/holiday-christmas-plushie-alligator-family-e57629ca9d|/printables/christmas/holiday-christmas-plushie-alpaca-family-63b9b19a29|/printables/christmas/holiday-christmas-plushie-angelfish-family-cf957a69b5|/printables/christmas/holiday-christmas-plushie-anteater-family-5a1c5ed154|/printables/christmas/holiday-christmas-plushie-antelope-family-7a59ed3259|/printables/christmas/holiday-christmas-plushie-armadillo-family-1f1c5806aa|/printables/christmas/holiday-christmas-plushie-axolotl-family-0cc3764936|/printables/christmas/holiday-christmas-plushie-baby-alien-family-766caa4fec|/printables/christmas/holiday-christmas-plushie-baby-kangaroo-joey-family-2936137b39|/printables/christmas/holiday-christmas-plushie-badger-family-e27dcad05c|/printables/christmas/holiday-christmas-plushie-beaver-family-c4c5ef351e|/printables/christmas/holiday-christmas-plushie-beluga-family-7d8651b753|/printables/christmas/holiday-christmas-plushie-bobcat-family-aa2d068887|/printables/christmas/holiday-christmas-plushie-buffalo-family-83b0d7b84c|/printables/christmas/holiday-christmas-plushie-camel-family-c8800c38f2|/printables/christmas/holiday-christmas-plushie-capibara-family-f2aeee02f2|/printables/christmas/holiday-christmas-plushie-caribou-family-6a5d7e2aa5|/printables/christmas/holiday-christmas-plushie-cheetah-family-cd3c5c5fbb|/printables/christmas/holiday-christmas-plushie-chick-family-6a96ca11b1|/printables/christmas/holiday-christmas-plushie-chinchilla-family-b105d98c4f|/printables/christmas/holiday-christmas-plushie-chipmunk-family-008ba601f6|/printables/christmas/holiday-christmas-plushie-cloud-family-483d1794a5|/printables/christmas/holiday-christmas-plushie-cougar-family-cab2b65978|/printables/christmas/holiday-christmas-plushie-coyote-family-e2b98ac06a|/printables/christmas/holiday-christmas-plushie-dugong-family-488b82183a|/printables/christmas/holiday-christmas-plushie-ferret-family-e02377a1a3|/printables/christmas/holiday-christmas-plushie-flamingo-family-2b6c082b58|/printables/christmas/holiday-christmas-plushie-gazelle-family-f9cd665d6e|/printables/christmas/holiday-christmas-plushie-gecko-family-d908d79154|/printables/christmas/holiday-christmas-plushie-gerbil-family-0c3214e7e3|/printables/christmas/holiday-christmas-plushie-goose-family-558b3c0792|/printables/christmas/holiday-christmas-plushie-guinea-pig-family-e686d4b3e9|/printables/christmas/holiday-christmas-plushie-hamster-family-265c6d6e40|/printables/christmas/holiday-christmas-plushie-happy-swan-family-9403c676d7|/printables/christmas/holiday-christmas-plushie-heart-character-family-3e9710595e|/printables/christmas/holiday-christmas-plushie-hummingbird-family-a3bcbd64c2|/printables/christmas/holiday-christmas-plushie-hyena-family-643f70e961|/printables/christmas/holiday-christmas-plushie-jackal-family-ead026662d|/printables/christmas/holiday-christmas-plushie-jaguar-family-cfc1562767|/printables/christmas/holiday-christmas-plushie-jellyfish-family-79587f6aac|/printables/christmas/holiday-christmas-plushie-lamb-family-ededa1366a|/printables/christmas/holiday-christmas-plushie-lemur-family-3b7d0ac7eb|/printables/christmas/holiday-christmas-plushie-lobster-family-675127a252|/printables/christmas/holiday-christmas-plushie-lynx-family-4ba8a7bcec|/printables/christmas/holiday-christmas-plushie-macaw-family-acafa3d912|/printables/christmas/holiday-christmas-plushie-manatee-family-e7074d84de|/printables/christmas/holiday-christmas-plushie-manta-ray-family-be7ffde4df|/printables/christmas/holiday-christmas-plushie-meerkat-family-6073c2b39e|/printables/christmas/holiday-christmas-plushie-moon-character-family-8aea10185f|/printables/christmas/holiday-christmas-plushie-mountain-goat-family-dac686aec7|/printables/christmas/holiday-christmas-plushie-mouse-family-166a51587e|/printables/christmas/holiday-christmas-plushie-newt-family-3ddc493508|/printables/christmas/holiday-christmas-plushie-okapi-family-b9062a825b|/printables/christmas/holiday-christmas-plushie-orca-family-cd5218e12c|/printables/christmas/holiday-christmas-plushie-pangolin-family-8c961a7a81|/printables/christmas/holiday-christmas-plushie-panther-family-c13f29352c|/printables/christmas/holiday-christmas-plushie-parrot-family-056b71cb83|/printables/christmas/holiday-christmas-plushie-peacock-family-32901acd44|/printables/christmas/holiday-christmas-plushie-piglet-family-aed7dd1fb7|/printables/christmas/holiday-christmas-plushie-porcupine-family-679f868049|/printables/christmas/holiday-christmas-plushie-possum-family-ec22059d87|/printables/christmas/holiday-christmas-plushie-prehistoric-glyptodon-family-d756e5f5c5|/printables/christmas/holiday-christmas-plushie-pufferfish-family-b8892d9ca0|/printables/christmas/holiday-christmas-plushie-raccoon-family-f0ba9b7fd6|/printables/christmas/holiday-christmas-plushie-rat-family-0f5f183a82|/printables/christmas/holiday-christmas-plushie-rooster-family-f89a1d7652|/printables/christmas/holiday-christmas-plushie-salamander-family-79dcad3e00|/printables/christmas/holiday-christmas-plushie-sea-anemone-family-ec8bff6ea9|/printables/christmas/holiday-christmas-plushie-sea-urchin-family-1df5fef643|/printables/christmas/holiday-christmas-plushie-seahorse-family-e3d6235b11|/printables/christmas/holiday-christmas-plushie-seal-family-9d646b4275|/printables/christmas/holiday-christmas-plushie-skunk-family-7980917a6a|/printables/christmas/holiday-christmas-plushie-snail-family-a3b6e5c9a3|/printables/christmas/holiday-christmas-plushie-snow-leopard-family-fc7559724d|/printables/christmas/holiday-christmas-plushie-squirrel-family-b2a16b90e6|/printables/christmas/holiday-christmas-plushie-star-family-0a464822bd|/printables/christmas/holiday-christmas-plushie-starfish-family-7f4aaf88bb|/printables/christmas/holiday-christmas-plushie-swan-family-64ff0442f1|/printables/christmas/holiday-christmas-plushie-tapir-family-86467712d6|/printables/christmas/holiday-christmas-plushie-tortoise-family-5a1ad1e8fe|/printables/christmas/holiday-christmas-plushie-toucan-family-00d65e49e3|/printables/christmas/holiday-christmas-plushie-turkey-family-dd82779fc9|/printables/christmas/holiday-christmas-plushie-walrus-family-da458fb93f|/printables/christmas/holiday-christmas-plushie-wolverine-family-dccfe09cf5|/printables/christmas/holiday-christmas-plushie-yak-family-0ef25323df|/printables/christmas/holiday-christmas-plushie-yeti-family-bebc546171|/printables/halloween/holiday-halloween-costume-plushie-alligator-family-34d6f58480|/printables/halloween/holiday-halloween-costume-plushie-alpaca-family-e871be9a53|/printables/halloween/holiday-halloween-costume-plushie-angelfish-family-69d0a12846|/printables/halloween/holiday-halloween-costume-plushie-anteater-family-1bcc40ecca|/printables/halloween/holiday-halloween-costume-plushie-antelope-family-6d1c6cb120|/printables/halloween/holiday-halloween-costume-plushie-armadillo-family-920cbb892f|/printables/halloween/holiday-halloween-costume-plushie-axolotl-family-934101625f|/printables/halloween/holiday-halloween-costume-plushie-baby-alien-family-2b6b4c6303|/printables/halloween/holiday-halloween-costume-plushie-baby-kangaroo-joey-family-6f9b1745a9|/printables/halloween/holiday-halloween-costume-plushie-badger-family-ca4d39443d|/printables/halloween/holiday-halloween-costume-plushie-beaver-family-3a0f36686b|/printables/halloween/holiday-halloween-costume-plushie-beluga-family-d2169c02e0|/printables/halloween/holiday-halloween-costume-plushie-bobcat-family-36898ee647|/printables/halloween/holiday-halloween-costume-plushie-buffalo-family-9fbfc92b69|/printables/halloween/holiday-halloween-costume-plushie-camel-family-3880d4d2f4|/printables/halloween/holiday-halloween-costume-plushie-capibara-family-db37b81202|/printables/halloween/holiday-halloween-costume-plushie-caribou-family-be5e21fb4c|/printables/halloween/holiday-halloween-costume-plushie-cheetah-family-aa393c306d|/printables/halloween/holiday-halloween-costume-plushie-chick-family-1ceefa9f5f|/printables/halloween/holiday-halloween-costume-plushie-chinchilla-family-0ba86ffd32|/printables/halloween/holiday-halloween-costume-plushie-chipmunk-family-7404891fe4|/printables/halloween/holiday-halloween-costume-plushie-cloud-family-2a17bedeb9|/printables/halloween/holiday-halloween-costume-plushie-cougar-family-1b2f0ed20a|/printables/halloween/holiday-halloween-costume-plushie-coyote-family-ec9f3ce310|/printables/halloween/holiday-halloween-costume-plushie-dugong-family-2bbb0458b2|/printables/halloween/holiday-halloween-costume-plushie-ferret-family-0058df970a|/printables/halloween/holiday-halloween-costume-plushie-flamingo-family-1303c8c7ff|/printables/halloween/holiday-halloween-costume-plushie-gazelle-family-cb9c9916db|/printables/halloween/holiday-halloween-costume-plushie-gecko-family-21409e6ca9|/printables/halloween/holiday-halloween-costume-plushie-gerbil-family-b4dbd28f46|/printables/halloween/holiday-halloween-costume-plushie-goose-family-6c181240a5|/printables/halloween/holiday-halloween-costume-plushie-guinea-pig-family-17eac6a574|/printables/halloween/holiday-halloween-costume-plushie-hamster-family-55a67e6b38|/printables/halloween/holiday-halloween-costume-plushie-heart-character-family-9e562826e6|/printables/halloween/holiday-halloween-costume-plushie-hummingbird-family-fdb9761d2b|/printables/halloween/holiday-halloween-costume-plushie-hyena-family-80d0bb22b4|/printables/halloween/holiday-halloween-costume-plushie-jackal-family-3f829127df|/printables/halloween/holiday-halloween-costume-plushie-jaguar-family-ae35b88e31|/printables/halloween/holiday-halloween-costume-plushie-jellyfish-family-6fd5ca7e6b|/printables/halloween/holiday-halloween-costume-plushie-kaiju-monster-family-f204144306|/printables/halloween/holiday-halloween-costume-plushie-lamb-family-ec1d426c38|/printables/halloween/holiday-halloween-costume-plushie-lemur-family-54e3ce3819|/printables/halloween/holiday-halloween-costume-plushie-lobster-family-7a6957f132|/printables/halloween/holiday-halloween-costume-plushie-lynx-family-f48d47ade7|/printables/halloween/holiday-halloween-costume-plushie-macaw-family-0829c50887|/printables/halloween/holiday-halloween-costume-plushie-manatee-family-1667c13667|/printables/halloween/holiday-halloween-costume-plushie-manta-ray-family-5ed3a33eea|/printables/halloween/holiday-halloween-costume-plushie-meerkat-family-7d4a7c42f9|/printables/halloween/holiday-halloween-costume-plushie-moon-character-family-064b7f8670|/printables/halloween/holiday-halloween-costume-plushie-mountain-goat-family-3bb1257a79|/printables/halloween/holiday-halloween-costume-plushie-mouse-family-9c3a32ab9c|/printables/halloween/holiday-halloween-costume-plushie-newt-family-dcb42abbe9|/printables/halloween/holiday-halloween-costume-plushie-okapi-family-ea600255e2|/printables/halloween/holiday-halloween-costume-plushie-orca-family-0b9fc3b47c|/printables/halloween/holiday-halloween-costume-plushie-pangolin-family-175488db45|/printables/halloween/holiday-halloween-costume-plushie-panther-family-57d2bef471|/printables/halloween/holiday-halloween-costume-plushie-parrot-family-a09c99f6c4|/printables/halloween/holiday-halloween-costume-plushie-peacock-family-7c3140864f|/printables/halloween/holiday-halloween-costume-plushie-piglet-family-be51054615|/printables/halloween/holiday-halloween-costume-plushie-porcupine-family-f05f15e2c9|/printables/halloween/holiday-halloween-costume-plushie-possum-family-82f508c122|/printables/halloween/holiday-halloween-costume-plushie-prehistoric-glyptodon-family-e5efb6f9e9|/printables/halloween/holiday-halloween-costume-plushie-pufferfish-family-4cdd4eceee|/printables/halloween/holiday-halloween-costume-plushie-raccoon-family-564ae04b10|/printables/halloween/holiday-halloween-costume-plushie-rat-family-23726d52f3|/printables/halloween/holiday-halloween-costume-plushie-rooster-family-2ed78e7fd5|/printables/halloween/holiday-halloween-costume-plushie-salamander-family-46a55fe583|/printables/halloween/holiday-halloween-costume-plushie-sea-anemone-family-b99344c1e6|/printables/halloween/holiday-halloween-costume-plushie-sea-urchin-family-9e1b5cf636|/printables/halloween/holiday-halloween-costume-plushie-seahorse-family-33b55a6620|/printables/halloween/holiday-halloween-costume-plushie-seal-family-c5767e54ad|/printables/halloween/holiday-halloween-costume-plushie-skunk-family-60dc1c0856|/printables/halloween/holiday-halloween-costume-plushie-snail-family-b54dbecfd6|/printables/halloween/holiday-halloween-costume-plushie-snow-leopard-family-f0d59d779b|/printables/halloween/holiday-halloween-costume-plushie-squirrel-family-b252402047|/printables/halloween/holiday-halloween-costume-plushie-star-family-32cd199720|/printables/halloween/holiday-halloween-costume-plushie-starfish-family-3ef727b873|/printables/halloween/holiday-halloween-costume-plushie-swan-family-1385d69f48|/printables/halloween/holiday-halloween-costume-plushie-tapir-family-3535910b0a|/printables/halloween/holiday-halloween-costume-plushie-tortoise-family-a926470230|/printables/halloween/holiday-halloween-costume-plushie-toucan-family-455648e9d7|/printables/halloween/holiday-halloween-costume-plushie-turkey-family-25f7b47398|/printables/halloween/holiday-halloween-costume-plushie-walrus-family-b45df80fe0|/printables/halloween/holiday-halloween-costume-plushie-wolverine-family-2c74f6730b|/printables/halloween/holiday-halloween-costume-plushie-yak-family-aa0823ce41|/printables/halloween/holiday-halloween-costume-plushie-yeti-family-9f9c806646|/printables/halloween/holiday-halloween-plushie-alligator-family-f107f37eb2|/printables/halloween/holiday-halloween-plushie-newt-family-a1c63c96c9|/printables/halloween/holiday-halloween-plushie-possum-family-ea859fae6e|/printables/detailed-for-adults/mandala-geometry-patterns-plushie-alligator-ffb80964d1|/printables/detailed-for-adults/mandala-geometry-patterns-plushie-alpaca-9694785e24|/printables/detailed-for-adults/mandala-geometry-patterns-plushie-angelfish-96a455f575|/printables/detailed-for-adults/mandala-geometry-patterns-plushie-anteater-3aa1622a0e|/printables/detailed-for-adults/mandala-geometry-patterns-plushie-antelope-562cea380c|/printables/detailed-for-adults/mandala-geometry-patterns-plushie-armadillo-673bbd4326|/printables/detailed-for-adults/mandala-geometry-patterns-plushie-axolotl-ec2bff38fc|/printables/detailed-for-adults/mandala-geometry-patterns-plushie-baby-alien-cfd41c1596|/printables/detailed-for-adults/mandala-geometry-patterns-plushie-baby-alien-ufo-dba0e18830|/printables/detailed-for-adults/mandala-geometry-patterns-plushie-baby-kangaroo-joey-b4f0b6f270|/printables/detailed-for-adults/mandala-geometry-patterns-plushie-baby-kitsune-98ef42ccb8|/printables/detailed-for-adults/mandala-geometry-patterns-plushie-badger-b31456bda7|/printables/detailed-for-adults/mandala-geometry-patterns-plushie-beaver-01f9372818|/printables/detailed-for-adults/mandala-geometry-patterns-plushie-beluga-32f425b8c5|/printables/detailed-for-adults/mandala-geometry-patterns-plushie-bobcat-8807151712|/printables/detailed-for-adults/mandala-geometry-patterns-plushie-bubble-tea-character-85c7e318c1|/printables/detailed-for-adults/mandala-geometry-patterns-plushie-buffalo-0eba67d827|/printables/detailed-for-adults/mandala-geometry-patterns-plushie-burger-character-dd31940258|/printables/detailed-for-adults/mandala-geometry-patterns-plushie-camel-945ecdfa60|/printables/detailed-for-adults/mandala-geometry-patterns-plushie-capibara-4fd2d0cd4f|/printables/detailed-for-adults/mandala-geometry-patterns-plushie-caribou-dc9d8ae325|/printables/detailed-for-adults/mandala-geometry-patterns-plushie-cerberusbe-58d208471d|/printables/detailed-for-adults/mandala-geometry-patterns-plushie-cheetah-b640d15032|/printables/detailed-for-adults/mandala-geometry-patterns-plushie-chicks-8bc173568d|/printables/detailed-for-adults/mandala-geometry-patterns-plushie-chinchilla-b5e75dcbde|/printables/detailed-for-adults/mandala-geometry-patterns-plushie-chipmunk-412c285bd2|/printables/detailed-for-adults/mandala-geometry-patterns-plushie-cloud-8ebc1ad640|/printables/detailed-for-adults/mandala-geometry-patterns-plushie-clouds-1cd9950fbf|/printables/detailed-for-adults/mandala-geometry-patterns-plushie-coyote-9d1b1ebc96|/printables/detailed-for-adults/mandala-geometry-patterns-plushie-craba-e286764784|/printables/detailed-for-adults/mandala-geometry-patterns-plushie-donut-24a8481711|/printables/detailed-for-adults/mandala-geometry-patterns-plushie-donut-character-295f190fe1|/printables/detailed-for-adults/mandala-geometry-patterns-plushie-dugong-598e7ea9bd|/printables/detailed-for-adults/mandala-geometry-patterns-plushie-dugonga-0cfa70bbdd|/printables/detailed-for-adults/mandala-geometry-patterns-plushie-earth-globe-character-1cad73ff16|/printables/detailed-for-adults/mandala-geometry-patterns-plushie-easter-egg-character-007aa64b0b|/printables/detailed-for-adults/mandala-geometry-patterns-plushie-ferret-ca1d339eea|/printables/detailed-for-adults/mandala-geometry-patterns-plushie-flamingo-f6b8eee645|/printables/detailed-for-adults/mandala-geometry-patterns-plushie-full-moon-a2a7910243|/printables/detailed-for-adults/mandala-geometry-patterns-plushie-gazelle-5713d8cc5a|/printables/detailed-for-adults/mandala-geometry-patterns-plushie-gecko-6fd95fb7e7|/printables/detailed-for-adults/mandala-geometry-patterns-plushie-geckoa-0d2b755955|/printables/detailed-for-adults/mandala-geometry-patterns-plushie-gerbil-9a200a11b7|/printables/detailed-for-adults/mandala-geometry-patterns-plushie-gingerbread-character-783e807997|/printables/detailed-for-adults/mandala-geometry-patterns-plushie-goose-2cb3526ba1|/printables/detailed-for-adults/mandala-geometry-patterns-plushie-guinea-pig-609b8ac548|/printables/detailed-for-adults/mandala-geometry-patterns-plushie-hamster-df68574e8a|/printables/detailed-for-adults/mandala-geometry-patterns-plushie-hanukkah-dreidel-character-19c3a32fc3|/printables/detailed-for-adults/mandala-geometry-patterns-plushie-hearts-b17f9f128f|/printables/detailed-for-adults/mandala-geometry-patterns-plushie-hippogriff-350edf303c|/printables/detailed-for-adults/mandala-geometry-patterns-plushie-hummingbird-5ee30ba2a1|/printables/detailed-for-adults/mandala-geometry-patterns-plushie-hyena-27310b893c|/printables/detailed-for-adults/mandala-geometry-patterns-plushie-ice-cream-cone-21afabd2f2|/printables/detailed-for-adults/mandala-geometry-patterns-plushie-jackal-20aad029f8|/printables/detailed-for-adults/mandala-geometry-patterns-plushie-jaguar-77a8fd8487|/printables/detailed-for-adults/mandala-geometry-patterns-plushie-lamb-b2e24e73ff|/printables/detailed-for-adults/mandala-geometry-patterns-plushie-lanterns-c7c0f4b528|/printables/detailed-for-adults/mandala-geometry-patterns-plushie-lemur-28b5e364c3|/printables/detailed-for-adults/mandala-geometry-patterns-plushie-lobster-495abdfbbb|/printables/detailed-for-adults/mandala-geometry-patterns-plushie-lynx-4ac2d48267|/printables/detailed-for-adults/mandala-geometry-patterns-plushie-macaw-8b288c9dcd|/printables/detailed-for-adults/mandala-geometry-patterns-plushie-manatee-4b83c2ec6c|/printables/detailed-for-adults/mandala-geometry-patterns-plushie-manateea-603662624b|/printables/detailed-for-adults/mandala-geometry-patterns-plushie-manta-ray-23cac3660d|/printables/detailed-for-adults/mandala-geometry-patterns-plushie-manta-raya-48636f5594|/printables/detailed-for-adults/mandala-geometry-patterns-plushie-marshmallow-character-78c4e13ed4|/printables/detailed-for-adults/mandala-geometry-patterns-plushie-meerkat-eddb6b24f1|/printables/detailed-for-adults/mandala-geometry-patterns-plushie-moon-10a839a6f0|/printables/detailed-for-adults/mandala-geometry-patterns-plushie-mouse-6612491601|/printables/detailed-for-adults/mandala-geometry-patterns-plushie-newt-fea04d9587|/printables/detailed-for-adults/mandala-geometry-patterns-plushie-okapi-c2bf4efd2a|/printables/detailed-for-adults/mandala-geometry-patterns-plushie-orca-26ab0d8c4e|/printables/detailed-for-adults/mandala-geometry-patterns-plushie-pangolin-9f8bc3f428|/printables/detailed-for-adults/mandala-geometry-patterns-plushie-panther-cd8a510e1e|/printables/detailed-for-adults/mandala-geometry-patterns-plushie-parrot-9cf219a440|/printables/detailed-for-adults/mandala-geometry-patterns-plushie-peacock-be64854bf6|/printables/detailed-for-adults/mandala-geometry-patterns-plushie-pig-c6cd3081bb|/printables/detailed-for-adults/mandala-geometry-patterns-plushie-piglet-bf6939a855|/printables/detailed-for-adults/mandala-geometry-patterns-plushie-pizza-slice-character-6de86b538e|/printables/detailed-for-adults/mandala-geometry-patterns-plushie-pony-ad87ee24f6|/printables/detailed-for-adults/mandala-geometry-patterns-plushie-popcorn-character-acc045752f|/printables/detailed-for-adults/mandala-geometry-patterns-plushie-popsicle-character-f64bdcbd96|/printables/detailed-for-adults/mandala-geometry-patterns-plushie-porcupine-d9d7338360|/printables/detailed-for-adults/mandala-geometry-patterns-plushie-possum-f33757093d|/printables/detailed-for-adults/mandala-geometry-patterns-plushie-prehistoric-glyptodon-9338adbc4f|/printables/detailed-for-adults/mandala-geometry-patterns-plushie-prehistoric-saber-toothed-33eba16eca|/printables/detailed-for-adults/mandala-geometry-patterns-plushie-pufferfish-95c258f5a8|/printables/detailed-for-adults/mandala-geometry-patterns-plushie-raccoon-2483c78eb8|/printables/detailed-for-adults/mandala-geometry-patterns-plushie-rat-0e25169712|/printables/detailed-for-adults/mandala-geometry-patterns-plushie-rocket-ship-3cdc05389e|/printables/detailed-for-adults/mandala-geometry-patterns-plushie-rocket-ship-character-4eb1e5e9ab|/printables/detailed-for-adults/mandala-geometry-patterns-plushie-rooster-84054ba036|/printables/detailed-for-adults/mandala-geometry-patterns-plushie-salamander-c97b1d930f|/printables/detailed-for-adults/mandala-geometry-patterns-plushie-sea-anemone-746ceea317|/printables/detailed-for-adults/mandala-geometry-patterns-plushie-sea-urchin-d9a232b0ca|/printables/detailed-for-adults/mandala-geometry-patterns-plushie-seahorse-72efbf8736|/printables/detailed-for-adults/mandala-geometry-patterns-plushie-seal-a249413612|/printables/detailed-for-adults/mandala-geometry-patterns-plushie-seal-underwater-05dd5c0051|/printables/detailed-for-adults/mandala-geometry-patterns-plushie-skunk-be62484257|/printables/detailed-for-adults/mandala-geometry-patterns-plushie-snail-197a6ee5d8|/printables/detailed-for-adults/mandala-geometry-patterns-plushie-snow-leopard-250129dbea|/printables/detailed-for-adults/mandala-geometry-patterns-plushie-snowman-character-5a2fc9c406|/printables/detailed-for-adults/mandala-geometry-patterns-plushie-squirrel-f516f02719|/printables/detailed-for-adults/mandala-geometry-patterns-plushie-star-4ffdba3279|/printables/detailed-for-adults/mandala-geometry-patterns-plushie-starfish-15af37ef02|/printables/detailed-for-adults/mandala-geometry-patterns-plushie-starfisha-43d5fdd1ca|/printables/detailed-for-adults/mandala-geometry-patterns-plushie-stars-c9f83ed163|/printables/detailed-for-adults/mandala-geometry-patterns-plushie-sun-8621d5caa8|/printables/detailed-for-adults/mandala-geometry-patterns-plushie-sun-nature-f0bb9b1d32|/printables/detailed-for-adults/mandala-geometry-patterns-plushie-swan-b41a5edb38|/printables/detailed-for-adults/mandala-geometry-patterns-plushie-tapir-46f7ca83ff|/printables/detailed-for-adults/mandala-geometry-patterns-plushie-tortoise-1b82771ccb|/printables/detailed-for-adults/mandala-geometry-patterns-plushie-toucan-6d499656d8|/printables/detailed-for-adults/mandala-geometry-patterns-plushie-turkey-86f381aab0|/printables/detailed-for-adults/mandala-geometry-patterns-plushie-walrus-4cc734e74c|/printables/detailed-for-adults/mandala-geometry-patterns-plushie-wolverine-0b95ed6496|/printables/detailed-for-adults/mandala-geometry-patterns-plushie-yak-03b59f6948|/printables/detailed-for-adults/mandala-geometry-patterns-plushie-yeti-4f288b986e,true,retained standard terminology among records sharing verified context
visible_summary,A portrait plushie printable in the Plushie Dragons collection.,23,/printables/birthday/holiday-birthday-celebration-plushie-baby-dragon-family-2bfeee327f|/printables/birthday/holiday-birthday-celebration-plushie-dragon-family-cbfe50b576|/printables/birthday/holiday-birthday-celebration-plushie-komodo-dragon-family-8319ab1593|/printables/christmas/holiday-christmas-plushie-baby-dragon-13a91bb803|/printables/christmas/holiday-christmas-plushie-baby-dragon-family-b2bcf582a7|/printables/christmas/holiday-christmas-plushie-dragon-b1babc8f9f|/printables/christmas/holiday-christmas-plushie-dragon-family-2b39beede8|/printables/christmas/holiday-christmas-plushie-komodo-dragon-family-d67afb97e4|/printables/dragons/holiday-halloween-costume-plushie-baby-dragon-family-c067c935d8|/printables/dragons/holiday-halloween-costume-plushie-dragon-family-bffd64ca2c|/printables/dragons/holiday-halloween-costume-plushie-komodo-dragon-family-c90921d351|/printables/detailed-for-adults/mandala-geometry-patterns-plushie-baby-dragon-59a3aeae49|/printables/detailed-for-adults/mandala-geometry-patterns-plushie-baby-dragon-fantasy-895ef40c0a|/printables/cute/mandala-geometry-patterns-plushie-cute-baby-dragon-fe1a69ef1f|/printables/detailed-for-adults/mandala-geometry-patterns-plushie-dragon-cc3f78fbe9|/printables/animals/mandala-geometry-patterns-plushie-dragon-animals-bc2052aae7|/printables/detailed-for-adults/mandala-geometry-patterns-plushie-komodo-dragon-e82332af9a|/printables/cute/plushie-baby-dragon-5ed6730a4b|/printables/cute/plushie-baby-dragon-family-f216d18d8b|/printables/cute/plushie-dragon-698e75c51a|/printables/cute/plushie-dragon-family-e1767e2711|/printables/cute/plushie-komodo-dragon-3b74d686aa|/printables/cute/plushie-komodo-dragon-family-98963914c3,true,retained standard terminology among records sharing verified context
visible_summary,A portrait plushie printable in the Bats collection.,7,/printables/bats/holiday-birthday-celebration-plushie-bat-family-cd6366d004|/printables/bats/holiday-christmas-plushie-bat-family-bb5de11b14|/printables/bats/holiday-halloween-costume-plushie-bat-family-c51b53ebbc|/printables/bats/mandala-geometry-patterns-plushie-bat-1c7c7e1260|/printables/animals/mandala-geometry-patterns-plushie-bat-animals-63c69efe29|/printables/bats/plushie-bat-9cb0b647cd|/printables/bats/plushie-bat-family-bac79c207a,true,retained standard terminology among records sharing verified context
visible_summary,A portrait plushie printable in the Bees collection.,7,/printables/animals/holiday-birthday-celebration-plushie-bee-family-05f6fda905|/printables/animals/holiday-christmas-plushie-bee-family-5d4b7f2e42|/printables/animals/holiday-halloween-costume-plushie-bee-family-de362762e7|/printables/animals/mandala-geometry-patterns-plushie-bee-8b8eef6a17|/printables/animals/mandala-geometry-patterns-plushie-bee-insects-1c9eb90a82|/printables/animals/plushie-bee-db7b1f07db|/printables/animals/plushie-bee-family-d3015a6101,true,retained standard terminology among records sharing verified context
visible_summary,A portrait plushie printable in the Sheep collection.,7,/printables/birthday/holiday-birthday-celebration-plushie-bighorn-sheep-family-6191afa76c|/printables/christmas/holiday-christmas-plushie-bighorn-sheep-family-b2777a80b3|/printables/halloween/holiday-halloween-costume-plushie-bighorn-sheep-family-e29f9afc07|/printables/cute/plushie-bighorn-sheep-f5fdfd4d72|/printables/cute/plushie-bighorn-sheep-family-c418fdb20f|/printables/cute/plushie-horned-sheep-family-49f14eb8e9|/printables/cute/plushie-little-sheep-e4c8628ce3,true,retained standard terminology among records sharing verified context
visible_summary,A portrait plushie printable in the Plushie Whales collection.,20,/printables/animals/holiday-birthday-celebration-plushie-blue-whale-family-6ff1eda4f1|/printables/animals/holiday-birthday-celebration-plushie-humpback-whale-family-c620668ef4|/printables/animals/holiday-birthday-celebration-plushie-whale-family-4758348bbe|/printables/animals/holiday-christmas-plushie-blue-whale-family-74ad899045|/printables/animals/holiday-christmas-plushie-humpback-whale-family-73d75ef17e|/printables/animals/holiday-christmas-plushie-whale-family-95ba18a9c9|/printables/animals/holiday-halloween-costume-plushie-blue-whale-family-db12fb87f0|/printables/animals/holiday-halloween-costume-plushie-humpback-whale-family-c88683c03f|/printables/animals/holiday-halloween-costume-plushie-whale-family-0582079312|/printables/animals/mandala-geometry-patterns-plushie-animals-whale-67eecd3948|/printables/animals/mandala-geometry-patterns-plushie-blue-whale-69178ba3b5|/printables/animals/mandala-geometry-patterns-plushie-humpback-whale-62db3522eb|/printables/animals/mandala-geometry-patterns-plushie-whale-ab83729b39|/printables/animals/mandala-geometry-patterns-plushie-whale-animals-5f3802c656|/printables/animals/plushie-blue-whale-17d0990688|/printables/animals/plushie-blue-whale-family-b536e62edd|/printables/animals/plushie-humpback-whale-830b64e0f7|/printables/animals/plushie-humpback-whale-family-69a869b6df|/printables/animals/plushie-whale-a231dbfc5f|/printables/animals/plushie-whale-family-5619df441a,true,retained standard terminology among records sharing verified context
visible_summary,A portrait plushie printable in the Rabbits collection.,10,/printables/birthday/holiday-birthday-celebration-plushie-bunny-rabbit-family-9b00c4a296|/printables/christmas/holiday-christmas-plushie-bunny-e4b1826cbf|/printables/christmas/holiday-christmas-plushie-bunny-rabbit-aba4ecf04e|/printables/christmas/holiday-christmas-plushie-bunny-rabbit-family-62405ec7d5|/printables/halloween/holiday-halloween-costume-plushie-bunny-rabbit-family-81cd406050|/printables/detailed-for-adults/mandala-geometry-patterns-plushie-bunny-a00ba76a7e|/printables/detailed-for-adults/mandala-geometry-patterns-plushie-bunny-rabbit-e5a8b11950|/printables/animals/mandala-geometry-patterns-plushie-bunny-rabbit-animals-8857ed6844|/printables/cute/plushie-bunny-rabbit-30af2f6c7d|/printables/cute/plushie-bunny-rabbit-family-afb374a3b7,true,retained standard terminology among records sharing verified context
visible_summary,A portrait plushie printable in the Butterflies collection.,7,/printables/animals/holiday-birthday-celebration-plushie-butterfly-family-bf9fded621|/printables/animals/holiday-christmas-plushie-butterfly-family-859e59cfba|/printables/animals/holiday-halloween-costume-plushie-butterfly-family-bf507afcce|/printables/animals/mandala-geometry-patterns-plushie-butterfly-d9e42d988b|/printables/animals/mandala-geometry-patterns-plushie-butterfly-insects-5e70a62d34|/printables/animals/plushie-butterfly-87adf6efb7|/printables/animals/plushie-butterfly-family-4f50832a37,true,retained standard terminology among records sharing verified context
visible_summary,A portrait plushie printable in the Reptiles collection.,6,/printables/animals/holiday-birthday-celebration-plushie-chameleon-family-637b5fb876|/printables/animals/holiday-christmas-plushie-chameleon-family-3b18728f31|/printables/animals/holiday-halloween-costume-plushie-chameleon-family-9b87e124ef|/printables/animals/mandala-geometry-patterns-plushie-chameleon-a918479079|/printables/animals/plushie-chameleon-7326b00474|/printables/animals/plushie-chameleon-family-93ff3d14b2,true,retained standard terminology among records sharing verified context
visible_summary,A portrait plushie printable in the Cows collection.,9,/printables/birthday/holiday-birthday-celebration-plushie-cow-family-4cc350e641|/printables/birthday/holiday-birthday-celebration-plushie-cow-jumps-over-the-moon-deb5945cca|/printables/christmas/holiday-christmas-plushie-cow-family-7d209d92c6|/printables/cows/holiday-halloween-costume-plushie-cow-family-0b0aad03c3|/printables/cows/mandala-geometry-patterns-plushie-cow-61d6615533|/printables/animals/mandala-geometry-patterns-plushie-cow-animals-08a6c81723|/printables/cows/mandala-geometry-patterns-plushie-farm-cow-1d291424a1|/printables/cows/plushie-cow-fc41be5b71|/printables/cows/plushie-cow-family-bd5d205193,true,retained standard terminology among records sharing verified context
visible_summary,A portrait plushie printable in the Crabs collection.,6,/printables/animals/holiday-birthday-celebration-plushie-crab-family-dd0968a33f|/printables/animals/holiday-christmas-plushie-crab-family-9bbfbe10ac|/printables/animals/holiday-halloween-costume-plushie-crab-family-83c7650bbd|/printables/animals/mandala-geometry-patterns-plushie-crab-fa5cbda9b2|/printables/animals/plushie-crab-7b10916843|/printables/animals/plushie-crab-family-48f338e7c6,true,retained standard terminology among records sharing verified context
visible_summary,A portrait plushie printable in the Deer collection.,9,/printables/birthday/holiday-birthday-celebration-plushie-deer-family-a0686058fb|/printables/christmas/holiday-christmas-plushie-deer-112b2fa9ce|/printables/christmas/holiday-christmas-plushie-deer-family-a963ca41ac|/printables/deer/holiday-halloween-costume-plushie-deer-family-730418ab69|/printables/animals/mandala-geometry-patterns-plushie-animals-deer-93fda2b54a|/printables/deer/mandala-geometry-patterns-plushie-deer-19df0fda57|/printables/cute/plushie-arctic-deer-family-f87343140f|/printables/cute/plushie-deer-0ebc646aad|/printables/cute/plushie-deer-family-e161efcc4b,true,retained standard terminology among records sharing verified context
visible_summary,A portrait plushie printable in the Dinosaurs collection.,8,/printables/animals/holiday-birthday-celebration-plushie-dinosaur-family-553caa4555|/printables/animals/holiday-christmas-plushie-dinosaur-1d03e03ef1|/printables/animals/holiday-christmas-plushie-dinosaur-family-4cecf0f43a|/printables/animals/holiday-halloween-costume-plushie-dinosaur-family-5970d538cc|/printables/animals/mandala-geometry-patterns-plushie-cute-dinosaur-d5d6d04105|/printables/animals/mandala-geometry-patterns-plushie-dinosaur-54850ae319|/printables/animals/plushie-dinosaur-c5df706fb6|/printables/animals/plushie-dinosaur-family-2d6d4fbbc6,true,retained standard terminology among records sharing verified context
visible_summary,A portrait plushie printable in the Dolphins collection.,7,/printables/animals/holiday-birthday-celebration-plushie-dolphin-family-dacc79d19d|/printables/animals/holiday-christmas-plushie-dolphin-family-befc0fe70f|/printables/animals/holiday-halloween-costume-plushie-dolphin-family-73f89850db|/printables/animals/mandala-geometry-patterns-plushie-dolphin-5a6624526e|/printables/animals/mandala-geometry-patterns-plushie-dolphin-animals-5c8dd38278|/printables/animals/plushie-dolphin-844c216c6c|/printables/animals/plushie-dolphin-family-ee9ebd659c,true,retained standard terminology among records sharing verified context
visible_summary,A portrait plushie printable in the Ducks collection.,8,/printables/birthday/holiday-birthday-celebration-plushie-duck-family-934cacc813|/printables/christmas/holiday-christmas-plushie-duck-family-407bd23ca2|/printables/ducks/holiday-halloween-costume-plushie-duck-family-19c9d1249b|/printables/detailed-for-adults/mandala-geometry-patterns-plushie-duck-6f2e4f389e|/printables/animals/mandala-geometry-patterns-plushie-duck-animals-57786ac41d|/printables/detailed-for-adults/mandala-geometry-patterns-plushie-happy-duck-d3ccc58bc1|/printables/cute/plushie-duck-family-4520e116a4|/printables/animals/plushie-turtle-duck-21f3bf6ed3,true,retained standard terminology among records sharing verified context
visible_summary,A portrait plushie printable in the Eagles collection.,7,/printables/birthday/holiday-birthday-celebration-plushie-eagle-family-7bca94efae|/printables/christmas/holiday-christmas-plushie-eagle-family-ccc48f9272|/printables/eagles/holiday-halloween-costume-plushie-eagle-family-5739572709|/printables/detailed-for-adults/mandala-geometry-patterns-plushie-eagle-d032970d34|/printables/detailed-for-adults/mandala-geometry-patterns-plushie-eagle-be-creative-b046c81418|/printables/cute/plushie-eagle-ed562bc967|/printables/cute/plushie-eagle-family-766bc08b7f,true,retained standard terminology among records sharing verified context
visible_summary,A portrait plushie printable in the Elephants collection.,8,/printables/birthday/holiday-birthday-celebration-plushie-elephant-family-8466e619c9|/printables/christmas/holiday-christmas-plushie-elephant-family-8a90dabac4|/printables/elephants/holiday-halloween-costume-plushie-elephant-family-d022f65d50|/printables/animals/mandala-geometry-patterns-plushie-animals-elephant-a00a0728e5|/printables/detailed-for-adults/mandala-geometry-patterns-plushie-elephant-bedac05cc3|/printables/animals/mandala-geometry-patterns-plushie-elephant-animals-59ac098f8b|/printables/cute/plushie-elephant-a8c7b4ae41|/printables/cute/plushie-elephant-family-d61dbc16d3,true,retained standard terminology among records sharing verified context
visible_summary,A portrait plushie printable in the Foxes collection.,16,/printables/birthday/holiday-birthday-celebration-plushie-fennec-fox-family-88a42ceb07|/printables/birthday/holiday-birthday-celebration-plushie-fox-family-3ec064a788|/printables/christmas/holiday-christmas-plushie-fennec-fox-family-ad4ed0afd4|/printables/christmas/holiday-christmas-plushie-fox-0ab0610c6a|/printables/christmas/holiday-christmas-plushie-fox-family-07ad60e8c3|/printables/foxes/holiday-halloween-costume-plushie-fennec-fox-family-9c8e86ffd5|/printables/foxes/holiday-halloween-costume-plushie-fox-family-cba9aa7ddf|/printables/animals/mandala-geometry-patterns-plushie-animals-fox-3d6c6fc2ae|/printables/detailed-for-adults/mandala-geometry-patterns-plushie-fennec-fox-05a88aabbf|/printables/detailed-for-adults/mandala-geometry-patterns-plushie-fox-460bc79364|/printables/animals/mandala-geometry-patterns-plushie-fox-animals-eb6ed29767|/printables/cute/plushie-fennec-fox-82e912ecfc|/printables/cute/plushie-fennec-fox-family-6b675eb032|/printables/cute/plushie-fox-218b394227|/printables/cute/plushie-fox-family-f18d293db5|/printables/cute/plushie-fox-pup-79cc9dd983,true,retained standard terminology among records sharing verified context
visible_summary,A portrait plushie printable in the Animals collection.,4,/printables/animals/holiday-birthday-celebration-plushie-frog-family-fab426f7ae|/printables/animals/holiday-christmas-plushie-frog-family-208436517c|/printables/animals/holiday-halloween-costume-plushie-frog-family-58cd52bf56|/printables/animals/mandala-geometry-patterns-plushie-frog-7d21de60c7,true,retained standard terminology among records sharing verified context
visible_summary,A portrait plushie printable in the Giraffes collection.,7,/printables/birthday/holiday-birthday-celebration-plushie-giraffe-family-b3675cae4e|/printables/christmas/holiday-christmas-plushie-giraffe-family-3ce5a6dbe2|/printables/giraffes/holiday-halloween-costume-plushie-giraffe-family-1fd0a0f79c|/printables/animals/mandala-geometry-patterns-plushie-animals-giraffe-093a0cd46c|/printables/detailed-for-adults/mandala-geometry-patterns-plushie-giraffe-a118ea616f|/printables/cute/plushie-giraffe-ac033ade30|/printables/cute/plushie-giraffe-family-91011633a5,true,retained standard terminology among records sharing verified context
visible_summary,A portrait plushie printable in the Griffins collection.,8,/printables/birthday/holiday-birthday-celebration-plushie-griffin-family-8002054248|/printables/christmas/holiday-christmas-plushie-griffin-83840cecf5|/printables/christmas/holiday-christmas-plushie-griffin-family-6e9e5f058d|/printables/fantasy/holiday-halloween-costume-plushie-griffin-family-a2b7acc4a4|/printables/detailed-for-adults/mandala-geometry-patterns-plushie-griffin-a8c9e48e7a|/printables/detailed-for-adults/mandala-geometry-patterns-plushie-griffin-fantasy-21aff763b4|/printables/cute/plushie-griffin-62ef01ee09|/printables/cute/plushie-griffin-family-418936b102,true,retained standard terminology among records sharing verified context
visible_summary,A portrait plushie printable in the Hedgehogs collection.,8,/printables/birthday/holiday-birthday-celebration-plushie-hedgehog-family-1d67ce2bb2|/printables/christmas/holiday-christmas-plushie-hedgehog-family-f40beaee50|/printables/halloween/holiday-halloween-costume-plushie-hedgehog-family-698004ec93|/printables/animals/mandala-geometry-patterns-plushie-animals-hedgehog-479afa1c47|/printables/detailed-for-adults/mandala-geometry-patterns-plushie-hedgehog-66beb4c442|/printables/animals/mandala-geometry-patterns-plushie-hedgehog-animals-94553c366a|/printables/cute/plushie-hedgehog-9cac079e16|/printables/cute/plushie-hedgehog-family-1f3b659186,true,retained standard terminology among records sharing verified context
visible_summary,A portrait plushie printable in the Hippos collection.,9,/printables/birthday/holiday-birthday-celebration-plushie-hippo-family-a044f7b154|/printables/christmas/holiday-christmas-plushie-hippo-cb9fb819bd|/printables/christmas/holiday-christmas-plushie-hippo-family-7c72b871aa|/printables/halloween/holiday-halloween-costume-plushie-hippo-family-0fcaff8f07|/printables/animals/mandala-geometry-patterns-animal-plushie-hippo-12a7febf5c|/printables/detailed-for-adults/mandala-geometry-patterns-plushie-hippo-717a896302|/printables/animals/mandala-geometry-patterns-plushie-hippo-animals-a3f80920a0|/printables/cute/plushie-hippo-85817ca00f|/printables/cute/plushie-hippo-family-6c951d966c,true,retained standard terminology among records sharing verified context
visible_summary,A portrait plushie printable in the Horses collection.,7,/printables/birthday/holiday-birthday-celebration-plushie-horse-family-b5ca1fe357|/printables/christmas/holiday-christmas-plushie-horse-family-b2e19976c8|/printables/halloween/holiday-halloween-costume-plushie-horse-family-94cc888f9c|/printables/detailed-for-adults/mandala-geometry-patterns-plushie-horse-189f762be1|/printables/animals/mandala-geometry-patterns-plushie-horse-animals-6f5581961d|/printables/cute/plushie-horse-2df912c4a1|/printables/cute/plushie-horse-family-e93dd80318,true,retained standard terminology among records sharing verified context
visible_summary,A portrait plushie printable in the Lizards collection.,6,/printables/birthday/holiday-birthday-celebration-plushie-iguana-family-9e447e3694|/printables/christmas/holiday-christmas-plushie-iguana-family-ca96461f58|/printables/halloween/holiday-halloween-costume-plushie-iguana-family-68da030e80|/printables/detailed-for-adults/mandala-geometry-patterns-plushie-iguana-2aa74b6976|/printables/cute/plushie-iguana-ddf261a79b|/printables/cute/plushie-iguana-family-9f4c50c81e,true,retained standard terminology among records sharing verified context
visible_summary,A portrait plushie printable in the Plushie Cats collection.,11,/printables/animals/holiday-birthday-celebration-plushie-kitten-cat-family-e25b5b488b|/printables/animals/holiday-christmas-plushie-kitten-cat-059a4a19e5|/printables/animals/holiday-christmas-plushie-kitten-cat-family-5b87666cfc|/printables/animals/holiday-halloween-costume-plushie-kitten-cat-family-38b29f880c|/printables/animals/mandala-geometry-patterns-plushie-kitten-65c54e6ec1|/printables/animals/mandala-geometry-patterns-plushie-kitten-cat-d4c3ec3b6c|/printables/animals/mandala-geometry-patterns-plushie-kitty-cat-36607b178c|/printables/animals/mandala-geometry-patterns-plushie-witch-cat-c496426ef5|/printables/animals/plushie-kitten-cat-d91852677c|/printables/animals/plushie-kitten-cat-family-b943ef2b83|/printables/animals/plushie-witch-cat-bcbee96e9b,true,retained standard terminology among records sharing verified context
visible_summary,A portrait plushie printable in the Birds collection.,7,/printables/animals/holiday-birthday-celebration-plushie-kiwi-bird-family-9963fbea51|/printables/animals/holiday-christmas-plushie-kiwi-bird-family-74b818195a|/printables/animals/holiday-halloween-costume-plushie-kiwi-bird-family-3db0c616ff|/printables/animals/mandala-geometry-patterns-plushie-baby-bird-chick-2fb15a1163|/printables/animals/mandala-geometry-patterns-plushie-kiwi-bird-c6086e0797|/printables/animals/plushie-kiwi-bird-7158ababd8|/printables/animals/plushie-kiwi-bird-family-149d70d668,true,retained standard terminology among records sharing verified context
visible_summary,A portrait plushie printable in the Koalas collection.,13,/printables/bears/holiday-birthday-celebration-plushie-koala-bear-family-d6ef5190be|/printables/birthday/holiday-birthday-celebration-plushie-koala-joey-family-7f7ed04bdc|/printables/bears/holiday-christmas-plushie-koala-bear-family-0cd33925f7|/printables/christmas/holiday-christmas-plushie-koala-joey-family-476a94dedf|/printables/bears/holiday-halloween-costume-plushie-koala-bear-family-6b0df5fb9a|/printables/halloween/holiday-halloween-costume-plushie-koala-joey-family-5476982179|/printables/detailed-for-adults/mandala-geometry-patterns-plushie-koala-a0fbae42cb|/printables/bears/mandala-geometry-patterns-plushie-koala-bear-7eee0ad32d|/printables/animals/mandala-geometry-patterns-plushie-koala-bear-animals-91c60148ba|/printables/detailed-for-adults/mandala-geometry-patterns-plushie-koala-joey-5ad3f80737|/printables/bears/plushie-koala-bear-89dc27d559|/printables/bears/plushie-koala-bear-family-73acb9bbd1|/printables/cute/plushie-koala-joey-0444a38632,true,retained standard terminology among records sharing verified context
visible_summary,A portrait plushie printable in the Lions collection.,13,/printables/birthday/holiday-birthday-celebration-plushie-lion-family-448a1c4f6e|/printables/christmas/holiday-christmas-plushie-lion-family-9af89ab0f2|/printables/christmas/holiday-christmas-plushie-sea-lion-family-0401e3c147|/printables/halloween/holiday-halloween-costume-plushie-lion-family-542056f9d2|/printables/halloween/holiday-halloween-costume-plushie-sea-lion-family-c0a83a275c|/printables/animals/mandala-geometry-patterns-plushie-animals-lion-d7560c4e45|/printables/detailed-for-adults/mandala-geometry-patterns-plushie-lion-b40cf4798a|/printables/animals/mandala-geometry-patterns-plushie-lion-animals-d4f716e8ed|/printables/detailed-for-adults/mandala-geometry-patterns-plushie-sea-lion-554e91316d|/printables/cute/plushie-lion-fbccbe1314|/printables/cute/plushie-lion-family-ec2f89fdf8|/printables/cute/plushie-sea-lion-a6e77f19e5|/printables/cute/plushie-sea-lion-family-81df1e34ad,true,retained standard terminology among records sharing verified context
visible_summary,A portrait plushie printable in the Llamas collection.,7,/printables/birthday/holiday-birthday-celebration-plushie-llama-family-19ea776ec2|/printables/christmas/holiday-christmas-plushie-llama-family-aeb0ce4f5e|/printables/halloween/holiday-halloween-costume-plushie-llama-family-823e8a6654|/printables/detailed-for-adults/mandala-geometry-patterns-plushie-llama-ad5a8da0d0|/printables/animals/mandala-geometry-patterns-plushie-llama-animals-3a71ce9527|/printables/cute/plushie-llama-afc781ae32|/printables/cute/plushie-llama-family-7548ce4980,true,retained standard terminology among records sharing verified context
visible_summary,A portrait plushie printable in the Mermaids collection.,8,/printables/birthday/holiday-birthday-celebration-plushie-mermaid-family-21daa5185d|/printables/christmas/holiday-christmas-plushie-mermaid-f3fb154ad5|/printables/christmas/holiday-christmas-plushie-mermaid-family-4c1ece79ae|/printables/fantasy/holiday-halloween-costume-plushie-mermaid-family-b9251a5e35|/printables/detailed-for-adults/mandala-geometry-patterns-plushie-mermaid-c122f8559b|/printables/detailed-for-adults/mandala-geometry-patterns-plushie-mermaid-fantasy-96119d6bff|/printables/cute/plushie-mermaid-efac90e21b|/printables/cute/plushie-mermaid-family-a525356d0c,true,retained standard terminology among records sharing verified context
visible_summary,A portrait plushie printable in the Monkeys collection.,8,/printables/birthday/holiday-birthday-celebration-plushie-monkey-family-482994d63a|/printables/christmas/holiday-christmas-plushie-monkey-family-fdaf99169c|/printables/halloween/holiday-halloween-costume-plushie-monkey-family-183b24475e|/printables/animals/mandala-geometry-patterns-plushie-animal-monkey-1f2f2ef895|/printables/detailed-for-adults/mandala-geometry-patterns-plushie-monkey-ae8eb0b7cc|/printables/animals/mandala-geometry-patterns-plushie-monkey-animals-7b77145854|/printables/cute/plushie-monkey-243a9c7cad|/printables/cute/plushie-monkey-family-e4bbbf7879,true,retained standard terminology among records sharing verified context
visible_summary,A portrait plushie printable in the Moose collection.,9,/printables/birthday/holiday-birthday-celebration-plushie-moose-family-bec5f5b572|/printables/christmas/holiday-christmas-plushie-happy-moose-family-5934f32104|/printables/christmas/holiday-christmas-plushie-moose-family-9afb8d25f4|/printables/halloween/holiday-halloween-costume-plushie-moose-family-ccfa991a31|/printables/animals/mandala-geometry-patterns-plushie-animals-moose-0550a4889a|/printables/detailed-for-adults/mandala-geometry-patterns-plushie-moose-e6dae0640a|/printables/animals/mandala-geometry-patterns-plushie-moose-animals-1a65784804|/printables/cute/plushie-moose-13554fbff3|/printables/cute/plushie-moose-family-dc04425cb3,true,retained standard terminology among records sharing verified context
visible_summary,A portrait plushie printable in the Mushrooms collection.,7,/printables/birthday/holiday-birthday-celebration-plushie-mushroom-family-65c1f09743|/printables/christmas/holiday-christmas-plushie-mushroom-family-e01b31fb95|/printables/halloween/holiday-halloween-costume-plushie-mushroom-family-5afd7eef8e|/printables/detailed-for-adults/mandala-geometry-patterns-plushie-mushrooms-92d94f28a5|/printables/detailed-for-adults/mandala-geometry-patterns-plushie-mushrooms-nature-e56b2c4930|/printables/cute/plushie-mushroom-character-fb8b6be143|/printables/cute/plushie-mushroom-family-9128023705,true,retained standard terminology among records sharing verified context
visible_summary,A portrait plushie printable in the Octopus collection.,8,/printables/animals/holiday-birthday-celebration-plushie-octopus-family-498a224bc0|/printables/animals/holiday-christmas-plushie-octopus-family-9cf37cb60b|/printables/animals/holiday-halloween-costume-plushie-octopus-family-ad94b76e96|/printables/animals/mandala-geometry-patterns-plushie-animals-octopus-40b6f3a1f2|/printables/animals/mandala-geometry-patterns-plushie-octopus-978a3fd033|/printables/animals/mandala-geometry-patterns-plushie-octopus-animals-c8e4eb9da3|/printables/animals/plushie-octopus-1e0d0f7d88|/printables/animals/plushie-octopus-family-6fa891a493,true,retained standard terminology among records sharing verified context
visible_summary,A portrait plushie printable in the Otters collection.,15,/printables/birthday/holiday-birthday-celebration-plushie-otter-family-e3a5e50d0f|/printables/birthday/holiday-birthday-celebration-plushie-sea-otter-family-7dab2e5461|/printables/christmas/holiday-christmas-plushie-otter-family-6bf8923ac0|/printables/christmas/holiday-christmas-plushie-sea-otter-family-837be3080f|/printables/halloween/holiday-halloween-costume-plushie-sea-otter-family-0b69af134e|/printables/animals/mandala-geometry-patterns-plushie-animals-sea-otter-a8b3fc5d99|/printables/detailed-for-adults/mandala-geometry-patterns-plushie-otter-39736a9cc1|/printables/detailed-for-adults/mandala-geometry-patterns-plushie-sea-otter-c9ca833719|/printables/animals/mandala-geometry-patterns-plushie-sea-otter-animals-354f92ff35|/printables/cute/plushie-cute-otter-b34390d563|/printables/cute/plushie-otter-754155540f|/printables/cute/plushie-otter-family-76ab4a722d|/printables/cute/plushie-otter-starfish-e310a1717c|/printables/cute/plushie-sea-otter-996eb2521d|/printables/cute/plushie-sea-otter-family-027090413c,true,retained standard terminology among records sharing verified context
visible_summary,A portrait plushie printable in the Owls collection.,8,/printables/birthday/holiday-birthday-celebration-plushie-owl-family-1e1482a59c|/printables/christmas/holiday-christmas-plushie-owl-family-ba07e3d5fe|/printables/halloween/holiday-halloween-costume-plushie-owl-family-88977c6ed5|/printables/halloween/holiday-halloween-plushie-owl-family-2aa840edf0|/printables/detailed-for-adults/mandala-geometry-patterns-plushie-owl-0d06a9b14f|/printables/animals/mandala-geometry-patterns-plushie-owl-animals-861e789b81|/printables/cute/plushie-owl-1ba3e9caa9|/printables/cute/plushie-owl-family-68ef197d31,true,retained standard terminology among records sharing verified context
visible_summary,A portrait plushie printable in the Pandas collection.,16,/printables/bears/holiday-birthday-celebration-plushie-panda-bear-family-90dc7af58e|/printables/birthday/holiday-birthday-celebration-plushie-red-panda-family-7c2bd8ec52|/printables/bears/holiday-christmas-plushie-panda-bear-d912dad195|/printables/bears/holiday-christmas-plushie-panda-bear-family-f87ac7472d|/printables/christmas/holiday-christmas-plushie-red-panda-family-8e5c0d949c|/printables/bears/holiday-halloween-costume-plushie-panda-bear-family-02ce7b663c|/printables/halloween/holiday-halloween-costume-plushie-red-panda-family-d73d5c66a1|/printables/detailed-for-adults/mandala-geometry-patterns-plushie-panda-e32b807fdb|/printables/bears/mandala-geometry-patterns-plushie-panda-bear-fbd3c63bc8|/printables/animals/mandala-geometry-patterns-plushie-panda-bear-animals-5c9e2342f2|/printables/detailed-for-adults/mandala-geometry-patterns-plushie-red-panda-c247252815|/printables/bears/plushie-panda-bear-55e19c765b|/printables/bears/plushie-panda-bear-family-38d72dff21|/printables/cute/plushie-red-panda-a34b59be5b|/printables/cute/plushie-red-panda-family-d559c6eb62|/printables/cute/plushie-trash-panda-raccoon-family-58d43c336d,true,retained standard terminology among records sharing verified context
visible_summary,A portrait plushie printable in the Pegasus collection.,9,/printables/birthday/holiday-birthday-celebration-plushie-pegasus-family-08a8875623|/printables/christmas/holiday-christmas-plushie-pegasus-5084a3f719|/printables/christmas/holiday-christmas-plushie-pegasus-family-55bb6aa86a|/printables/fantasy/holiday-halloween-costume-plushie-pegasus-family-45802532a8|/printables/detailed-for-adults/mandala-geometry-patterns-plushie-pegasus-99ce0fa988|/printables/animals/mandala-geometry-patterns-plushie-pegasus-animals-3068e80aa3|/printables/cute/plushie-pegasus-96d32b33b0|/printables/cute/plushie-pegasus-family-2a82483f56|/printables/cute/plushie-winged-pegasus-685ae5ed40,true,retained standard terminology among records sharing verified context
visible_summary,A portrait plushie printable in the Penguins collection.,9,/printables/birthday/holiday-birthday-celebration-plushie-penguin-family-b576974677|/printables/christmas/holiday-christmas-plushie-penguin-1fb3622fd8|/printables/christmas/holiday-christmas-plushie-penguin-family-d80b42a2a2|/printables/halloween/holiday-halloween-costume-plushie-penguin-family-1a247683b4|/printables/animals/mandala-geometry-patterns-plushie-animals-penguin-9a4d39829a|/printables/detailed-for-adults/mandala-geometry-patterns-plushie-penguin-2fc0125968|/printables/animals/mandala-geometry-patterns-plushie-penguin-animals-9a13e10d31|/printables/cute/plushie-penguin-b8d05ee7b1|/printables/cute/plushie-penguin-family-dff3d62a50,true,retained standard terminology among records sharing verified context
visible_summary,A portrait plushie printable in the Bears collection.,18,/printables/bears/holiday-birthday-celebration-plushie-polar-bear-family-c3dffb4b00|/printables/bears/holiday-birthday-celebration-plushie-teddy-bear-family-dab3198aff|/printables/bears/holiday-christmas-plushie-polar-bear-6baf58d2ab|/printables/bears/holiday-christmas-plushie-polar-bear-family-3a4b9b469b|/printables/bears/holiday-christmas-plushie-teddy-bear-6f9b320545|/printables/bears/holiday-christmas-plushie-teddy-bear-family-4fad399be7|/printables/bears/holiday-halloween-costume-plushie-polar-bear-family-db7bc5e67c|/printables/bears/holiday-halloween-costume-plushie-teddy-bear-family-71c2faaa5a|/printables/animals/mandala-geometry-patterns-plushie-animals-polar-bear-c60fb33b71|/printables/bears/mandala-geometry-patterns-plushie-polar-bear-010c0eb0b7|/printables/animals/mandala-geometry-patterns-plushie-polar-bear-animals-fd3dd1f797|/printables/bears/mandala-geometry-patterns-plushie-teddy-bear-672b08d48f|/printables/animals/mandala-geometry-patterns-plushie-teddy-bear-animals-b85a686f23|/printables/bears/mandala-geometry-patterns-plushie-teddy-bear-waving-8e3285a3c9|/printables/bears/plushie-polar-bear-96dd1a6798|/printables/bears/plushie-polar-bear-family-5a285bfcc2|/printables/bears/plushie-teddy-bear-6ff12516dd|/printables/bears/plushie-teddy-bear-family-6558929238,true,retained standard terminology among records sharing verified context
visible_summary,A portrait plushie printable in the Ankylosaurus collection.,6,/printables/birthday/holiday-birthday-celebration-plushie-prehistoric-ankylosaurus-family-440c9a2924|/printables/christmas/holiday-christmas-plushie-prehistoric-ankylosaurus-family-d45213567d|/printables/halloween/holiday-halloween-costume-plushie-prehistoric-ankylosaurus-family-d3a39e2f32|/printables/detailed-for-adults/mandala-geometry-patterns-plushie-prehistoric-ankylosaurus-bae744a23b|/printables/cute/plushie-prehistoric-ankylosaurus-09cacc6e89|/printables/cute/plushie-prehistoric-ankylosaurus-family-ab128ccabe,true,retained standard terminology among records sharing verified context
visible_summary,A portrait plushie printable in the Brachiosaurus collection.,7,/printables/animals/holiday-birthday-celebration-plushie-prehistoric-brachiosaurus-family-5ea234b9bc|/printables/animals/holiday-christmas-plushie-prehistoric-brachiosaurus-family-3fb692c4ca|/printables/animals/holiday-halloween-costume-plushie-prehistoric-brachiosaurus-family-9d9d7b9a3b|/printables/animals/mandala-geometry-patterns-plushie-prehistoric-brachiosaurus-11d92dfe99|/printables/animals/mandala-geometry-patterns-plushie-prehistoric-brachiosaurus-animal-620fe0f93e|/printables/animals/plushie-prehistoric-brachiosaurus-35dc7192a9|/printables/animals/plushie-prehistoric-brachiosaurus-family-603f5c3652,true,retained standard terminology among records sharing verified context
visible_summary,A portrait plushie printable in the Diplodocus collection.,7,/printables/animals/holiday-birthday-celebration-plushie-prehistoric-diplodocus-family-c487548c5d|/printables/animals/holiday-christmas-plushie-prehistoric-diplodocus-family-51ae1a2235|/printables/animals/holiday-halloween-costume-plushie-prehistoric-diplodocus-family-b42a0d68dc|/printables/animals/mandala-geometry-patterns-plushie-prehistoric-diplodocus-4d2588117b|/printables/animals/mandala-geometry-patterns-plushie-prehistoric-diplodocus-animal-62376b3847|/printables/animals/plushie-prehistoric-diplodocus-aba0073854|/printables/animals/plushie-prehistoric-diplodocus-family-b058376ac2,true,retained standard terminology among records sharing verified context
visible_summary,A portrait plushie printable in the Dodo collection.,5,/printables/birthday/holiday-birthday-celebration-plushie-prehistoric-dodo-family-d8807d872d|/printables/halloween/holiday-halloween-costume-plushie-prehistoric-dodo-family-495d9df119|/printables/detailed-for-adults/mandala-geometry-patterns-plushie-prehistoric-dodo-791923b8b8|/printables/cute/plushie-prehistoric-dodo-5dab4996f4|/printables/cute/plushie-prehistoric-dodo-family-b9c90d1a10,true,retained standard terminology among records sharing verified context
visible_summary,A portrait plushie printable in the Iguanodon collection.,6,/printables/birthday/holiday-birthday-celebration-plushie-prehistoric-iguanodon-family-ef97a70766|/printables/christmas/holiday-christmas-plushie-prehistoric-iguanodon-family-f9fc273f22|/printables/halloween/holiday-halloween-costume-plushie-prehistoric-iguanodon-family-d581ec8658|/printables/detailed-for-adults/mandala-geometry-patterns-plushie-prehistoric-iguanodon-03899dedf5|/printables/cute/plushie-prehistoric-iguanodon-e7b84e5ffd|/printables/cute/plushie-prehistoric-iguanodon-family-c4187c932f,true,retained standard terminology among records sharing verified context
visible_summary,A portrait plushie printable in the Megalodon collection.,7,/printables/birthday/holiday-birthday-celebration-plushie-prehistoric-megalodon-family-e2ba0fb830|/printables/christmas/holiday-christmas-plushie-prehistoric-megalodon-family-15efc2b2df|/printables/halloween/holiday-halloween-costume-plushie-prehistoric-megalodon-family-3805cc8e79|/printables/detailed-for-adults/mandala-geometry-patterns-plushie-prehistoric-megalodon-9c0ba5615a|/printables/animals/mandala-geometry-patterns-plushie-prehistoric-megalodon-animal-9d34bc9b78|/printables/cute/plushie-prehistoric-megalodon-da9c4f6e78|/printables/cute/plushie-prehistoric-megalodon-family-95304a8f2d,true,retained standard terminology among records sharing verified context
visible_summary,A portrait plushie printable in the Mosasaurus collection.,6,/printables/birthday/holiday-birthday-celebration-plushie-prehistoric-mosasaurus-family-dc3b8890cd|/printables/christmas/holiday-christmas-plushie-prehistoric-mosasaurus-family-4fa47852fb|/printables/halloween/holiday-halloween-costume-plushie-prehistoric-mosasaurus-family-f0b8aabeee|/printables/detailed-for-adults/mandala-geometry-patterns-plushie-prehistoric-mosasaurus-079e399e24|/printables/cute/plushie-prehistoric-mosasaurus-01b25e6877|/printables/cute/plushie-prehistoric-mosasaurus-family-2e21ed9326,true,retained standard terminology among records sharing verified context
visible_summary,A portrait plushie printable in the Plesiosaurus collection.,6,/printables/birthday/holiday-birthday-celebration-plushie-prehistoric-plesiosaurus-family-364483705b|/printables/christmas/holiday-christmas-plushie-prehistoric-plesiosaurus-family-e47f78748d|/printables/halloween/holiday-halloween-costume-plushie-prehistoric-plesiosaurus-family-21badd2723|/printables/detailed-for-adults/mandala-geometry-patterns-plushie-prehistoric-plesiosaurus-260a1c9a0d|/printables/cute/plushie-prehistoric-plesiosaurus-647139d0a1|/printables/cute/plushie-prehistoric-plesiosaurus-family-e72b02f5ea,true,retained standard terminology among records sharing verified context
visible_summary,A portrait plushie printable in the Pterodactyl collection.,6,/printables/birthday/holiday-birthday-celebration-plushie-prehistoric-pterodactyl-family-f728c58c65|/printables/christmas/holiday-christmas-plushie-prehistoric-pterodactyl-family-f7e60e81bf|/printables/halloween/holiday-halloween-costume-plushie-prehistoric-pterodactyl-family-c76a552b77|/printables/detailed-for-adults/mandala-geometry-patterns-plushie-prehistoric-pterodactyl-ace6e4cc4b|/printables/cute/plushie-prehistoric-pterodactyl-02b477d371|/printables/cute/plushie-prehistoric-pterodactyl-family-60e25e5c60,true,retained standard terminology among records sharing verified context
visible_summary,A portrait plushie printable in the Saber Toothed Tiger collection.,6,/printables/animals/holiday-birthday-celebration-plushie-prehistoric-saber-toothed-tiger-709b072757|/printables/animals/holiday-christmas-plushie-prehistoric-saber-toothed-tiger-family-fb7c518c4d|/printables/animals/holiday-halloween-costume-plushie-prehistoric-saber-toothed-tiger-family-e3f19d8502|/printables/animals/mandala-geometry-patterns-plushie-prehistoric-saber-toothed-tiger-bec95ffbcc|/printables/animals/plushie-prehistoric-saber-toothed-tiger-2e07a63ef0|/printables/animals/plushie-prehistoric-saber-toothed-tiger-family-9c58c3125b,true,retained standard terminology among records sharing verified context
visible_summary,A portrait plushie printable in the Stegosaurus collection.,7,/printables/animals/holiday-birthday-celebration-plushie-prehistoric-stegosaurus-family-fc18f43f8b|/printables/animals/holiday-christmas-plushie-prehistoric-stegosaurus-family-67516c737b|/printables/animals/holiday-halloween-costume-plushie-prehistoric-stegosaurus-family-b12487564b|/printables/animals/mandala-geometry-patterns-plushie-prehistoric-stegosaurus-ba9fbccf49|/printables/animals/mandala-geometry-patterns-plushie-prehistoric-stegosaurus-animal-21fed11360|/printables/animals/plushie-prehistoric-stegosaurus-506a221408|/printables/animals/plushie-prehistoric-stegosaurus-family-60411a9819,true,retained standard terminology among records sharing verified context
visible_summary,A portrait plushie printable in the Plushie Triceratops collection.,7,/printables/animals/holiday-birthday-celebration-plushie-prehistoric-triceratops-family-f379f12638|/printables/animals/holiday-christmas-plushie-prehistoric-triceratops-family-b942c6ee0e|/printables/animals/holiday-halloween-costume-plushie-prehistoric-triceratops-family-f7d52e5bf1|/printables/animals/mandala-geometry-patterns-plushie-prehistoric-triceratops-3252c556e3|/printables/animals/mandala-geometry-patterns-plushie-prehistoric-triceratops-animal-8412f3b319|/printables/animals/plushie-prehistoric-triceratops-cfbd98566a|/printables/animals/plushie-prehistoric-triceratops-family-8c943d7b8a,true,retained standard terminology among records sharing verified context
visible_summary,A portrait plushie printable in the T-Rex collection.,7,/printables/animals/holiday-birthday-celebration-plushie-prehistoric-tyrannosaurus-rex-e33a4a049f|/printables/animals/holiday-christmas-plushie-prehistoric-tyrannosaurus-rex-family-7db0716c8e|/printables/animals/holiday-halloween-costume-plushie-prehistoric-tyrannosaurus-rex-family-c8be695a07|/printables/animals/mandala-geometry-patterns-plushie-prehistoric-tyrannosaurus-rex-06db7a17ec|/printables/animals/mandala-geometry-patterns-plushie-prehistoric-tyrannosaurus-rex-animal-857cd4f4bc|/printables/animals/plushie-prehistoric-tyrannosaurus-rex-b45810534e|/printables/animals/plushie-prehistoric-tyrannosaurus-rex-family-201a927475,true,retained standard terminology among records sharing verified context
visible_summary,A portrait plushie printable in the Velociraptors collection.,7,/printables/animals/holiday-birthday-celebration-plushie-prehistoric-velociraptor-family-ca95f6108b|/printables/animals/holiday-christmas-plushie-prehistoric-velociraptor-family-fbf88a4e08|/printables/animals/holiday-halloween-costume-plushie-prehistoric-velociraptor-family-1369ecd3a1|/printables/animals/mandala-geometry-patterns-plushie-prehistoric-velociraptor-41bbdeef1e|/printables/animals/mandala-geometry-patterns-plushie-prehistoric-velociraptor-animal-cf250cfc20|/printables/animals/plushie-prehistoric-velociraptor-0c65e87c0b|/printables/animals/plushie-prehistoric-velociraptor-family-a55479f748,true,retained standard terminology among records sharing verified context
visible_summary,A portrait plushie printable in the Woolly Mammoth collection.,7,/printables/animals/holiday-birthday-celebration-plushie-prehistoric-woolly-mammoth-family-a6c80ba9ba|/printables/animals/holiday-christmas-plushie-prehistoric-woolly-mammoth-family-2d3480db77|/printables/animals/holiday-halloween-costume-plushie-prehistoric-woolly-mammoth-family-dee76f3f72|/printables/animals/mandala-geometry-patterns-plushie-prehistoric-woolly-mammoth-1ce5fe0e66|/printables/animals/mandala-geometry-patterns-plushie-prehistoric-woolly-mammoth-animal-5667ccffb3|/printables/animals/plushie-prehistoric-woolly-mammoth-1aa7408597|/printables/animals/plushie-prehistoric-woolly-mammoth-family-c18df365d4,true,retained standard terminology among records sharing verified context
visible_summary,A portrait plushie printable in the Plushie Dogs collection.,7,/printables/animals/holiday-birthday-celebration-plushie-puppy-dog-family-0598064720|/printables/animals/holiday-christmas-plushie-puppy-dog-801341ade8|/printables/animals/holiday-christmas-plushie-puppy-dog-family-8b78f3c69d|/printables/animals/holiday-halloween-costume-plushie-puppy-dog-family-14b7901b5e|/printables/animals/plushie-pets-dogs-labrador-retriever-bb94084dfd|/printables/animals/plushie-puppy-dog-4a35ced072|/printables/animals/plushie-puppy-dog-family-7b2724d55e,true,retained standard terminology among records sharing verified context
visible_summary,A portrait plushie printable in the Reindeer collection.,9,/printables/birthday/holiday-birthday-celebration-plushie-reindeer-family-aa80cce2ec|/printables/christmas/holiday-christmas-plushie-reindeer-f22a73c74f|/printables/christmas/holiday-christmas-plushie-reindeer-family-e2ff6858a7|/printables/halloween/holiday-halloween-costume-plushie-reindeer-family-ff624a0102|/printables/detailed-for-adults/mandala-geometry-patterns-plushie-reindeer-c6ad0ebbfb|/printables/animals/mandala-geometry-patterns-plushie-reindeer-animals-2878a77170|/printables/detailed-for-adults/mandala-geometry-patterns-plushie-reindeer-rudolph-33a574789b|/printables/cute/plushie-reindeer-16c9ff7ddf|/printables/cute/plushie-reindeer-family-4c1ed39dc2,true,retained standard terminology among records sharing verified context
visible_summary,A portrait plushie printable in the Robots collection.,7,/printables/birthday/holiday-birthday-celebration-plushie-robot-family-0c03589e4f|/printables/christmas/holiday-christmas-plushie-robot-family-ff88fbd969|/printables/halloween/holiday-halloween-costume-plushie-robot-family-9d0b24cb4f|/printables/detailed-for-adults/mandala-geometry-patterns-plushie-robot-3761befce4|/printables/animals/mandala-geometry-patterns-plushie-robot-animal-04474f9dd3|/printables/cute/plushie-robot-03bc6c06ce|/printables/cute/plushie-robot-family-39a52a2d15,true,retained standard terminology among records sharing verified context
visible_summary,A portrait plushie printable in the Sloths collection.,13,/printables/birthday/holiday-birthday-celebration-plushie-sloth-baby-family-0031534ec6|/printables/birthday/holiday-birthday-celebration-plushie-sloth-family-ace98f6f71|/printables/christmas/holiday-christmas-plushie-sloth-baby-family-f8c3b99498|/printables/christmas/holiday-christmas-plushie-sloth-family-cb98c48d31|/printables/halloween/holiday-halloween-costume-plushie-sloth-baby-family-6560511157|/printables/halloween/holiday-halloween-costume-plushie-sloth-family-642b192de6|/printables/cute/mandala-geometry-patterns-plushie-cute-sloth-9448c152e7|/printables/detailed-for-adults/mandala-geometry-patterns-plushie-sloth-d8cdb27671|/printables/detailed-for-adults/mandala-geometry-patterns-plushie-sloth-baby-0efe16a7d5|/printables/cute/plushie-sloth-1724cb28fc|/printables/cute/plushie-sloth-baby-42878ec95b|/printables/cute/plushie-sloth-baby-family-2c71ec5f6c|/printables/cute/plushie-sloth-family-ea4091da6f,true,retained standard terminology among records sharing verified context
visible_summary,A portrait plushie printable in the Snakes collection.,6,/printables/animals/holiday-birthday-celebration-plushie-snake-family-59d8bee2bc|/printables/animals/holiday-christmas-plushie-snake-family-7e3f4e4362|/printables/animals/mandala-geometry-patterns-plushie-snake-eb230ed6d6|/printables/animals/mandala-geometry-patterns-plushie-snake-animals-4b6e5bf0de|/printables/animals/plushie-snake-3411115798|/printables/animals/plushie-snake-family-e6f58b4c7c,true,retained standard terminology among records sharing verified context
visible_summary,A portrait plushie printable in the Tigers collection.,9,/printables/birthday/holiday-birthday-celebration-plushie-tiger-family-3bd99a4ccd|/printables/christmas/holiday-christmas-plushie-tiger-family-e643679f6e|/printables/halloween/holiday-halloween-costume-plushie-tiger-family-6d6389b54e|/printables/animals/mandala-geometry-patterns-plushie-animals-tiger-34b2329017|/printables/detailed-for-adults/mandala-geometry-patterns-plushie-tiger-ca58834562|/printables/animals/mandala-geometry-patterns-plushie-tiger-animals-d85e36217b|/printables/detailed-for-adults/mandala-geometry-patterns-plushie-tiger-sitting-756f24bcbe|/printables/cute/plushie-tiger-143d528817|/printables/cute/plushie-tiger-family-ced40e6c26,true,retained standard terminology among records sharing verified context
visible_summary,A portrait plushie printable in the Turtles collection.,14,/printables/animals/holiday-birthday-celebration-plushie-turtle-family-722ef534a0|/printables/animals/holiday-christmas-plushie-sea-turtle-family-fcfbe6d439|/printables/animals/holiday-christmas-plushie-turtle-family-384b00c468|/printables/animals/holiday-halloween-costume-plushie-sea-turtle-family-a584de84a9|/printables/animals/holiday-halloween-costume-plushie-turtle-family-f51a94e450|/printables/animals/mandala-geometry-patterns-plushie-sea-turtle-2c276c20da|/printables/animals/mandala-geometry-patterns-plushie-sea-turtle-animal-171f0a58d7|/printables/animals/mandala-geometry-patterns-plushie-sea-turtle-hatchling-308f25523c|/printables/animals/mandala-geometry-patterns-plushie-turtle-3bb7e6142b|/printables/animals/mandala-geometry-patterns-plushie-turtle-animals-02233a771a|/printables/animals/plushie-sea-turtle-family-e655d6bab9|/printables/animals/plushie-sea-turtle-hatchling-69a0b0d361|/printables/animals/plushie-turtle-e4e0e8b947|/printables/animals/plushie-turtle-family-5d1944745c,true,retained standard terminology among records sharing verified context
visible_summary,A portrait plushie printable in the Plushie Unicorns collection.,11,/printables/birthday/holiday-birthday-celebration-plushie-unicorn-family-c06ba90537|/printables/birthday/holiday-birthday-plushie-unicorn-family-660a1ea2cc|/printables/christmas/holiday-christmas-plushie-unicorn-765058b747|/printables/christmas/holiday-christmas-plushie-unicorn-family-5e6cd88bbd|/printables/fantasy/holiday-halloween-costume-plushie-unicorn-family-30ee11dcbf|/printables/fantasy/holiday-halloween-plushie-unicorn-family-9711dca993|/printables/cute/mandala-geometry-patterns-plushie-cute-unicorn-17a29a8e15|/printables/detailed-for-adults/mandala-geometry-patterns-plushie-unicorn-6a67847d3d|/printables/detailed-for-adults/mandala-geometry-patterns-plushie-unicorn-samurai-652f6a5696|/printables/cute/plushie-unicorn-1d3fec1967|/printables/cute/plushie-unicorn-family-52ffbc1328,true,retained standard terminology among records sharing verified context
visible_summary,A portrait plushie printable in the Wolves collection.,9,/printables/birthday/holiday-birthday-celebration-plushie-wolf-family-be3fbfcd47|/printables/christmas/holiday-christmas-plushie-wolf-962e99e370|/printables/christmas/holiday-christmas-plushie-wolf-family-e648266b97|/printables/halloween/holiday-halloween-costume-plushie-wolf-family-0056b3f038|/printables/animals/mandala-geometry-patterns-plushie-animals-wolf-d8b663ac4e|/printables/detailed-for-adults/mandala-geometry-patterns-plushie-wolf-23a578ce7c|/printables/animals/mandala-geometry-patterns-plushie-wolf-animals-362a7f34f2|/printables/cute/plushie-wolf-524607a857|/printables/cute/plushie-wolf-family-2b579a1ced,true,retained standard terminology among records sharing verified context
visible_summary,A portrait plushie printable in the Zebras collection.,7,/printables/birthday/holiday-birthday-celebration-plushie-zebra-family-8a231e0e13|/printables/christmas/holiday-christmas-plushie-zebra-family-e9519e72db|/printables/halloween/holiday-halloween-costume-plushie-zebra-family-8c0067b2b8|/printables/detailed-for-adults/mandala-geometry-patterns-plushie-zebra-f5acd39e4c|/printables/animals/mandala-geometry-patterns-plushie-zebra-animals-3b4e6a637b|/printables/cute/plushie-zebra-596540fe40|/printables/cute/plushie-zebra-family-873d8b8bee,true,retained standard terminology among records sharing verified context
visible_summary,A portrait printable in the Unicorns collection with an explicit Birthday classification.,2,/printables/birthday/holiday-birthday-celebration-unicorn-ee9efd1d1a|/printables/birthday/holiday-birthday-unicorn-birthday-party-508e70c49e,true,retained standard terminology among records sharing verified context
visible_summary,A portrait printable in the Terrier collection with an explicit Christmas classification.,3,/printables/animals/holiday-christmas-dogs-boston-terrier-d0f62eb986|/printables/animals/holiday-christmas-dogs-jack-russell-terrier-ce6fe3f9a3|/printables/animals/holiday-christmas-dogs-yorkshire-terrier-38808201dd,true,retained standard terminology among records sharing verified context
visible_summary,A portrait printable in the Bulldog collection with an explicit Christmas classification.,2,/printables/animals/holiday-christmas-dogs-bulldog-218220f35a|/printables/animals/holiday-christmas-dogs-french-bulldog-5b74b7ee7c,true,retained standard terminology among records sharing verified context
visible_summary,A portrait printable in the Triceratops collection with an explicit Christmas classification.,2,/printables/animals/holiday-christmas-prehistoric-kawaii-triceratops-9689527143|/printables/animals/holiday-christmas-prehistoric-triceratops-2671e52fa5,true,retained standard terminology among records sharing verified context
visible_summary,A portrait printable in the Bats collection with an explicit Halloween classification.,4,/printables/bats/holiday-halloween-bat-colony-flying-in-night-sky-b88ffd2d89|/printables/bats/holiday-halloween-dracula-in-coffin-with-bats-4397409e48|/printables/bats/holiday-halloween-graveyard-with-bats-and-foggy-moonlight-eeafc51927|/printables/bats/holiday-halloween-vampire-standing-with-bat-cloak-e5d31a73ba,true,retained standard terminology among records sharing verified context
visible_summary,A portrait printable in the Spiders collection with an explicit Halloween classification.,2,/printables/animals/holiday-halloween-cobweb-in-corner-with-spider-efeaea9775|/printables/animals/holiday-halloween-giant-spider-crawling-on-wall-9f9f5f3bbd,true,retained standard terminology among records sharing verified context
visible_summary,A portrait printable in the Pumpkins collection with an explicit Halloween classification.,4,/printables/halloween/holiday-halloween-happy-pumpkin-patch-scene-ab99e07ffc|/printables/halloween/holiday-halloween-pumpkin-carving-party-coloring-apage-cc699065d9|/printables/halloween/holiday-halloween-pumpkin-patch-with-family-picking-pumpkins-236c4af6d3|/printables/halloween/holiday-halloween-scarecrow-guarding-pumpkin-field-6656d38f06,true,retained standard terminology among records sharing verified context
visible_summary,A portrait printable in the Witches collection with an explicit Halloween classification.,4,/printables/halloween/holiday-halloween-witch-cooking-potion-in-cauldron-65476d7753|/printables/halloween/holiday-halloween-witch-flying-e67904355e|/printables/halloween/holiday-halloween-witch-flying-on-broomstick-across-moon-addb4ccfba|/printables/halloween/holiday-halloween-witch-flying-over-haunted-village-9eb92bda25,true,retained standard terminology among records sharing verified context
visible_summary,A portrait printable in the Indoor Plants collection.,102,/printables/indoor-plants/indoor-plants-african-violet-633e0af20e|/printables/indoor-plants/indoor-plants-aglaonema-pink-dalmation-12eb9bb13b|/printables/indoor-plants/indoor-plants-aglaonema-siam-aurora-83812d4fae|/printables/indoor-plants/indoor-plants-air-plant-tillandsia-d16acd9437|/printables/indoor-plants/indoor-plants-air-plant-xerographica-9c67f0b7ff|/printables/dragons/indoor-plants-alocasia-dragon-scale-03c81c011c|/printables/indoor-plants/indoor-plants-alocasia-polly-african-mask-b2541755af|/printables/indoor-plants/indoor-plants-alocasia-polly-african-mask-potted-plant-284aa2672b|/printables/dragons/indoor-plants-alocasia-silver-dragon-e1f81c706b|/printables/indoor-plants/indoor-plants-alocasia-zebrina-279f33434e|/printables/indoor-plants/indoor-plants-aloe-vera-0a0f062bc5|/printables/indoor-plants/indoor-plants-amaryllis-f11da91666|/printables/indoor-plants/indoor-plants-anthurium-clarinervium-c714fd8470|/printables/indoor-plants/indoor-plants-anthurium-crystallinum-2cd23e7c1d|/printables/indoor-plants/indoor-plants-anthurium-pink-12e957333c|/printables/flowers/indoor-plants-anthurium-red-flamingo-flower-e19c63b0b0|/printables/indoor-plants/indoor-plants-arrowhead-neon-024a1d89ff|/printables/indoor-plants/indoor-plants-arrowhead-pink-0b50782272|/printables/indoor-plants/indoor-plants-arrowhead-plant-syngonium-fb687b69cd|/printables/indoor-plants/indoor-plants-asparagus-fern-b5dd6fd9b8|/printables/indoor-plants/indoor-plants-asplenium-nidus-victoria-birdsnest-9851aabbf3|/printables/animals/indoor-plants-bird-of-paradise-6af898d102|/printables/animals/indoor-plants-birds-nest-fern-a308eacaf9|/printables/indoor-plants/indoor-plants-boston-fern-fc46adfe96|/printables/indoor-plants/indoor-plants-calathea-lancifolia-rattlesnake-12aa3ee236|/printables/indoor-plants/indoor-plants-calathea-makoyana-peacock-2475a01006|/printables/indoor-plants/indoor-plants-calathea-medallion-ccaba41b3a|/printables/indoor-plants/indoor-plants-calathea-ornata-31d40379db|/printables/indoor-plants/indoor-plants-calathea-warscewiczii-5cb5965a2d|/printables/indoor-plants/indoor-plants-cast-iron-plant-14160b2cea|/printables/indoor-plants/indoor-plants-chinese-evergreen-aglaonema-a325731289|/printables/indoor-plants/indoor-plants-chinese-evergreen-red-34202110cd|/printables/indoor-plants/indoor-plants-chinese-evergreen-silver-ea22cf4045|/printables/indoor-plants/indoor-plants-coral-cactus-6b3cd1f552|/printables/indoor-plants/indoor-plants-creeping-fig-b4fb9a0c9a|/printables/indoor-plants/indoor-plants-croton-274bee2b05|/printables/indoor-plants/indoor-plants-cyclamen-1fc45870a5|/printables/indoor-plants/indoor-plants-dieffenbachia-dumb-cane-0b9432781b|/printables/indoor-plants/indoor-plants-easter-cactus-0860e67067|/printables/indoor-plants/indoor-plants-echeveria-e46c47a828|/printables/indoor-plants/indoor-plants-english-ivy-fe8b320a05|/printables/indoor-plants/indoor-plants-ficus-lyrata-bambino-f99ef7f315|/printables/indoor-plants/indoor-plants-fiddle-leaf-fig-b6db2900d9|/printables/indoor-plants/indoor-plants-gloxinia-3d16400af4|/printables/indoor-plants/indoor-plants-golden-pothos-d659518a17|/printables/indoor-plants/indoor-plants-hoya-carnosa-a0c1d12a6e|/printables/indoor-plants/indoor-plants-hoya-compacta-hindu-rope-ce4eec35a7|/printables/indoor-plants/indoor-plants-hoya-linearis-b816b1e9c4|/printables/indoor-plants/indoor-plants-hoya-obovata-6d4f5fa27f|/printables/indoor-plants/indoor-plants-hoya-pubicalyx-04b0024708|/printables/indoor-plants/indoor-plants-jade-plant-crassula-ovata-671103edd1|/printables/indoor-plants/indoor-plants-kalanchoe-blossfeldiana-e2d0b575fe|/printables/indoor-plants/indoor-plants-kalanchoe-flowering-0f65c75883|/printables/indoor-plants/indoor-plants-kalanchoe-luciae-paddle-plant-6fc7da2379|/printables/indoor-plants/indoor-plants-kalanchoe-thyrsiflora-flapjack-52afc5aa8a|/printables/indoor-plants/indoor-plants-kimberly-queen-fern-1a5f5a11f4|/printables/indoor-plants/indoor-plants-lucky-money-plant-pilea-peperomioides-b96e7482b8|/printables/indoor-plants/indoor-plants-maidenhair-fern-21a6933c71|/printables/indoor-plants/indoor-plants-monstera-deliciosa-159bb95e36|/printables/indoor-plants/indoor-plants-monstera-obliqua-e8829677a4|/printables/indoor-plants/indoor-plants-monstera-siltepecana-b78328df7c|/printables/indoor-plants/indoor-plants-nertera-granadensis-bead-plant-e4f8a3fbf7|/printables/indoor-plants/indoor-plants-oxalis-triangularis-purple-shamrock-6d467d410d|/printables/indoor-plants/indoor-plants-peperomia-green-61c55ffd6d|/printables/indoor-plants/indoor-plants-peperomia-obtusifolia-e1e3ca82bd|/printables/indoor-plants/indoor-plants-peperomia-watermelon-4828288358|/printables/indoor-plants/indoor-plants-philodendron-birkin-2b561fd320|/printables/indoor-plants/indoor-plants-philodendron-brasil-5cd8d9fd9e|/printables/indoor-plants/indoor-plants-philodendron-heartleaf-ed8975d83b|/printables/indoor-plants/indoor-plants-philodendron-micans-cfe12bf1bf|/printables/indoor-plants/indoor-plants-philodendron-pink-princess-ab3e85182b|/printables/indoor-plants/indoor-plants-philodendron-white-princess-b49d72c279|/printables/indoor-plants/indoor-plants-phlebodium-blue-star-fern-22f0c4bef0|/printables/indoor-plants/indoor-plants-pilea-chinese-money-plant-3ed2b96195|/printables/indoor-plants/indoor-plants-pilea-glauca-2f927fdcf0|/printables/indoor-plants/indoor-plants-pilea-moon-valley-c7df19a8f5|/printables/indoor-plants/indoor-plants-pothos-golden-c5003a8a27|/printables/indoor-plants/indoor-plants-pothos-marble-queen-dae843630a|/printables/indoor-plants/indoor-plants-pothos-neon-cc80c4a86e|/printables/indoor-plants/indoor-plants-prayer-plant-lemon-lime-99b3941f82|/printables/indoor-plants/indoor-plants-prayer-plant-maranta-9f15d29213|/printables/indoor-plants/indoor-plants-prayer-plant-maranta-plant-63af2a6731|/printables/indoor-plants/indoor-plants-rubber-plant-burgundy-5cdeb168fe|/printables/indoor-plants/indoor-plants-rubber-plant-ficus-elastica-daee0357c1|/printables/indoor-plants/indoor-plants-rubber-plant-tineke-637e4555cc|/printables/indoor-plants/indoor-plants-satin-pothos-scindapsus-pictus-dbbf349917|/printables/indoor-plants/indoor-plants-scindapsus-jade-satin-5357f89d9a|/printables/indoor-plants/indoor-plants-scindapsus-treubii-moonlight-22c83b533b|/printables/indoor-plants/indoor-plants-sedum-burrito-burros-tail-a5d177ebc3|/printables/indoor-plants/indoor-plants-sedum-donkey-tail-4ee908fe24|/printables/indoor-plants/indoor-plants-sedum-morganianum-73c6893a5a|/printables/indoor-plants/indoor-plants-spathiphyllum-domino-2d1d6e1486|/printables/indoor-plants/indoor-plants-spathiphyllum-picasso-540530c595|/printables/indoor-plants/indoor-plants-staghorn-fern-c540da2505|/printables/indoor-plants/indoor-plants-string-of-bananas-66e414eb9e|/printables/indoor-plants/indoor-plants-string-of-hearts-bdbeb789f1|/printables/indoor-plants/indoor-plants-string-of-pearls-54dab04b64|/printables/indoor-plants/indoor-plants-swiss-cheese-plant-175119fa28|/printables/indoor-plants/indoor-plants-thanksgiving-cactus-7091abea60|/printables/indoor-plants/indoor-plants-weeping-fig-ficus-benjamina-9e1717846c|/printables/indoor-plants/indoor-plants-zz-plant-1d08b038f8|/printables/indoor-plants/indoor-plants-zz-raven-e805afdc45,true,retained standard terminology among records sharing verified context
visible_summary,A portrait printable in the Palm collection.,6,/printables/indoor-plants/indoor-plants-areca-palm-454f9da715|/printables/indoor-plants/indoor-plants-bamboo-palm-b182761ba2|/printables/indoor-plants/indoor-plants-kentia-palm-e494b3102f|/printables/indoor-plants/indoor-plants-majesty-palm-43fd79f00b|/printables/indoor-plants/indoor-plants-parlor-palm-bf99e09ba5|/printables/indoor-plants/indoor-plants-sago-palm-8fe29fd4ad,true,retained standard terminology among records sharing verified context
visible_summary,A portrait printable in the Bamboo collection.,6,/printables/indoor-plants/indoor-plants-lucky-bamboo-23d308a776|/printables/detailed-for-adults/mandala-geometry-patterns-japan-bamboo-forest-c0b4b1ffdf|/printables/detailed-for-adults/mandala-geometry-patterns-japan-kyoto-bamboo-grove-path-5f81cfd846|/printables/detailed-for-adults/mandala-geometry-patterns-sushi-bamboo-chopstick-rest-5468fd1dab|/printables/detailed-for-adults/mandala-geometry-patterns-sushi-bamboo-sushi-steamer-5322b09b7a|/printables/detailed-for-adults/mandala-geometry-patterns-sushi-nigiri-on-bamboo-leaf-eeff6e5baf,true,retained standard terminology among records sharing verified context
visible_summary,A portrait printable in the Pandas collection.,3,/printables/indoor-plants/indoor-plants-panda-plant-f1b4da18d5|/printables/detailed-for-adults/mandala-geometry-patterns-panda-a1112825a8|/printables/detailed-for-adults/mandala-geometry-patterns-sushi-panda-onigiri-afcee57e08,true,retained standard terminology among records sharing verified context
visible_summary,A portrait printable in the Snakes collection.,5,/printables/animals/indoor-plants-snake-plant-cb98f90953|/printables/animals/mandala-geometry-patterns-snake-36358c6e6c|/printables/animals/reptiles-monitor-lizard-with-rattle-snake-rattler-60141e9a0e|/printables/animals/reptiles-snake-coiled-on-tree-branch-6efde18b46|/printables/animals/reptiles-snakes-5030b29dd4,true,retained standard terminology among records sharing verified context
visible_summary,A portrait printable in the Spiders collection.,19,/printables/animals/indoor-plants-spider-plant-24e5529d0b|/printables/animals/insects-black-widow-spider-5883cdcf25|/printables/animals/insects-black-widow-spider-hanging-on-web-1ac43ecc64|/printables/animals/insects-garden-spider-7467004413|/printables/animals/insects-garden-spider-catching-fly-9781a81ac2|/printables/animals/insects-jumping-spider-8311a1acd8|/printables/animals/insects-jumping-spider-on-flower-80a6380d12|/printables/animals/insects-orb-weaver-spider-in-web-7d6f5e9361|/printables/animals/insects-spider-9e523d233a|/printables/animals/insects-spider-with-wolf-head-cabd87e033|/printables/animals/insects-werewolf-spider-8044eee025|/printables/animals/insects-wolf-spider-750eeb8131|/printables/animals/insects-wolf-spider-crawling-6b0feba5fe|/printables/animals/mandala-geometry-patterns-insects-black-widow-spider-8cf2e2002d|/printables/animals/mandala-geometry-patterns-insects-garden-spider-5f9d0098b6|/printables/animals/mandala-geometry-patterns-insects-garden-spider-on-webs-09cc7254d7|/printables/animals/mandala-geometry-patterns-spider-9b470c341c|/printables/animals/mandala-geometry-patterns-sushi-cartoon-spider-roll-5c40f77da3|/printables/animals/mandala-geometry-patterns-sushi-spider-roll-307abddfe7,true,retained standard terminology among records sharing verified context
visible_summary,A portrait printable in the Turtles collection.,25,/printables/animals/indoor-plants-string-of-turtles-38b7e74599|/printables/animals/mandala-geometry-patterns-sea-turtle-a7fb2380ea|/printables/animals/reptiles-aligator-with-turtle-shell-a87cc13ec7|/printables/animals/reptiles-alligator-snapping-turtle-9c4be5a82e|/printables/animals/reptiles-box-turtle-87748f889a|/printables/animals/reptiles-box-turtle-in-grass-83db86d5a5|/printables/animals/reptiles-chinese-softshell-turtle-9d5c2227c3|/printables/animals/reptiles-hawksbill-sea-turtle-on-coral-reef-42f9b3c3d2|/printables/animals/reptiles-leatherback-sea-turtle-on-beach-4152586ba7|/printables/animals/reptiles-leatherback-turtle-fb44b658b0|/printables/animals/reptiles-loggerhead-sea-turtle-laying-eggs-5a4d08c526|/printables/animals/reptiles-map-turtle-on-floating-log-f896b70813|/printables/animals/reptiles-sea-turtle-a537562da9|/printables/animals/reptiles-sea-turtle-swimming-in-ocean-cb7c18a298|/printables/animals/reptiles-snapping-turtle-in-pond-d640061f47|/printables/animals/reptiles-softshell-turtle-in-river-c02fd96852|/printables/animals/reptiles-turtles-e727d8c041|/printables/animals/reptiles-wood-turtle-by-stream-1296740ce9|/printables/animals/sea-life-hawksbill-turtle-f781e99df9|/printables/animals/sea-life-hawksbill-turtle-near-coral-b07c45d087|/printables/animals/sea-life-leatherback-turtle-surfacing-for-air-969380fdef|/printables/animals/sea-life-loggerhead-turtle-4d7d542d68|/printables/animals/sea-life-loggerhead-turtle-laying-eggs-bed0354668|/printables/animals/sea-life-sea-turtle-706dff4a82|/printables/animals/sea-life-sea-turtle-green-turtle-in-reef-33b2bd8d1e,true,retained standard terminology among records sharing verified context
visible_summary,A portrait printable in the Zebras collection.,4,/printables/indoor-plants/indoor-plants-zebra-haworthia-fb63145050|/printables/indoor-plants/indoor-plants-zebra-plant-aphelandra-930f783d7b|/printables/indoor-plants/indoor-plants-zebra-succulent-cf66ffd286|/printables/detailed-for-adults/mandala-geometry-patterns-zebra-1eafa3ad41,true,retained standard terminology among records sharing verified context
visible_summary,A portrait printable in the Insects collection.,79,/printables/animals/insects-angry-soldier-ant-ae4937339e|/printables/animals/insects-ant-9a7f19946b|/printables/animals/insects-ant-carrying-leaves-66f501c191|/printables/animals/insects-ants-0762db8975|/printables/animals/insects-army-ant-cartoon-5570c327a9|/printables/animals/insects-armyworm-caterpillar-70f58459dd|/printables/animals/insects-armyworm-caterpillar-cartoon-d286dfdaea|/printables/animals/insects-booklouse-2a0dd89882|/printables/animals/insects-bumblebee-on-sunflower-0c7c254a6c|/printables/animals/insects-bumblebees-57e379a1e6|/printables/animals/insects-caddisfly-larva-1b561459cf|/printables/animals/insects-carpenter-ant-on-log-822a690840|/printables/animals/insects-caterpillar-95b7e25eb8|/printables/animals/insects-cicada-cb25fe6c81|/printables/animals/insects-cricket-cf924f87b4|/printables/animals/insects-cricket-playing-violin-ce0873cd42|/printables/animals/insects-cutworm-caterpillar-6f1bf5c003|/printables/animals/insects-damselfly-perched-on-reed-0367b38c15|/printables/animals/insects-desert-scorpion-b2ef356f31|/printables/animals/insects-dragonfly-hovering-over-pond-afff36c5fd|/printables/animals/insects-earwig-on-leaf-litter-d5d1f70391|/printables/animals/insects-firefly-86626b9bbb|/printables/animals/insects-firefly-glowing-at-dusk-ed25559848|/printables/animals/insects-fruit-fly-9443f14262|/printables/animals/insects-grasshopper-d4ee9d527a|/printables/animals/insects-grasshopper-on-blade-of-grass-1aef63609e|/printables/animals/insects-honeybee-on-flower-ba3314dabf|/printables/animals/insects-honeybees-0a3a6120d5|/printables/animals/insects-hornet-32e0b59564|/printables/animals/insects-horsefly-435e60b0d5|/printables/animals/insects-housefly-4594045fce|/printables/animals/insects-katydid-in-bushes-0640e03224|/printables/animals/insects-lacewing-on-leaf-fa3592b56a|/printables/animals/insects-ladybird-larva-9f570d0f65|/printables/animals/insects-ladybug-4ddc087c47|/printables/animals/insects-ladybug-flying-with-spread-wings-d8a0372343|/printables/animals/insects-leafcutter-ant-cf3cbdeaf5|/printables/animals/insects-leafhopper-on-stem-fc14ae9e2b|/printables/animals/insects-lightning-bug-over-meadow-a44f6b9e93|/printables/animals/insects-locust-swarming-over-field-e39540009c|/printables/animals/insects-luna-moth-with-wide-wings-96b9268d50|/printables/animals/insects-millipede-354878c853|/printables/animals/insects-millipede-on-moss-4012774596|/printables/animals/insects-mosquito-eb6791910f|/printables/animals/insects-moth-d4a40e0935|/printables/animals/insects-pill-bugs-a531ba12af|/printables/animals/insects-praying-mantis-95fa27e600|/printables/animals/insects-praying-mantis-on-leaf-dde923fa38|/printables/animals/insects-scissor-tailed-caddisfly-77f0f5e60b|/printables/animals/insects-scorpion-904a5e6afa|/printables/animals/insects-scorpion-in-grass-60e3655bc9|/printables/animals/insects-scorpions-77c6025213|/printables/animals/insects-silkworm-85e797405b|/printables/animals/insects-silkworm-on-mulberry-leaf-9714fa7274|/printables/animals/insects-silly-ant-with-leaf-on-head-fc7080acc6|/printables/animals/insects-springtail-24fffb23d7|/printables/animals/insects-stick-insect-on-twig-9b589f9f68|/printables/animals/insects-stonefly-on-rock-4ed08fe484|/printables/animals/insects-tarantula-289889b408|/printables/animals/insects-tarantula-in-burrow-390d104df6|/printables/animals/insects-wasp-cdddfeb257|/printables/animals/insects-wasps-9a20de7e5f|/printables/animals/insects-water-strider-on-pond-34e728422f|/printables/animals/insects-weevil-on-grain-stalk-de724ce722|/printables/animals/mandala-geometry-patterns-insects-bumblebee-f27a95b97b|/printables/animals/mandala-geometry-patterns-insects-caterpillar-c52905fcb2|/printables/animals/mandala-geometry-patterns-insects-cicada-0e4ece6f09|/printables/animals/mandala-geometry-patterns-insects-cricket-3929a00f1c|/printables/animals/mandala-geometry-patterns-insects-dragonfly-ff15e0ffcb|/printables/animals/mandala-geometry-patterns-insects-firefly-388650745b|/printables/animals/mandala-geometry-patterns-insects-grasshopper-34c194cf65|/printables/animals/mandala-geometry-patterns-insects-honeybee-baa2be7f64|/printables/animals/mandala-geometry-patterns-insects-hornet-672eadcf58|/printables/animals/mandala-geometry-patterns-insects-ladybug-f3edbe5005|/printables/animals/mandala-geometry-patterns-insects-praying-mantis-4d1fe25802|/printables/animals/mandala-geometry-patterns-insects-scorpion-afc849c039|/printables/animals/mandala-geometry-patterns-insects-silkworm-553721458b|/printables/animals/mandala-geometry-patterns-insects-tarantula-39e883cc26|/printables/animals/mandala-geometry-patterns-insects-wasp-44b443b79c,true,retained standard terminology among records sharing verified context
visible_summary,A portrait printable in the Beetles collection.,24,/printables/animals/insects-beetle-60f08d074e|/printables/animals/insects-beetle-on-log-677f9ddfac|/printables/animals/insects-beetle-spider-hybrid-052d25ef6c|/printables/animals/insects-dung-beetle-23318740ad|/printables/animals/insects-dung-beetle-rolling-ball-c5d2278e9c|/printables/animals/insects-goliath-beetle-387f85ce32|/printables/animals/insects-goliath-beetle-largest-insect-246e08d2cf|/printables/animals/insects-ground-beetle-a63bbe018a|/printables/animals/insects-jewel-beetle-7b8cbdac61|/printables/animals/insects-jewel-beetle-shiny-carapace-05594b086e|/printables/animals/insects-leaf-beetle-on-plant-26caf63705|/printables/animals/insects-rhinoceros-beetle-7238f85c1d|/printables/animals/insects-rhinoceros-beetle-with-horn-187047cbc6|/printables/animals/insects-scarab-beetle-5d0f435684|/printables/animals/insects-stag-beetle-e5fc1502ef|/printables/animals/insects-stag-beetle-fighting-on-branch-5496ab6c14|/printables/animals/insects-tiger-beetle-74052d0d9e|/printables/animals/mandala-geometry-patterns-insects-beetle-b5e0280d2d|/printables/animals/mandala-geometry-patterns-insects-beetles-5de0d19c8c|/printables/animals/mandala-geometry-patterns-insects-dung-beetle-dea9e0e9d7|/printables/animals/mandala-geometry-patterns-insects-rhinoceros-beetle-abbf9e3805|/printables/animals/mandala-geometry-patterns-insects-stag-beetle-3f9df87af0|/printables/animals/mandala-geometry-patterns-vehicle-cars-classic-volkswagen-beetle-5efd045f2e|/printables/animals/mandala-geometry-patterns-vehicle-cars-classic-volkswagen-beetle-car-879b59fd65,true,retained standard terminology among records sharing verified context
visible_summary,A portrait pattern-focused printable.,37,/printables/detailed-for-adults/mandala-geometry-patterns-celestial-mandala-84d5358083|/printables/detailed-for-adults/mandala-geometry-patterns-geometric-mandala-3369a57b28|/printables/detailed-for-adults/mandala-geometry-patterns-hindu-mandala-fc5ca81596|/printables/detailed-for-adults/mandala-geometry-patterns-nature-mandala-89a2f93a25|/printables/detailed-for-adults/mandala-geometry-patterns-psychedelic-mandala-9b152d5112|/printables/detailed-for-adults/mandala-geometry-patterns-abstract-mandala-29dbb1eecf|/printables/detailed-for-adults/mandala-geometry-patterns-abstract-shapes-96fa3013f6|/printables/detailed-for-adults/mandala-geometry-patterns-buddhist-mandala-8e4e5ac1a0|/printables/detailed-for-adults/mandala-geometry-patterns-cobra-face-patterns-3abc17f967|/printables/detailed-for-adults/mandala-geometry-patterns-cosmic-mandala-62b4f45277|/printables/detailed-for-adults/mandala-geometry-patterns-crocodile-face-patterns-e2f1666318|/printables/detailed-for-adults/mandala-geometry-patterns-dragonfly-patterns-d30f3769c4|/printables/detailed-for-adults/mandala-geometry-patterns-fractal-patterns-9d644ece91|/printables/detailed-for-adults/mandala-geometry-patterns-heart-mandala-fdb693495b|/printables/detailed-for-adults/mandala-geometry-patterns-honeybee-face-patterns-be5a057c4e|/printables/detailed-for-adults/mandala-geometry-patterns-hummingbird-face-patterns-6878cf2ec8|/printables/detailed-for-adults/mandala-geometry-patterns-isometric-patterns-665b62c3fb|/printables/detailed-for-adults/mandala-geometry-patterns-japan-torii-gate-mandala-mascot-5f97b548ef|/printables/detailed-for-adults/mandala-geometry-patterns-kaleidoscope-pattern-296e89446a|/printables/detailed-for-adults/mandala-geometry-patterns-koi-face-patterns-c4dfb7574b|/printables/detailed-for-adults/mandala-geometry-patterns-ladybug-patterns-42d3f4011f|/printables/detailed-for-adults/mandala-geometry-patterns-moon-mandala-bba75159b5|/printables/detailed-for-adults/mandala-geometry-patterns-optical-illusion-patterns-2ba40dae7a|/printables/detailed-for-adults/mandala-geometry-patterns-parrot-face-patterns-1947343fb5|/printables/detailed-for-adults/mandala-geometry-patterns-python-face-patterns-b4ebf7d0cd|/printables/detailed-for-adults/mandala-geometry-patterns-radial-patterns-00b633bf65|/printables/detailed-for-adults/mandala-geometry-patterns-rainbow-mandala-82e0bf5ffe|/printables/detailed-for-adults/mandala-geometry-patterns-sacred-geometry-mandala-98e7b1c27b|/printables/detailed-for-adults/mandala-geometry-patterns-scorpion-face-patterns-bde4b6b5cf|/printables/detailed-for-adults/mandala-geometry-patterns-seahorse-face-patterns-762473a336|/printables/detailed-for-adults/mandala-geometry-patterns-spiral-mandala-481995f0ca|/printables/detailed-for-adults/mandala-geometry-patterns-star-patterns-e41203999e|/printables/detailed-for-adults/mandala-geometry-patterns-sun-mandala-310260e102|/printables/detailed-for-adults/mandala-geometry-patterns-symmetrical-mandala-ac49e50c14|/printables/detailed-for-adults/mandala-geometry-patterns-yin-yang-mandala-f2c9a87009|/printables/detailed-for-adults/st-patricks-day-celtic-knot-mandala-pattern-46e5c80f77|/printables/detailed-for-adults/st-patricks-day-shamrock-mandala-pattern-8993f17565,true,retained standard terminology among records sharing verified context
visible_summary,A portrait printable in the Cookie collection.,9,/printables/animals/mandala-geometry-patterns-bakery-animal-shaped-cookies-02c4796fed|/printables/bakery/mandala-geometry-patterns-bakery-baking-sheet-full-of-cookies-5f372cefe8|/printables/bakery/mandala-geometry-patterns-bakery-candy-cane-cookies-b08ddaca23|/printables/bakery/mandala-geometry-patterns-bakery-chocolate-chip-cookie-4c88ab37fb|/printables/bakery/mandala-geometry-patterns-bakery-cookie-decorating-ff7e1640d4|/printables/bakery/mandala-geometry-patterns-bakery-cookie-jar-abfddaff0c|/printables/bakery/mandala-geometry-patterns-bakery-heart-shaped-cookies-1c12c8d607|/printables/bakery/mandala-geometry-patterns-bakery-star-shaped-cookies-e953f24be1|/printables/bakery/mandala-geometry-patterns-bakery-sugar-cookie-shapes-7858717bf2,true,retained standard terminology among records sharing verified context
visible_summary,A portrait printable in the Bakery collection.,62,/printables/bakery/mandala-geometry-patterns-bakery-apple-pie-572ed1fcfb|/printables/bakery/mandala-geometry-patterns-bakery-baguette-f3931efe05|/printables/bakery/mandala-geometry-patterns-bakery-baker-hat-85eb9a820b|/printables/bakery/mandala-geometry-patterns-bakery-baker-holding-bread-b1725567be|/printables/bakery/mandala-geometry-patterns-bakery-shop-front-81c0dea658|/printables/bakery/mandala-geometry-patterns-bakery-shop-interior-e25e3e5dee|/printables/bakery/mandala-geometry-patterns-bakery-baking-classroom-0a96a3953d|/printables/bakery/mandala-geometry-patterns-bakery-banana-bread-b966f4a2ee|/printables/bakery/mandala-geometry-patterns-bakery-biscotti-5ce75299d7|/printables/bakery/mandala-geometry-patterns-bakery-blueberry-muffin-1cedb880e9|/printables/bakery/mandala-geometry-patterns-bakery-bread-loaf-11bac2244d|/printables/bakery/mandala-geometry-patterns-bakery-bread-slicing-board-09d11226d0|/printables/bakery/mandala-geometry-patterns-bakery-breadsticks-in-basket-b49a7becfa|/printables/bakery/mandala-geometry-patterns-bakery-brownie-995c25947e|/printables/bakery/mandala-geometry-patterns-bakery-cheesecake-d3a9833b59|/printables/bakery/mandala-geometry-patterns-bakery-cherry-pie-c268e655da|/printables/bakery/mandala-geometry-patterns-bakery-chocolate-chip-muffin-b97e6a7ffd|/printables/bakery/mandala-geometry-patterns-bakery-ciabatta-5b6d264ca3|/printables/bakery/mandala-geometry-patterns-bakery-cinnamon-roll-8a420aa6ff|/printables/bakery/mandala-geometry-patterns-bakery-cream-puff-d4e833d020|/printables/bakery/mandala-geometry-patterns-bakery-croissant-64875b872e|/printables/bakery/mandala-geometry-patterns-bakery-cup-measuring-set-6d64fbaecf|/printables/bakery/mandala-geometry-patterns-bakery-customer-buying-pastry-5ec40b3117|/printables/bakery/mandala-geometry-patterns-bakery-cutting-board-with-dough-b2b847f8d9|/printables/bakery/mandala-geometry-patterns-bakery-danish-pastry-e8c3e2e66e|/printables/bakery/mandala-geometry-patterns-bakery-display-case-922f88ea65|/printables/bakery/mandala-geometry-patterns-bakery-donut-a99a2b3fbd|/printables/bakery/mandala-geometry-patterns-bakery-eclair-c6c44e3f30|/printables/bakery/mandala-geometry-patterns-bakery-flour-sack-and-yeast-f545f26be0|/printables/bakery/mandala-geometry-patterns-bakery-focaccia-988a6bf6e1|/printables/bakery/mandala-geometry-patterns-bakery-freshly-baked-baguettes-164ab8519b|/printables/bakery/mandala-geometry-patterns-bakery-freshly-baked-croissants-ebe8e05b48|/printables/bakery/mandala-geometry-patterns-bakery-fruit-scone-ea7f09fdc3|/printables/bakery/mandala-geometry-patterns-bakery-glazed-donut-0542f5a3e3|/printables/bakery/mandala-geometry-patterns-bakery-icing-tips-and-tools-f244206907|/printables/bakery/mandala-geometry-patterns-bakery-jelly-filled-donut-9caaa48dae|/printables/bakery/mandala-geometry-patterns-bakery-kneading-dough-7156708e83|/printables/bakery/mandala-geometry-patterns-bakery-macarons-5d9b4b62f4|/printables/bakery/mandala-geometry-patterns-bakery-market-stall-with-baked-goods-522c6a9342|/printables/bakery/mandala-geometry-patterns-bakery-milk-bread-loaf-8795321ebe|/printables/bakery/mandala-geometry-patterns-bakery-mini-tart-assortment-5da2f7f990|/printables/bakery/mandala-geometry-patterns-bakery-mixing-spoon-and-whisk-fa80947a84|/printables/bakery/mandala-geometry-patterns-bakery-muffin-3366e997f3|/printables/bakery/mandala-geometry-patterns-bakery-oven-with-baked-goods-09aae6fcd7|/printables/bakery/mandala-geometry-patterns-bakery-pancake-stack-f9a570fc29|/printables/bakery/mandala-geometry-patterns-bakery-pastry-bag-with-icing-cee0d228b2|/printables/bakery/mandala-geometry-patterns-bakery-pastry-brush-and-glaze-0518e7678f|/printables/bakery/mandala-geometry-patterns-bakery-pastry-chef-45694162e0|/printables/bakery/mandala-geometry-patterns-bakery-pretzel-e9a0ae0f82|/printables/bakery/mandala-geometry-patterns-bakery-rolling-pin-and-dough-9f635549ab|/printables/bakery/mandala-geometry-patterns-bakery-sack-of-sugar-73772982e3|/printables/bakery/mandala-geometry-patterns-bakery-seeded-bread-28c321ea94|/printables/bakery/mandala-geometry-patterns-bakery-shelf-full-of-bread-4a772213da|/printables/bakery/mandala-geometry-patterns-bakery-slice-of-cheesecake-4b09b2b768|/printables/bakery/mandala-geometry-patterns-bakery-sourdough-loaf-16d8cb817b|/printables/bakery/mandala-geometry-patterns-bakery-spatula-and-dough-642ca300c7|/printables/bakery/mandala-geometry-patterns-bakery-sprinkle-donut-3dbcb0c73a|/printables/bakery/mandala-geometry-patterns-bakery-tart-46f578e5cd|/printables/bakery/mandala-geometry-patterns-bakery-tasty-croissant-1d029141df|/printables/bakery/mandala-geometry-patterns-bakery-tray-of-assorted-pastries-f3eb846d8b|/printables/bakery/mandala-geometry-patterns-bakery-waffle-abdc4b9fdd|/printables/bakery/mandala-geometry-patterns-bakery-whole-grain-loaf-cddee90b9c,true,retained standard terminology among records sharing verified context
visible_summary,A portrait printable in the Cakes collection.,12,/printables/bakery/mandala-geometry-patterns-bakery-bundt-cake-84aca9e8c9|/printables/bakery/mandala-geometry-patterns-bakery-cake-stand-f14fe96685|/printables/bakery/mandala-geometry-patterns-bakery-carrot-cake-slice-77618ace7c|/printables/bakery/mandala-geometry-patterns-bakery-chocolate-cupcake-701ec93473|/printables/bakery/mandala-geometry-patterns-bakery-cupcake-95878d3d22|/printables/bakery/mandala-geometry-patterns-bakery-fruit-cupcake-843e1520d7|/printables/bakery/mandala-geometry-patterns-bakery-layer-cake-6691186ef2|/printables/bakery/mandala-geometry-patterns-bakery-marble-cake-slice-8746b2b623|/printables/bakery/mandala-geometry-patterns-bakery-slice-of-cake-54241513cf|/printables/bakery/mandala-geometry-patterns-bakery-strawberry-cupcake-c33aa0e213|/printables/bakery/mandala-geometry-patterns-bakery-vanilla-cupcakes-803a7220cc|/printables/bakery/mandala-geometry-patterns-bakery-wedding-cake-f6db51bfb8,true,retained standard terminology among records sharing verified context
visible_summary,A portrait printable in the Bakery collection with an explicit Holidays classification.,3,/printables/bakery/mandala-geometry-patterns-bakery-holiday-fruitcake-974d7ecafa|/printables/bakery/mandala-geometry-patterns-bakery-holiday-pastry-platter-0897d81747|/printables/bakery/mandala-geometry-patterns-bakery-holiday-stollen-890f813457,true,retained standard terminology among records sharing verified context
visible_summary,A portrait printable in the Pumpkins collection.,2,/printables/bakery/mandala-geometry-patterns-bakery-pumpkin-pie-ce4ad989ce|/printables/detailed-for-adults/mandala-geometry-patterns-sushi-seasonal-pumpkin-roll-03d44069b0,true,retained standard terminology among records sharing verified context
visible_summary,A portrait printable in the Reptiles collection.,55,/printables/animals/mandala-geometry-patterns-chameleon-3599fb127b|/printables/animals/reptiles-alligator-basking-on-riverbank-ac73c705a8|/printables/animals/reptiles-american-crocodile-in-swamp-d3d60c2b08|/printables/animals/reptiles-argentine-tegu-8338e38675|/printables/animals/reptiles-axolotl-b418c10b37|/printables/animals/reptiles-bearded-dragon-9e2a9d3f77|/printables/animals/reptiles-bearded-dragon-in-desert-scene-14ae2f3df3|/printables/animals/reptiles-boa-constrictor-0bb44d2e94|/printables/animals/reptiles-caiman-de427cb2e4|/printables/animals/reptiles-chameleon-90deb1f1fd|/printables/animals/reptiles-cobra-f8d8cda03c|/printables/animals/reptiles-crested-gecko-476ca0f7ac|/printables/animals/reptiles-crocodile-e0d2b82778|/printables/animals/reptiles-cute-bearded-dragon-5e8e228ece|/printables/animals/reptiles-cute-crocodile-10549a3825|/printables/animals/reptiles-day-gecko-e3c3af0ecd|/printables/animals/reptiles-desert-tortoise-in-burrow-132904dd51|/printables/animals/reptiles-diamondback-terrapin-in-marsh-b052d5aa39|/printables/animals/reptiles-fire-salamander-2571b8b0b5|/printables/animals/reptiles-gecko-on-leaf-at-night-f544e30642|/printables/animals/reptiles-gharial-2d681386af|/printables/animals/reptiles-giant-galapagos-tortoise-487f3008b0|/printables/animals/reptiles-gila-monster-on-sandy-ground-b48e7d779e|/printables/animals/reptiles-hellbender-salamander-a5dfb7bb6d|/printables/animals/reptiles-horned-desert-viper-510ea32a36|/printables/animals/reptiles-king-cobra-6c6af84acd|/printables/animals/reptiles-king-cobra-with-hood-flared-8b69ed255b|/printables/animals/reptiles-komodo-dragon-509072ebd4|/printables/animals/reptiles-komodo-dragon-on-island-habitat-5cc49193d7|/printables/animals/reptiles-komodo-dragons-276ed454e2|/printables/animals/reptiles-leopard-gecko-9a6bb558c3|/printables/animals/reptiles-mamba-6d1a1aaaf9|/printables/animals/reptiles-mudpuppy-d3e2afcf0b|/printables/animals/reptiles-newt-swimming-887c7fd2f0|/printables/animals/reptiles-newt-swimming-in-pond-da2cdb2b6e|/printables/animals/reptiles-nile-crocodile-b966125fe7|/printables/animals/reptiles-nile-crocodile-catching-prey-a93f72ae43|/printables/animals/reptiles-olm-cave-salamander-9283ec6efd|/printables/animals/reptiles-pancake-tortoise-e72920e63c|/printables/animals/reptiles-panther-chameleon-changing-colors-67bc3dc4d5|/printables/animals/reptiles-python-e668307aa1|/printables/animals/reptiles-radiated-tortoise-21ab072d9e|/printables/animals/reptiles-red-eared-slider-069ab44435|/printables/animals/reptiles-salamander-0041b7dd48|/printables/animals/reptiles-salamander-resting-dd7fa55e99|/printables/animals/reptiles-skink-on-log-5671c163a7|/printables/animals/reptiles-toads-f4d2ca73c2|/printables/animals/reptiles-tortoise-c00ecefbc7|/printables/animals/reptiles-tortoise-eating-lettuce-91615ff7b0|/printables/animals/reptiles-tortoise-gator-hybrid-c5e69d293a|/printables/animals/reptiles-treefrog-red-eye-b84e16bcf2|/printables/animals/reptiles-viper-49b5bb4f22|/printables/animals/reptiles-vipers-60c0d47909|/printables/animals/reptiles-water-dragon-a198937cd0|/printables/animals/reptiles-yellow-bellied-slider-63cdcc003e,true,retained standard terminology among records sharing verified context
visible_summary,A portrait pattern-focused printable in the Geometric Dogs collection.,65,/printables/animals/mandala-geometry-patterns-dogs-afghan-hound-c89e57b8af|/printables/animals/mandala-geometry-patterns-dogs-akita-creative-64d3b64465|/printables/animals/mandala-geometry-patterns-dogs-alaskan-malamute-9291eff197|/printables/animals/mandala-geometry-patterns-dogs-anatolian-shepherd-dog-f084e39302|/printables/animals/mandala-geometry-patterns-dogs-australian-cattle-dog-0e812cdf03|/printables/animals/mandala-geometry-patterns-dogs-australian-shepherd-76b039baf5|/printables/animals/mandala-geometry-patterns-dogs-basenji-1f168cca2a|/printables/animals/mandala-geometry-patterns-dogs-beagle-cbe027c6da|/printables/animals/mandala-geometry-patterns-dogs-belgian-malinois-ae44da4f35|/printables/animals/mandala-geometry-patterns-dogs-belgian-sheepdog-81ca6c390a|/printables/animals/mandala-geometry-patterns-dogs-belgian-tervuren-75188680cc|/printables/animals/mandala-geometry-patterns-dogs-bernese-mountain-dog-37291361b9|/printables/animals/mandala-geometry-patterns-dogs-bichon-frise-a6a3b81a15|/printables/animals/mandala-geometry-patterns-dogs-bloodhound-2d05109fa3|/printables/animals/mandala-geometry-patterns-dogs-borzoi-beabf4db46|/printables/animals/mandala-geometry-patterns-dogs-briard-da5f337f0b|/printables/animals/mandala-geometry-patterns-dogs-bullmastiff-866f95d719|/printables/animals/mandala-geometry-patterns-dogs-catahoula-leopard-dog-0a8f12d1ab|/printables/animals/mandala-geometry-patterns-dogs-cavalier-king-charles-spaniel-83c83b0e31|/printables/animals/mandala-geometry-patterns-dogs-chesapeake-bay-retriever-0836e50620|/printables/animals/mandala-geometry-patterns-dogs-chihuahua-295223ed76|/printables/animals/mandala-geometry-patterns-dogs-chinese-crested-003cd28539|/printables/animals/mandala-geometry-patterns-dogs-cocker-spaniel-de867fdcac|/printables/animals/mandala-geometry-patterns-dogs-dachshund-854bafa205|/printables/animals/mandala-geometry-patterns-dogs-dalmatian-54b5010bfd|/printables/animals/mandala-geometry-patterns-dogs-daschund-b29701d9c0|/printables/animals/mandala-geometry-patterns-dogs-doberman-pinscher-3f4f9a571e|/printables/animals/mandala-geometry-patterns-dogs-english-mastiff-1d03d7013e|/printables/animals/mandala-geometry-patterns-dogs-english-springer-spaniel-7720e1c921|/printables/animals/mandala-geometry-patterns-dogs-german-shepherd-b04fae18c6|/printables/animals/mandala-geometry-patterns-dogs-golden-retriever-673b0c07a8|/printables/animals/mandala-geometry-patterns-dogs-great-dane-7c2173caf9|/printables/animals/mandala-geometry-patterns-dogs-great-pyrenees-584b2e1a51|/printables/animals/mandala-geometry-patterns-dogs-havanese-edba344e2b|/printables/animals/mandala-geometry-patterns-dogs-irish-setter-20dc8c1f9b|/printables/animals/mandala-geometry-patterns-dogs-irish-wolfhound-34304de6ab|/printables/animals/mandala-geometry-patterns-dogs-italian-greyhound-36d58bcee1|/printables/animals/mandala-geometry-patterns-dogs-komondor-32972e7e8d|/printables/animals/mandala-geometry-patterns-dogs-labrador-retriever-e4d333f429|/printables/animals/mandala-geometry-patterns-dogs-leonberger-2cabdef4cb|/printables/animals/mandala-geometry-patterns-dogs-lhasa-apso-bb3a918048|/printables/animals/mandala-geometry-patterns-dogs-maltese-2f8141525c|/printables/animals/mandala-geometry-patterns-dogs-miniature-schnauzer-7440063e3a|/printables/animals/mandala-geometry-patterns-dogs-newfoundland-edff04815b|/printables/animals/mandala-geometry-patterns-dogs-papillon-92caadd985|/printables/animals/mandala-geometry-patterns-dogs-pekingese-74e865f9b3|/printables/animals/mandala-geometry-patterns-dogs-pembroke-welsh-corgi-7dd1d25df0|/printables/animals/mandala-geometry-patterns-dogs-pomeranian-37bb47734d|/printables/animals/mandala-geometry-patterns-dogs-poodle-af8aab88e3|/printables/animals/mandala-geometry-patterns-dogs-portuguese-water-dog-efc165fae5|/printables/animals/mandala-geometry-patterns-dogs-pug-c28a995d75|/printables/animals/mandala-geometry-patterns-dogs-rhodesian-ridgeback-623835cb3c|/printables/animals/mandala-geometry-patterns-dogs-rottweiler-e87e4cbb0c|/printables/animals/mandala-geometry-patterns-dogs-saint-bernard-14c94d016a|/printables/animals/mandala-geometry-patterns-dogs-saluki-4ef6c67f66|/printables/animals/mandala-geometry-patterns-dogs-samoyed-4cb5a9f016|/printables/animals/mandala-geometry-patterns-dogs-shetland-sheepdog-550c6be513|/printables/animals/mandala-geometry-patterns-dogs-shiba-inu-806c2628d5|/printables/animals/mandala-geometry-patterns-dogs-shih-tzu-7423639791|/printables/animals/mandala-geometry-patterns-dogs-siberian-husky-8dac57dc16|/printables/animals/mandala-geometry-patterns-dogs-tibetan-mastiff-8716797bff|/printables/animals/mandala-geometry-patterns-dogs-vizsla-b421a9dde8|/printables/animals/mandala-geometry-patterns-dogs-weimaraner-9ddfd3eb7f|/printables/animals/mandala-geometry-patterns-dogs-whippet-8fa472d94c|/printables/animals/mandala-geometry-patterns-dogs-wirehaired-pointing-griffon-925677aab7,true,retained standard terminology among records sharing verified context
visible_summary,A portrait pattern-focused printable in the Terrier collection.,12,/printables/animals/mandala-geometry-patterns-dogs-american-staffordshire-terrier-47d855be25|/printables/animals/mandala-geometry-patterns-dogs-border-terrier-1d0e425b6a|/printables/animals/mandala-geometry-patterns-dogs-boston-terrier-c950e8d61f|/printables/animals/mandala-geometry-patterns-dogs-bull-terrier-7e4c708355|/printables/animals/mandala-geometry-patterns-dogs-cairn-terrier-3dc4fff635|/printables/animals/mandala-geometry-patterns-dogs-jack-russell-terrier-d6d6a81f3a|/printables/animals/mandala-geometry-patterns-dogs-jack-russell-terrier-playing-ball-3fadf1db18|/printables/animals/mandala-geometry-patterns-dogs-rat-terrier-5dd7de47f9|/printables/animals/mandala-geometry-patterns-dogs-scottish-terrier-6e72e47d42|/printables/animals/mandala-geometry-patterns-dogs-staffordshire-bull-terrier-c3e8a444ce|/printables/animals/mandala-geometry-patterns-dogs-toy-fox-terrier-0c23d416f2|/printables/animals/mandala-geometry-patterns-dogs-yorkshire-terrier-fc3cd0a2ae,true,retained standard terminology among records sharing verified context
visible_summary,A portrait pattern-focused printable in the Collie collection.,2,/printables/animals/mandala-geometry-patterns-dogs-border-collie-211cb87a10|/printables/animals/mandala-geometry-patterns-dogs-collie-45cf36f706,true,retained standard terminology among records sharing verified context
visible_summary,A portrait pattern-focused printable in the Bulldog collection.,2,/printables/animals/mandala-geometry-patterns-dogs-bulldog-e65568f719|/printables/animals/mandala-geometry-patterns-dogs-french-bulldog-1d903fe801,true,retained standard terminology among records sharing verified context
visible_summary,A portrait printable in the Cars collection.,174,/printables/cars/mandala-geometry-patterns-emergency-police-car-fd28953c64|/printables/cars/mandala-geometry-patterns-emergency-police-car-driving-f10bdc1e5a|/printables/cars/mandala-geometry-patterns-vehicle-cars-aston-martin-ab69db5853|/printables/cars/mandala-geometry-patterns-vehicle-cars-audi-fafb7125ac|/printables/cars/mandala-geometry-patterns-vehicle-cars-bentley-continental-f8b19b37fe|/printables/cars/mandala-geometry-patterns-vehicle-cars-bmw-22280a8843|/printables/cars/mandala-geometry-patterns-vehicle-cars-bugatti-chiron-a667624af7|/printables/cars/mandala-geometry-patterns-vehicle-cars-chevrolet-a309eedb91|/printables/cars/mandala-geometry-patterns-vehicle-cars-chevrolet-silverado-22b82d2b8c|/printables/cars/mandala-geometry-patterns-vehicle-cars-corvette-fa3a7476f2|/printables/cars/mandala-geometry-patterns-vehicle-cars-cybertruck-f554115e3a|/printables/cars/mandala-geometry-patterns-vehicle-cars-dodge-challenger-524aab86f0|/printables/cars/mandala-geometry-patterns-vehicle-cars-dodge-ram-truck-8c6f201871|/printables/cars/mandala-geometry-patterns-vehicle-cars-dragster-17da0e6db2|/printables/cars/mandala-geometry-patterns-vehicle-cars-ferrari-d41a45abd8|/printables/cars/mandala-geometry-patterns-vehicle-cars-ferrari-laferrari-0ee285bca5|/printables/cars/mandala-geometry-patterns-vehicle-cars-ferrari-scorpion-mod-75017ead01|/printables/cars/mandala-geometry-patterns-vehicle-cars-fiat-500-6c67eb7382|/printables/cars/mandala-geometry-patterns-vehicle-cars-ford-cf1e761eb7|/printables/cars/mandala-geometry-patterns-vehicle-cars-formula-1-438b41cff6|/printables/cars/mandala-geometry-patterns-vehicle-cars-go-kart-5ce92f6f04|/printables/cars/mandala-geometry-patterns-vehicle-cars-honda-6c7956f8c7|/printables/cars/mandala-geometry-patterns-vehicle-cars-jeep-wrangler-86e3b3ec52|/printables/cars/mandala-geometry-patterns-vehicle-cars-lamborghini-5c3422c4f4|/printables/cars/mandala-geometry-patterns-vehicle-cars-lamborghini-aventador-95ae8f047a|/printables/cars/mandala-geometry-patterns-vehicle-cars-lamborghini-sports-car-f5e4def2b4|/printables/cars/mandala-geometry-patterns-vehicle-cars-maserati-561a642896|/printables/cars/mandala-geometry-patterns-vehicle-cars-mclaren-cc497412df|/printables/cars/mandala-geometry-patterns-vehicle-cars-mercedes-benz-a46615f208|/printables/cars/mandala-geometry-patterns-vehicle-cars-mini-cooper-53f21f0ed4|/printables/cars/mandala-geometry-patterns-vehicle-cars-monster-truck-0c057bb244|/printables/cars/mandala-geometry-patterns-vehicle-cars-nascar-f3512920b4|/printables/cars/mandala-geometry-patterns-vehicle-cars-nissan-eeb3d259ef|/printables/cars/mandala-geometry-patterns-vehicle-cars-pagani-huayra-974ebd3a07|/printables/cars/mandala-geometry-patterns-vehicle-cars-porsche-6b7f6eeed9|/printables/cars/mandala-geometry-patterns-vehicle-cars-porsche-911-6fbd05e8b4|/printables/cars/mandala-geometry-patterns-vehicle-cars-rally-car-68f32ff3e6|/printables/cars/mandala-geometry-patterns-vehicle-cars-rolls-royce-6bdf8ac827|/printables/cars/mandala-geometry-patterns-vehicle-cars-sports-car-cc36617473|/printables/cars/mandala-geometry-patterns-vehicle-cars-tesla-aaa925357c|/printables/cars/mandala-geometry-patterns-vehicle-cars-tesla-model-s-d5ac80ecac|/printables/cars/mandala-geometry-patterns-vehicle-cars-toyota-7f992f500d|/printables/cars/mandala-geometry-patterns-vehicle-cars-toyota-supra-d87bfd042b|/printables/cars/mandala-geometry-patterns-vehicle-cars-volkswagen-golf-fcc590f433|/printables/cars/mandala-geometry-patterns-vehicle-cars-acura-integra-type-s-280c6a8a29|/printables/cars/mandala-geometry-patterns-vehicle-cars-acura-nsx-9c89bcaa03|/printables/cars/mandala-geometry-patterns-vehicle-cars-alfa-romeo-4c-7d2e86dfbc|/printables/cars/mandala-geometry-patterns-vehicle-cars-alfa-romeo-giulia-quadrifoglio-3629454fb8|/printables/cars/mandala-geometry-patterns-vehicle-cars-aston-martin-db11-9a3ad2c1da|/printables/cars/mandala-geometry-patterns-vehicle-cars-aston-martin-db11-car-1d0cf1e42b|/printables/cars/mandala-geometry-patterns-vehicle-cars-audi-e-tron-ev-22a6df7097|/printables/cars/mandala-geometry-patterns-vehicle-cars-audi-e-tron-ev-car-2a773e18e0|/printables/cars/mandala-geometry-patterns-vehicle-cars-audi-r8-209ad97c54|/printables/cars/mandala-geometry-patterns-vehicle-cars-audi-r8-car-9a715ebaa5|/printables/cars/mandala-geometry-patterns-vehicle-cars-bmw-i8-hybrid-3b67a66a3f|/printables/cars/mandala-geometry-patterns-vehicle-cars-bmw-ix-0b7c0979bb|/printables/cars/mandala-geometry-patterns-vehicle-cars-bmw-m3-9dc2591155|/printables/cars/mandala-geometry-patterns-vehicle-cars-bmw-x5-019ef1608a|/printables/cars/mandala-geometry-patterns-vehicle-cars-bmw-x6-a084574bf6|/printables/cars/mandala-geometry-patterns-vehicle-cars-bmw-xm-bcb579b2e4|/printables/cars/mandala-geometry-patterns-vehicle-cars-bugatti-bolide-fe9ba774da|/printables/cars/mandala-geometry-patterns-vehicle-cars-bugatti-divo-d481440818|/printables/cars/mandala-geometry-patterns-vehicle-cars-bugatti-veyron-a00ced3e35|/printables/cars/mandala-geometry-patterns-vehicle-cars-bugatti-veyrone-c9dc4d6832|/printables/cars/mandala-geometry-patterns-vehicle-cars-chevrolet-blazer-25b0a2d57e|/printables/cars/mandala-geometry-patterns-vehicle-cars-chevrolet-blazer-ev-58a4fb66a7|/printables/cars/mandala-geometry-patterns-vehicle-cars-chevrolet-camaro-9ce735cd28|/printables/cars/mandala-geometry-patterns-vehicle-cars-chevrolet-camaro-car-144044ffc5|/printables/cars/mandala-geometry-patterns-vehicle-cars-chevrolet-corvette-c8-2ad0260f72|/printables/cars/mandala-geometry-patterns-vehicle-cars-chevrolet-impala-classic-d8a251c4b9|/printables/cars/mandala-geometry-patterns-vehicle-cars-chevrolet-tahoe-d8beaa4de3|/printables/cars/mandala-geometry-patterns-vehicle-cars-classic-chevy-bel-air-2bb12fb520|/printables/cars/mandala-geometry-patterns-vehicle-cars-classic-chevy-bel-air-car-8693c33091|/printables/cars/mandala-geometry-patterns-vehicle-cars-classic-dodge-dart-fb8a0518ef|/printables/cars/mandala-geometry-patterns-vehicle-cars-classic-dodge-dart-car-3e948e0221|/printables/cars/mandala-geometry-patterns-vehicle-cars-classic-ford-model-t-1e85ab8567|/printables/cars/mandala-geometry-patterns-vehicle-cars-classic-ford-model-t-car-df0f54a273|/printables/cars/mandala-geometry-patterns-vehicle-cars-classic-ford-thunderbird-f8dc8efa85|/printables/cars/mandala-geometry-patterns-vehicle-cars-dodge-charger-15a278a942|/printables/cars/mandala-geometry-patterns-vehicle-cars-dodge-charger-car-66163503e7|/printables/cars/mandala-geometry-patterns-vehicle-cars-dodge-demon-f0b5d9d3ea|/printables/cars/mandala-geometry-patterns-vehicle-cars-dodge-viper-dc3e94db7d|/printables/cars/mandala-geometry-patterns-vehicle-cars-electric-sports-car-63aa3a648e|/printables/cars/mandala-geometry-patterns-vehicle-cars-electric-sports-car-charging-545b0f228c|/printables/cars/mandala-geometry-patterns-vehicle-cars-electric-sports-car-driving-25704f3b69|/printables/cars/mandala-geometry-patterns-vehicle-cars-ferrari-488-gtb-f728e4f33f|/printables/cars/mandala-geometry-patterns-vehicle-cars-ferrari-f8-tributo-69bd9008dc|/printables/cars/mandala-geometry-patterns-vehicle-cars-ferrari-sf90-stradale-df215dcb6b|/printables/cars/mandala-geometry-patterns-vehicle-cars-ford-bronco-1156753432|/printables/cars/mandala-geometry-patterns-vehicle-cars-ford-f150-lightning-620124ef9c|/printables/cars/mandala-geometry-patterns-vehicle-cars-ford-gt-supercar-4c55ef5237|/printables/cars/mandala-geometry-patterns-vehicle-cars-ford-gt-supercar-car-6531d8dbd1|/printables/cars/mandala-geometry-patterns-vehicle-cars-ford-mustang-abec4dd39b|/printables/cars/mandala-geometry-patterns-vehicle-cars-ford-mustang-car-09d536064f|/printables/cars/mandala-geometry-patterns-vehicle-cars-future-concept-car-c69c8d8da9|/printables/cars/mandala-geometry-patterns-vehicle-cars-future-concept-car-driving-377193adc5|/printables/cars/mandala-geometry-patterns-vehicle-cars-future-concept-model-car-7aa745ed0a|/printables/cars/mandala-geometry-patterns-vehicle-cars-gmc-hummer-ev-6e2d5421bd|/printables/cars/mandala-geometry-patterns-vehicle-cars-hennessey-venom-f5-f36742b3ff|/printables/cars/mandala-geometry-patterns-vehicle-cars-hennessey-venom-gt-4187a2bd80|/printables/cars/mandala-geometry-patterns-vehicle-cars-honda-civic-type-r-327e29e835|/printables/cars/mandala-geometry-patterns-vehicle-cars-honda-civic-type-r-car-d86bf41cc5|/printables/cars/mandala-geometry-patterns-vehicle-cars-honda-crv-53d94a7350|/printables/cars/mandala-geometry-patterns-vehicle-cars-honda-pilot-d01277d561|/printables/cars/mandala-geometry-patterns-vehicle-cars-honda-s2000-d4d3bbdabe|/printables/cars/mandala-geometry-patterns-vehicle-cars-honda-s2000-car-e4aac7368f|/printables/cars/mandala-geometry-patterns-vehicle-cars-hot-rod-f70daa8792|/printables/cars/mandala-geometry-patterns-vehicle-cars-hot-rod-classic-c6026cd0f5|/printables/cars/mandala-geometry-patterns-vehicle-cars-hot-rod-classic-car-a4c19f6032|/printables/cars/mandala-geometry-patterns-vehicle-cars-hyundai-ioniq-5-ev-d13f14f50b|/printables/cars/mandala-geometry-patterns-vehicle-cars-hyundai-ioniq-5-ev-car-4d9c85909e|/printables/cars/mandala-geometry-patterns-vehicle-cars-hyundai-tucson-2c75a8983e|/printables/cars/mandala-geometry-patterns-vehicle-cars-jaguar-f-type-8d159b399c|/printables/cars/mandala-geometry-patterns-vehicle-cars-jaguar-xj220-classic-8249950871|/printables/cars/mandala-geometry-patterns-vehicle-cars-jeep-gladiator-c33bd1e46c|/printables/cars/mandala-geometry-patterns-vehicle-cars-jeep-grand-cherokee-7649bba7fc|/printables/cars/mandala-geometry-patterns-vehicle-cars-kia-ev6-electric-f04d85b8b0|/printables/cars/mandala-geometry-patterns-vehicle-cars-kia-ev6-electric-car-acfc263280|/printables/cars/mandala-geometry-patterns-vehicle-cars-koenigsegg-agera-rs-308e2e2f7d|/printables/cars/mandala-geometry-patterns-vehicle-cars-koenigsegg-jesko-ba8491b5ab|/printables/cars/mandala-geometry-patterns-vehicle-cars-koenigsegg-regera-c1c6150bec|/printables/cars/mandala-geometry-patterns-vehicle-cars-lamborghini-gallardo-f662c88db4|/printables/cars/mandala-geometry-patterns-vehicle-cars-lamborghini-huracan-2c21ca84cc|/printables/cars/mandala-geometry-patterns-vehicle-cars-lamborghini-huracane-1cd1c62e10|/printables/cars/mandala-geometry-patterns-vehicle-cars-lamborghini-revuelto-972d6d6a24|/printables/cars/mandala-geometry-patterns-vehicle-cars-lamborghini-sian-4124ded437|/printables/cars/mandala-geometry-patterns-vehicle-cars-land-rover-defender-d48a39057f|/printables/cars/mandala-geometry-patterns-vehicle-cars-land-rover-discovery-c01c283523|/printables/cars/mandala-geometry-patterns-vehicle-cars-land-rover-range-rover-3bc59f3d78|/printables/cars/mandala-geometry-patterns-vehicle-cars-lexus-lfa-ed1dd6c1d8|/printables/cars/mandala-geometry-patterns-vehicle-cars-lexus-rc-f-1aea8cc24c|/printables/cars/mandala-geometry-patterns-vehicle-cars-lucid-air-ce41dbfde4|/printables/cars/mandala-geometry-patterns-vehicle-cars-maserati-granturismo-e7c2a56f1e|/printables/cars/mandala-geometry-patterns-vehicle-cars-mazda-mx-5-miata-e3f4d65e96|/printables/cars/mandala-geometry-patterns-vehicle-cars-mclaren-720s-b60a8c9155|/printables/cars/mandala-geometry-patterns-vehicle-cars-mclaren-720se-b9de426da2|/printables/cars/mandala-geometry-patterns-vehicle-cars-mclaren-p1-565581bb7c|/printables/cars/mandala-geometry-patterns-vehicle-cars-mclaren-p1e-7e537aacdf|/printables/cars/mandala-geometry-patterns-vehicle-cars-mercedes-amg-gt-50dd298d03|/printables/cars/mandala-geometry-patterns-vehicle-cars-mercedes-amg-gt-car-fc1bca60fa|/printables/cars/mandala-geometry-patterns-vehicle-cars-mercedes-g-class-g-wagon-d4024dfe85|/printables/cars/mandala-geometry-patterns-vehicle-cars-mercedes-gle-coupe-fb04317309|/printables/cars/mandala-geometry-patterns-vehicle-cars-muscle-car-collection-ead044c20d|/printables/cars/mandala-geometry-patterns-vehicle-cars-muscle-car-collections-120377eb24|/printables/cars/mandala-geometry-patterns-vehicle-cars-nissan-370z-6d6c01804e|/printables/cars/mandala-geometry-patterns-vehicle-cars-nissan-370z-car-c549727cca|/printables/cars/mandala-geometry-patterns-vehicle-cars-nissan-armada-cfd8104625|/printables/cars/mandala-geometry-patterns-vehicle-cars-nissan-gt-r-70b740562f|/printables/cars/mandala-geometry-patterns-vehicle-cars-nissan-patrol-e178de2153|/printables/cars/mandala-geometry-patterns-vehicle-cars-pagani-imola-aa60f10974|/printables/cars/mandala-geometry-patterns-vehicle-cars-pagani-zonda-9b7362e48d|/printables/cars/mandala-geometry-patterns-vehicle-cars-pagani-zondae-d76d885454|/printables/cars/mandala-geometry-patterns-vehicle-cars-porsche-718-cayman-44127f27d1|/printables/cars/mandala-geometry-patterns-vehicle-cars-porsche-cayenne-63bdc2b122|/printables/cars/mandala-geometry-patterns-vehicle-cars-porsche-cayman-1e07266d06|/printables/cars/mandala-geometry-patterns-vehicle-cars-porsche-panamera-a9b7e0109a|/printables/cars/mandala-geometry-patterns-vehicle-cars-porsche-taycan-ev-91407a6673|/printables/cars/mandala-geometry-patterns-vehicle-cars-rivian-r1s-72d69ecd42|/printables/cars/mandala-geometry-patterns-vehicle-cars-rivian-r1t-771ecad1b0|/printables/cars/mandala-geometry-patterns-vehicle-cars-rolls-royce-phantom-b1d6c68822|/printables/cars/mandala-geometry-patterns-vehicle-cars-subaru-brz-b31bff5b52|/printables/cars/mandala-geometry-patterns-vehicle-cars-subaru-forester-356188f528|/printables/cars/mandala-geometry-patterns-vehicle-cars-subaru-outback-9bfcc64198|/printables/cars/mandala-geometry-patterns-vehicle-cars-tesla-model-3-f789385ff7|/printables/cars/mandala-geometry-patterns-vehicle-cars-tesla-model-x-755c819002|/printables/cars/mandala-geometry-patterns-vehicle-cars-tesla-model-y-45d2095f0d|/printables/cars/mandala-geometry-patterns-vehicle-cars-tesla-roadster-2025-bc2e3030a8|/printables/cars/mandala-geometry-patterns-vehicle-cars-toyota-4runner-e92ebebbe6|/printables/cars/mandala-geometry-patterns-vehicle-cars-toyota-celica-classic-f3e9dadec5|/printables/cars/mandala-geometry-patterns-vehicle-cars-toyota-gr86-ebf724f458|/printables/cars/mandala-geometry-patterns-vehicle-cars-toyota-land-cruiser-7ea39a8c59|/printables/cars/mandala-geometry-patterns-vehicle-cars-toyota-prius-hybrid-f49de4b908|/printables/cars/mandala-geometry-patterns-vehicle-cars-toyota-prius-hybrid-car-90fb7c9c7c|/printables/cars/mandala-geometry-patterns-vehicle-cars-volvo-xc90-4aa184509b,true,retained standard terminology among records sharing verified context
visible_summary,A portrait pattern-focused printable in the Cats collection.,3,/printables/animals/mandala-geometry-patterns-family-of-kittens-face-patterns-cfe73885c5|/printables/animals/mandala-geometry-patterns-kitten-face-patterns-1a56fa5d38|/printables/animals/mandala-geometry-patterns-pair-of-kittens-face-patterns-6afb7fbd6b,true,retained standard terminology among records sharing verified context
visible_summary,A portrait pattern-focused printable in the Flowers collection.,3,/printables/detailed-for-adults/mandala-geometry-patterns-flowers-abstract-e789fd7921|/printables/detailed-for-adults/mandala-geometry-patterns-flowers-passionflower-patterns-87f8294c4b|/printables/detailed-for-adults/mandala-geometry-patterns-japan-cherry-blossom-park-mandala-mascot-7fd35519ca,true,retained standard terminology among records sharing verified context
visible_summary,A portrait printable in the Flowers collection.,61,/printables/detailed-for-adults/mandala-geometry-patterns-flowers-amaryllis-76c4974d3f|/printables/detailed-for-adults/mandala-geometry-patterns-flowers-anemone-a0127c087b|/printables/detailed-for-adults/mandala-geometry-patterns-flowers-aster-a4a57495c1|/printables/detailed-for-adults/mandala-geometry-patterns-flowers-azalea-d61afa5035|/printables/detailed-for-adults/mandala-geometry-patterns-flowers-bellflower-1da0b2be24|/printables/detailed-for-adults/mandala-geometry-patterns-flowers-bleeding-hearts-6ae6325eec|/printables/detailed-for-adults/mandala-geometry-patterns-flowers-calendula-bf6261483a|/printables/detailed-for-adults/mandala-geometry-patterns-flowers-carnation-08f897193d|/printables/detailed-for-adults/mandala-geometry-patterns-flowers-celosia-7571b2fd07|/printables/detailed-for-adults/mandala-geometry-patterns-flowers-chrysanthemum-7bce5348ba|/printables/detailed-for-adults/mandala-geometry-patterns-flowers-columbine-4a9a4ebd56|/printables/detailed-for-adults/mandala-geometry-patterns-flowers-cornflower-a1920bf618|/printables/detailed-for-adults/mandala-geometry-patterns-flowers-cosmos-796db183c2|/printables/detailed-for-adults/mandala-geometry-patterns-flowers-crocus-eeadaf5dff|/printables/detailed-for-adults/mandala-geometry-patterns-flowers-daffodil-936f1c45a0|/printables/detailed-for-adults/mandala-geometry-patterns-flowers-foxglove-365d161b00|/printables/detailed-for-adults/mandala-geometry-patterns-flowers-freesia-9de1ab9d9e|/printables/detailed-for-adults/mandala-geometry-patterns-flowers-fuchsia-fe6786628f|/printables/detailed-for-adults/mandala-geometry-patterns-flowers-gaillardia-0df608030a|/printables/detailed-for-adults/mandala-geometry-patterns-flowers-gazania-1ee29de743|/printables/detailed-for-adults/mandala-geometry-patterns-flowers-gerbera-15d8cec646|/printables/detailed-for-adults/mandala-geometry-patterns-flowers-gladiolus-2762ade5a5|/printables/detailed-for-adults/mandala-geometry-patterns-flowers-hellebore-17efdb6cb4|/printables/detailed-for-adults/mandala-geometry-patterns-flowers-hibiscus-24f34754ef|/printables/detailed-for-adults/mandala-geometry-patterns-flowers-hollyhock-dbc9ce2574|/printables/detailed-for-adults/mandala-geometry-patterns-flowers-hyacinth-4fcd27d113|/printables/detailed-for-adults/mandala-geometry-patterns-flowers-hydrangea-c65ed04121|/printables/detailed-for-adults/mandala-geometry-patterns-flowers-iris-a89c4ef392|/printables/detailed-for-adults/mandala-geometry-patterns-flowers-lavender-03c4dcec45|/printables/detailed-for-adults/mandala-geometry-patterns-flowers-lisianthus-35ad1b69fc|/printables/detailed-for-adults/mandala-geometry-patterns-flowers-magnolia-e36ad307c8|/printables/detailed-for-adults/mandala-geometry-patterns-flowers-marigold-1cdfaba835|/printables/detailed-for-adults/mandala-geometry-patterns-flowers-morning-11a6be17a6|/printables/detailed-for-adults/mandala-geometry-patterns-flowers-narcissus-60227af05c|/printables/detailed-for-adults/mandala-geometry-patterns-flowers-nasturtium-a509653583|/printables/detailed-for-adults/mandala-geometry-patterns-flowers-peony-f35694074e|/printables/detailed-for-adults/mandala-geometry-patterns-flowers-petunia-2398d9fb91|/printables/detailed-for-adults/mandala-geometry-patterns-flowers-primrose-67344dee13|/printables/detailed-for-adults/mandala-geometry-patterns-flowers-protea-402c748e10|/printables/detailed-for-adults/mandala-geometry-patterns-flowers-queen-annes-lace-7e18e5b60f|/printables/detailed-for-adults/mandala-geometry-patterns-flowers-ranunculus-c0911ad5f3|/printables/detailed-for-adults/mandala-geometry-patterns-flowers-red-maple-c8466a3126|/printables/detailed-for-adults/mandala-geometry-patterns-flowers-red-maple-bleeding-heart-3f875ce445|/printables/detailed-for-adults/mandala-geometry-patterns-flowers-rudbeckia-0fed1c33cc|/printables/detailed-for-adults/mandala-geometry-patterns-flowers-sakura-petals-f693d9697b|/printables/detailed-for-adults/mandala-geometry-patterns-flowers-salvia-78bc290b40|/printables/detailed-for-adults/mandala-geometry-patterns-flowers-sunflower-aa46bc3574|/printables/detailed-for-adults/mandala-geometry-patterns-flowers-sweet-pea-e673466972|/printables/detailed-for-adults/mandala-geometry-patterns-flowers-thistle-0b7a0b6757|/printables/detailed-for-adults/mandala-geometry-patterns-flowers-tulip-6984d83ae7|/printables/detailed-for-adults/mandala-geometry-patterns-flowers-wisteria-8e6d2be8ee|/printables/detailed-for-adults/mandala-geometry-patterns-flowers-xeranthemum-46a76cb26e|/printables/detailed-for-adults/mandala-geometry-patterns-flowers-yarrow-6981cfe301|/printables/detailed-for-adults/mandala-geometry-patterns-flowers-yucca-0cf8b3db83|/printables/detailed-for-adults/mandala-geometry-patterns-flowers-zantedeschia-3626c9b444|/printables/detailed-for-adults/mandala-geometry-patterns-flowers-zephyranthes-dc83eb23b1|/printables/detailed-for-adults/mandala-geometry-patterns-flowers-zinnia-e0dc52057e|/printables/detailed-for-adults/mandala-geometry-patterns-japan-cherry-blossom-festival-a8c1e3cec3|/printables/detailed-for-adults/mandala-geometry-patterns-japan-cherry-blossom-park-b13d44b517|/printables/detailed-for-adults/mandala-geometry-patterns-japan-origami-flowers-31fae519bb|/printables/detailed-for-adults/mandala-geometry-patterns-japan-spring-blossoms-by-river-5f93c0adb8,true,retained standard terminology among records sharing verified context
visible_summary,A portrait printable in the Lizards collection.,19,/printables/detailed-for-adults/mandala-geometry-patterns-iguana-cd45d02db6|/printables/animals/reptiles-anole-lizard-on-flower-branch-c7ffeff7aa|/printables/animals/reptiles-basilisk-lizard-running-on-water-b29c3df091|/printables/animals/reptiles-desert-horned-lizard-24205bcf29|/printables/animals/reptiles-desert-iguana-on-a-cactus-a4a44751e8|/printables/animals/reptiles-desert-iguana-on-cactus-d5c5a5d9e4|/printables/animals/reptiles-fence-lizard-a4e31c22e8|/printables/animals/reptiles-frilled-lizard-with-frill-expanded-f1bd8fd5c1|/printables/animals/reptiles-glass-lizard-11c8421d3a|/printables/animals/reptiles-gliding-draco-lizard-db965a2779|/printables/animals/reptiles-green-iguana-on-rock-5445d3ff98|/printables/animals/reptiles-horned-desert-lizard-93289d3aca|/printables/animals/reptiles-iguana-6fd793c867|/printables/animals/reptiles-iguana-forest-685904420d|/printables/animals/reptiles-kasian-frilled-lizard-2d1e7eaf77|/printables/animals/reptiles-lizard-f0a9211c33|/printables/animals/reptiles-lizard-swimming-8f0ff73c4a|/printables/animals/reptiles-monitor-lizard-hunting-in-river-6091097322|/printables/animals/reptiles-uromastyx-lizard-268e1d7cef,true,retained standard terminology among records sharing verified context
visible_summary,A portrait printable in the Food collection.,2,/printables/detailed-for-adults/mandala-geometry-patterns-japan-japanese-food-platter-13725381d8|/printables/detailed-for-adults/mandala-geometry-patterns-japan-japanese-street-food-stall-5486863c0a,true,retained standard terminology among records sharing verified context
visible_summary,A portrait printable in the Dragons collection.,2,/printables/detailed-for-adults/mandala-geometry-patterns-japan-origami-dragon-8f004406f0|/printables/detailed-for-adults/mandala-geometry-patterns-komodo-dragon-f13e5a9425,true,retained standard terminology among records sharing verified context
visible_summary,A portrait printable in the Trains collection.,78,/printables/detailed-for-adults/mandala-geometry-patterns-japan-shinkansen-bullet-train-e666274bbd|/printables/detailed-for-adults/mandala-geometry-patterns-japan-shinkansen-bullet-train-mountain-scene-854e435577|/printables/detailed-for-adults/mandala-geometry-patterns-trains-locomotives-african-savanna-safari-8343621f41|/printables/detailed-for-adults/mandala-geometry-patterns-trains-locomotives-arctic-train-on-snowy-ice-f87dc94339|/printables/detailed-for-adults/mandala-geometry-patterns-trains-locomotives-australian-outback-ghan-f2c3f525d7|/printables/detailed-for-adults/mandala-geometry-patterns-trains-locomotives-british-steam-heritage-6969270142|/printables/cars/mandala-geometry-patterns-trains-locomotives-cable-car-climbing-mountain-a2809b8c72|/printables/detailed-for-adults/mandala-geometry-patterns-trains-locomotives-canadian-rocky-mountain-6415302ec2|/printables/detailed-for-adults/mandala-geometry-patterns-trains-locomotives-cargo-freight-train-with-a0770cfa7a|/printables/detailed-for-adults/mandala-geometry-patterns-trains-locomotives-cargo-freight-train-with-aa6ebc02d8|/printables/cars/mandala-geometry-patterns-trains-locomotives-cargo-freight-train-with-1d9488574e|/printables/cars/mandala-geometry-patterns-trains-locomotives-cargo-freight-train-with-a8442f8cb7|/printables/detailed-for-adults/mandala-geometry-patterns-trains-locomotives-cartoon-smiling-bullet-76b0f4b4c3|/printables/detailed-for-adults/mandala-geometry-patterns-trains-locomotives-cartoon-smiling-diesel-d5fbd7536b|/printables/detailed-for-adults/mandala-geometry-patterns-trains-locomotives-cartoon-smiling-steam-18ac6c6422|/printables/detailed-for-adults/mandala-geometry-patterns-trains-locomotives-chinese-high-speed-crh-4d8766c6dc|/printables/detailed-for-adults/mandala-geometry-patterns-trains-locomotives-classic-steam-engine-front-cce8c2a3b7|/printables/detailed-for-adults/mandala-geometry-patterns-trains-locomotives-classic-steam-engine-side-45c322a426|/printables/detailed-for-adults/mandala-geometry-patterns-trains-locomotives-classic-steam-engine-with-55eebd8c6c|/printables/detailed-for-adults/mandala-geometry-patterns-trains-locomotives-coastal-train-running-along-be3a6ae377|/printables/detailed-for-adults/mandala-geometry-patterns-trains-locomotives-cogwheel-train-on-alpine-ee1196d89a|/printables/detailed-for-adults/mandala-geometry-patterns-trains-locomotives-commuter-train-in-city-3accc1151e|/printables/detailed-for-adults/mandala-geometry-patterns-trains-locomotives-desert-safari-train-fe5b536bcc|/printables/cars/mandala-geometry-patterns-trains-locomotives-diesel-locomotive-hauling-40f58512b4|/printables/cars/mandala-geometry-patterns-trains-locomotives-diesel-locomotive-hauling-b89cad5ed9|/printables/detailed-for-adults/mandala-geometry-patterns-trains-locomotives-double-decker-passenger-e2db070bec|/printables/detailed-for-adults/mandala-geometry-patterns-trains-locomotives-double-decker-passenger-f736317bf4|/printables/detailed-for-adults/mandala-geometry-patterns-trains-locomotives-electric-commuter-train-at-e2315ee4a1|/printables/detailed-for-adults/mandala-geometry-patterns-trains-locomotives-electric-locomotive-on-56700cbf81|/printables/detailed-for-adults/mandala-geometry-patterns-trains-locomotives-electric-metro-train-inside-8214b988e9|/printables/detailed-for-adults/mandala-geometry-patterns-trains-locomotives-electric-train-on-overhead-8d0469941d|/printables/detailed-for-adults/mandala-geometry-patterns-trains-locomotives-french-tgv-high-speed-train-9e03f0fcc7|/printables/detailed-for-adults/mandala-geometry-patterns-trains-locomotives-funicular-train-on-steep-e4f24ae1f6|/printables/detailed-for-adults/mandala-geometry-patterns-trains-locomotives-german-ice-high-speed-train-0856777127|/printables/detailed-for-adults/mandala-geometry-patterns-trains-locomotives-heritage-train-on-scenic-b3e6d5a856|/printables/detailed-for-adults/mandala-geometry-patterns-trains-locomotives-high-speed-bullet-train-at-ab0e0253c0|/printables/detailed-for-adults/mandala-geometry-patterns-trains-locomotives-high-speed-bullet-train-a45395998c|/printables/detailed-for-adults/mandala-geometry-patterns-trains-locomotives-high-speed-bullet-train-on-5e359d2a25|/printables/detailed-for-adults/mandala-geometry-patterns-trains-locomotives-indian-palace-on-wheels-fa10f9553b|/printables/detailed-for-adults/mandala-geometry-patterns-trains-locomotives-japanese-shinkansen-bullet-6bb268158c|/printables/detailed-for-adults/mandala-geometry-patterns-trains-locomotives-locomotive-engine-with-big-0db286466b|/printables/detailed-for-adults/mandala-geometry-patterns-trains-locomotives-locomotive-engine-with-ea5d493702|/printables/detailed-for-adults/mandala-geometry-patterns-trains-locomotives-locomotive-roundhouse-with-84ec7d677b|/printables/detailed-for-adults/mandala-geometry-patterns-trains-locomotives-long-distance-passenger-a608d5a96b|/printables/detailed-for-adults/mandala-geometry-patterns-trains-locomotives-luxury-orient-express-style-71b4230e37|/printables/cars/mandala-geometry-patterns-trains-locomotives-luxury-scenic-glass-dome-2663ac3776|/printables/detailed-for-adults/mandala-geometry-patterns-trains-locomotives-luxury-tourist-train-3e573ac917|/printables/detailed-for-adults/mandala-geometry-patterns-trains-locomotives-mexican-copper-canyon-08f6ee2b24|/printables/detailed-for-adults/mandala-geometry-patterns-trains-locomotives-modern-diesel-locomotive-aa94e5bbb1|/printables/detailed-for-adults/mandala-geometry-patterns-trains-locomotives-modern-diesel-locomotive-4accd7bb57|/printables/detailed-for-adults/mandala-geometry-patterns-trains-locomotives-monorail-train-on-elevated-1cbc7596b7|/printables/detailed-for-adults/mandala-geometry-patterns-trains-locomotives-mountain-rack-railway-train-e82ddfc415|/printables/detailed-for-adults/mandala-geometry-patterns-trains-locomotives-mountain-tourist-train-near-a7a794ee64|/printables/detailed-for-adults/mandala-geometry-patterns-trains-locomotives-narrow-gauge-railway-train-220bfb7725|/printables/detailed-for-adults/mandala-geometry-patterns-trains-locomotives-old-fashioned-ticket-booth-915925b6be|/printables/detailed-for-adults/mandala-geometry-patterns-trains-locomotives-passenger-train-arriving-at-37d1d6ceea|/printables/detailed-for-adults/mandala-geometry-patterns-trains-locomotives-passenger-train-departing-44b33aa65b|/printables/cars/mandala-geometry-patterns-trains-locomotives-rail-yard-with-multiple-0e83827f3b|/printables/detailed-for-adults/mandala-geometry-patterns-trains-locomotives-railway-crossing-with-2329f180b7|/printables/detailed-for-adults/mandala-geometry-patterns-trains-locomotives-railway-crossing-with-bc802e98d3|/printables/cars/mandala-geometry-patterns-trains-locomotives-railway-maintenance-train-093f35a6b5|/printables/detailed-for-adults/mandala-geometry-patterns-trains-locomotives-railway-tracks-leading-into-3c54d4a6b3|/printables/detailed-for-adults/mandala-geometry-patterns-trains-locomotives-small-shunting-engine-in-9d08dccb65|/printables/detailed-for-adults/mandala-geometry-patterns-trains-locomotives-subway-train-at-platform-cd271991e8|/printables/detailed-for-adults/mandala-geometry-patterns-trains-locomotives-subway-train-entering-751f7bb691|/printables/detailed-for-adults/mandala-geometry-patterns-trains-locomotives-train-entering-mountain-d54768a03f|/printables/detailed-for-adults/mandala-geometry-patterns-trains-locomotives-train-passing-through-snowy-5b3432cf1c|/printables/detailed-for-adults/mandala-geometry-patterns-trains-locomotives-train-passing-through-snowy-cf12022ea2|/printables/detailed-for-adults/mandala-geometry-patterns-trains-locomotives-train-roundhouse-with-eaa473bdb1|/printables/detailed-for-adults/mandala-geometry-patterns-trains-locomotives-train-roundhouse-with-ff4991ca7b|/printables/detailed-for-adults/mandala-geometry-patterns-trains-locomotives-tram-streetcar-on-city-5683e60bd9|/printables/detailed-for-adults/mandala-geometry-patterns-trains-locomotives-vintage-caboose-carriage-2c50e80ed8|/printables/animals/mandala-geometry-patterns-trains-locomotives-vintage-circus-train-with-50f1fa51be|/printables/cars/mandala-geometry-patterns-trains-locomotives-vintage-coal-car-with-24834c30e1|/printables/detailed-for-adults/mandala-geometry-patterns-trains-locomotives-vintage-logging-train-4d5ab47f61|/printables/detailed-for-adults/mandala-geometry-patterns-trains-locomotives-vintage-mail-train-carriage-34df490867|/printables/detailed-for-adults/mandala-geometry-patterns-trains-locomotives-vintage-milk-train-with-94a002da52|/printables/cars/mandala-geometry-patterns-trains-locomotives-vintage-mining-train-with-edce191e28,true,retained standard terminology among records sharing verified context
visible_summary,A portrait printable in the Sushi collection.,104,/printables/detailed-for-adults/mandala-geometry-patterns-japan-sushi-chef-716b074cb7|/printables/detailed-for-adults/mandala-geometry-patterns-sushi-6b5ab1bad6|/printables/detailed-for-adults/mandala-geometry-patterns-sushi-alaska-roll-14d367c215|/printables/detailed-for-adults/mandala-geometry-patterns-sushi-amaebi-sweet-shrimp-094226eb27|/printables/detailed-for-adults/mandala-geometry-patterns-sushi-avocado-dragon-roll-0b7ba2cde8|/printables/detailed-for-adults/mandala-geometry-patterns-sushi-avocado-maki-3325dd60e2|/printables/detailed-for-adults/mandala-geometry-patterns-sushi-baked-scallop-roll-e74e82c71d|/printables/detailed-for-adults/mandala-geometry-patterns-sushi-california-roll-0ad68615e7|/printables/detailed-for-adults/mandala-geometry-patterns-sushi-cartoon-combo-box-fc945da5af|/printables/detailed-for-adults/mandala-geometry-patterns-sushi-caterpillar-roll-7f6e6f7506|/printables/detailed-for-adults/mandala-geometry-patterns-sushi-character-bento-box-c0ec6bce4b|/printables/detailed-for-adults/mandala-geometry-patterns-sushi-chef-cutting-rolls-5b13a3c368|/printables/detailed-for-adults/mandala-geometry-patterns-sushi-chef-flipping-knife-e4f39b7cc5|/printables/detailed-for-adults/mandala-geometry-patterns-sushi-chef-holding-platter-803f65197e|/printables/detailed-for-adults/mandala-geometry-patterns-sushi-chef-preparing-roll-9d21a2d774|/printables/detailed-for-adults/mandala-geometry-patterns-sushi-chef-rolling-hosomaki-f167d63578|/printables/detailed-for-adults/mandala-geometry-patterns-sushi-chutoro-medium-fatty-tuna-fa24e9f4a5|/printables/detailed-for-adults/mandala-geometry-patterns-sushi-combo-box-cec19a1b5e|/printables/detailed-for-adults/mandala-geometry-patterns-sushi-cream-cheese-roll-2ff1a8883a|/printables/detailed-for-adults/mandala-geometry-patterns-sushi-crunchy-roll-52dc57744c|/printables/detailed-for-adults/mandala-geometry-patterns-sushi-cucumber-maki-903fb7a768|/printables/detailed-for-adults/mandala-geometry-patterns-sushi-cup-of-green-tea-da9a87fa49|/printables/detailed-for-adults/mandala-geometry-patterns-sushi-cup-of-miso-soup-5663462a14|/printables/detailed-for-adults/mandala-geometry-patterns-sushi-cutting-board-and-knife-roll-tuna-b5387b0667|/printables/detailed-for-adults/mandala-geometry-patterns-sushi-dancing-maki-roll-2a963b21f6|/printables/detailed-for-adults/mandala-geometry-patterns-sushi-decorated-bento-lunch-baa3695ecf|/printables/detailed-for-adults/mandala-geometry-patterns-sushi-dragon-rol-d280bdb12d|/printables/detailed-for-adults/mandala-geometry-patterns-sushi-dynamite-roll-59e95773cb|/printables/detailed-for-adults/mandala-geometry-patterns-sushi-edamame-roll-tuna-dd3a5ca4a3|/printables/detailed-for-adults/mandala-geometry-patterns-sushi-eel-sauce-drizzle-19c4c4f42f|/printables/detailed-for-adults/mandala-geometry-patterns-sushi-family-sushi-night-87bd9f5ef3|/printables/detailed-for-adults/mandala-geometry-patterns-sushi-festival-sushi-food-cart-9e13ae5607|/printables/detailed-for-adults/mandala-geometry-patterns-sushi-festival-sushi-stall-114268e21a|/printables/detailed-for-adults/mandala-geometry-patterns-sushi-festival-sushi-stand-db56d56e59|/printables/detailed-for-adults/mandala-geometry-patterns-sushi-fried-oyster-roll-e403a2cc75|/printables/detailed-for-adults/mandala-geometry-patterns-sushi-friends-eating-sushi-37d8dec023|/printables/detailed-for-adults/mandala-geometry-patterns-sushi-futomaki-2d0ca86c89|/printables/detailed-for-adults/mandala-geometry-patterns-sushi-gunkan-sushi-spicy-scallop-4bedc80de0|/printables/detailed-for-adults/mandala-geometry-patterns-sushi-gunkan-sushi-uni-sea-urchin-522e9d1cef|/printables/detailed-for-adults/mandala-geometry-patterns-sushi-hand-roll-temaki-fbfa096a44|/printables/detailed-for-adults/mandala-geometry-patterns-sushi-hand-roll-tuna-roll-tuna-f5f95b5a03|/printables/detailed-for-adults/mandala-geometry-patterns-sushi-hand-roll-veggie-roll-tuna-d9e94ecd69|/printables/detailed-for-adults/mandala-geometry-patterns-sushi-hawaii-roll-5eb106a485|/printables/detailed-for-adults/mandala-geometry-patterns-sushi-hosomaki-86b34efab5|/printables/detailed-for-adults/mandala-geometry-patterns-sushi-hotate-scallop-89da046633|/printables/detailed-for-adults/mandala-geometry-patterns-sushi-japanese-lantern-at-sushi-bar-roll-tuna-70470a726e|/printables/detailed-for-adults/mandala-geometry-patterns-sushi-japanese-lantern-at-sushi-bar-tuna-roll-1a3c1fc2bc|/printables/detailed-for-adults/mandala-geometry-patterns-sushi-japanese-paper-lanterns-9ec2b6cc08|/printables/detailed-for-adults/mandala-geometry-patterns-sushi-japanese-restaurant-interior-90971dbdc5|/printables/detailed-for-adults/mandala-geometry-patterns-sushi-japanese-tea-cup-a79fc4d9c1|/printables/detailed-for-adults/mandala-geometry-patterns-sushi-kids-making-sushi-805ffaf5b0|/printables/detailed-for-adults/mandala-geometry-patterns-sushi-koi-pond-garden-scene-bdce531eeb|/printables/detailed-for-adults/mandala-geometry-patterns-sushi-live-lobster-roll-a8db9c19d8|/printables/detailed-for-adults/mandala-geometry-patterns-sushi-maki-roll-8efd042908|/printables/detailed-for-adults/mandala-geometry-patterns-sushi-mango-roll-1756647d0c|/printables/detailed-for-adults/mandala-geometry-patterns-sushi-omakase-chef-choice-14a796e598|/printables/detailed-for-adults/mandala-geometry-patterns-sushi-pair-of-chopsticks-roll-tuna-499db159a5|/printables/detailed-for-adults/mandala-geometry-patterns-sushi-pair-of-chopsticks-tuna-roll-b078f04c2b|/printables/detailed-for-adults/mandala-geometry-patterns-sushi-pair-of-lacquer-chopsticks-be-creative-b2a604cefe|/printables/detailed-for-adults/mandala-geometry-patterns-sushi-panko-shrimp-roll-8ad0e098ed|/printables/detailed-for-adults/mandala-geometry-patterns-sushi-philadelphia-roll-0e83d8c8a4|/printables/detailed-for-adults/mandala-geometry-patterns-sushi-pickled-ginger-roll-tuna-09af89a1e7|/printables/detailed-for-adults/mandala-geometry-patterns-sushi-rainbow-roll-b67a8f904d|/printables/detailed-for-adults/mandala-geometry-patterns-sushi-rainbow-sashimi-roll-b4b9e0cda5|/printables/detailed-for-adults/mandala-geometry-patterns-sushi-rice-ball-onigiri-22db35c3cd|/printables/detailed-for-adults/mandala-geometry-patterns-sushi-roll-0bd4cd7185|/printables/detailed-for-adults/mandala-geometry-patterns-sushi-rolling-mat-and-nori-roll-tuna-0e74cbe507|/printables/detailed-for-adults/mandala-geometry-patterns-sushi-sake-bottle-and-cups-cfcc4824bb|/printables/detailed-for-adults/mandala-geometry-patterns-sushi-sashimi-assortment-platter-27e09a2f43|/printables/detailed-for-adults/mandala-geometry-patterns-sushi-sashimi-tuna-roll-tuna-3ff793c088|/printables/detailed-for-adults/mandala-geometry-patterns-sushi-sashimi-yellowtail-roll-tuna-446a0168e3|/printables/detailed-for-adults/mandala-geometry-patterns-sushi-seared-beef-sushi-77fdc26918|/printables/detailed-for-adults/mandala-geometry-patterns-sushi-seasonal-sakura-roll-ca3c67fc0f|/printables/detailed-for-adults/mandala-geometry-patterns-sushi-seaweed-nori-sheet-f9ea8b1326|/printables/detailed-for-adults/mandala-geometry-patterns-sushi-seaweed-salad-roll-tuna-70a6c1817c|/printables/detailed-for-adults/mandala-geometry-patterns-sushi-smiling-maki-roll-tuna-0efb59be0a|/printables/detailed-for-adults/mandala-geometry-patterns-sushi-soy-sauce-dish-roll-tuna-8e32584e61|/printables/detailed-for-adults/mandala-geometry-patterns-sushi-spicy-mayo-drizzle-20cc4a11c0|/printables/detailed-for-adults/mandala-geometry-patterns-sushi-spicy-scallop-roll-2ff826ebdd|/printables/detailed-for-adults/mandala-geometry-patterns-sushi-spicy-tuna-roll-b7798a486e|/printables/detailed-for-adults/mandala-geometry-patterns-sushi-bar-counter-roll-tuna-f27ed67471|/printables/detailed-for-adults/mandala-geometry-patterns-sushi-bar-counter-tuna-roll-cb5599d57d|/printables/detailed-for-adults/mandala-geometry-patterns-sushi-boat-roll-tuna-4e22f3c018|/printables/detailed-for-adults/mandala-geometry-patterns-sushi-catering-table-5ae8bddb73|/printables/detailed-for-adults/mandala-geometry-patterns-sushi-chef-roll-tuna-1a22732aea|/printables/detailed-for-adults/mandala-geometry-patterns-sushi-food-truck-c2ca139f32|/printables/detailed-for-adults/mandala-geometry-patterns-sushi-making-class-967d051c5f|/printables/detailed-for-adults/mandala-geometry-patterns-sushi-party-platter-6feb3acabf|/printables/detailed-for-adults/mandala-geometry-patterns-sushi-platter-roll-tuna-8c2e5aadac|/printables/detailed-for-adults/mandala-geometry-patterns-sushi-platter-with-flowers-f52317f8de|/printables/detailed-for-adults/mandala-geometry-patterns-sushi-takeout-box-4cdcf9994e|/printables/detailed-for-adults/mandala-geometry-patterns-sushi-workstation-56b135d21f|/printables/detailed-for-adults/mandala-geometry-patterns-sushi-table-setting-with-chopsticks-1de3af53e5|/printables/detailed-for-adults/mandala-geometry-patterns-sushi-tempura-shrimp-roll-405e862542|/printables/detailed-for-adults/mandala-geometry-patterns-sushi-tempura-veggie-roll-13361f6928|/printables/detailed-for-adults/mandala-geometry-patterns-sushi-teriyaki-chicken-roll-6e2ceb4061|/printables/detailed-for-adults/mandala-geometry-patterns-sushi-toro-fatty-tuna-0460f8a1c3|/printables/detailed-for-adults/mandala-geometry-patterns-sushi-tuna-maki-c91cd34d10|/printables/detailed-for-adults/mandala-geometry-patterns-sushi-unagi-roll-903665078b|/printables/detailed-for-adults/mandala-geometry-patterns-sushi-uramaki-ebab60f4f4|/printables/detailed-for-adults/mandala-geometry-patterns-sushi-veggie-roll-c6cd78b4bb|/printables/detailed-for-adults/mandala-geometry-patterns-sushi-volcano-roll-2b95378730|/printables/detailed-for-adults/mandala-geometry-patterns-sushi-wasabi-roll-tuna-1f183c0516|/printables/detailed-for-adults/mandala-geometry-patterns-sushi-wooden-sushi-board-f48cec98d7,true,retained standard terminology among records sharing verified context
visible_summary,A portrait printable in the Octopus collection.,5,/printables/animals/mandala-geometry-patterns-japan-takoyaki-octopus-snack-4365fa012f|/printables/animals/mandala-geometry-patterns-octopus-7a832a1396|/printables/animals/mandala-geometry-patterns-sushi-sashimi-octopus-5bec3bfb00|/printables/animals/sea-life-octopus-b4301092d9|/printables/animals/sea-life-octopus-hiding-in-coral-reef-f41f6b78fb,true,retained standard terminology among records sharing verified context
visible_summary,A portrait pattern-focused printable in the Llamas collection.,2,/printables/detailed-for-adults/mandala-geometry-patterns-llama-face-patterns-463ff75fb8|/printables/detailed-for-adults/mandala-geometry-patterns-llama-patterns-eb2403e53b,true,retained standard terminology among records sharing verified context
visible_summary,A portrait pattern-focused printable in the Pandas collection.,2,/printables/detailed-for-adults/mandala-geometry-patterns-panda-face-patterns-ad06189d15|/printables/detailed-for-adults/mandala-geometry-patterns-panda-sitting-patterns-a794148499,true,retained standard terminology among records sharing verified context
visible_summary,A portrait plushie printable in the Plushie Animals collection.,38,/printables/animals/mandala-geometry-patterns-plushie-alligator-animals-870b9979cf|/printables/animals/mandala-geometry-patterns-plushie-alpaca-animals-ffd2a425f4|/printables/animals/mandala-geometry-patterns-plushie-animals-chick-8f7acc143f|/printables/animals/mandala-geometry-patterns-plushie-animals-seal-42c0fbef5c|/printables/animals/mandala-geometry-patterns-plushie-anteater-animals-633465c6f0|/printables/animals/mandala-geometry-patterns-plushie-antelope-animals-bb6c795f24|/printables/animals/mandala-geometry-patterns-plushie-armadillo-animals-14e3028acc|/printables/animals/mandala-geometry-patterns-plushie-badger-animals-76e7e8b829|/printables/animals/mandala-geometry-patterns-plushie-beaver-animals-2d8e823fb5|/printables/animals/mandala-geometry-patterns-plushie-beluga-animals-c92ae30e3d|/printables/animals/mandala-geometry-patterns-plushie-buffalo-animals-fe2f1783d7|/printables/animals/mandala-geometry-patterns-plushie-camel-animals-3e62c04e35|/printables/animals/mandala-geometry-patterns-plushie-capibara-animals-36f9bc780e|/printables/animals/mandala-geometry-patterns-plushie-caribou-animals-3132f38542|/printables/animals/mandala-geometry-patterns-plushie-chameleon-animals-9c03d145ac|/printables/animals/mandala-geometry-patterns-plushie-chinchilla-animals-b475e22f12|/printables/animals/mandala-geometry-patterns-plushie-chipmunk-animals-15564a829a|/printables/animals/mandala-geometry-patterns-plushie-dinosaur-animals-de1c470d1c|/printables/animals/mandala-geometry-patterns-plushie-ferret-animals-c0ff2bdd15|/printables/animals/mandala-geometry-patterns-plushie-frog-animals-bc492851aa|/printables/animals/mandala-geometry-patterns-plushie-gazelle-animals-f77cac2671|/printables/animals/mandala-geometry-patterns-plushie-gerbil-animals-a7c9ce2028|/printables/animals/mandala-geometry-patterns-plushie-guinea-pig-animals-3d29203182|/printables/animals/mandala-geometry-patterns-plushie-hamster-animals-9b888c6faa|/printables/animals/mandala-geometry-patterns-plushie-ice-cream-cone-animal-03c9dec2f9|/printables/animals/mandala-geometry-patterns-plushie-lamb-animals-14487c60c8|/printables/animals/mandala-geometry-patterns-plushie-lobster-animals-a1fb0a2210|/printables/animals/mandala-geometry-patterns-plushie-mouse-animals-d9835b287b|/printables/animals/mandala-geometry-patterns-plushie-okapi-animals-ca43daa771|/printables/animals/mandala-geometry-patterns-plushie-orca-animals-dd21ee45ca|/printables/animals/mandala-geometry-patterns-plushie-piglet-animals-8c7558428f|/printables/animals/mandala-geometry-patterns-plushie-porcupine-animals-a28afe2633|/printables/animals/mandala-geometry-patterns-plushie-raccoon-animals-2663dd432c|/printables/animals/mandala-geometry-patterns-plushie-rat-animals-dd017e5223|/printables/animals/mandala-geometry-patterns-plushie-seahorse-animals-c6240b21e8|/printables/animals/mandala-geometry-patterns-plushie-seal-animals-51320afec7|/printables/animals/mandala-geometry-patterns-plushie-squirrel-animals-d115e7ca25|/printables/animals/mandala-geometry-patterns-plushie-walrus-animals-e951a709dc,true,retained standard terminology among records sharing verified context
visible_summary,A portrait plushie printable in the Hydras collection.,2,/printables/detailed-for-adults/mandala-geometry-patterns-plushie-baby-hydra-e73063fc2e|/printables/cute/plushie-baby-hydra-4b6cab1173,true,retained standard terminology among records sharing verified context
visible_summary,A portrait plushie printable in the Fantasy Creatures collection.,2,/printables/detailed-for-adults/mandala-geometry-patterns-plushie-baby-kraken-3c2aece65c|/printables/detailed-for-adults/mandala-geometry-patterns-plushie-centaur-5f1bfa3db4,true,retained standard terminology among records sharing verified context
visible_summary,A portrait plushie printable in the Cakes collection.,2,/printables/cakes/mandala-geometry-patterns-plushie-cupcake-8d76c0ef46|/printables/cakes/mandala-geometry-patterns-plushie-cupcake-character-e512aaabfa,true,retained standard terminology among records sharing verified context
visible_summary,A portrait plushie printable in the Cute collection.,189,/printables/cute/mandala-geometry-patterns-plushie-cute-lamb-2ca0d7808e|/printables/cute/plushie-alligator-7a469a9dce|/printables/cute/plushie-alligator-family-76ee38269b|/printables/cute/plushie-alpaca-1304a7d0be|/printables/cute/plushie-alpaca-family-806014acc4|/printables/cute/plushie-angelfish-0a4b06df42|/printables/cute/plushie-angelfish-family-95ff4d67e3|/printables/cute/plushie-anteater-983e26180e|/printables/cute/plushie-anteater-family-85cc8417fb|/printables/cute/plushie-antelope-5408d45f3c|/printables/cute/plushie-antelope-family-1a82cd5c8d|/printables/cute/plushie-antelope-family-picnic-a731553443|/printables/cute/plushie-armadillo-d4920f3b41|/printables/cute/plushie-armadillo-family-39dd853cf4|/printables/cute/plushie-axolotl-82aeaf7ca3|/printables/cute/plushie-axolotl-family-ec8c112db0|/printables/cute/plushie-baby-alien-d1101640ce|/printables/cute/plushie-baby-alien-family-e7ee73df4d|/printables/cute/plushie-baby-kangaroo-family-6e06d034c4|/printables/cute/plushie-baby-kitsune-2e29e1859a|/printables/cute/plushie-baby-kraken-4fe09408ab|/printables/cute/plushie-badger-92b856f2f4|/printables/cute/plushie-badger-family-2d335fc9ca|/printables/cute/plushie-beaver-0e2a882124|/printables/cute/plushie-beaver-family-6f18bfb2fa|/printables/cute/plushie-beluga-e59f4282eb|/printables/cute/plushie-beluga-family-0cc12fa47c|/printables/cute/plushie-bobcat-5e2d192d27|/printables/cute/plushie-bobcat-family-4532317f83|/printables/cute/plushie-buffalo-124525d9c9|/printables/cute/plushie-buffalo-family-12c5f96035|/printables/cute/plushie-camel-de5b2660a2|/printables/cute/plushie-camel-family-509f68c598|/printables/cute/plushie-capibara-324c58df67|/printables/cute/plushie-capibara-family-30de4d9854|/printables/cute/plushie-caribou-dde6d5b060|/printables/cute/plushie-caribou-family-e71fdf7a7c|/printables/cute/plushie-centaur-b143146d22|/printables/cute/plushie-cerberus-e7bbc85e92|/printables/cute/plushie-cheetah-c748ac1b09|/printables/cute/plushie-cheetah-family-a3061ec075|/printables/cute/plushie-chick-c8defbfe1b|/printables/cute/plushie-chick-family-04dfdbcb7a|/printables/cute/plushie-chinchilla-a7b4a62ade|/printables/cute/plushie-chinchilla-family-175153d4e7|/printables/cute/plushie-chipmunk-69ba1e8369|/printables/cute/plushie-chipmunk-family-bf02491cf1|/printables/cute/plushie-cloud-character-6f97d59e58|/printables/cute/plushie-cloud-family-752fd7d6b5|/printables/cute/plushie-cougar-7d81aefb4b|/printables/cute/plushie-cougar-family-2e0a0ac2c1|/printables/cute/plushie-coyote-d06fcbed29|/printables/cute/plushie-coyote-family-e67598b752|/printables/cute/plushie-cute-armadillo-family-b5283f1612|/printables/cute/plushie-cute-gerbil-family-aaa6eee315|/printables/cute/plushie-cute-hippogriff-57c7e17bd9|/printables/cute/plushie-cute-lemur-family-8d9e82c18d|/printables/cute/plushie-cute-newt-48719415b7|/printables/cute/plushie-cute-tapir-family-c8479ba124|/printables/cute/plushie-cute-tortoise-39fda56fb7|/printables/cute/plushie-dugong-f90feaaa50|/printables/cute/plushie-dugong-family-61e8f74294|/printables/cute/plushie-ferret-60e32c7e72|/printables/cute/plushie-ferret-family-13b71efa42|/printables/cute/plushie-flamingo-13b4fbc22e|/printables/cute/plushie-flamingo-family-54f0758e31|/printables/animals/plushie-frog-18d9abcdaf|/printables/animals/plushie-frog-family-7707b11a8d|/printables/cute/plushie-gazelle-f095eb4c04|/printables/cute/plushie-gazelle-family-db398ecadc|/printables/cute/plushie-gecko-ea89eb4b8b|/printables/cute/plushie-gecko-family-5c2755c389|/printables/cute/plushie-gerbil-6af3142ec7|/printables/cute/plushie-gerbil-family-dd3b0aada0|/printables/cute/plushie-goose-ba54e95ffe|/printables/cute/plushie-goose-family-482a1a089c|/printables/cute/plushie-guinea-pig-29c0d9818e|/printables/cute/plushie-guinea-pig-family-9ed4cfcc6d|/printables/cute/plushie-hamster-b0ac017214|/printables/cute/plushie-hamster-family-aa7d3b5fb3|/printables/cute/plushie-heart-character-6ce188e44d|/printables/cute/plushie-heart-character-family-7ca36df76e|/printables/cute/plushie-hippogriff-1d83e9080f|/printables/cute/plushie-hummingbird-d2c06a986a|/printables/cute/plushie-hummingbird-family-0c5923546c|/printables/cute/plushie-hyena-1e6ca69323|/printables/cute/plushie-hyena-family-7310e5d859|/printables/cute/plushie-jackal-0394683b3a|/printables/cute/plushie-jackal-family-d47fff4ab1|/printables/cute/plushie-jaguar-3f0e206fe2|/printables/cute/plushie-jaguar-family-7fd7ff3a16|/printables/cute/plushie-jellyfish-f06ec86cc3|/printables/cute/plushie-jellyfish-family-d509382900|/printables/cute/plushie-kangaroo-f19185fcf0|/printables/cute/plushie-lamb-0f115cdc46|/printables/cute/plushie-lamb-family-1ef034fbd6|/printables/cute/plushie-lemur-383f195453|/printables/cute/plushie-lemur-family-a0daff045c|/printables/cute/plushie-lobster-5b607db4aa|/printables/cute/plushie-lobster-family-7e66a17596|/printables/cute/plushie-lynx-04c58818eb|/printables/cute/plushie-lynx-family-5d5139966f|/printables/cute/plushie-macaw-57fa7a367d|/printables/cute/plushie-macaw-family-d5b9e5efe0|/printables/cute/plushie-manatee-6a8502b37e|/printables/cute/plushie-manatee-family-07349a65eb|/printables/cute/plushie-manta-ray-898cbf111d|/printables/cute/plushie-manta-ray-family-786221ce68|/printables/cute/plushie-meerkat-4587cbf631|/printables/cute/plushie-meerkat-family-10c322d1ce|/printables/cute/plushie-moon-character-35a960b6cd|/printables/cute/plushie-moon-character-family-c57670ac97|/printables/cute/plushie-mountain-goat-8d99449403|/printables/cute/plushie-mountain-goat-family-b8aebe54a6|/printables/cute/plushie-mouse-fecc100c29|/printables/cute/plushie-mouse-family-ee66b542bd|/printables/cute/plushie-newt-17d63ffa8d|/printables/cute/plushie-newt-family-099765390d|/printables/cute/plushie-okapi-e85848d818|/printables/cute/plushie-okapi-family-ac712e592f|/printables/cute/plushie-orca-3696a67bad|/printables/cute/plushie-orca-family-24ab0a12d6|/printables/cute/plushie-pangolin-c6cc2f0878|/printables/cute/plushie-pangolin-family-788ec14fe3|/printables/cute/plushie-panther-5ba4ad7c46|/printables/cute/plushie-panther-family-cb97389491|/printables/cute/plushie-parrot-2c0898500e|/printables/cute/plushie-parrot-family-bdc8900b4b|/printables/cute/plushie-peacock-762d0706e9|/printables/cute/plushie-peacock-family-8a07e7fa72|/printables/cute/plushie-piglet-5cb5f9858c|/printables/cute/plushie-piglet-family-a23efd5235|/printables/cute/plushie-porcupine-ae035e0c89|/printables/cute/plushie-porcupine-family-593addc5df|/printables/cute/plushie-possum-36fedf2fcf|/printables/cute/plushie-possum-family-84a0f76648|/printables/cute/plushie-prehistoric-glyptodon-280cd7084f|/printables/cute/plushie-prehistoric-glyptodon-family-ca8232933c|/printables/cute/plushie-pufferfish-c2579cf839|/printables/cute/plushie-pufferfish-family-6cdb3e4538|/printables/cute/plushie-raccoon-74ddc5de14|/printables/cute/plushie-raccoon-family-3e24e9c80f|/printables/cute/plushie-rat-44e71c01f2|/printables/cute/plushie-rodent-5d0d6fd8f9|/printables/cute/plushie-rooster-9249cc68cf|/printables/cute/plushie-rooster-family-272a2022e4|/printables/cute/plushie-salamander-f2220a8ebd|/printables/cute/plushie-salamander-family-1224496b8d|/printables/cute/plushie-sea-anemone-bcd201c1d4|/printables/cute/plushie-sea-anemone-family-10812fde5d|/printables/cute/plushie-sea-urchin-dd4bdf5211|/printables/cute/plushie-sea-urchin-family-89585b5a33|/printables/cute/plushie-seahorse-4daf84c30b|/printables/cute/plushie-seahorse-family-7e2cacb571|/printables/cute/plushie-seal-b5cf0a7c25|/printables/cute/plushie-seal-family-e4bf0b32d1|/printables/cute/plushie-skunk-b9e524ff05|/printables/cute/plushie-skunk-family-944dcc772e|/printables/cute/plushie-snail-cf8f83323b|/printables/cute/plushie-snail-family-62d6d7a905|/printables/cute/plushie-snow-leopard-1278ce67e3|/printables/cute/plushie-snow-leopard-family-7fbcd334ee|/printables/cute/plushie-squirrel-c0815d6787|/printables/cute/plushie-squirrel-family-232e8cf9d8|/printables/cute/plushie-star-character-a83668c989|/printables/cute/plushie-star-family-e2b4662931|/printables/cute/plushie-starfish-42c6fc6c27|/printables/cute/plushie-starfish-family-59247c484b|/printables/cute/plushie-sun-character-f6fc59a422|/printables/cute/plushie-swan-22f056c840|/printables/cute/plushie-swan-family-ef035606f5|/printables/cute/plushie-tapir-d80925c84e|/printables/cute/plushie-tapir-family-75a02aa33b|/printables/cute/plushie-the-flamingo-family-62cbe3995c|/printables/cute/plushie-tortoise-3b16b42013|/printables/cute/plushie-tortoise-family-a1cd5f2358|/printables/cute/plushie-toucan-b45bb8c059|/printables/cute/plushie-toucan-family-f030fca00c|/printables/cute/plushie-turkey-3420e71353|/printables/cute/plushie-turkey-family-060468d2bd|/printables/cute/plushie-turkey-farmer-family-c7e1ada1e2|/printables/cute/plushie-walrus-6e11d6bad1|/printables/cute/plushie-walrus-family-b2366b6c50|/printables/cute/plushie-wolverine-3a46b5d777|/printables/cute/plushie-wolverine-family-14cdcafdfc|/printables/cute/plushie-yak-e5eb8e9e0b|/printables/cute/plushie-yak-family-275c7022ab|/printables/cute/plushie-yeti-e7815d65c4|/printables/cute/plushie-yeti-family-c37f4bfdec,true,retained standard terminology among records sharing verified context
visible_summary,A portrait plushie printable in the Fairies collection.,2,/printables/detailed-for-adults/mandala-geometry-patterns-plushie-fairy-ac7c6be7b2|/printables/cute/plushie-fairy-7d50500df3,true,retained standard terminology among records sharing verified context
visible_summary,A portrait plushie printable in the Phoenix collection.,2,/printables/detailed-for-adults/mandala-geometry-patterns-plushie-phoenix-b2abc53ad3|/printables/cute/plushie-phoenix-ce1528f732,true,retained standard terminology among records sharing verified context
visible_summary,A portrait pattern-focused printable in the Plushie Dogs collection.,4,/printables/animals/mandala-geometry-patterns-plushie-puppy-1133351154|/printables/animals/mandala-geometry-patterns-plushie-puppy-dog-fec833208b|/printables/animals/mandala-geometry-patterns-plushie-puppy-dog-animals-821462a2fe|/printables/animals/mandala-geometry-patterns-plushie-puppy-dog-halloween-e6b03b733b,true,retained standard terminology among records sharing verified context
visible_summary,A portrait printable in the Sharks collection.,13,/printables/animals/mandala-geometry-patterns-shark-0994913077|/printables/animals/sea-life-basking-shark-a8d93ff9ea|/printables/animals/sea-life-blue-shark-deep-sea-scene-05097954ba|/printables/animals/sea-life-great-white-shark-2f193c7028|/printables/animals/sea-life-great-white-shark-hunting-scene-c2fef350e7|/printables/animals/sea-life-hammerhead-shark-4153c185c9|/printables/animals/sea-life-hammerhead-shark-school-swimming-cc3d4d7cf8|/printables/animals/sea-life-leopard-shark-d9be496230|/printables/animals/sea-life-reef-shark-7d15cfb256|/printables/animals/sea-life-shark-a70f14de1b|/printables/animals/sea-life-thresher-shark-39bc586ef0|/printables/animals/sea-life-tiger-shark-a1c1a2ae97|/printables/animals/sea-life-tiger-shark-swimming-near-reef-e26e0df69f,true,retained standard terminology among records sharing verified context
visible_summary,A portrait pattern-focused printable in the Sloths collection.,2,/printables/detailed-for-adults/mandala-geometry-patterns-sloth-climbing-tree-patterns-36b594c0e0|/printables/detailed-for-adults/mandala-geometry-patterns-sloth-face-patterns-582d0015c8,true,retained standard terminology among records sharing verified context
visible_summary,A portrait printable in the Nigiri collection.,12,/printables/detailed-for-adults/mandala-geometry-patterns-sushi-aburi-ebi-nigiri-e6a7198dae|/printables/detailed-for-adults/mandala-geometry-patterns-sushi-aburi-tuna-nigiri-9b61ce7e48|/printables/detailed-for-adults/mandala-geometry-patterns-sushi-avocado-nigiri-288a9fc35f|/printables/detailed-for-adults/mandala-geometry-patterns-sushi-chef-shaping-nigiri-27b23b7c83|/printables/animals/mandala-geometry-patterns-sushi-crab-stick-nigiri-dc30d0670d|/printables/detailed-for-adults/mandala-geometry-patterns-sushi-egg-tamago-nigiri-8f8f764ac0|/printables/animals/mandala-geometry-patterns-sushi-octopus-nigiri-29d634566c|/printables/detailed-for-adults/mandala-geometry-patterns-sushi-scallop-nigiri-68b438d585|/printables/detailed-for-adults/mandala-geometry-patterns-sushi-shrimp-nigiri-ca1914a8fa|/printables/detailed-for-adults/mandala-geometry-patterns-sushi-smiling-nigiri-roll-tuna-372fa1ba02|/printables/detailed-for-adults/mandala-geometry-patterns-sushi-tuna-nigiri-2eb0fe0ef4|/printables/detailed-for-adults/mandala-geometry-patterns-sushi-unagi-eel-nigiri-355eb06180,true,retained standard terminology among records sharing verified context
visible_summary,A portrait printable in the Salmon collection.,11,/printables/detailed-for-adults/mandala-geometry-patterns-sushi-aburi-salmon-nigiri-6009e02cb8|/printables/detailed-for-adults/mandala-geometry-patterns-sushi-chef-torching-aburi-salmon-5868663f6f|/printables/detailed-for-adults/mandala-geometry-patterns-sushi-gunkan-sushi-salmon-roe-45d2bb243d|/printables/detailed-for-adults/mandala-geometry-patterns-sushi-hand-roll-salmon-a72f6a2c5a|/printables/detailed-for-adults/mandala-geometry-patterns-sushi-ikura-salmon-roe-f287d54387|/printables/detailed-for-adults/mandala-geometry-patterns-sushi-onigiri-with-salmon-aded18a643|/printables/detailed-for-adults/mandala-geometry-patterns-sushi-salmon-maki-99d9b50ecc|/printables/detailed-for-adults/mandala-geometry-patterns-sushi-salmon-nigiri-106552eae9|/printables/detailed-for-adults/mandala-geometry-patterns-sushi-salmon-skin-roll-f6a7d1bd6d|/printables/detailed-for-adults/mandala-geometry-patterns-sushi-sashimi-salmon-roll-tuna-b8a5051892|/printables/animals/sea-life-orca-hunting-salmon-d2895d5187,true,retained standard terminology among records sharing verified context
visible_summary,A portrait printable in the Kawaii collection.,3,/printables/detailed-for-adults/mandala-geometry-patterns-sushi-bento-box-kawaii-roll-tuna-393d9cd66c|/printables/detailed-for-adults/mandala-geometry-patterns-sushi-kawaii-sushi-character-roll-tuna-d17a18e33d|/printables/detailed-for-adults/mandala-geometry-patterns-sushi-onigiri-kawaii-face-3d52ac7efd,true,retained standard terminology among records sharing verified context
visible_summary,A portrait printable in the Crabs collection.,13,/printables/animals/mandala-geometry-patterns-sushi-cartoon-snow-crab-roll-37bf46950d|/printables/animals/mandala-geometry-patterns-sushi-gunkan-sushi-crab-salad-db9b55fca5|/printables/animals/mandala-geometry-patterns-sushi-king-crab-roll-952b5dcaf3|/printables/animals/mandala-geometry-patterns-sushi-soft-shell-crab-roll-bcb972f349|/printables/animals/mandala-geometry-patterns-sushi-spicy-crab-roll-f92ccad8ec|/printables/animals/sea-life-crab-0b088a39c0|/printables/animals/sea-life-crab-on-sandy-beach-cc0cb06df1|/printables/animals/sea-life-hermit-crab-e5253272eb|/printables/animals/sea-life-hermit-crab-carrying-shell-1a5ef5be2e|/printables/animals/sea-life-horseshoe-crab-3d5a29c0f6|/printables/animals/sea-life-king-crab-deep-sea-bottom-b2417d3a8a|/printables/animals/sea-life-spider-crab-c04ecc499e|/printables/animals/sea-life-spider-crab-on-rocks-2a2316f136,true,retained standard terminology among records sharing verified context
visible_summary,A portrait printable in the Fish collection.,10,/printables/animals/mandala-geometry-patterns-sushi-chef-knife-and-fish-f5fc485566|/printables/animals/mandala-geometry-patterns-sushi-gunkan-sushi-fish-roe-mix-a65d28bbf1|/printables/animals/mandala-geometry-patterns-sushi-koi-fish-at-restaurant-a0e36f5608|/printables/animals/mandala-geometry-patterns-sushi-chef-slicing-fish-fcc01d9185|/printables/animals/mandala-geometry-patterns-sushi-tobiko-flying-fish-roe-1bd94d7d0e|/printables/animals/sea-life-betta-fish-e59b1c85bb|/printables/animals/sea-life-coral-reef-fish-c022c371ac|/printables/animals/sea-life-coral-reef-fish-swimming-f469f498ab|/printables/animals/sea-life-coral-reef-scene-with-colorful-fish-100c98996c|/printables/animals/sea-life-fighting-fish-268fabe4de,true,retained standard terminology among records sharing verified context
visible_summary,A portrait printable in the Sushi collection with an explicit Holidays classification.,3,/printables/detailed-for-adults/mandala-geometry-patterns-sushi-holiday-diwali-roll-6f361384b3|/printables/detailed-for-adults/mandala-geometry-patterns-sushi-holiday-new-year-roll-e3cd20e5be|/printables/detailed-for-adults/mandala-geometry-patterns-sushi-holiday-valentine-heart-roll-b23bc22109,true,retained standard terminology among records sharing verified context
visible_summary,A portrait printable in the Steam Train collection.,15,/printables/detailed-for-adults/mandala-geometry-patterns-trains-locomotives-classic-steam-train-at-937925e879|/printables/detailed-for-adults/mandala-geometry-patterns-trains-locomotives-classic-steam-train-in-a4f8bc4dbb|/printables/detailed-for-adults/mandala-geometry-patterns-trains-locomotives-classic-steam-train-puffing-7e878a4bef|/printables/cars/mandala-geometry-patterns-trains-locomotives-classic-steam-train-with-77162dcc9f|/printables/cars/mandala-geometry-patterns-trains-locomotives-classic-steam-train-with-01e70c6de0|/printables/detailed-for-adults/mandala-geometry-patterns-trains-locomotives-steam-train-at-old-town-0e1a4d8bf2|/printables/detailed-for-adults/mandala-geometry-patterns-trains-locomotives-steam-train-blowing-whistle-f01d80e633|/printables/detailed-for-adults/mandala-geometry-patterns-trains-locomotives-steam-train-on-coastal-e2f4dddeaa|/printables/bridges/mandala-geometry-patterns-trains-locomotives-steam-train-on-forest-2af0e9fe71|/printables/detailed-for-adults/mandala-geometry-patterns-trains-locomotives-steam-train-with-open-air-54a35e5c29|/printables/detailed-for-adults/mandala-geometry-patterns-trains-locomotives-steam-train-with-open-air-ebd043ca33|/printables/cars/mandala-geometry-patterns-trains-locomotives-steam-train-with-open-coal-e8ec35f3aa|/printables/detailed-for-adults/mandala-geometry-patterns-trains-locomotives-steam-train-with-snowplow-346794c3f2|/printables/bridges/mandala-geometry-patterns-trains-locomotives-vintage-steam-train-d38d0feae8|/printables/detailed-for-adults/mandala-geometry-patterns-trains-locomotives-vintage-steam-train-through-0d8ed0a223,true,retained standard terminology among records sharing verified context
visible_summary,A portrait printable in the Planes collection.,88,/printables/detailed-for-adults/mandala-geometry-patterns-vehicle-planes-a-10-thunderbolt-ii-2b4b4c8bc7|/printables/detailed-for-adults/mandala-geometry-patterns-vehicle-planes-agricultural-crop-duster-541d49f1cb|/printables/detailed-for-adults/mandala-geometry-patterns-vehicle-planes-ah-64-apache-a8d0acd27a|/printables/detailed-for-adults/mandala-geometry-patterns-vehicle-planes-air-ambulance-helicopter-f4cca7fe60|/printables/detailed-for-adults/mandala-geometry-patterns-vehicle-planes-airbus-a380-596b774bea|/printables/detailed-for-adults/mandala-geometry-patterns-vehicle-planes-airbus-helicopters-h145-c5671b4723|/printables/detailed-for-adults/mandala-geometry-patterns-vehicle-planes-amphibious-plane-2141d891fd|/printables/detailed-for-adults/mandala-geometry-patterns-vehicle-planes-antonov-an-225-77b9c44e3e|/printables/detailed-for-adults/mandala-geometry-patterns-vehicle-planes-avro-lancaster-bc2d28cd1f|/printables/detailed-for-adults/mandala-geometry-patterns-vehicle-planes-beechcraft-king-air-bca81fdf18|/printables/detailed-for-adults/mandala-geometry-patterns-vehicle-planes-bell-206-jet-ranger-910243d3e9|/printables/detailed-for-adults/mandala-geometry-patterns-vehicle-planes-bell-407-9f6e2acb32|/printables/detailed-for-adults/mandala-geometry-patterns-vehicle-planes-bell-429-bd0f6d2a01|/printables/detailed-for-adults/mandala-geometry-patterns-vehicle-planes-biplane-c8e99b5eb8|/printables/detailed-for-adults/mandala-geometry-patterns-vehicle-planes-blimp-goodyear-fb9671f86b|/printables/detailed-for-adults/mandala-geometry-patterns-vehicle-planes-boeing-314-clipper-ffae415f98|/printables/detailed-for-adults/mandala-geometry-patterns-vehicle-planes-boeing-737-3a9bc7e95e|/printables/detailed-for-adults/mandala-geometry-patterns-vehicle-planes-boeing-747-a3e4ae5dae|/printables/detailed-for-adults/mandala-geometry-patterns-vehicle-planes-boeing-747-flying-b9979ee4a9|/printables/detailed-for-adults/mandala-geometry-patterns-vehicle-planes-boeing-b-52-stratofortresse-56b1079986|/printables/detailed-for-adults/mandala-geometry-patterns-vehicle-planes-c-17-globemaster-iii-beefa7ad5c|/printables/detailed-for-adults/mandala-geometry-patterns-vehicle-planes-c-5-galaxy-8706f882d3|/printables/detailed-for-adults/mandala-geometry-patterns-vehicle-planes-cargo-plane-0f3b019736|/printables/detailed-for-adults/mandala-geometry-patterns-vehicle-planes-ch-47-chinook-9cf94f61a5|/printables/detailed-for-adults/mandala-geometry-patterns-vehicle-planes-commercial-airliner-32e0bc4952|/printables/detailed-for-adults/mandala-geometry-patterns-vehicle-planes-concorde-87f27985ff|/printables/detailed-for-adults/mandala-geometry-patterns-vehicle-planes-consolidated-b-24-liberator-df3e976f4f|/printables/detailed-for-adults/mandala-geometry-patterns-vehicle-planes-dassault-falcon-7x-3195a9fe9f|/printables/detailed-for-adults/mandala-geometry-patterns-vehicle-planes-dassault-mirage-2000-889a13a298|/printables/detailed-for-adults/mandala-geometry-patterns-vehicle-planes-dassault-rafale-21bbd70d3f|/printables/detailed-for-adults/mandala-geometry-patterns-vehicle-planes-dc-3-9e00586a0c|/printables/detailed-for-adults/mandala-geometry-patterns-vehicle-planes-de-havilland-comet-0f255a4f18|/printables/detailed-for-adults/mandala-geometry-patterns-vehicle-planes-diamond-da42-1114a7022a|/printables/detailed-for-adults/mandala-geometry-patterns-vehicle-planes-douglas-dc-10-f17462261d|/printables/detailed-for-adults/mandala-geometry-patterns-vehicle-planes-ec135-helicopter-f0bf056423|/printables/detailed-for-adults/mandala-geometry-patterns-vehicle-planes-eurofighter-typhoon-3850c1b2bf|/printables/detailed-for-adults/mandala-geometry-patterns-vehicle-planes-f-14-tomcat-8304b379c3|/printables/detailed-for-adults/mandala-geometry-patterns-vehicle-planes-f-16-fighting-falcon-3794e09cf6|/printables/detailed-for-adults/mandala-geometry-patterns-vehicle-planes-f-a-18-hornet-41c6dea726|/printables/detailed-for-adults/mandala-geometry-patterns-vehicle-planes-fighter-jet-9661d81680|/printables/detailed-for-adults/mandala-geometry-patterns-vehicle-planes-fokker-dr1-triplane-bf05a95603|/printables/detailed-for-adults/mandala-geometry-patterns-vehicle-planes-glider-47f613f7d9|/printables/detailed-for-adults/mandala-geometry-patterns-vehicle-planes-gulfstream-g700-3339ce2138|/printables/detailed-for-adults/mandala-geometry-patterns-vehicle-planes-harrier-jump-jet-f424b0d2fd|/printables/detailed-for-adults/mandala-geometry-patterns-vehicle-planes-heinkel-he-111-f0acbc13e0|/printables/detailed-for-adults/mandala-geometry-patterns-vehicle-planes-helicopter-f93729f967|/printables/detailed-for-adults/mandala-geometry-patterns-vehicle-planes-hot-air-balloon-90684cd20e|/printables/detailed-for-adults/mandala-geometry-patterns-vehicle-planes-hughes-h-4-hercules-spruce-2c1a038e5e|/printables/detailed-for-adults/mandala-geometry-patterns-vehicle-planes-ju-87-stuka-1bafe721f1|/printables/detailed-for-adults/mandala-geometry-patterns-vehicle-planes-kc-135-stratotanker-4aaacc9f6b|/printables/detailed-for-adults/mandala-geometry-patterns-vehicle-planes-light-sport-plane-330bdb23e1|/printables/detailed-for-adults/mandala-geometry-patterns-vehicle-planes-lockheed-c-130-hercules-20d3724ef4|/printables/detailed-for-adults/mandala-geometry-patterns-vehicle-planes-lockheed-constellation-0c4c30e57b|/printables/detailed-for-adults/mandala-geometry-patterns-vehicle-planes-lockheed-l-1011-tristar-3b5b75dfd0|/printables/detailed-for-adults/mandala-geometry-patterns-vehicle-planes-lockheed-martin-f-35-lightning-d9d3965f54|/printables/detailed-for-adults/mandala-geometry-patterns-vehicle-planes-messerschmitt-bf-109-06d9496ef9|/printables/detailed-for-adults/mandala-geometry-patterns-vehicle-planes-mh-60-seahawk-001867dd2e|/printables/detailed-for-adults/mandala-geometry-patterns-vehicle-planes-mig-21-e84903bef6|/printables/detailed-for-adults/mandala-geometry-patterns-vehicle-planes-mig-29-fulcrum-8900aacd1f|/printables/detailed-for-adults/mandala-geometry-patterns-vehicle-planes-military-aircraft-3de41fa0dc|/printables/detailed-for-adults/mandala-geometry-patterns-vehicle-planes-mitsubishi-zero-1131fbaabb|/printables/detailed-for-adults/mandala-geometry-patterns-vehicle-planes-mooney-m20-40369fe4ff|/printables/detailed-for-adults/mandala-geometry-patterns-vehicle-planes-northrop-grumman-b-2-spirite-324a9276cb|/printables/detailed-for-adults/mandala-geometry-patterns-vehicle-planes-northrop-t-38-talon-bb7949663a|/printables/detailed-for-adults/mandala-geometry-patterns-vehicle-planes-p-51-mustange-9ebe284507|/printables/detailed-for-adults/mandala-geometry-patterns-vehicle-planes-passenger-plane-cd876c9f1b|/printables/detailed-for-adults/mandala-geometry-patterns-vehicle-planes-pilatus-pc-12-071ff9b940|/printables/detailed-for-adults/mandala-geometry-patterns-vehicle-planes-piper-pa-28-cherokee-236fafca45|/printables/detailed-for-adults/mandala-geometry-patterns-vehicle-planes-private-jet-84009470b8|/printables/detailed-for-adults/mandala-geometry-patterns-vehicle-planes-rc-model-plane-45c7dda4f7|/printables/detailed-for-adults/mandala-geometry-patterns-vehicle-planes-saab-jas-39-gripen-187e37dc75|/printables/detailed-for-adults/mandala-geometry-patterns-vehicle-planes-seaplane-0402fbf714|/printables/detailed-for-adults/mandala-geometry-patterns-vehicle-planes-sikorsky-s-76-131315d324|/printables/detailed-for-adults/mandala-geometry-patterns-vehicle-planes-sikorsky-s-92-624b3684ca|/printables/detailed-for-adults/mandala-geometry-patterns-vehicle-planes-spitfire-5a662d8cba|/printables/detailed-for-adults/mandala-geometry-patterns-vehicle-planes-stunt-plane-241110c28a|/printables/detailed-for-adults/mandala-geometry-patterns-vehicle-planes-sukhoi-su-27-733b1979d1|/printables/detailed-for-adults/mandala-geometry-patterns-vehicle-planes-sukhoi-su-35-753d8e23fb|/printables/detailed-for-adults/mandala-geometry-patterns-vehicle-planes-sukhoi-su-57-c108dcd749|/printables/detailed-for-adults/mandala-geometry-patterns-vehicle-planes-supersonic-jet-bfd2f21c17|/printables/detailed-for-adults/mandala-geometry-patterns-vehicle-planes-tupolev-tu-160-blackjack-228223568d|/printables/detailed-for-adults/mandala-geometry-patterns-vehicle-planes-uh-60-black-hawk-f6a4fe3312|/printables/detailed-for-adults/mandala-geometry-patterns-vehicle-planes-ultralight-plane-440201365b|/printables/detailed-for-adults/mandala-geometry-patterns-vehicle-planes-v-22-osprey-tiltrotor-b5a4ab72e2|/printables/detailed-for-adults/mandala-geometry-patterns-vehicle-planes-vickers-vc10-ae838b1f73|/printables/detailed-for-adults/mandala-geometry-patterns-vehicle-planes-water-bomber-firefighting-plane-ff1df93cd8|/printables/detailed-for-adults/mandala-geometry-patterns-vehicle-planes-wright-flyer-1903-f9dd72ee5d|/printables/detailed-for-adults/mandala-geometry-patterns-vehicle-planes-zeppelin-airship-2d54f2751f,true,retained standard terminology among records sharing verified context
visible_summary,A portrait printable in the Medieval Fantasy collection.,113,/printables/fantasy/midieval-fantasy-abbey-ruins-567295f981|/printables/fantasy/midieval-fantasy-air-elemental-2e36501ae3|/printables/fantasy/midieval-fantasy-ancient-catacombs-5a8d4fa105|/printables/fantasy/midieval-fantasy-arcane-library-175074f0d5|/printables/fantasy/midieval-fantasy-arcane-staff-9a4b0fc9bf|/printables/fantasy/midieval-fantasy-archer-elf-74f8c4d0a6|/printables/fantasy/midieval-fantasy-archmage-3a217a9194|/printables/fantasy/midieval-fantasy-banshee-814941ee4c|/printables/fantasy/midieval-fantasy-bard-lute-731e1f23fd|/printables/fantasy/midieval-fantasy-basilisk-e5e7bd8897|/printables/fantasy/midieval-fantasy-battle-axe-465171f911|/printables/fantasy/midieval-fantasy-battle-hammer-aa019a18e6|/printables/fantasy/midieval-fantasy-battlefield-scene-a08373a627|/printables/fantasy/midieval-fantasy-belt-of-giant-strength-0b6bfaf8f4|/printables/fantasy/midieval-fantasy-blacksmith-forge-ebb4c203df|/printables/fantasy/midieval-fantasy-catapult-siege-e992c086f9|/printables/fantasy/midieval-fantasy-centaur-3d764eae4f|/printables/fantasy/midieval-fantasy-cerberus-hound-4ed8ae03bd|/printables/fantasy/midieval-fantasy-chimera-beast-dd78ab0366|/printables/fantasy/midieval-fantasy-cloak-of-invisibility-3bbba85496|/printables/fantasy/midieval-fantasy-combat-spear-8927a24528|/printables/fantasy/midieval-fantasy-crossbow-a7a7c83d81|/printables/fantasy/midieval-fantasy-crystal-cave-9d90acf17f|/printables/fantasy/midieval-fantasy-desert-oasis-42bfafbb98|/printables/fantasy/midieval-fantasy-dual-daggers-d868b41a19|/printables/fantasy/midieval-fantasy-dwarf-6e6af4448b|/printables/fantasy/midieval-fantasy-dwarven-hammer-62a287b3fb|/printables/fantasy/midieval-fantasy-earth-elemental-71c3c5c36f|/printables/fantasy/midieval-fantasy-elf-6bf249532e|/printables/fantasy/midieval-fantasy-elven-archway-1e692125a4|/printables/fantasy/midieval-fantasy-encampment-at-dawn-0ccec8fb3a|/printables/fantasy/midieval-fantasy-enchanted-armor-9663fc4e25|/printables/fantasy/midieval-fantasy-enchanted-lanterns-69f8d7ee08|/printables/fantasy/midieval-fantasy-enchanted-shield-622749e64f|/printables/fantasy/midieval-fantasy-fire-elemental-bd6f7bc256|/printables/fantasy/midieval-fantasy-ghoul-5fc78bd134|/printables/fantasy/midieval-fantasy-giant-b6e5a7b6e1|/printables/fantasy/midieval-fantasy-giant-ogre-63375aa1bd|/printables/fantasy/midieval-fantasy-goblin-e4b0e02e1c|/printables/fantasy/midieval-fantasy-goblin-camp-a33043eaa5|/printables/fantasy/midieval-fantasy-halberd-5453c771af|/printables/fantasy/midieval-fantasy-harpy-2c87cf5373|/printables/fantasy/midieval-fantasy-haunted-crypt-9a0fd42288|/printables/fantasy/midieval-fantasy-hellhound-90f575b5dc|/printables/fantasy/midieval-fantasy-helm-of-valor-889f8924d1|/printables/fantasy/midieval-fantasy-herald-6ffc71be38|/printables/fantasy/midieval-fantasy-hermit-seer-e8d19ba408|/printables/fantasy/midieval-fantasy-hidden-grove-5a69e3f8d0|/printables/fantasy/midieval-fantasy-high-priest-817f3bb852|/printables/fantasy/midieval-fantasy-hunting-party-f43fded16a|/printables/fantasy/midieval-fantasy-ice-giant-ba35248e41|/printables/fantasy/midieval-fantasy-innkeeper-dcd54c8e31|/printables/fantasy/midieval-fantasy-iron-golem-874ed535a0|/printables/fantasy/midieval-fantasy-jester-3ad9349c7f|/printables/fantasy/midieval-fantasy-jousting-arena-47268692a3|/printables/fantasy/midieval-fantasy-king-d1c6de7ec7|/printables/fantasy/midieval-fantasy-king-crown-837bb50c6a|/printables/fantasy/midieval-fantasy-longbow-0e459922a8|/printables/fantasy/midieval-fantasy-magical-sword-fb197d3ffa|/printables/fantasy/midieval-fantasy-manticore-bce1bdf889|/printables/fantasy/midieval-fantasy-market-square-afd0512364|/printables/fantasy/midieval-fantasy-medieval-market-d72eed7ab2|/printables/fantasy/midieval-fantasy-monastery-cloister-608578259b|/printables/fantasy/midieval-fantasy-mystic-fountain-37faad825b|/printables/fantasy/midieval-fantasy-necromancer-472616e1d7|/printables/fantasy/midieval-fantasy-noble-lady-e23510b8f3|/printables/fantasy/midieval-fantasy-noble-lord-253c192ce8|/printables/fantasy/midieval-fantasy-nymph-1d3ad7abae|/printables/fantasy/midieval-fantasy-orc-19117d5611|/printables/fantasy/midieval-fantasy-paladin-69f87955e0|/printables/fantasy/midieval-fantasy-paladin-shield-1175cb5867|/printables/fantasy/midieval-fantasy-phantom-da72c0c922|/printables/fantasy/midieval-fantasy-priestess-healer-64e207b171|/printables/fantasy/midieval-fantasy-prince-a8aca6dc71|/printables/fantasy/midieval-fantasy-princess-c85ec2b877|/printables/fantasy/midieval-fantasy-princess-tower-5cdfb57b0e|/printables/fantasy/midieval-fantasy-queen-fb130d6364|/printables/fantasy/midieval-fantasy-queen-gown-fd1cc7038c|/printables/fantasy/midieval-fantasy-ring-of-power-aa55c90a9c|/printables/fantasy/midieval-fantasy-roc-nest-ac20e7ee9c|/printables/fantasy/midieval-fantasy-rogue-dagger-f4c972f533|/printables/fantasy/midieval-fantasy-royal-banner-c29faea274|/printables/fantasy/midieval-fantasy-royal-carriage-cb8638470f|/printables/fantasy/midieval-fantasy-royal-courtyard-aad7a327d1|/printables/fantasy/midieval-fantasy-royal-family-6cc1ba79c9|/printables/fantasy/midieval-fantasy-royal-guard-0bbee59649|/printables/fantasy/midieval-fantasy-royal-throne-33e95d36ac|/printables/fantasy/midieval-fantasy-royal-treasures-d53060c7b5|/printables/fantasy/midieval-fantasy-runed-sword-d2cec826a7|/printables/fantasy/midieval-fantasy-sacred-shrine-7552a67a37|/printables/fantasy/midieval-fantasy-satyr-pan-e997aa48ce|/printables/fantasy/midieval-fantasy-scroll-of-fireball-90efb74ab3|/printables/fantasy/midieval-fantasy-seaside-fortress-eb88b1807c|/printables/fantasy/midieval-fantasy-sellsword-mercenary-02c455fb0d|/printables/fantasy/midieval-fantasy-shieldmaiden-c06354ccdf|/printables/fantasy/midieval-fantasy-shrine-ruins-320a5dc61a|/printables/fantasy/midieval-fantasy-skeleton-warrior-9dead6ad29|/printables/fantasy/midieval-fantasy-squire-fb002df0b0|/printables/fantasy/midieval-fantasy-stable-boy-025b122195|/printables/fantasy/midieval-fantasy-stone-circle-a9d9dcca7d|/printables/fantasy/midieval-fantasy-stone-golem-7067ec8788|/printables/fantasy/midieval-fantasy-sword-in-stone-53a94af69e|/printables/fantasy/midieval-fantasy-tavern-hearth-8ed8f8ef51|/printables/fantasy/midieval-fantasy-tower-keep-f0cc76796c|/printables/fantasy/midieval-fantasy-training-grounds-71cfc70da9|/printables/fantasy/midieval-fantasy-troll-d8f8130199|/printables/fantasy/midieval-fantasy-vampire-2050366d51|/printables/fantasy/midieval-fantasy-warhammer-e468810b92|/printables/fantasy/midieval-fantasy-warlord-helm-78ccdbe280|/printables/fantasy/midieval-fantasy-watchtower-8da6357eeb|/printables/fantasy/midieval-fantasy-water-elemental-1cd547afdb|/printables/fantasy/midieval-fantasy-werewolf-efe60ca7d3|/printables/fantasy/midieval-fantasy-wraith-68dc4adc97,true,retained standard terminology among records sharing verified context
visible_summary,A portrait printable in the Mythology collection.,211,/printables/fantasy/mythology-achilles-06314c3e82|/printables/fantasy/mythology-amaterasu-d7d0d80ec3|/printables/fantasy/mythology-anansi-3abc71e1a4|/printables/fantasy/mythology-anubis-f0e3c97715|/printables/fantasy/mythology-anuket-8e7f795cdc|/printables/fantasy/mythology-aphrodite-b18e50596a|/printables/fantasy/mythology-apollo-073229d9c4|/printables/fantasy/mythology-apophis-7facb70c4b|/printables/fantasy/mythology-apsu-f25e78eca6|/printables/fantasy/mythology-ares-6bf877126c|/printables/fantasy/mythology-argus-590906743d|/printables/fantasy/mythology-artemis-07ee572e29|/printables/fantasy/mythology-aten-77cb657bc2|/printables/fantasy/mythology-athena-98f595c921|/printables/fantasy/mythology-avalokiteshvara-a2766ff2d0|/printables/fantasy/mythology-baba-yaga-fd9521f898|/printables/fantasy/mythology-balder-ce89a55eba|/printables/fantasy/mythology-banshee-8e816dfed2|/printables/fantasy/mythology-basilisk-ac45914eb7|/printables/fantasy/mythology-bastet-ef6fe23d7a|/printables/fantasy/mythology-beast-cyclops-dc017d8b8d|/printables/fantasy/mythology-benzaiten-cb508e2774|/printables/fantasy/mythology-bes-1f28c7aa1a|/printables/fantasy/mythology-bigfoot-59c369d2dc|/printables/fantasy/mythology-bragi-15ecc614f1|/printables/fantasy/mythology-brahma-06996aca82|/printables/fantasy/mythology-brigid-d515d533fb|/printables/fantasy/mythology-buddha-047d442509|/printables/fantasy/mythology-bugbear-8ac6d2a4d0|/printables/fantasy/mythology-camaxtli-88287281e9|/printables/fantasy/mythology-centaur-df30cda0f2|/printables/fantasy/mythology-cerberus-21818aa8ad|/printables/fantasy/mythology-cernunnos-052a5bbc0c|/printables/fantasy/mythology-charybdis-28b57590a5|/printables/fantasy/mythology-chimera-e7f5bec4b4|/printables/fantasy/mythology-chimera-basilisk-3448706763|/printables/fantasy/mythology-chupacabra-947aeab4f3|/printables/fantasy/mythology-cipactli-954b2648c3|/printables/fantasy/mythology-coatlicue-a98f42a670|/printables/fantasy/mythology-cu-chulainn-2f466759c7|/printables/fantasy/mythology-cyclops-97baa1389e|/printables/fantasy/mythology-daedalus-6e7cd3b40a|/printables/fantasy/mythology-daikokuten-6ff5510a6c|/printables/fantasy/mythology-danu-e79d36fc9c|/printables/fantasy/mythology-djinn-04e3417e33|/printables/fantasy/mythology-domovoi-69feacecc2|/printables/dragons/mythology-dragon-47784146ea|/printables/dragons/mythology-dragon-kraken-e4a117869c|/printables/fantasy/mythology-draugr-6fc7023810|/printables/fantasy/mythology-durga-8817081231|/printables/fantasy/mythology-ea-enki-74571df349|/printables/fantasy/mythology-ebisu-298bc7e91b|/printables/fantasy/mythology-echidna-e83965d521|/printables/fantasy/mythology-egyptian-sky-goddess-nut-5f5f567442|/printables/fantasy/mythology-elf-8a1da057cc|/printables/fantasy/mythology-empusa-fcc57e330d|/printables/fantasy/mythology-eos-d57a4dfb2d|/printables/fantasy/mythology-eris-c2c4939539|/printables/fantasy/mythology-fenrir-2117b86a6e|/printables/fantasy/mythology-fomorian-09f0901fa5|/printables/fantasy/mythology-freya-cc22eb2147|/printables/fantasy/mythology-frigg-1ed7d4a197|/printables/fantasy/mythology-fudo-myoo-acbcc8aaf2|/printables/fantasy/mythology-fujin-888136b167|/printables/fantasy/mythology-gaia-45dc603d37|/printables/fantasy/mythology-garmr-8e2dce0375|/printables/fantasy/mythology-garuda-cfce75699e|/printables/fantasy/mythology-gashadokuro-ec8db815b4|/printables/fantasy/mythology-geb-6620f5d898|/printables/fantasy/mythology-gorgon-979af85ce5|/printables/fantasy/mythology-gullveig-0f46751cad|/printables/fantasy/mythology-hachiman-269e2fd3ec|/printables/fantasy/mythology-hades-2d482ea527|/printables/fantasy/mythology-hanuman-5951f9493c|/printables/fantasy/mythology-harpy-e52c7c4ed9|/printables/fantasy/mythology-harvest-spirit-30d63228b4|/printables/fantasy/mythology-hathor-4864478f1b|/printables/fantasy/mythology-hecate-4765b38ddf|/printables/fantasy/mythology-heimdall-ef95cf70dc|/printables/fantasy/mythology-hel-b4049bdb9b|/printables/fantasy/mythology-hephaestus-6b18e593bb|/printables/fantasy/mythology-heracles-hercules-39a3a234ec|/printables/fantasy/mythology-hermes-d75d53d00d|/printables/fantasy/mythology-hestia-e2b2cb16f2|/printables/fantasy/mythology-hina-247385efd5|/printables/fantasy/mythology-hodr-3b7e7dd25b|/printables/fantasy/mythology-horus-ccdda9a63e|/printables/fantasy/mythology-horus-1-2d0cdb0f1d|/printables/fantasy/mythology-huitzilopochtli-b6851ae667|/printables/fantasy/mythology-hypnos-e5fd819252|/printables/fantasy/mythology-icarus-358f6d2ee5|/printables/fantasy/mythology-idunn-b96f0fda3b|/printables/fantasy/mythology-indra-fef3738b04|/printables/fantasy/mythology-inti-b4f185a004|/printables/fantasy/mythology-ishtar-9603c184af|/printables/fantasy/mythology-isis-db671ab1c4|/printables/fantasy/mythology-janus-8c9f2f5b2e|/printables/fantasy/mythology-jason-218676db19|/printables/fantasy/mythology-jormungandr-74335b3f40|/printables/fantasy/mythology-jotunn-51f63acc95|/printables/fantasy/mythology-kali-793ee0eb50|/printables/fantasy/mythology-kappa-fe69272c63|/printables/fantasy/mythology-kartikeya-7550d87d08|/printables/fantasy/mythology-kelpie-c237a59795|/printables/fantasy/mythology-khepri-8d2e2b2839|/printables/fantasy/mythology-kitsune-112963e58d|/printables/fantasy/mythology-kitsune-yako-7e5dc0d2dd|/printables/fantasy/mythology-koschei-4b6e21e7e7|/printables/fantasy/mythology-kraken-4d8553ae63|/printables/fantasy/mythology-krishna-570ef7f2f7|/printables/fantasy/mythology-kuber-faa17bc079|/printables/fantasy/mythology-lakshmi-340304c323|/printables/fantasy/mythology-lamia-d8926cfcc2|/printables/fantasy/mythology-legba-5816393ec5|/printables/fantasy/mythology-legba-summon-6a4018d703|/printables/fantasy/mythology-leshy-4bb996a3fa|/printables/fantasy/mythology-loki-9c6584419e|/printables/fantasy/mythology-maat-6cf4c2bef3|/printables/fantasy/mythology-manticore-1b8d7f478e|/printables/fantasy/mythology-marduk-5d082b3566|/printables/fantasy/mythology-maui-2ddd16906c|/printables/fantasy/mythology-medusa-675af6275b|/printables/fantasy/mythology-minotaur-fe7084204b|/printables/fantasy/mythology-moai-9205f67d9d|/printables/fantasy/mythology-nanabozho-b7983e7d0a|/printables/fantasy/mythology-nandi-cc19a8550a|/printables/fantasy/mythology-nanna-sin-3ee70021f4|/printables/fantasy/mythology-nemesis-b13605a180|/printables/fantasy/mythology-nephthys-1af4a7fb48|/printables/fantasy/mythology-ninlil-05e3002b42|/printables/fantasy/mythology-njord-1b43f9ec46|/printables/fantasy/mythology-nokken-a0326bb66e|/printables/fantasy/mythology-nyx-041988d5ee|/printables/fantasy/mythology-obatala-2a7254105a|/printables/fantasy/mythology-odin-d1a8376ff1|/printables/fantasy/mythology-ogre-b4b01883f3|/printables/fantasy/mythology-oni-33604beb54|/printables/fantasy/mythology-orpheus-ee5a6b29ea|/printables/fantasy/mythology-orunmila-eeba576ce3|/printables/fantasy/mythology-osiris-3591f8322d|/printables/fantasy/mythology-oy-752194d651|/printables/fantasy/mythology-pachamama-8b2acdfa06|/printables/fantasy/mythology-pan-ab592e7b37|/printables/fantasy/mythology-parvati-c4bb90b1b2|/printables/fantasy/mythology-pele-8f4cf0f4f5|/printables/fantasy/mythology-persephone-d5c6d93b5c|/printables/fantasy/mythology-perseus-e4fa4525a0|/printables/fantasy/mythology-pooka-a0c1f33027|/printables/fantasy/mythology-pooka-trickster-99e58b689c|/printables/fantasy/mythology-poseidon-c448c62150|/printables/fantasy/mythology-prometheus-1410f8da57|/printables/fantasy/mythology-ptah-7b0934cade|/printables/fantasy/mythology-quetzalcoatl-280f393149|/printables/fantasy/mythology-ra-3ec118a349|/printables/fantasy/mythology-raijin-7b9298562f|/printables/fantasy/mythology-rama-08d78d3cf0|/printables/fantasy/mythology-ratatoskr-690da19ee7|/printables/fantasy/mythology-ravana-9ae7dbc41b|/printables/fantasy/mythology-redcap-bdaf376cd9|/printables/fantasy/mythology-rusalka-7b8160fa36|/printables/fantasy/mythology-ryujin-de4fb45420|/printables/fantasy/mythology-saraswati-2781308a8a|/printables/fantasy/mythology-satyr-cbc760d45b|/printables/fantasy/mythology-satyr-panmarch-9ebb66d41b|/printables/fantasy/mythology-scylla-a7fbeca63d|/printables/fantasy/mythology-scylla-battle-31bd00197d|/printables/fantasy/mythology-sedna-24596fd8e3|/printables/fantasy/mythology-sekhmet-37c4e67d05|/printables/fantasy/mythology-seth-6bf6c2fba4|/printables/fantasy/mythology-shango-52156c0945|/printables/fantasy/mythology-she-cyclops-1a65b13a87|/printables/fantasy/mythology-shuten-doji-e5abe677c8|/printables/fantasy/mythology-siren-75de463f72|/printables/fantasy/mythology-skadi-05ec2e9a40|/printables/fantasy/mythology-sobek-8a88c15400|/printables/fantasy/mythology-sphinx-c8df1adb0c|/printables/fantasy/mythology-stryx-4f2b775783|/printables/fantasy/mythology-sun-wukong-31571cadfb|/printables/fantasy/mythology-supay-bd3f80ab35|/printables/fantasy/mythology-surtr-91da0e545e|/printables/fantasy/mythology-susanoo-782e4707c2|/printables/fantasy/mythology-tangaroa-db8316961c|/printables/fantasy/mythology-taweret-7d58448804|/printables/fantasy/mythology-tengu-19cdd2137e|/printables/fantasy/mythology-tezcatlipoca-9946363db8|/printables/fantasy/mythology-theseus-70f983e19e|/printables/fantasy/mythology-thor-2bd30dfa1c|/printables/fantasy/mythology-thoth-5f33f3438a|/printables/fantasy/mythology-tiamat-fdb9322c45|/printables/fantasy/mythology-tsukuyomi-de0827cf7c|/printables/fantasy/mythology-typhon-d74a67a207|/printables/fantasy/mythology-tyr-7df625f041|/printables/fantasy/mythology-ullr-2394473e37|/printables/fantasy/mythology-ushioni-13006190f6|/printables/fantasy/mythology-uzume-20738f635e|/printables/fantasy/mythology-vali-04b2488b2d|/printables/fantasy/mythology-valkyrie-ee73199d9f|/printables/fantasy/mythology-vampire-6c93e68262|/printables/fantasy/mythology-vidar-9211fe89fe|/printables/fantasy/mythology-viracocha-b5f48f2b00|/printables/fantasy/mythology-vishnu-6504a573eb|/printables/fantasy/mythology-wendigo-8c6a57c150|/printables/fantasy/mythology-werewolf-790bd8f16b|/printables/fantasy/mythology-will-o-wisp-5fd4bfc78b|/printables/fantasy/mythology-wisakedjak-50f2b63695|/printables/fantasy/mythology-xolotl-e6c678d3db|/printables/fantasy/mythology-yeti-aaf9f0da59|/printables/fantasy/mythology-ymir-8ca6027544|/printables/fantasy/mythology-yokai-b2484c349c|/printables/fantasy/mythology-yuki-onna-411d0660f8|/printables/fantasy/mythology-zeus-6c89be1a46,true,retained standard terminology among records sharing verified context
visible_summary,A portrait printable in the World Landmarks collection.,44,/printables/buildings/world-landmarks-4ccae2c33f|/printables/buildings/world-landmarks-abu-simbel-temples-46e1dff5bc|/printables/buildings/world-landmarks-angkor-wat-77c1b83183|/printables/buildings/world-landmarks-big-ben-cdf7f76284|/printables/buildings/world-landmarks-burj-khalifa-6416a6d4ba|/printables/buildings/world-landmarks-christ-the-redeemer-717cc8bafa|/printables/buildings/world-landmarks-collection-ad7dbe6d24|/printables/buildings/world-landmarks-colosseum-f05d9c502c|/printables/buildings/world-landmarks-dome-of-the-rock-jerusalem-a98619b395|/printables/buildings/world-landmarks-eiffel-tower-ff7a757d4d|/printables/buildings/world-landmarks-empire-state-building-a92d4cfcce|/printables/buildings/world-landmarks-golden-temple-amritsar-bf764fc281|/printables/buildings/world-landmarks-grand-canyon-ad761e8a1a|/printables/buildings/world-landmarks-great-barrier-reef-e48c034b2d|/printables/buildings/world-landmarks-great-wall-of-china-e988798349|/printables/buildings/world-landmarks-ha-long-bay-vietnam-305f7f213e|/printables/buildings/world-landmarks-hagia-sophia-cd11195e28|/printables/buildings/world-landmarks-hollywood-sign-0d5347e375|/printables/buildings/world-landmarks-kyoto-fushimi-inari-shrine-c47be5eef8|/printables/buildings/world-landmarks-luxor-temple-egypt-4c119f90dd|/printables/buildings/world-landmarks-machu-picchu-7482a8c782|/printables/buildings/world-landmarks-marina-bay-sands-singapore-6f7eb78a34|/printables/buildings/world-landmarks-mecca-kaaba-c3a8cf9b69|/printables/buildings/world-landmarks-mont-saint-michel-785103f07e|/printables/buildings/world-landmarks-mount-fuji-54740b8d0b|/printables/buildings/world-landmarks-mount-kilimanjaro-5d3196ad15|/printables/buildings/world-landmarks-niagara-falls-ba9bd158c1|/printables/buildings/world-landmarks-petra-45526845c2|/printables/buildings/world-landmarks-pyramids-of-giza-26681a1996|/printables/buildings/world-landmarks-sagrada-familia-barcelona-18a7373b38|/printables/buildings/world-landmarks-saint-basils-cathedral-83399c0d57|/printables/buildings/world-landmarks-santorini-blue-domes-83788b61ae|/printables/buildings/world-landmarks-sigiriya-rock-sri-lanka-a1076d5676|/printables/buildings/world-landmarks-sphinx-of-giza-224775f076|/printables/buildings/world-landmarks-statue-of-liberty-f153affe51|/printables/buildings/world-landmarks-stonehenge-93ddf62a81|/printables/buildings/world-landmarks-sydney-opera-house-2198d4879a|/printables/buildings/world-landmarks-taj-mahal-d0181a325a|/printables/buildings/world-landmarks-tokyo-skytree-8837fcaf2a|/printables/buildings/world-landmarks-torii-gate-itsukushima-japan-13af5427a6|/printables/buildings/world-landmarks-uluru-ayers-rock-bc4d06dc5b|/printables/buildings/world-landmarks-vatican-st-peters-basilica-1875793908|/printables/buildings/world-landmarks-venice-grand-canal-32e1d52fdd|/printables/buildings/world-landmarks-victoria-falls-de1542869a,true,retained standard terminology among records sharing verified context
