printable_id,route,prose_summary,missing_verified_fields,unapproved_candidates,review_reason
animals__animals-puppies__093b6e6276,/printables/animals/animals-puppies-093b6e6276,present,style|seasonal|detail|audience,Coloring Pages for Kids,audience/detail candidate lacks independent review
anime-girls__anime-girl-chibi-bear-summon__443fa88c61,/printables/anime-girls/anime-girl-chibi-bear-summon-443fa88c61,present,seasonal|detail|audience,Coloring Pages for Kids|Easy,audience/detail candidate lacks independent review
anime-girls__anime-girl-chibi-cow-summon__4b2d037f54,/printables/anime-girls/anime-girl-chibi-cow-summon-4b2d037f54,present,seasonal|detail|audience,Coloring Pages for Kids|Easy,audience/detail candidate lacks independent review
anime-girls__anime-girl-cute-teddy-bear-plushie__9e3171aa9b,/printables/anime-girls/anime-girl-cute-teddy-bear-plushie-9e3171aa9b,present,seasonal|detail|audience,Coloring Pages for Kids|Easy,audience/detail candidate lacks independent review
anime-girls__anime-girl-fluffy-clothes-kawaii__09f36541df,/printables/anime-girls/anime-girl-fluffy-clothes-kawaii-09f36541df,present,seasonal|detail|audience,Coloring Pages for Kids|Easy,audience/detail candidate lacks independent review
anime-girls__anime-girl-kitten-hoodie-plushie__eccb22cf25,/printables/animals/anime-girl-kitten-hoodie-plushie-eccb22cf25,present,seasonal|detail|audience,Coloring Pages for Kids,audience/detail candidate lacks independent review
anime-girls__anime-girl-kitten-hoodie-plushie-climbing-tree__8ff8b1a04a,/printables/animals/anime-girl-kitten-hoodie-plushie-climbing-tree-8ff8b1a04a,present,seasonal|detail|audience,Coloring Pages for Kids,audience/detail candidate lacks independent review
anime-girls__anime-girl-kitten-hoodie-plushie-climbing-tree-smiling__5677e16222,/printables/animals/anime-girl-kitten-hoodie-plushie-climbing-tree-smiling-5677e16222,present,seasonal|detail|audience,Coloring Pages for Kids,audience/detail candidate lacks independent review
anime-girls__anime-girl-kitten-hoodie-plushie-sitting-on-tree__6276a752d3,/printables/animals/anime-girl-kitten-hoodie-plushie-sitting-on-tree-6276a752d3,present,seasonal|detail|audience,Coloring Pages for Kids,audience/detail candidate lacks independent review
anime-girls__anime-girl-summoning-cute-heart-plushies__eb52e2276f,/printables/anime-girls/anime-girl-summoning-cute-heart-plushies-eb52e2276f,present,seasonal|detail|audience,Coloring Pages for Kids|Easy,audience/detail candidate lacks independent review
anime-girls__anime-girl-summoning-cute-hearts__2cdbd95749,/printables/anime-girls/anime-girl-summoning-cute-hearts-2cdbd95749,present,seasonal|detail|audience,Coloring Pages for Kids|Easy,audience/detail candidate lacks independent review
anime-girls__anime-girl-summoning-jutsu-cute-dinosaur-plushies__e958c58eca,/printables/animals/anime-girl-summoning-jutsu-cute-dinosaur-plushies-e958c58eca,present,seasonal|detail|audience,Coloring Pages for Kids|Easy,audience/detail candidate lacks independent review
anime-girls__anime-girl-summoning-jutsu-cute-dragon-plushies__3f2c634dbf,/printables/anime-girls/anime-girl-summoning-jutsu-cute-dragon-plushies-3f2c634dbf,present,seasonal|detail|audience,Coloring Pages for Kids|Easy,audience/detail candidate lacks independent review
anime-girls__anime-girl-summoning-jutsu-cute-giraffe-plushies__c29b50e685,/printables/anime-girls/anime-girl-summoning-jutsu-cute-giraffe-plushies-c29b50e685,present,seasonal|detail|audience,Coloring Pages for Kids|Easy,audience/detail candidate lacks independent review
anime-girls__anime-girl-summoning-jutsu-cute-horned-dragon-plushies__ab40243ff4,/printables/anime-girls/anime-girl-summoning-jutsu-cute-horned-dragon-plushies-ab40243ff4,present,seasonal|detail|audience,Coloring Pages for Kids|Easy,audience/detail candidate lacks independent review
anime-girls__anime-girl-summoning-jutsu-kitten-plushies__7f5d5f20d2,/printables/animals/anime-girl-summoning-jutsu-kitten-plushies-7f5d5f20d2,present,seasonal|detail|audience,Coloring Pages for Kids,audience/detail candidate lacks independent review
anime-girls__anime-girl-summoning-jutsu-kittens__edc9b109fa,/printables/animals/anime-girl-summoning-jutsu-kittens-edc9b109fa,present,seasonal|detail|audience,Coloring Pages for Kids,audience/detail candidate lacks independent review
anime-girls__anime-girl-summoning-jutsu-kittens-sitting-on-tree__8caa305aa0,/printables/animals/anime-girl-summoning-jutsu-kittens-sitting-on-tree-8caa305aa0,present,seasonal|detail|audience,Coloring Pages for Kids,audience/detail candidate lacks independent review
anime-girls__anime-girl-summoning-jutsu-prehistoric-kitty__23c8d42eb9,/printables/animals/anime-girl-summoning-jutsu-prehistoric-kitty-23c8d42eb9,present,seasonal|detail|audience,Coloring Pages for Kids,audience/detail candidate lacks independent review
anime-girls__anime-girl-summoning-jutsu-prehistoric-kitty-plushies__7079e5bd61,/printables/animals/anime-girl-summoning-jutsu-prehistoric-kitty-plushies-7079e5bd61,present,seasonal|detail|audience,Coloring Pages for Kids,audience/detail candidate lacks independent review
anime-girls__anime-girl-summoning-jutsu-woolly-mammoth-kawaii-plushies__06dda78301,/printables/animals/anime-girl-summoning-jutsu-woolly-mammoth-kawaii-plushies-06dda78301,present,seasonal|detail|audience,Coloring Pages for Kids|Easy,audience/detail candidate lacks independent review
anime-girls__anime-girl-teddy-bear-outfit-kawaii__6746a30a00,/printables/anime-girls/anime-girl-teddy-bear-outfit-kawaii-6746a30a00,present,seasonal|detail|audience,Coloring Pages for Kids|Easy,audience/detail candidate lacks independent review
chibi__chibi-african-dragon__ebdfccdd0d,/printables/chibi/chibi-african-dragon-ebdfccdd0d,present,seasonal|detail|audience,Coloring Pages for Kids|Easy,audience/detail candidate lacks independent review
chibi__chibi-air-dragon__28195417f8,/printables/chibi/chibi-air-dragon-28195417f8,present,seasonal|detail|audience,Coloring Pages for Kids|Easy,audience/detail candidate lacks independent review
chibi__chibi-amphithere-dragon__b7962a14d1,/printables/chibi/chibi-amphithere-dragon-b7962a14d1,present,seasonal|detail|audience,Coloring Pages for Kids|Easy,audience/detail candidate lacks independent review
chibi__chibi-animals-pets-dogs-afghan-hound__d9a83b6ec9,/printables/animals/chibi-animals-pets-dogs-afghan-hound-d9a83b6ec9,present,seasonal|detail|audience,Coloring Pages for Kids|Easy,audience/detail candidate lacks independent review
chibi__chibi-animals-pets-dogs-akita__202daa2ad3,/printables/animals/chibi-animals-pets-dogs-akita-202daa2ad3,present,seasonal|detail|audience,Coloring Pages for Kids|Easy,audience/detail candidate lacks independent review
chibi__chibi-animals-pets-dogs-alaskan-malamute__17a510678c,/printables/animals/chibi-animals-pets-dogs-alaskan-malamute-17a510678c,present,seasonal|detail|audience,Coloring Pages for Kids|Easy,audience/detail candidate lacks independent review
chibi__chibi-animals-pets-dogs-american-staffordshire-terrier__0d5f95f4f2,/printables/animals/chibi-animals-pets-dogs-american-staffordshire-terrier-0d5f95f4f2,present,seasonal|detail|audience,Coloring Pages for Kids|Easy,audience/detail candidate lacks independent review
chibi__chibi-animals-pets-dogs-anatolian-shepherd-dog__c82c00bae3,/printables/animals/chibi-animals-pets-dogs-anatolian-shepherd-dog-c82c00bae3,present,seasonal|detail|audience,Coloring Pages for Kids|Easy,audience/detail candidate lacks independent review
chibi__chibi-animals-pets-dogs-australian-cattle-dog__9f36356469,/printables/animals/chibi-animals-pets-dogs-australian-cattle-dog-9f36356469,present,seasonal|detail|audience,Coloring Pages for Kids|Easy,audience/detail candidate lacks independent review
chibi__chibi-animals-pets-dogs-australian-shepherd__30c890a81e,/printables/animals/chibi-animals-pets-dogs-australian-shepherd-30c890a81e,present,seasonal|detail|audience,Coloring Pages for Kids|Easy,audience/detail candidate lacks independent review
chibi__chibi-animals-pets-dogs-basenji__b3df50ea92,/printables/animals/chibi-animals-pets-dogs-basenji-b3df50ea92,present,seasonal|detail|audience,Coloring Pages for Kids|Easy,audience/detail candidate lacks independent review
chibi__chibi-animals-pets-dogs-beagle__66a9b9dc9e,/printables/animals/chibi-animals-pets-dogs-beagle-66a9b9dc9e,present,seasonal|detail|audience,Coloring Pages for Kids|Easy,audience/detail candidate lacks independent review
chibi__chibi-animals-pets-dogs-belgian-malinois__05d5243abd,/printables/animals/chibi-animals-pets-dogs-belgian-malinois-05d5243abd,present,seasonal|detail|audience,Coloring Pages for Kids|Easy,audience/detail candidate lacks independent review
chibi__chibi-animals-pets-dogs-belgian-tervuren__35d5373d78,/printables/animals/chibi-animals-pets-dogs-belgian-tervuren-35d5373d78,present,seasonal|detail|audience,Coloring Pages for Kids|Easy,audience/detail candidate lacks independent review
chibi__chibi-animals-pets-dogs-bernese-mountain-dog__2be9008a10,/printables/animals/chibi-animals-pets-dogs-bernese-mountain-dog-2be9008a10,present,seasonal|detail|audience,Coloring Pages for Kids|Easy,audience/detail candidate lacks independent review
chibi__chibi-animals-pets-dogs-bichon-frise__01192dc10b,/printables/animals/chibi-animals-pets-dogs-bichon-frise-01192dc10b,present,seasonal|detail|audience,Coloring Pages for Kids|Easy,audience/detail candidate lacks independent review
chibi__chibi-animals-pets-dogs-bloodhound__36d4af24b2,/printables/animals/chibi-animals-pets-dogs-bloodhound-36d4af24b2,present,seasonal|detail|audience,Coloring Pages for Kids|Easy,audience/detail candidate lacks independent review
chibi__chibi-animals-pets-dogs-border-collie__d66dc03111,/printables/animals/chibi-animals-pets-dogs-border-collie-d66dc03111,present,seasonal|detail|audience,Coloring Pages for Kids|Easy,audience/detail candidate lacks independent review
chibi__chibi-animals-pets-dogs-border-terrier__43cfd795ea,/printables/animals/chibi-animals-pets-dogs-border-terrier-43cfd795ea,present,seasonal|detail|audience,Coloring Pages for Kids|Easy,audience/detail candidate lacks independent review
chibi__chibi-animals-pets-dogs-borzoi__20102e12a0,/printables/animals/chibi-animals-pets-dogs-borzoi-20102e12a0,present,seasonal|detail|audience,Coloring Pages for Kids|Easy,audience/detail candidate lacks independent review
chibi__chibi-animals-pets-dogs-boston-terrier__3232802ad1,/printables/animals/chibi-animals-pets-dogs-boston-terrier-3232802ad1,present,seasonal|detail|audience,Coloring Pages for Kids|Easy,audience/detail candidate lacks independent review
chibi__chibi-animals-pets-dogs-briard__f8f1a5d849,/printables/animals/chibi-animals-pets-dogs-briard-f8f1a5d849,present,seasonal|detail|audience,Coloring Pages for Kids|Easy,audience/detail candidate lacks independent review
chibi__chibi-animals-pets-dogs-bulldog__82dca02cef,/printables/animals/chibi-animals-pets-dogs-bulldog-82dca02cef,present,seasonal|detail|audience,Coloring Pages for Kids|Easy,audience/detail candidate lacks independent review
chibi__chibi-animals-pets-dogs-bullmastiff__77d489baa8,/printables/animals/chibi-animals-pets-dogs-bullmastiff-77d489baa8,present,seasonal|detail|audience,Coloring Pages for Kids|Easy,audience/detail candidate lacks independent review
chibi__chibi-animals-pets-dogs-cairn-terrier__7faba12ef3,/printables/animals/chibi-animals-pets-dogs-cairn-terrier-7faba12ef3,present,seasonal|detail|audience,Coloring Pages for Kids|Easy,audience/detail candidate lacks independent review
chibi__chibi-animals-pets-dogs-catahoula-leopard-dog__b255436134,/printables/animals/chibi-animals-pets-dogs-catahoula-leopard-dog-b255436134,present,seasonal|detail|audience,Coloring Pages for Kids|Easy,audience/detail candidate lacks independent review
chibi__chibi-animals-pets-dogs-cavalier-king-charles-spaniel__4c6f2c88bb,/printables/animals/chibi-animals-pets-dogs-cavalier-king-charles-spaniel-4c6f2c88bb,present,seasonal|detail|audience,Coloring Pages for Kids|Easy,audience/detail candidate lacks independent review
chibi__chibi-animals-pets-dogs-chesapeake-bay-retriever__96effd4b27,/printables/animals/chibi-animals-pets-dogs-chesapeake-bay-retriever-96effd4b27,present,seasonal|detail|audience,Coloring Pages for Kids|Easy,audience/detail candidate lacks independent review
chibi__chibi-animals-pets-dogs-chihuahua__e1b319483b,/printables/animals/chibi-animals-pets-dogs-chihuahua-e1b319483b,present,seasonal|detail|audience,Coloring Pages for Kids|Easy,audience/detail candidate lacks independent review
chibi__chibi-animals-pets-dogs-chinese-crested__75a05177cb,/printables/animals/chibi-animals-pets-dogs-chinese-crested-75a05177cb,present,seasonal|detail|audience,Coloring Pages for Kids|Easy,audience/detail candidate lacks independent review
chibi__chibi-animals-pets-dogs-cocker-spaniel__2ced886556,/printables/animals/chibi-animals-pets-dogs-cocker-spaniel-2ced886556,present,seasonal|detail|audience,Coloring Pages for Kids|Easy,audience/detail candidate lacks independent review
chibi__chibi-animals-pets-dogs-collie__5980fb6203,/printables/animals/chibi-animals-pets-dogs-collie-5980fb6203,present,seasonal|detail|audience,Coloring Pages for Kids|Easy,audience/detail candidate lacks independent review
chibi__chibi-animals-pets-dogs-dachshund__1cea1c123c,/printables/animals/chibi-animals-pets-dogs-dachshund-1cea1c123c,present,seasonal|detail|audience,Coloring Pages for Kids|Easy,audience/detail candidate lacks independent review
chibi__chibi-animals-pets-dogs-dalmatian__e5736bdcd7,/printables/animals/chibi-animals-pets-dogs-dalmatian-e5736bdcd7,present,seasonal|detail|audience,Coloring Pages for Kids|Easy,audience/detail candidate lacks independent review
chibi__chibi-animals-pets-dogs-daschund__a8a954e270,/printables/animals/chibi-animals-pets-dogs-daschund-a8a954e270,present,seasonal|detail|audience,Coloring Pages for Kids|Easy,audience/detail candidate lacks independent review
chibi__chibi-animals-pets-dogs-doberman-pinscher__ccf0b25f73,/printables/animals/chibi-animals-pets-dogs-doberman-pinscher-ccf0b25f73,present,seasonal|detail|audience,Coloring Pages for Kids|Easy,audience/detail candidate lacks independent review
chibi__chibi-animals-pets-dogs-english-mastiff__3c5e7719d4,/printables/animals/chibi-animals-pets-dogs-english-mastiff-3c5e7719d4,present,seasonal|detail|audience,Coloring Pages for Kids|Easy,audience/detail candidate lacks independent review
chibi__chibi-animals-pets-dogs-english-springer-spaniel__6e6be10dc9,/printables/animals/chibi-animals-pets-dogs-english-springer-spaniel-6e6be10dc9,present,seasonal|detail|audience,Coloring Pages for Kids|Easy,audience/detail candidate lacks independent review
chibi__chibi-animals-pets-dogs-french-bulldog__f72835a638,/printables/animals/chibi-animals-pets-dogs-french-bulldog-f72835a638,present,seasonal|detail|audience,Coloring Pages for Kids|Easy,audience/detail candidate lacks independent review
chibi__chibi-animals-pets-dogs-german-shepherd__6cfd6cf5e2,/printables/animals/chibi-animals-pets-dogs-german-shepherd-6cfd6cf5e2,present,seasonal|detail|audience,Coloring Pages for Kids|Easy,audience/detail candidate lacks independent review
chibi__chibi-animals-pets-dogs-golden-retriever__ac1272e4ed,/printables/animals/chibi-animals-pets-dogs-golden-retriever-ac1272e4ed,present,seasonal|detail|audience,Coloring Pages for Kids|Easy,audience/detail candidate lacks independent review
chibi__chibi-animals-pets-dogs-great-dane__804a94db86,/printables/animals/chibi-animals-pets-dogs-great-dane-804a94db86,present,seasonal|detail|audience,Coloring Pages for Kids|Easy,audience/detail candidate lacks independent review
chibi__chibi-animals-pets-dogs-great-pyrenees__6664477fb6,/printables/animals/chibi-animals-pets-dogs-great-pyrenees-6664477fb6,present,seasonal|detail|audience,Coloring Pages for Kids|Easy,audience/detail candidate lacks independent review
chibi__chibi-animals-pets-dogs-havanese__9e0637efcd,/printables/animals/chibi-animals-pets-dogs-havanese-9e0637efcd,present,seasonal|detail|audience,Coloring Pages for Kids|Easy,audience/detail candidate lacks independent review
chibi__chibi-animals-pets-dogs-irish-setter__c7dd78cd9b,/printables/animals/chibi-animals-pets-dogs-irish-setter-c7dd78cd9b,present,seasonal|detail|audience,Coloring Pages for Kids|Easy,audience/detail candidate lacks independent review
chibi__chibi-animals-pets-dogs-irish-wolfhound__3ede5fe21f,/printables/animals/chibi-animals-pets-dogs-irish-wolfhound-3ede5fe21f,present,seasonal|detail|audience,Coloring Pages for Kids|Easy,audience/detail candidate lacks independent review
chibi__chibi-animals-pets-dogs-italian-greyhound__f68857ba7b,/printables/animals/chibi-animals-pets-dogs-italian-greyhound-f68857ba7b,present,seasonal|detail|audience,Coloring Pages for Kids|Easy,audience/detail candidate lacks independent review
chibi__chibi-animals-pets-dogs-jack-russell-terrier__90937679a3,/printables/animals/chibi-animals-pets-dogs-jack-russell-terrier-90937679a3,present,seasonal|detail|audience,Coloring Pages for Kids|Easy,audience/detail candidate lacks independent review
chibi__chibi-animals-pets-dogs-komondor__27f9215999,/printables/animals/chibi-animals-pets-dogs-komondor-27f9215999,present,seasonal|detail|audience,Coloring Pages for Kids|Easy,audience/detail candidate lacks independent review
chibi__chibi-animals-pets-dogs-labrador-retriever__03ad00c638,/printables/animals/chibi-animals-pets-dogs-labrador-retriever-03ad00c638,present,seasonal|detail|audience,Coloring Pages for Kids|Easy,audience/detail candidate lacks independent review
chibi__chibi-animals-pets-dogs-leonberger__2f6bd298e0,/printables/animals/chibi-animals-pets-dogs-leonberger-2f6bd298e0,present,seasonal|detail|audience,Coloring Pages for Kids|Easy,audience/detail candidate lacks independent review
chibi__chibi-animals-pets-dogs-lhasa-apso__a5d275e1b8,/printables/animals/chibi-animals-pets-dogs-lhasa-apso-a5d275e1b8,present,seasonal|detail|audience,Coloring Pages for Kids|Easy,audience/detail candidate lacks independent review
chibi__chibi-animals-pets-dogs-maltese__4563d51e2b,/printables/animals/chibi-animals-pets-dogs-maltese-4563d51e2b,present,seasonal|detail|audience,Coloring Pages for Kids|Easy,audience/detail candidate lacks independent review
chibi__chibi-animals-pets-dogs-miniature-schnauzer__b7705a66c9,/printables/animals/chibi-animals-pets-dogs-miniature-schnauzer-b7705a66c9,present,seasonal|detail|audience,Coloring Pages for Kids|Easy,audience/detail candidate lacks independent review
chibi__chibi-animals-pets-dogs-newfoundland__9c1bdc2e1c,/printables/animals/chibi-animals-pets-dogs-newfoundland-9c1bdc2e1c,present,seasonal|detail|audience,Coloring Pages for Kids|Easy,audience/detail candidate lacks independent review
chibi__chibi-animals-pets-dogs-old-english-sheepdog__ff97a096c3,/printables/animals/chibi-animals-pets-dogs-old-english-sheepdog-ff97a096c3,present,seasonal|detail|audience,Coloring Pages for Kids|Easy,audience/detail candidate lacks independent review
chibi__chibi-animals-pets-dogs-papillon__db23515839,/printables/animals/chibi-animals-pets-dogs-papillon-db23515839,present,seasonal|detail|audience,Coloring Pages for Kids|Easy,audience/detail candidate lacks independent review
chibi__chibi-animals-pets-dogs-pekingese__8499e79c02,/printables/animals/chibi-animals-pets-dogs-pekingese-8499e79c02,present,seasonal|detail|audience,Coloring Pages for Kids|Easy,audience/detail candidate lacks independent review
chibi__chibi-animals-pets-dogs-pembroke-welsh-corgi__c7ab230ca8,/printables/animals/chibi-animals-pets-dogs-pembroke-welsh-corgi-c7ab230ca8,present,seasonal|detail|audience,Coloring Pages for Kids|Easy,audience/detail candidate lacks independent review
chibi__chibi-animals-pets-dogs-pomeranian__f923ab7c32,/printables/animals/chibi-animals-pets-dogs-pomeranian-f923ab7c32,present,seasonal|detail|audience,Coloring Pages for Kids|Easy,audience/detail candidate lacks independent review
chibi__chibi-animals-pets-dogs-poodle__8ec7f8987f,/printables/animals/chibi-animals-pets-dogs-poodle-8ec7f8987f,present,seasonal|detail|audience,Coloring Pages for Kids|Easy,audience/detail candidate lacks independent review
chibi__chibi-animals-pets-dogs-portuguese-water-dog__92303ff607,/printables/animals/chibi-animals-pets-dogs-portuguese-water-dog-92303ff607,present,seasonal|detail|audience,Coloring Pages for Kids|Easy,audience/detail candidate lacks independent review
chibi__chibi-animals-pets-dogs-pug__68e0527228,/printables/animals/chibi-animals-pets-dogs-pug-68e0527228,present,seasonal|detail|audience,Coloring Pages for Kids|Easy,audience/detail candidate lacks independent review
chibi__chibi-animals-pets-dogs-rhodesian-ridgeback__4fb181f4e8,/printables/animals/chibi-animals-pets-dogs-rhodesian-ridgeback-4fb181f4e8,present,seasonal|detail|audience,Coloring Pages for Kids|Easy,audience/detail candidate lacks independent review
chibi__chibi-animals-pets-dogs-rottweiler__53a10ba654,/printables/animals/chibi-animals-pets-dogs-rottweiler-53a10ba654,present,seasonal|detail|audience,Coloring Pages for Kids|Easy,audience/detail candidate lacks independent review
chibi__chibi-animals-pets-dogs-saint-bernard__5f57cee85c,/printables/animals/chibi-animals-pets-dogs-saint-bernard-5f57cee85c,present,seasonal|detail|audience,Coloring Pages for Kids|Easy,audience/detail candidate lacks independent review
chibi__chibi-animals-pets-dogs-saluki__46ee9151f0,/printables/animals/chibi-animals-pets-dogs-saluki-46ee9151f0,present,seasonal|detail|audience,Coloring Pages for Kids|Easy,audience/detail candidate lacks independent review
chibi__chibi-animals-pets-dogs-samoyed__08d5995129,/printables/animals/chibi-animals-pets-dogs-samoyed-08d5995129,present,seasonal|detail|audience,Coloring Pages for Kids|Easy,audience/detail candidate lacks independent review
chibi__chibi-animals-pets-dogs-scottish-terrier__341d994df6,/printables/animals/chibi-animals-pets-dogs-scottish-terrier-341d994df6,present,seasonal|detail|audience,Coloring Pages for Kids|Easy,audience/detail candidate lacks independent review
chibi__chibi-animals-pets-dogs-shetland-sheepdog__9fac4e13c7,/printables/animals/chibi-animals-pets-dogs-shetland-sheepdog-9fac4e13c7,present,seasonal|detail|audience,Coloring Pages for Kids|Easy,audience/detail candidate lacks independent review
chibi__chibi-animals-pets-dogs-shiba-inu__21f6045bdb,/printables/animals/chibi-animals-pets-dogs-shiba-inu-21f6045bdb,present,seasonal|detail|audience,Coloring Pages for Kids|Easy,audience/detail candidate lacks independent review
chibi__chibi-animals-pets-dogs-shih-tzu__2f951f298d,/printables/animals/chibi-animals-pets-dogs-shih-tzu-2f951f298d,present,seasonal|detail|audience,Coloring Pages for Kids|Easy,audience/detail candidate lacks independent review
chibi__chibi-animals-pets-dogs-siberian-husky__abef18b5ee,/printables/animals/chibi-animals-pets-dogs-siberian-husky-abef18b5ee,present,seasonal|detail|audience,Coloring Pages for Kids|Easy,audience/detail candidate lacks independent review
chibi__chibi-animals-pets-dogs-staffordshire-bull-terrier__7b8d7a0b1f,/printables/animals/chibi-animals-pets-dogs-staffordshire-bull-terrier-7b8d7a0b1f,present,seasonal|detail|audience,Coloring Pages for Kids|Easy,audience/detail candidate lacks independent review
chibi__chibi-animals-pets-dogs-toy-fox-terrier__b31c35388c,/printables/animals/chibi-animals-pets-dogs-toy-fox-terrier-b31c35388c,present,seasonal|detail|audience,Coloring Pages for Kids|Easy,audience/detail candidate lacks independent review
chibi__chibi-animals-pets-dogs-vizsla__55a5226b41,/printables/animals/chibi-animals-pets-dogs-vizsla-55a5226b41,present,seasonal|detail|audience,Coloring Pages for Kids|Easy,audience/detail candidate lacks independent review
chibi__chibi-animals-pets-dogs-weimaraner__8f5d137088,/printables/animals/chibi-animals-pets-dogs-weimaraner-8f5d137088,present,seasonal|detail|audience,Coloring Pages for Kids|Easy,audience/detail candidate lacks independent review
chibi__chibi-animals-pets-dogs-whippet__31b3929140,/printables/animals/chibi-animals-pets-dogs-whippet-31b3929140,present,seasonal|detail|audience,Coloring Pages for Kids|Easy,audience/detail candidate lacks independent review
chibi__chibi-animals-pets-dogs-wirehaired-pointing-griffon__f7f02c9fd3,/printables/animals/chibi-animals-pets-dogs-wirehaired-pointing-griffon-f7f02c9fd3,present,seasonal|detail|audience,Coloring Pages for Kids|Easy,audience/detail candidate lacks independent review
chibi__chibi-animals-pets-dogs-yorkshire-terrier__0e4582d5cf,/printables/animals/chibi-animals-pets-dogs-yorkshire-terrier-0e4582d5cf,present,seasonal|detail|audience,Coloring Pages for Kids|Easy,audience/detail candidate lacks independent review
chibi__chibi-anime-girl-hiking__23c5623800,/printables/anime-girls/chibi-anime-girl-hiking-23c5623800,present,primary_subject|seasonal|detail|audience,Coloring Pages for Kids|Easy,audience/detail candidate lacks independent review
chibi__chibi-anime-girl-karate-fighting__0e15e66f5d,/printables/anime-girls/chibi-anime-girl-karate-fighting-0e15e66f5d,present,primary_subject|seasonal|detail|audience,Coloring Pages for Kids|Easy,audience/detail candidate lacks independent review
chibi__chibi-armadillo__b67dd7fc0d,/printables/chibi/chibi-armadillo-b67dd7fc0d,present,primary_subject|seasonal|detail|audience,Coloring Pages for Kids|Easy,audience/detail candidate lacks independent review
chibi__chibi-baboon__1aa4c907ea,/printables/chibi/chibi-baboon-1aa4c907ea,present,primary_subject|seasonal|detail|audience,Coloring Pages for Kids|Easy,audience/detail candidate lacks independent review
chibi__chibi-baby-rat__507350ed4f,/printables/chibi/chibi-baby-rat-507350ed4f,present,primary_subject|seasonal|detail|audience,Coloring Pages for Kids|Easy,audience/detail candidate lacks independent review
chibi__chibi-badger__57e945a922,/printables/chibi/chibi-badger-57e945a922,present,primary_subject|seasonal|detail|audience,Coloring Pages for Kids|Easy,audience/detail candidate lacks independent review
chibi__chibi-basilisk__6f2bd7b27d,/printables/chibi/chibi-basilisk-6f2bd7b27d,present,primary_subject|seasonal|detail|audience,Coloring Pages for Kids|Easy,audience/detail candidate lacks independent review
chibi__chibi-basilisk-angry__a4253bd32d,/printables/chibi/chibi-basilisk-angry-a4253bd32d,present,primary_subject|seasonal|detail|audience,Coloring Pages for Kids|Easy,audience/detail candidate lacks independent review
chibi__chibi-bat__fe629d39f4,/printables/bats/chibi-bat-fe629d39f4,present,seasonal|detail|audience,Coloring Pages for Kids|Easy,audience/detail candidate lacks independent review
chibi__chibi-bear__24adcef6cd,/printables/bears/chibi-bear-24adcef6cd,present,seasonal|detail|audience,Coloring Pages for Kids|Easy,audience/detail candidate lacks independent review
chibi__chibi-beaver__c4784a9714,/printables/chibi/chibi-beaver-c4784a9714,present,primary_subject|seasonal|detail|audience,Coloring Pages for Kids|Easy,audience/detail candidate lacks independent review
chibi__chibi-bee-dragon__d02a4e4cd4,/printables/animals/chibi-bee-dragon-d02a4e4cd4,present,seasonal|detail|audience,Coloring Pages for Kids|Easy,audience/detail candidate lacks independent review
chibi__chibi-bison__55c9f42a2b,/printables/chibi/chibi-bison-55c9f42a2b,present,primary_subject|seasonal|detail|audience,Coloring Pages for Kids|Easy,audience/detail candidate lacks independent review
chibi__chibi-boar__71b5865a51,/printables/chibi/chibi-boar-71b5865a51,present,primary_subject|seasonal|detail|audience,Coloring Pages for Kids|Easy,audience/detail candidate lacks independent review
chibi__chibi-brachiosaurus__2674f26daf,/printables/animals/chibi-brachiosaurus-2674f26daf,present,seasonal|detail|audience,Coloring Pages for Kids|Easy,audience/detail candidate lacks independent review
chibi__chibi-bull__8c78675ea7,/printables/chibi/chibi-bull-8c78675ea7,present,primary_subject|seasonal|detail|audience,Coloring Pages for Kids|Easy,audience/detail candidate lacks independent review
chibi__chibi-camel__77678a2976,/printables/chibi/chibi-camel-77678a2976,present,primary_subject|seasonal|detail|audience,Coloring Pages for Kids|Easy,audience/detail candidate lacks independent review
chibi__chibi-castle__d763e81619,/printables/buildings/chibi-castle-d763e81619,present,seasonal|detail|audience,Coloring Pages for Kids|Easy,audience/detail candidate lacks independent review
chibi__chibi-cat__3abcbe3ef5,/printables/animals/chibi-cat-3abcbe3ef5,present,seasonal|detail|audience,Coloring Pages for Kids|Easy,audience/detail candidate lacks independent review
chibi__chibi-cave-bear__34458b23d1,/printables/bears/chibi-cave-bear-34458b23d1,present,seasonal|detail|audience,Coloring Pages for Kids|Easy,audience/detail candidate lacks independent review
chibi__chibi-cave-lion__6264802ece,/printables/chibi/chibi-cave-lion-6264802ece,present,seasonal|detail|audience,Coloring Pages for Kids|Easy,audience/detail candidate lacks independent review
chibi__chibi-cave-paintaings__5b114a51df,/printables/chibi/chibi-cave-paintings-5b114a51df,present,primary_subject|seasonal|detail|audience,Coloring Pages for Kids|Easy,audience/detail candidate lacks independent review
chibi__chibi-centaur__6127029f26,/printables/chibi/chibi-centaur-6127029f26,present,seasonal|detail|audience,Coloring Pages for Kids|Easy,audience/detail candidate lacks independent review
chibi__chibi-centaur-archer__f313ab1b5c,/printables/chibi/chibi-centaur-archer-f313ab1b5c,present,seasonal|detail|audience,Coloring Pages for Kids|Easy,audience/detail candidate lacks independent review
chibi__chibi-chimera__aef6b6abb8,/printables/chibi/chibi-chimera-aef6b6abb8,present,primary_subject|seasonal|detail|audience,Coloring Pages for Kids|Easy,audience/detail candidate lacks independent review
chibi__chibi-chimera-skull__905900a7dd,/printables/chibi/chibi-chimera-skull-905900a7dd,present,primary_subject|seasonal|detail|audience,Coloring Pages for Kids|Easy,audience/detail candidate lacks independent review
chibi__chibi-cockatrice-dragon__60d807d856,/printables/chibi/chibi-cockatrice-dragon-60d807d856,present,seasonal|detail|audience,Coloring Pages for Kids|Easy,audience/detail candidate lacks independent review
chibi__chibi-dark-wizard__74938cda04,/printables/chibi/chibi-dark-wizard-74938cda04,present,seasonal|detail|audience,Coloring Pages for Kids|Easy,audience/detail candidate lacks independent review
chibi__chibi-decaying-dragon__b4bbf97bf0,/printables/chibi/chibi-decaying-dragon-b4bbf97bf0,present,seasonal|detail|audience,Coloring Pages for Kids|Easy,audience/detail candidate lacks independent review
chibi__chibi-dino-chimera__cb8ef931c5,/printables/animals/chibi-dino-chimera-cb8ef931c5,present,seasonal|detail|audience,Coloring Pages for Kids|Easy,audience/detail candidate lacks independent review
chibi__chibi-dino-moose__f5e7c0e714,/printables/animals/chibi-dino-moose-f5e7c0e714,present,seasonal|detail|audience,Coloring Pages for Kids|Easy,audience/detail candidate lacks independent review
chibi__chibi-diplodocus__86deebc2b4,/printables/animals/chibi-diplodocus-86deebc2b4,present,seasonal|detail|audience,Coloring Pages for Kids|Easy,audience/detail candidate lacks independent review
chibi__chibi-dire-wolf__6717fb3d25,/printables/chibi/chibi-dire-wolf-6717fb3d25,present,seasonal|detail|audience,Coloring Pages for Kids|Easy,audience/detail candidate lacks independent review
chibi__chibi-dodo-birds__8aec652364,/printables/animals/chibi-dodo-birds-8aec652364,present,seasonal|detail|audience,Coloring Pages for Kids|Easy,audience/detail candidate lacks independent review
chibi__chibi-donkey__f9eaade28e,/printables/chibi/chibi-donkey-f9eaade28e,present,primary_subject|seasonal|detail|audience,Coloring Pages for Kids|Easy,audience/detail candidate lacks independent review
chibi__chibi-dragon__5c5b02a5f9,/printables/chibi/chibi-dragon-5c5b02a5f9,present,seasonal|detail|audience,Coloring Pages for Kids|Easy,audience/detail candidate lacks independent review
chibi__chibi-dragon-rider-knight__9863da6096,/printables/chibi/chibi-dragon-rider-knight-9863da6096,present,seasonal|detail|audience,Coloring Pages for Kids|Easy,audience/detail candidate lacks independent review
chibi__chibi-dragonnet__fe740e2930,/printables/chibi/chibi-dragonnet-fe740e2930,present,primary_subject|seasonal|detail|audience,Coloring Pages for Kids|Easy,audience/detail candidate lacks independent review
chibi__chibi-dragonnet-dragon__262b06a421,/printables/chibi/chibi-dragonnet-dragon-262b06a421,present,seasonal|detail|audience,Coloring Pages for Kids|Easy,audience/detail candidate lacks independent review
chibi__chibi-drake-dragon__21b97e85fc,/printables/chibi/chibi-drake-dragon-21b97e85fc,present,seasonal|detail|audience,Coloring Pages for Kids|Easy,audience/detail candidate lacks independent review
chibi__chibi-dungeon-adventure-bridge-over-lava__906729f5e5,/printables/bridges/chibi-dungeon-adventure-bridge-over-lava-906729f5e5,present,seasonal|detail|audience,Coloring Pages for Kids|Easy,audience/detail candidate lacks independent review
chibi__chibi-dungeon-adventurer__767fe037cf,/printables/chibi/chibi-dungeon-adventurer-767fe037cf,present,seasonal|detail|audience,Coloring Pages for Kids|Easy,audience/detail candidate lacks independent review
chibi__chibi-dungeon-adventurer-crystal-cavern__d4303d4069,/printables/chibi/chibi-dungeon-adventurer-crystal-cavern-d4303d4069,present,seasonal|detail|audience,Coloring Pages for Kids|Easy,audience/detail candidate lacks independent review
chibi__chibi-dungeon-adventurer-party__fe4db74674,/printables/chibi/chibi-dungeon-adventurer-party-fe4db74674,present,seasonal|detail|audience,Coloring Pages for Kids|Easy,audience/detail candidate lacks independent review
chibi__chibi-dungeon-ancient-altar__74b69399ca,/printables/chibi/chibi-dungeon-ancient-altar-74b69399ca,present,seasonal|detail|audience,Coloring Pages for Kids|Easy,audience/detail candidate lacks independent review
chibi__chibi-dungeon-ancient-dungeon-map__71572891ce,/printables/chibi/chibi-dungeon-ancient-dungeon-map-71572891ce,present,seasonal|detail|audience,Coloring Pages for Kids|Easy,audience/detail candidate lacks independent review
chibi__chibi-dungeon-ancient-runestone__abe0a4f607,/printables/chibi/chibi-dungeon-ancient-runestone-abe0a4f607,present,seasonal|detail|audience,Coloring Pages for Kids|Easy,audience/detail candidate lacks independent review
chibi__chibi-dungeon-ancient-treasure-map__b52be3eb75,/printables/chibi/chibi-dungeon-ancient-treasure-map-b52be3eb75,present,seasonal|detail|audience,Coloring Pages for Kids|Easy,audience/detail candidate lacks independent review
chibi__chibi-dungeon-arrow-trap-wall__4590917de8,/printables/chibi/chibi-dungeon-arrow-trap-wall-4590917de8,present,seasonal|detail|audience,Coloring Pages for Kids|Easy,audience/detail candidate lacks independent review
chibi__chibi-dungeon-baby-dragon-in-nest__cde9ddcc12,/printables/chibi/chibi-dungeon-baby-dragon-in-nest-cde9ddcc12,present,seasonal|detail|audience,Coloring Pages for Kids|Easy,audience/detail candidate lacks independent review
chibi__chibi-dungeon-brick-walls-and-chains__51ee449351,/printables/chibi/chibi-dungeon-brick-walls-and-chains-51ee449351,present,seasonal|detail|audience,Coloring Pages for Kids|Easy,audience/detail candidate lacks independent review
chibi__chibi-dungeon-castle-gate-defender__d3cd88319b,/printables/buildings/chibi-dungeon-castle-gate-defender-d3cd88319b,present,seasonal|detail|audience,Coloring Pages for Kids|Easy,audience/detail candidate lacks independent review
chibi__chibi-dungeon-castle-gate-guardian__d54b7a9b36,/printables/buildings/chibi-dungeon-castle-gate-guardian-d54b7a9b36,present,seasonal|detail|audience,Coloring Pages for Kids|Easy,audience/detail candidate lacks independent review
chibi__chibi-dungeon-cave__3487239306,/printables/chibi/chibi-dungeon-cave-3487239306,present,seasonal|detail|audience,Coloring Pages for Kids|Easy,audience/detail candidate lacks independent review
chibi__chibi-dungeon-cave-spider-nest__2816b4fbee,/printables/animals/chibi-dungeon-cave-spider-nest-2816b4fbee,present,seasonal|detail|audience,Coloring Pages for Kids|Easy,audience/detail candidate lacks independent review
chibi__chibi-dungeon-chained-dragon-rescue__22a0538d15,/printables/chibi/chibi-dungeon-chained-dragon-rescue-22a0538d15,present,seasonal|detail|audience,Coloring Pages for Kids|Easy,audience/detail candidate lacks independent review
chibi__chibi-dungeon-chained-monster__049b6dd5ac,/printables/chibi/chibi-dungeon-chained-monster-049b6dd5ac,present,seasonal|detail|audience,Coloring Pages for Kids|Easy,audience/detail candidate lacks independent review
chibi__chibi-dungeon-crystal-cave-dragon__48aa259e32,/printables/chibi/chibi-dungeon-crystal-cave-dragon-48aa259e32,present,seasonal|detail|audience,Coloring Pages for Kids|Easy,audience/detail candidate lacks independent review
chibi__chibi-dungeon-crystal-cave-warrior__7f88258473,/printables/chibi/chibi-dungeon-crystal-cave-warrior-7f88258473,present,seasonal|detail|audience,Coloring Pages for Kids|Easy,audience/detail candidate lacks independent review
chibi__chibi-dungeon-crystal-dragon__ea7f2cb1f5,/printables/chibi/chibi-dungeon-crystal-dragon-ea7f2cb1f5,present,seasonal|detail|audience,Coloring Pages for Kids|Easy,audience/detail candidate lacks independent review
chibi__chibi-dungeon-cursed-mask__b5bfc91bc1,/printables/chibi/chibi-dungeon-cursed-mask-b5bfc91bc1,present,seasonal|detail|audience,Coloring Pages for Kids|Easy,audience/detail candidate lacks independent review
chibi__chibi-dungeon-dragon-eggs__caf2e39059,/printables/chibi/chibi-dungeon-dragon-eggs-caf2e39059,present,seasonal|detail|audience,Coloring Pages for Kids|Easy,audience/detail candidate lacks independent review
chibi__chibi-dungeon-dragon-guarding-treasure__ead3add052,/printables/chibi/chibi-dungeon-dragon-guarding-treasure-ead3add052,present,seasonal|detail|audience,Coloring Pages for Kids|Easy,audience/detail candidate lacks independent review
chibi__chibi-dungeon-dragon-vs-knight__74edf06dac,/printables/chibi/chibi-dungeon-dragon-vs-knight-74edf06dac,present,seasonal|detail|audience,Coloring Pages for Kids|Easy,audience/detail candidate lacks independent review
chibi__chibi-dungeon-dungeon-key__56b3ec8777,/printables/chibi/chibi-dungeon-key-56b3ec8777,present,seasonal|detail|audience,Coloring Pages for Kids|Easy,audience/detail candidate lacks independent review
chibi__chibi-dungeon-dwarf-warrior-with-axe__1f0a4e3c62,/printables/chibi/chibi-dungeon-dwarf-warrior-with-axe-1f0a4e3c62,present,seasonal|detail|audience,Coloring Pages for Kids|Easy,audience/detail candidate lacks independent review
chibi__chibi-dungeon-earth-golem__c53d120fd0,/printables/chibi/chibi-dungeon-earth-golem-c53d120fd0,present,seasonal|detail|audience,Coloring Pages for Kids|Easy,audience/detail candidate lacks independent review
chibi__chibi-dungeon-enchanted-book__afb6f2ea49,/printables/chibi/chibi-dungeon-enchanted-book-afb6f2ea49,present,seasonal|detail|audience,Coloring Pages for Kids|Easy,audience/detail candidate lacks independent review
chibi__chibi-dungeon-engraved-rune-circle__7a231d0ebe,/printables/chibi/chibi-dungeon-engraved-rune-circle-7a231d0ebe,present,seasonal|detail|audience,Coloring Pages for Kids|Easy,audience/detail candidate lacks independent review
chibi__chibi-dungeon-fantasy-archer__fc5ed913af,/printables/chibi/chibi-dungeon-fantasy-archer-fc5ed913af,present,seasonal|detail|audience,Coloring Pages for Kids|Easy,audience/detail candidate lacks independent review
chibi__chibi-dungeon-fire-breathing-dragon__b3abd6d8be,/printables/chibi/chibi-dungeon-fire-breathing-dragon-b3abd6d8be,present,seasonal|detail|audience,Coloring Pages for Kids|Easy,audience/detail candidate lacks independent review
chibi__chibi-dungeon-floating-magic-crystals__9806fcc6f6,/printables/chibi/chibi-dungeon-floating-magic-crystals-9806fcc6f6,present,seasonal|detail|audience,Coloring Pages for Kids|Easy,audience/detail candidate lacks independent review
chibi__chibi-dungeon-giant-bat-swarm__27cc1a9612,/printables/bats/chibi-dungeon-giant-bat-swarm-27cc1a9612,present,seasonal|detail|audience,Coloring Pages for Kids|Easy,audience/detail candidate lacks independent review
chibi__chibi-dungeon-goblin-archer__c6f5735412,/printables/chibi/chibi-dungeon-goblin-archer-c6f5735412,present,seasonal|detail|audience,Coloring Pages for Kids|Easy,audience/detail candidate lacks independent review
chibi__chibi-dungeon-goblin-warrior__fecbeef086,/printables/chibi/chibi-dungeon-goblin-warrior-fecbeef086,present,seasonal|detail|audience,Coloring Pages for Kids|Easy,audience/detail candidate lacks independent review
chibi__chibi-dungeon-golden-coins-and-gems__12c72934fa,/printables/chibi/chibi-dungeon-golden-coins-and-gems-12c72934fa,present,seasonal|detail|audience,Coloring Pages for Kids|Easy,audience/detail candidate lacks independent review
chibi__chibi-dungeon-golden-treasure-idol__d5e14eb5b2,/printables/chibi/chibi-dungeon-golden-treasure-idol-d5e14eb5b2,present,seasonal|detail|audience,Coloring Pages for Kids|Easy,audience/detail candidate lacks independent review
chibi__chibi-dungeon-haunted-armor__bbaa50fccb,/printables/chibi/chibi-dungeon-haunted-armor-bbaa50fccb,present,seasonal|detail|audience,Coloring Pages for Kids|Easy,audience/detail candidate lacks independent review
chibi__chibi-dungeon-haunted-magic-sword__8d7144eff4,/printables/chibi/chibi-dungeon-haunted-magic-sword-8d7144eff4,present,seasonal|detail|audience,Coloring Pages for Kids|Easy,audience/detail candidate lacks independent review
chibi__chibi-dungeon-haunted-throne-room__a6b9928656,/printables/chibi/chibi-dungeon-haunted-throne-room-a6b9928656,present,seasonal|detail|audience,Coloring Pages for Kids|Easy,audience/detail candidate lacks independent review
chibi__chibi-dungeon-healer-casting-light__e59fab0304,/printables/chibi/chibi-dungeon-healer-casting-light-e59fab0304,present,seasonal|detail|audience,Coloring Pages for Kids|Easy,audience/detail candidate lacks independent review
chibi__chibi-dungeon-hidden-treasure-behind-wall__a29b16128d,/printables/chibi/chibi-dungeon-hidden-treasure-behind-wall-a29b16128d,present,seasonal|detail|audience,Coloring Pages for Kids|Easy,audience/detail candidate lacks independent review
chibi__chibi-dungeon-hidden-treasure-room__3040a8b81c,/printables/chibi/chibi-dungeon-hidden-treasure-room-3040a8b81c,present,seasonal|detail|audience,Coloring Pages for Kids|Easy,audience/detail candidate lacks independent review
chibi__chibi-dungeon-hydra-dragon__c70b5d0072,/printables/chibi/chibi-dungeon-hydra-dragon-c70b5d0072,present,seasonal|detail|audience,Coloring Pages for Kids|Easy,audience/detail candidate lacks independent review
chibi__chibi-dungeon-ice-dragon__613c45e00a,/printables/chibi/chibi-dungeon-ice-dragon-613c45e00a,present,seasonal|detail|audience,Coloring Pages for Kids|Easy,audience/detail candidate lacks independent review
chibi__chibi-dungeon-iron-portcullis__f65422da05,/printables/chibi/chibi-dungeon-iron-portcullis-f65422da05,present,seasonal|detail|audience,Coloring Pages for Kids|Easy,audience/detail candidate lacks independent review
chibi__chibi-dungeon-knight-in-armor__3ea355cd76,/printables/chibi/chibi-dungeon-knight-in-armor-3ea355cd76,present,seasonal|detail|audience,Coloring Pages for Kids|Easy,audience/detail candidate lacks independent review
chibi__chibi-dungeon-laboratory__874c7d2c56,/printables/chibi/chibi-dungeon-laboratory-874c7d2c56,present,seasonal|detail|audience,Coloring Pages for Kids|Easy,audience/detail candidate lacks independent review
chibi__chibi-dungeon-lava-river__a0d17904e8,/printables/chibi/chibi-dungeon-lava-river-a0d17904e8,present,seasonal|detail|audience,Coloring Pages for Kids|Easy,audience/detail candidate lacks independent review
chibi__chibi-dungeon-legendary-dragon-slayer__bae02ab1b8,/printables/chibi/chibi-dungeon-legendary-dragon-slayer-bae02ab1b8,present,seasonal|detail|audience,Coloring Pages for Kids|Easy,audience/detail candidate lacks independent review
chibi__chibi-dungeon-legendary-dragon-warrior__ae638798a9,/printables/chibi/chibi-dungeon-legendary-dragon-warrior-ae638798a9,present,seasonal|detail|audience,Coloring Pages for Kids|Easy,audience/detail candidate lacks independent review
chibi__chibi-dungeon-lord-of-light__6214968add,/printables/chibi/chibi-dungeon-lord-of-light-6214968add,present,seasonal|detail|audience,Coloring Pages for Kids|Easy,audience/detail candidate lacks independent review
chibi__chibi-dungeon-mage-casting-fireball__4cdeeb4a23,/printables/chibi/chibi-dungeon-mage-casting-fireball-4cdeeb4a23,present,seasonal|detail|audience,Coloring Pages for Kids|Easy,audience/detail candidate lacks independent review
chibi__chibi-dungeon-magic-crystal-orb__54682316ed,/printables/chibi/chibi-dungeon-magic-crystal-orb-54682316ed,present,seasonal|detail|audience,Coloring Pages for Kids|Easy,audience/detail candidate lacks independent review
chibi__chibi-dungeon-magic-crystal-staff__349438bde2,/printables/chibi/chibi-dungeon-magic-crystal-staff-349438bde2,present,seasonal|detail|audience,Coloring Pages for Kids|Easy,audience/detail candidate lacks independent review
chibi__chibi-dungeon-magic-health-potion__99dae6814e,/printables/chibi/chibi-dungeon-magic-health-potion-99dae6814e,present,seasonal|detail|audience,Coloring Pages for Kids|Easy,audience/detail candidate lacks independent review
chibi__chibi-dungeon-magic-mirror-gate__21f64614e7,/printables/chibi/chibi-dungeon-magic-mirror-gate-21f64614e7,present,seasonal|detail|audience,Coloring Pages for Kids|Easy,audience/detail candidate lacks independent review
chibi__chibi-dungeon-magic-potion-table__5f5d85baaa,/printables/chibi/chibi-dungeon-magic-potion-table-5f5d85baaa,present,seasonal|detail|audience,Coloring Pages for Kids|Easy,audience/detail candidate lacks independent review
chibi__chibi-dungeon-magic-scrolls__b3f3c88ca4,/printables/chibi/chibi-dungeon-magic-scrolls-b3f3c88ca4,present,seasonal|detail|audience,Coloring Pages for Kids|Easy,audience/detail candidate lacks independent review
chibi__chibi-dungeon-mimic-chest__d1f8acf948,/printables/chibi/chibi-dungeon-mimic-chest-d1f8acf948,present,seasonal|detail|audience,Coloring Pages for Kids|Easy,audience/detail candidate lacks independent review
chibi__chibi-dungeon-monster-egg-hatching__708b4cfceb,/printables/chibi/chibi-dungeon-monster-egg-hatching-708b4cfceb,present,seasonal|detail|audience,Coloring Pages for Kids|Easy,audience/detail candidate lacks independent review
chibi__chibi-dungeon-obsidian-throne__b1ede3bcf6,/printables/chibi/chibi-dungeon-obsidian-throne-b1ede3bcf6,present,seasonal|detail|audience,Coloring Pages for Kids|Easy,audience/detail candidate lacks independent review
chibi__chibi-dungeon-ogre-in-dungeon__b0d88e1da8,/printables/chibi/chibi-dungeon-ogre-in-dungeon-b0d88e1da8,present,seasonal|detail|audience,Coloring Pages for Kids|Easy,audience/detail candidate lacks independent review
chibi__chibi-dungeon-pet-griffin__7156ac6ffb,/printables/chibi/chibi-dungeon-pet-griffin-7156ac6ffb,present,seasonal|detail|audience,Coloring Pages for Kids|Easy,audience/detail candidate lacks independent review
chibi__chibi-dungeon-poisonous-slime__4afe5f777c,/printables/chibi/chibi-dungeon-poisonous-slime-4afe5f777c,present,seasonal|detail|audience,Coloring Pages for Kids|Easy,audience/detail candidate lacks independent review
chibi__chibi-dungeon-portal-with-runes__f32efac1fd,/printables/chibi/chibi-dungeon-portal-with-runes-f32efac1fd,present,seasonal|detail|audience,Coloring Pages for Kids|Easy,audience/detail candidate lacks independent review
chibi__chibi-dungeon-potion-shelves__2fb564e0ca,/printables/chibi/chibi-dungeon-potion-shelves-2fb564e0ca,present,seasonal|detail|audience,Coloring Pages for Kids|Easy,audience/detail candidate lacks independent review
chibi__chibi-dungeon-rogue-picking-lock__c3c187da7f,/printables/chibi/chibi-dungeon-rogue-picking-lock-c3c187da7f,present,seasonal|detail|audience,Coloring Pages for Kids|Easy,audience/detail candidate lacks independent review
chibi__chibi-dungeon-runic-stone-door__0f35ed5e60,/printables/chibi/chibi-dungeon-runic-stone-door-0f35ed5e60,present,seasonal|detail|audience,Coloring Pages for Kids|Easy,audience/detail candidate lacks independent review
chibi__chibi-dungeon-sacred-relic-on-pedestal__063dea28bd,/printables/chibi/chibi-dungeon-sacred-relic-on-pedestal-063dea28bd,present,seasonal|detail|audience,Coloring Pages for Kids|Easy,audience/detail candidate lacks independent review
chibi__chibi-dungeon-secret-passage-door__af7b103730,/printables/chibi/chibi-dungeon-secret-passage-door-af7b103730,present,seasonal|detail|audience,Coloring Pages for Kids|Easy,audience/detail candidate lacks independent review
chibi__chibi-dungeon-secret-stone-door__3133159983,/printables/chibi/chibi-dungeon-secret-stone-door-3133159983,present,seasonal|detail|audience,Coloring Pages for Kids|Easy,audience/detail candidate lacks independent review
chibi__chibi-dungeon-shield-and-sword__269f2cc7a9,/printables/chibi/chibi-dungeon-shield-and-sword-269f2cc7a9,present,seasonal|detail|audience,Coloring Pages for Kids|Easy,audience/detail candidate lacks independent review
chibi__chibi-dungeon-skeleton-archer__4e7e721bcd,/printables/chibi/chibi-dungeon-skeleton-archer-4e7e721bcd,present,seasonal|detail|audience,Coloring Pages for Kids|Easy,audience/detail candidate lacks independent review
chibi__chibi-dungeon-skeleton-guard__58f6231f52,/printables/chibi/chibi-dungeon-skeleton-guard-58f6231f52,present,seasonal|detail|audience,Coloring Pages for Kids|Easy,audience/detail candidate lacks independent review
chibi__chibi-dungeon-slime-monster__d9a13a8514,/printables/chibi/chibi-dungeon-slime-monster-d9a13a8514,present,seasonal|detail|audience,Coloring Pages for Kids|Easy,audience/detail candidate lacks independent review
chibi__chibi-dungeon-spiked-trap-floor__36fea60cf9,/printables/chibi/chibi-dungeon-spiked-trap-floor-36fea60cf9,present,seasonal|detail|audience,Coloring Pages for Kids|Easy,audience/detail candidate lacks independent review
chibi__chibi-dungeon-summoning-circle__70c4e4f57b,/printables/chibi/chibi-dungeon-summoning-circle-70c4e4f57b,present,seasonal|detail|audience,Coloring Pages for Kids|Easy,audience/detail candidate lacks independent review
chibi__chibi-dungeon-swinging-axe-trap__34bc752de9,/printables/chibi/chibi-dungeon-swinging-axe-trap-34bc752de9,present,seasonal|detail|audience,Coloring Pages for Kids|Easy,audience/detail candidate lacks independent review
chibi__chibi-dungeon-sword-in-stone__69ffaed3cd,/printables/chibi/chibi-dungeon-sword-in-stone-69ffaed3cd,present,seasonal|detail|audience,Coloring Pages for Kids|Easy,audience/detail candidate lacks independent review
chibi__chibi-dungeon-torch-lit-bridge__f3d6daee01,/printables/bridges/chibi-dungeon-torch-lit-bridge-f3d6daee01,present,seasonal|detail|audience,Coloring Pages for Kids|Easy,audience/detail candidate lacks independent review
chibi__chibi-dungeon-torch-lit-hallway__d2eb5b84d1,/printables/chibi/chibi-dungeon-torch-lit-hallway-d2eb5b84d1,present,seasonal|detail|audience,Coloring Pages for Kids|Easy,audience/detail candidate lacks independent review
chibi__chibi-dungeon-trapped-adventurer__1291d68930,/printables/chibi/chibi-dungeon-trapped-adventurer-1291d68930,present,seasonal|detail|audience,Coloring Pages for Kids|Easy,audience/detail candidate lacks independent review
chibi__chibi-dungeon-treasure-chest__3886a51c16,/printables/chibi/chibi-dungeon-treasure-chest-3886a51c16,present,seasonal|detail|audience,Coloring Pages for Kids|Easy,audience/detail candidate lacks independent review
chibi__chibi-dungeon-treasure-guardian-statue__07f6607a26,/printables/chibi/chibi-dungeon-treasure-guardian-statue-07f6607a26,present,seasonal|detail|audience,Coloring Pages for Kids|Easy,audience/detail candidate lacks independent review
chibi__chibi-dungeon-treasure-king__58f131ad63,/printables/chibi/chibi-dungeon-treasure-king-58f131ad63,present,seasonal|detail|audience,Coloring Pages for Kids|Easy,audience/detail candidate lacks independent review
chibi__chibi-dungeon-troll-guard__863bb50ba6,/printables/chibi/chibi-dungeon-troll-guard-863bb50ba6,present,seasonal|detail|audience,Coloring Pages for Kids|Easy,audience/detail candidate lacks independent review
chibi__chibi-dungeon-undead-warrior__f06c52e19f,/printables/chibi/chibi-dungeon-undead-warrior-f06c52e19f,present,seasonal|detail|audience,Coloring Pages for Kids|Easy,audience/detail candidate lacks independent review
chibi__chibi-dungeon-undead-warrior-knight__6635512a9b,/printables/chibi/chibi-dungeon-undead-warrior-knight-6635512a9b,present,seasonal|detail|audience,Coloring Pages for Kids|Easy,audience/detail candidate lacks independent review
chibi__chibi-dungeon-underground-waterfall__70a96590ec,/printables/chibi/chibi-dungeon-underground-waterfall-70a96590ec,present,seasonal|detail|audience,Coloring Pages for Kids|Easy,audience/detail candidate lacks independent review
chibi__chibi-dungeon-warrior-vs-ogre__afc47e34b7,/printables/chibi/chibi-dungeon-warrior-vs-ogre-afc47e34b7,present,seasonal|detail|audience,Coloring Pages for Kids|Easy,audience/detail candidate lacks independent review
chibi__chibi-dungeon-water-elemental__d8d144215e,/printables/chibi/chibi-dungeon-water-elemental-d8d144215e,present,seasonal|detail|audience,Coloring Pages for Kids|Easy,audience/detail candidate lacks independent review
chibi__chibi-dungeon-wizard-and-magic-book__674b4fb637,/printables/chibi/chibi-dungeon-wizard-and-magic-book-674b4fb637,present,seasonal|detail|audience,Coloring Pages for Kids|Easy,audience/detail candidate lacks independent review
chibi__chibi-dungeon-wizard-casting-spell__60bcc3c082,/printables/chibi/chibi-dungeon-wizard-casting-spell-60bcc3c082,present,seasonal|detail|audience,Coloring Pages for Kids|Easy,audience/detail candidate lacks independent review
chibi__chibi-dungeon-wizard-tower-room__f624d1911c,/printables/chibi/chibi-dungeon-wizard-tower-room-f624d1911c,present,seasonal|detail|audience,Coloring Pages for Kids|Easy,audience/detail candidate lacks independent review
chibi__chibi-dungeon-wyvern__1327ce97df,/printables/chibi/chibi-dungeon-wyvern-1327ce97df,present,seasonal|detail|audience,Coloring Pages for Kids|Easy,audience/detail candidate lacks independent review
chibi__chibi-earth-dragon__4623602646,/printables/chibi/chibi-earth-dragon-4623602646,present,seasonal|detail|audience,Coloring Pages for Kids|Easy,audience/detail candidate lacks independent review
chibi__chibi-earth-dragon-sitting__eb99d4b700,/printables/chibi/chibi-earth-dragon-sitting-eb99d4b700,present,seasonal|detail|audience,Coloring Pages for Kids|Easy,audience/detail candidate lacks independent review
chibi__chibi-elephant__9554944ceb,/printables/chibi/chibi-elephant-9554944ceb,present,seasonal|detail|audience,Coloring Pages for Kids|Easy,audience/detail candidate lacks independent review
chibi__chibi-elf__b061b6e57f,/printables/chibi/chibi-elf-b061b6e57f,present,primary_subject|seasonal|detail|audience,Coloring Pages for Kids|Easy,audience/detail candidate lacks independent review
chibi__chibi-elf-centaur__efcbbd3047,/printables/chibi/chibi-elf-centaur-efcbbd3047,present,seasonal|detail|audience,Coloring Pages for Kids|Easy,audience/detail candidate lacks independent review
chibi__chibi-enchanted-forest-fairy-dancing-in-flower-ring__c4cb5961c2,/printables/chibi/chibi-enchanted-forest-fairy-dancing-in-flower-ring-c4cb5961c2,present,seasonal|detail|audience,Coloring Pages for Kids|Easy,audience/detail candidate lacks independent review
chibi__chibi-enchanted-forest-fairy-dancing-under-moonlight__00578c2506,/printables/chibi/chibi-enchanted-forest-fairy-dancing-under-moonlight-00578c2506,present,seasonal|detail|audience,Coloring Pages for Kids|Easy,audience/detail candidate lacks independent review
chibi__chibi-enchanted-forest-fairy-sitting-on-toadstool__f86d2acf35,/printables/chibi/chibi-enchanted-forest-fairy-sitting-on-toadstool-f86d2acf35,present,seasonal|detail|audience,Coloring Pages for Kids|Easy,audience/detail candidate lacks independent review
chibi__chibi-enchanted-forest-fairy-sleeping-on-leaf-bed__80b63a7407,/printables/chibi/chibi-enchanted-forest-fairy-sleeping-on-leaf-bed-80b63a7407,present,seasonal|detail|audience,Coloring Pages for Kids|Easy,audience/detail candidate lacks independent review
chibi__chibi-enchanted-forest-fairy-with-dragonfly-wings__c807547c33,/printables/chibi/chibi-enchanted-forest-fairy-with-dragonfly-wings-c807547c33,present,seasonal|detail|audience,Coloring Pages for Kids|Easy,audience/detail candidate lacks independent review
chibi__chibi-etherial-dragon__fd7a0ebeca,/printables/chibi/chibi-etherial-dragon-fd7a0ebeca,present,seasonal|detail|audience,Coloring Pages for Kids|Easy,audience/detail candidate lacks independent review
chibi__chibi-extinction-level-event__180e9e67aa,/printables/chibi/chibi-extinction-level-event-180e9e67aa,present,primary_subject|seasonal|detail|audience,Coloring Pages for Kids|Easy,audience/detail candidate lacks independent review
chibi__chibi-fae-dragon-fairy-dragon__a3ffa6676e,/printables/chibi/chibi-fae-dragon-fairy-dragon-a3ffa6676e,present,seasonal|detail|audience,Coloring Pages for Kids|Easy,audience/detail candidate lacks independent review
chibi__chibi-fairies__ac46f5610b,/printables/chibi/chibi-fairies-ac46f5610b,present,seasonal|detail|audience,Coloring Pages for Kids|Easy,audience/detail candidate lacks independent review
chibi__chibi-fairy__4dbdaf1cc0,/printables/chibi/chibi-fairy-4dbdaf1cc0,present,seasonal|detail|audience,Coloring Pages for Kids|Easy,audience/detail candidate lacks independent review
chibi__chibi-fairy-dragon__deb8f8a49b,/printables/chibi/chibi-fairy-dragon-deb8f8a49b,present,seasonal|detail|audience,Coloring Pages for Kids|Easy,audience/detail candidate lacks independent review
chibi__chibi-fanged-dragon__e6792c59b8,/printables/chibi/chibi-fanged-dragon-e6792c59b8,present,seasonal|detail|audience,Coloring Pages for Kids|Easy,audience/detail candidate lacks independent review
chibi__chibi-fire-dragon__b295fb2b3c,/printables/chibi/chibi-fire-dragon-b295fb2b3c,present,seasonal|detail|audience,Coloring Pages for Kids|Easy,audience/detail candidate lacks independent review
chibi__chibi-fire-dragon-rampage__30e615c85a,/printables/chibi/chibi-fire-dragon-rampage-30e615c85a,present,seasonal|detail|audience,Coloring Pages for Kids|Easy,audience/detail candidate lacks independent review
chibi__chibi-flaming-phoenix__0cb30013cc,/printables/chibi/chibi-flaming-phoenix-0cb30013cc,present,seasonal|detail|audience,Coloring Pages for Kids|Easy,audience/detail candidate lacks independent review
chibi__chibi-flowers-amaryllis__7d97d74c49,/printables/chibi/chibi-flowers-amaryllis-7d97d74c49,present,seasonal|detail|audience,Coloring Pages for Kids|Easy,audience/detail candidate lacks independent review
chibi__chibi-flowers-anemone-kawaii__7a8c9bec9d,/printables/chibi/chibi-flowers-anemone-kawaii-7a8c9bec9d,present,seasonal|detail|audience,Coloring Pages for Kids|Easy,audience/detail candidate lacks independent review
chibi__chibi-flowers-aster__8a1c6a1f8b,/printables/chibi/chibi-flowers-aster-8a1c6a1f8b,present,seasonal|detail|audience,Coloring Pages for Kids|Easy,audience/detail candidate lacks independent review
chibi__chibi-flowers-astera__83794f73c1,/printables/chibi/chibi-flowers-astera-83794f73c1,present,seasonal|detail|audience,Coloring Pages for Kids|Easy,audience/detail candidate lacks independent review
chibi__chibi-flowers-azalea__4ce1edf97a,/printables/chibi/chibi-flowers-azalea-4ce1edf97a,present,seasonal|detail|audience,Coloring Pages for Kids|Easy,audience/detail candidate lacks independent review
chibi__chibi-flowers-azalea-kawaii__2d8ee92155,/printables/chibi/chibi-flowers-azalea-kawaii-2d8ee92155,present,seasonal|detail|audience,Coloring Pages for Kids|Easy,audience/detail candidate lacks independent review
chibi__chibi-flowers-bellflower__d45fbbe02f,/printables/chibi/chibi-flowers-bellflower-d45fbbe02f,present,seasonal|detail|audience,Coloring Pages for Kids|Easy,audience/detail candidate lacks independent review
chibi__chibi-flowers-bellflower-kawaii__6b0984705c,/printables/chibi/chibi-flowers-bellflower-kawaii-6b0984705c,present,seasonal|detail|audience,Coloring Pages for Kids|Easy,audience/detail candidate lacks independent review
chibi__chibi-flowers-bird-of-paradise__5465ea1db1,/printables/animals/chibi-flowers-bird-of-paradise-5465ea1db1,present,seasonal|detail|audience,Coloring Pages for Kids|Easy,audience/detail candidate lacks independent review
chibi__chibi-flowers-bleeding-hearts__ff7b1bd88f,/printables/chibi/chibi-flowers-bleeding-hearts-ff7b1bd88f,present,seasonal|detail|audience,Coloring Pages for Kids|Easy,audience/detail candidate lacks independent review
chibi__chibi-flowers-bleeding-hearts-kawaii__fad8899d50,/printables/chibi/chibi-flowers-bleeding-hearts-kawaii-fad8899d50,present,seasonal|detail|audience,Coloring Pages for Kids|Easy,audience/detail candidate lacks independent review
chibi__chibi-flowers-calendula__d3a3d4faf2,/printables/chibi/chibi-flowers-calendula-d3a3d4faf2,present,seasonal|detail|audience,Coloring Pages for Kids|Easy,audience/detail candidate lacks independent review
chibi__chibi-flowers-calendula-kawaii__26d079a028,/printables/chibi/chibi-flowers-calendula-kawaii-26d079a028,present,seasonal|detail|audience,Coloring Pages for Kids|Easy,audience/detail candidate lacks independent review
chibi__chibi-flowers-calla-lily__94920a8fca,/printables/chibi/chibi-flowers-calla-lily-94920a8fca,present,seasonal|detail|audience,Coloring Pages for Kids|Easy,audience/detail candidate lacks independent review
chibi__chibi-flowers-calla-lily-kawaii__82a3b3f4e3,/printables/chibi/chibi-flowers-calla-lily-kawaii-82a3b3f4e3,present,seasonal|detail|audience,Coloring Pages for Kids|Easy,audience/detail candidate lacks independent review
chibi__chibi-flowers-camellia__12cd3e281a,/printables/chibi/chibi-flowers-camellia-12cd3e281a,present,seasonal|detail|audience,Coloring Pages for Kids|Easy,audience/detail candidate lacks independent review
chibi__chibi-flowers-camellia-kawaii__979135336a,/printables/chibi/chibi-flowers-camellia-kawaii-979135336a,present,seasonal|detail|audience,Coloring Pages for Kids|Easy,audience/detail candidate lacks independent review
chibi__chibi-flowers-carnation__1b5fa00e2d,/printables/chibi/chibi-flowers-carnation-1b5fa00e2d,present,seasonal|detail|audience,Coloring Pages for Kids|Easy,audience/detail candidate lacks independent review
chibi__chibi-flowers-carnation-kawaii__ba15d39c17,/printables/chibi/chibi-flowers-carnation-kawaii-ba15d39c17,present,seasonal|detail|audience,Coloring Pages for Kids|Easy,audience/detail candidate lacks independent review
chibi__chibi-flowers-celosia__e0a426bf9d,/printables/chibi/chibi-flowers-celosia-e0a426bf9d,present,seasonal|detail|audience,Coloring Pages for Kids|Easy,audience/detail candidate lacks independent review
chibi__chibi-flowers-celosia-kawaii__3bea704a5b,/printables/chibi/chibi-flowers-celosia-kawaii-3bea704a5b,present,seasonal|detail|audience,Coloring Pages for Kids|Easy,audience/detail candidate lacks independent review
chibi__chibi-flowers-chrysanthemum__934ed3a712,/printables/chibi/chibi-flowers-chrysanthemum-934ed3a712,present,seasonal|detail|audience,Coloring Pages for Kids|Easy,audience/detail candidate lacks independent review
chibi__chibi-flowers-chrysanthemum-kawaii__d1c123c27b,/printables/chibi/chibi-flowers-chrysanthemum-kawaii-d1c123c27b,present,seasonal|detail|audience,Coloring Pages for Kids|Easy,audience/detail candidate lacks independent review
chibi__chibi-flowers-columbine__90fddc1c15,/printables/chibi/chibi-flowers-columbine-90fddc1c15,present,seasonal|detail|audience,Coloring Pages for Kids|Easy,audience/detail candidate lacks independent review
chibi__chibi-flowers-columbine-kawaii__d22eafde7c,/printables/chibi/chibi-flowers-columbine-kawaii-d22eafde7c,present,seasonal|detail|audience,Coloring Pages for Kids|Easy,audience/detail candidate lacks independent review
chibi__chibi-flowers-coneflowe__8f3d047024,/printables/chibi/chibi-flowers-coneflowe-8f3d047024,present,seasonal|detail|audience,Coloring Pages for Kids|Easy,audience/detail candidate lacks independent review
chibi__chibi-flowers-coneflower__0fd45f8a4c,/printables/chibi/chibi-flowers-coneflower-0fd45f8a4c,present,seasonal|detail|audience,Coloring Pages for Kids|Easy,audience/detail candidate lacks independent review
chibi__chibi-flowers-cornflower__fbd3f73c0d,/printables/chibi/chibi-flowers-cornflower-fbd3f73c0d,present,seasonal|detail|audience,Coloring Pages for Kids|Easy,audience/detail candidate lacks independent review
chibi__chibi-flowers-cornflower-kawaii__ce4a2e1bdf,/printables/chibi/chibi-flowers-cornflower-kawaii-ce4a2e1bdf,present,seasonal|detail|audience,Coloring Pages for Kids|Easy,audience/detail candidate lacks independent review
chibi__chibi-flowers-cosmos__61989656ac,/printables/chibi/chibi-flowers-cosmos-61989656ac,present,seasonal|detail|audience,Coloring Pages for Kids|Easy,audience/detail candidate lacks independent review
chibi__chibi-flowers-cosmos-kawaii__f5b4464629,/printables/chibi/chibi-flowers-cosmos-kawaii-f5b4464629,present,seasonal|detail|audience,Coloring Pages for Kids|Easy,audience/detail candidate lacks independent review
chibi__chibi-flowers-crocus__3d9ac0d9a3,/printables/chibi/chibi-flowers-crocus-3d9ac0d9a3,present,seasonal|detail|audience,Coloring Pages for Kids|Easy,audience/detail candidate lacks independent review
chibi__chibi-flowers-crocus-kawaii__908b17edf5,/printables/chibi/chibi-flowers-crocus-kawaii-908b17edf5,present,seasonal|detail|audience,Coloring Pages for Kids|Easy,audience/detail candidate lacks independent review
chibi__chibi-flowers-daffodil__8802b023e9,/printables/chibi/chibi-flowers-daffodil-8802b023e9,present,seasonal|detail|audience,Coloring Pages for Kids|Easy,audience/detail candidate lacks independent review
chibi__chibi-flowers-daffodil-kawaii__c6168d9eef,/printables/chibi/chibi-flowers-daffodil-kawaii-c6168d9eef,present,seasonal|detail|audience,Coloring Pages for Kids|Easy,audience/detail candidate lacks independent review
chibi__chibi-flowers-daisy__4e83fb3127,/printables/chibi/chibi-flowers-daisy-4e83fb3127,present,seasonal|detail|audience,Coloring Pages for Kids|Easy,audience/detail candidate lacks independent review
chibi__chibi-flowers-daisy-kawaii__94c5961825,/printables/chibi/chibi-flowers-daisy-kawaii-94c5961825,present,seasonal|detail|audience,Coloring Pages for Kids|Easy,audience/detail candidate lacks independent review
chibi__chibi-flowers-delphinium__f83326f1fd,/printables/chibi/chibi-flowers-delphinium-f83326f1fd,present,seasonal|detail|audience,Coloring Pages for Kids|Easy,audience/detail candidate lacks independent review
chibi__chibi-flowers-delphinium-fairy__e2952ac2c0,/printables/chibi/chibi-flowers-delphinium-fairy-e2952ac2c0,present,seasonal|detail|audience,Coloring Pages for Kids|Easy,audience/detail candidate lacks independent review
chibi__chibi-flowers-forget-me-not__bc7c2e01c7,/printables/chibi/chibi-flowers-forget-me-not-bc7c2e01c7,present,seasonal|detail|audience,Coloring Pages for Kids|Easy,audience/detail candidate lacks independent review
chibi__chibi-flowers-forget-me-not-kawaii__7f1650e53a,/printables/chibi/chibi-flowers-forget-me-not-kawaii-7f1650e53a,present,seasonal|detail|audience,Coloring Pages for Kids|Easy,audience/detail candidate lacks independent review
chibi__chibi-flowers-freesia__02a8a2c887,/printables/chibi/chibi-flowers-freesia-02a8a2c887,present,seasonal|detail|audience,Coloring Pages for Kids|Easy,audience/detail candidate lacks independent review
chibi__chibi-flowers-freesia-kawaii__016aec3d38,/printables/chibi/chibi-flowers-freesia-kawaii-016aec3d38,present,seasonal|detail|audience,Coloring Pages for Kids|Easy,audience/detail candidate lacks independent review
chibi__chibi-flowers-fuchsia__040243f495,/printables/chibi/chibi-flowers-fuchsia-040243f495,present,seasonal|detail|audience,Coloring Pages for Kids|Easy,audience/detail candidate lacks independent review
chibi__chibi-flowers-fuchsia-kawaii__4743a1b29b,/printables/chibi/chibi-flowers-fuchsia-kawaii-4743a1b29b,present,seasonal|detail|audience,Coloring Pages for Kids|Easy,audience/detail candidate lacks independent review
chibi__chibi-flowers-fuchsia-kawaii-girl__e71e60066b,/printables/chibi/chibi-flowers-fuchsia-kawaii-girl-e71e60066b,present,seasonal|detail|audience,Coloring Pages for Kids|Easy,audience/detail candidate lacks independent review
chibi__chibi-flowers-gaillardia__19da626ed1,/printables/chibi/chibi-flowers-gaillardia-19da626ed1,present,seasonal|detail|audience,Coloring Pages for Kids|Easy,audience/detail candidate lacks independent review
chibi__chibi-flowers-gaillardia-kawaii__7cdebeba6a,/printables/chibi/chibi-flowers-gaillardia-kawaii-7cdebeba6a,present,seasonal|detail|audience,Coloring Pages for Kids|Easy,audience/detail candidate lacks independent review
chibi__chibi-flowers-gazania__2e13db9bc1,/printables/chibi/chibi-flowers-gazania-2e13db9bc1,present,seasonal|detail|audience,Coloring Pages for Kids|Easy,audience/detail candidate lacks independent review
chibi__chibi-flowers-gazania-kawaii__fe20efd5d8,/printables/chibi/chibi-flowers-gazania-kawaii-fe20efd5d8,present,seasonal|detail|audience,Coloring Pages for Kids|Easy,audience/detail candidate lacks independent review
chibi__chibi-flowers-gerbera-kawaii__010b3bb082,/printables/chibi/chibi-flowers-gerbera-kawaii-010b3bb082,present,seasonal|detail|audience,Coloring Pages for Kids|Easy,audience/detail candidate lacks independent review
chibi__chibi-flowers-gladiolus__72e86d67ca,/printables/chibi/chibi-flowers-gladiolus-72e86d67ca,present,seasonal|detail|audience,Coloring Pages for Kids|Easy,audience/detail candidate lacks independent review
chibi__chibi-flowers-gladiolus-kawaii__d416ec834e,/printables/chibi/chibi-flowers-gladiolus-kawaii-d416ec834e,present,seasonal|detail|audience,Coloring Pages for Kids|Easy,audience/detail candidate lacks independent review
chibi__chibi-flowers-hellebore__553d11d863,/printables/chibi/chibi-flowers-hellebore-553d11d863,present,seasonal|detail|audience,Coloring Pages for Kids|Easy,audience/detail candidate lacks independent review
chibi__chibi-flowers-hellebore-kawaii__0a820f30c0,/printables/chibi/chibi-flowers-hellebore-kawaii-0a820f30c0,present,seasonal|detail|audience,Coloring Pages for Kids|Easy,audience/detail candidate lacks independent review
chibi__chibi-flowers-hibiscus__b80e681042,/printables/chibi/chibi-flowers-hibiscus-b80e681042,present,seasonal|detail|audience,Coloring Pages for Kids|Easy,audience/detail candidate lacks independent review
chibi__chibi-flowers-hibiscus-kawaii__f08306ad5c,/printables/chibi/chibi-flowers-hibiscus-kawaii-f08306ad5c,present,seasonal|detail|audience,Coloring Pages for Kids|Easy,audience/detail candidate lacks independent review
chibi__chibi-flowers-hollyhock__0313fd46db,/printables/chibi/chibi-flowers-hollyhock-0313fd46db,present,seasonal|detail|audience,Coloring Pages for Kids|Easy,audience/detail candidate lacks independent review
chibi__chibi-flowers-hollyhock-kawaii__a7e7716767,/printables/chibi/chibi-flowers-hollyhock-kawaii-a7e7716767,present,seasonal|detail|audience,Coloring Pages for Kids|Easy,audience/detail candidate lacks independent review
chibi__chibi-flowers-hyacinth__b6ec0b39a0,/printables/chibi/chibi-flowers-hyacinth-b6ec0b39a0,present,seasonal|detail|audience,Coloring Pages for Kids|Easy,audience/detail candidate lacks independent review
chibi__chibi-flowers-hyacinth-kawaii__cf3402830f,/printables/chibi/chibi-flowers-hyacinth-kawaii-cf3402830f,present,seasonal|detail|audience,Coloring Pages for Kids|Easy,audience/detail candidate lacks independent review
chibi__chibi-flowers-hydrangea__4006211b8f,/printables/chibi/chibi-flowers-hydrangea-4006211b8f,present,seasonal|detail|audience,Coloring Pages for Kids|Easy,audience/detail candidate lacks independent review
chibi__chibi-flowers-hydrangea-kawaii__04afc2c39b,/printables/chibi/chibi-flowers-hydrangea-kawaii-04afc2c39b,present,seasonal|detail|audience,Coloring Pages for Kids|Easy,audience/detail candidate lacks independent review
chibi__chibi-flowers-iceland-poppy__c450d66a03,/printables/chibi/chibi-flowers-iceland-poppy-c450d66a03,present,seasonal|detail|audience,Coloring Pages for Kids|Easy,audience/detail candidate lacks independent review
chibi__chibi-flowers-iceland-poppy-kawaii__66fcbf16fb,/printables/chibi/chibi-flowers-iceland-poppy-kawaii-66fcbf16fb,present,seasonal|detail|audience,Coloring Pages for Kids|Easy,audience/detail candidate lacks independent review
chibi__chibi-flowers-iris__8596cfdf27,/printables/chibi/chibi-flowers-iris-8596cfdf27,present,seasonal|detail|audience,Coloring Pages for Kids|Easy,audience/detail candidate lacks independent review
chibi__chibi-flowers-iris-kawaii__01ded14151,/printables/chibi/chibi-flowers-iris-kawaii-01ded14151,present,seasonal|detail|audience,Coloring Pages for Kids|Easy,audience/detail candidate lacks independent review
chibi__chibi-flowers-kawaii-calla-lily__748201306b,/printables/chibi/chibi-flowers-kawaii-calla-lily-748201306b,present,seasonal|detail|audience,Coloring Pages for Kids|Easy,audience/detail candidate lacks independent review
chibi__chibi-flowers-kawaii-coneflower__94ce7ad43b,/printables/chibi/chibi-flowers-kawaii-coneflower-94ce7ad43b,present,seasonal|detail|audience,Coloring Pages for Kids|Easy,audience/detail candidate lacks independent review
chibi__chibi-flowers-kawaii-forget-me-not__b6c86d0b57,/printables/chibi/chibi-flowers-kawaii-forget-me-not-b6c86d0b57,present,seasonal|detail|audience,Coloring Pages for Kids|Easy,audience/detail candidate lacks independent review
chibi__chibi-flowers-kawaii-protea__cd925409e4,/printables/chibi/chibi-flowers-kawaii-protea-cd925409e4,present,seasonal|detail|audience,Coloring Pages for Kids|Easy,audience/detail candidate lacks independent review
chibi__chibi-flowers-kawaii-rudbeckia__119fcff044,/printables/chibi/chibi-flowers-kawaii-rudbeckia-119fcff044,present,seasonal|detail|audience,Coloring Pages for Kids|Easy,audience/detail candidate lacks independent review
chibi__chibi-flowers-kawaii-zephyranthes__97613d6aee,/printables/chibi/chibi-flowers-kawaii-zephyranthes-97613d6aee,present,seasonal|detail|audience,Coloring Pages for Kids|Easy,audience/detail candidate lacks independent review
chibi__chibi-flowers-lavender__3615787499,/printables/chibi/chibi-flowers-lavender-3615787499,present,seasonal|detail|audience,Coloring Pages for Kids|Easy,audience/detail candidate lacks independent review
chibi__chibi-flowers-lavender-kawaii__2894aba713,/printables/chibi/chibi-flowers-lavender-kawaii-2894aba713,present,seasonal|detail|audience,Coloring Pages for Kids|Easy,audience/detail candidate lacks independent review
chibi__chibi-flowers-liatris-kawaii__77bf22d13d,/printables/chibi/chibi-flowers-liatris-kawaii-77bf22d13d,present,seasonal|detail|audience,Coloring Pages for Kids|Easy,audience/detail candidate lacks independent review
chibi__chibi-flowers-lilac__9953280193,/printables/chibi/chibi-flowers-lilac-9953280193,present,seasonal|detail|audience,Coloring Pages for Kids|Easy,audience/detail candidate lacks independent review
chibi__chibi-flowers-lilac-kawaii__72f241983f,/printables/chibi/chibi-flowers-lilac-kawaii-72f241983f,present,seasonal|detail|audience,Coloring Pages for Kids|Easy,audience/detail candidate lacks independent review
chibi__chibi-flowers-lily__551499878f,/printables/chibi/chibi-flowers-lily-551499878f,present,seasonal|detail|audience,Coloring Pages for Kids|Easy,audience/detail candidate lacks independent review
chibi__chibi-flowers-lily-kawaii__aed3de2c3c,/printables/chibi/chibi-flowers-lily-kawaii-aed3de2c3c,present,seasonal|detail|audience,Coloring Pages for Kids|Easy,audience/detail candidate lacks independent review
chibi__chibi-flowers-lisianthus__ea57ec7b45,/printables/chibi/chibi-flowers-lisianthus-ea57ec7b45,present,seasonal|detail|audience,Coloring Pages for Kids|Easy,audience/detail candidate lacks independent review
chibi__chibi-flowers-lisianthus-kawaii__08b16258e0,/printables/chibi/chibi-flowers-lisianthus-kawaii-08b16258e0,present,seasonal|detail|audience,Coloring Pages for Kids|Easy,audience/detail candidate lacks independent review
chibi__chibi-flowers-lotus__0d87de91bc,/printables/chibi/chibi-flowers-lotus-0d87de91bc,present,seasonal|detail|audience,Coloring Pages for Kids|Easy,audience/detail candidate lacks independent review
chibi__chibi-flowers-lotus-kawaii__0e0fa19a21,/printables/chibi/chibi-flowers-lotus-kawaii-0e0fa19a21,present,seasonal|detail|audience,Coloring Pages for Kids|Easy,audience/detail candidate lacks independent review
chibi__chibi-flowers-magnolia__9a950712e4,/printables/chibi/chibi-flowers-magnolia-9a950712e4,present,seasonal|detail|audience,Coloring Pages for Kids|Easy,audience/detail candidate lacks independent review
chibi__chibi-flowers-magnolia-kawaii__1453b11308,/printables/chibi/chibi-flowers-magnolia-kawaii-1453b11308,present,seasonal|detail|audience,Coloring Pages for Kids|Easy,audience/detail candidate lacks independent review
chibi__chibi-flowers-maple-leaves__4833621ad6,/printables/chibi/chibi-flowers-maple-leaves-4833621ad6,present,seasonal|detail|audience,Coloring Pages for Kids|Easy,audience/detail candidate lacks independent review
chibi__chibi-flowers-marigold__2b8d06d32d,/printables/chibi/chibi-flowers-marigold-2b8d06d32d,present,seasonal|detail|audience,Coloring Pages for Kids|Easy,audience/detail candidate lacks independent review
chibi__chibi-flowers-marigold-kawaii__406affdb49,/printables/chibi/chibi-flowers-marigold-kawaii-406affdb49,present,seasonal|detail|audience,Coloring Pages for Kids|Easy,audience/detail candidate lacks independent review
chibi__chibi-flowers-morning-glory__897f33fa6a,/printables/chibi/chibi-flowers-morning-glory-897f33fa6a,present,seasonal|detail|audience,Coloring Pages for Kids|Easy,audience/detail candidate lacks independent review
chibi__chibi-flowers-morning-glory-kawaii__a084f4c454,/printables/chibi/chibi-flowers-morning-glory-kawaii-a084f4c454,present,seasonal|detail|audience,Coloring Pages for Kids|Easy,audience/detail candidate lacks independent review
chibi__chibi-flowers-narcissus__dba9a26956,/printables/chibi/chibi-flowers-narcissus-dba9a26956,present,seasonal|detail|audience,Coloring Pages for Kids|Easy,audience/detail candidate lacks independent review
chibi__chibi-flowers-narcissus-kawaii__be0ed54dc9,/printables/chibi/chibi-flowers-narcissus-kawaii-be0ed54dc9,present,seasonal|detail|audience,Coloring Pages for Kids|Easy,audience/detail candidate lacks independent review
chibi__chibi-flowers-nasturtium__a1c5d549fc,/printables/chibi/chibi-flowers-nasturtium-a1c5d549fc,present,seasonal|detail|audience,Coloring Pages for Kids|Easy,audience/detail candidate lacks independent review
chibi__chibi-flowers-nasturtium-kawaii__13efac2d5e,/printables/chibi/chibi-flowers-nasturtium-kawaii-13efac2d5e,present,seasonal|detail|audience,Coloring Pages for Kids|Easy,audience/detail candidate lacks independent review
chibi__chibi-flowers-orchid__8683825abb,/printables/chibi/chibi-flowers-orchid-8683825abb,present,seasonal|detail|audience,Coloring Pages for Kids|Easy,audience/detail candidate lacks independent review
chibi__chibi-flowers-osteospermum__3326120d08,/printables/chibi/chibi-flowers-osteospermum-3326120d08,present,seasonal|detail|audience,Coloring Pages for Kids|Easy,audience/detail candidate lacks independent review
chibi__chibi-flowers-paper-daisy__735e683ad4,/printables/chibi/chibi-flowers-paper-daisy-735e683ad4,present,seasonal|detail|audience,Coloring Pages for Kids|Easy,audience/detail candidate lacks independent review
chibi__chibi-flowers-paper-daisy-kawaii__14c5b1714c,/printables/chibi/chibi-flowers-paper-daisy-kawaii-14c5b1714c,present,seasonal|detail|audience,Coloring Pages for Kids|Easy,audience/detail candidate lacks independent review
chibi__chibi-flowers-passionflower__e07866578d,/printables/chibi/chibi-flowers-passionflower-e07866578d,present,seasonal|detail|audience,Coloring Pages for Kids|Easy,audience/detail candidate lacks independent review
chibi__chibi-flowers-passionflower-kawaii__0ca8755322,/printables/chibi/chibi-flowers-passionflower-kawaii-0ca8755322,present,seasonal|detail|audience,Coloring Pages for Kids|Easy,audience/detail candidate lacks independent review
chibi__chibi-flowers-peony__3fd5e69555,/printables/chibi/chibi-flowers-peony-3fd5e69555,present,seasonal|detail|audience,Coloring Pages for Kids|Easy,audience/detail candidate lacks independent review
chibi__chibi-flowers-peony-kawaii__64d419ec56,/printables/chibi/chibi-flowers-peony-kawaii-64d419ec56,present,seasonal|detail|audience,Coloring Pages for Kids|Easy,audience/detail candidate lacks independent review
chibi__chibi-flowers-petunia__5d200c0706,/printables/chibi/chibi-flowers-petunia-5d200c0706,present,seasonal|detail|audience,Coloring Pages for Kids|Easy,audience/detail candidate lacks independent review
chibi__chibi-flowers-petunia-kawaii__4a23800e0b,/printables/chibi/chibi-flowers-petunia-kawaii-4a23800e0b,present,seasonal|detail|audience,Coloring Pages for Kids|Easy,audience/detail candidate lacks independent review
chibi__chibi-flowers-poppy__69a7927d41,/printables/chibi/chibi-flowers-poppy-69a7927d41,present,seasonal|detail|audience,Coloring Pages for Kids|Easy,audience/detail candidate lacks independent review
chibi__chibi-flowers-poppy-kawaii__3814cae262,/printables/chibi/chibi-flowers-poppy-kawaii-3814cae262,present,seasonal|detail|audience,Coloring Pages for Kids|Easy,audience/detail candidate lacks independent review
chibi__chibi-flowers-primrose__b9572e5e1d,/printables/chibi/chibi-flowers-primrose-b9572e5e1d,present,seasonal|detail|audience,Coloring Pages for Kids|Easy,audience/detail candidate lacks independent review
chibi__chibi-flowers-primrose-kawaii__2b63385b3f,/printables/chibi/chibi-flowers-primrose-kawaii-2b63385b3f,present,seasonal|detail|audience,Coloring Pages for Kids|Easy,audience/detail candidate lacks independent review
chibi__chibi-flowers-protea__bbbcd4679a,/printables/chibi/chibi-flowers-protea-bbbcd4679a,present,seasonal|detail|audience,Coloring Pages for Kids|Easy,audience/detail candidate lacks independent review
chibi__chibi-flowers-protea-flower-girl__9726d28a48,/printables/chibi/chibi-flowers-protea-flower-girl-9726d28a48,present,seasonal|detail|audience,Coloring Pages for Kids|Easy,audience/detail candidate lacks independent review
chibi__chibi-flowers-protea-kawaii__a402f55420,/printables/chibi/chibi-flowers-protea-kawaii-a402f55420,present,seasonal|detail|audience,Coloring Pages for Kids|Easy,audience/detail candidate lacks independent review
chibi__chibi-flowers-queen-annes-lace__5d746f9947,/printables/chibi/chibi-flowers-queen-annes-lace-5d746f9947,present,seasonal|detail|audience,Coloring Pages for Kids|Easy,audience/detail candidate lacks independent review
chibi__chibi-flowers-queen-annes-lace-kawaii__a224f28c8e,/printables/chibi/chibi-flowers-queen-annes-lace-kawaii-a224f28c8e,present,seasonal|detail|audience,Coloring Pages for Kids|Easy,audience/detail candidate lacks independent review
chibi__chibi-flowers-ranunculus__a3503b585d,/printables/chibi/chibi-flowers-ranunculus-a3503b585d,present,seasonal|detail|audience,Coloring Pages for Kids|Easy,audience/detail candidate lacks independent review
chibi__chibi-flowers-ranunculus-kawaii__e6d821f095,/printables/chibi/chibi-flowers-ranunculus-kawaii-e6d821f095,present,seasonal|detail|audience,Coloring Pages for Kids|Easy,audience/detail candidate lacks independent review
chibi__chibi-flowers-red-maple__c851da0487,/printables/chibi/chibi-flowers-red-maple-c851da0487,present,seasonal|detail|audience,Coloring Pages for Kids|Easy,audience/detail candidate lacks independent review
chibi__chibi-flowers-rose__286c51de98,/printables/chibi/chibi-flowers-rose-286c51de98,present,seasonal|detail|audience,Coloring Pages for Kids|Easy,audience/detail candidate lacks independent review
chibi__chibi-flowers-rose-kawaii__debc262673,/printables/chibi/chibi-flowers-rose-kawaii-debc262673,present,seasonal|detail|audience,Coloring Pages for Kids|Easy,audience/detail candidate lacks independent review
chibi__chibi-flowers-rudbeckia__81baf793d2,/printables/chibi/chibi-flowers-rudbeckia-81baf793d2,present,seasonal|detail|audience,Coloring Pages for Kids|Easy,audience/detail candidate lacks independent review
chibi__chibi-flowers-sakura__f82b267e27,/printables/chibi/chibi-flowers-sakura-f82b267e27,present,seasonal|detail|audience,Coloring Pages for Kids|Easy,audience/detail candidate lacks independent review
chibi__chibi-flowers-sakura-petals__74afd94e3c,/printables/chibi/chibi-flowers-sakura-petals-74afd94e3c,present,seasonal|detail|audience,Coloring Pages for Kids|Easy,audience/detail candidate lacks independent review
chibi__chibi-flowers-salvia__3fb7f920b6,/printables/chibi/chibi-flowers-salvia-3fb7f920b6,present,seasonal|detail|audience,Coloring Pages for Kids|Easy,audience/detail candidate lacks independent review
chibi__chibi-flowers-salvia-kawaii__39df3a268d,/printables/chibi/chibi-flowers-salvia-kawaii-39df3a268d,present,seasonal|detail|audience,Coloring Pages for Kids|Easy,audience/detail candidate lacks independent review
chibi__chibi-flowers-snapdragon__4c46e75844,/printables/chibi/chibi-flowers-snapdragon-4c46e75844,present,seasonal|detail|audience,Coloring Pages for Kids|Easy,audience/detail candidate lacks independent review
chibi__chibi-flowers-snowdrop__860d5dd23a,/printables/chibi/chibi-flowers-snowdrop-860d5dd23a,present,seasonal|detail|audience,Coloring Pages for Kids|Easy,audience/detail candidate lacks independent review
chibi__chibi-flowers-snowdrop-kawaii__cfbb970178,/printables/chibi/chibi-flowers-snowdrop-kawaii-cfbb970178,present,seasonal|detail|audience,Coloring Pages for Kids|Easy,audience/detail candidate lacks independent review
chibi__chibi-flowers-sunflower__ac2919d4df,/printables/chibi/chibi-flowers-sunflower-ac2919d4df,present,seasonal|detail|audience,Coloring Pages for Kids|Easy,audience/detail candidate lacks independent review
chibi__chibi-flowers-sunflower-kawaii__61ea71f5d8,/printables/chibi/chibi-flowers-sunflower-kawaii-61ea71f5d8,present,seasonal|detail|audience,Coloring Pages for Kids|Easy,audience/detail candidate lacks independent review
chibi__chibi-flowers-sweet-pea__5c18a82752,/printables/chibi/chibi-flowers-sweet-pea-5c18a82752,present,seasonal|detail|audience,Coloring Pages for Kids|Easy,audience/detail candidate lacks independent review
chibi__chibi-flowers-sweet-pea-girl__f6fee6fcf2,/printables/chibi/chibi-flowers-sweet-pea-girl-f6fee6fcf2,present,seasonal|detail|audience,Coloring Pages for Kids|Easy,audience/detail candidate lacks independent review
chibi__chibi-flowers-sweet-pea-kawaii__e583e082b1,/printables/chibi/chibi-flowers-sweet-pea-kawaii-e583e082b1,present,seasonal|detail|audience,Coloring Pages for Kids|Easy,audience/detail candidate lacks independent review
chibi__chibi-flowers-thistle__17f022f85b,/printables/chibi/chibi-flowers-thistle-17f022f85b,present,seasonal|detail|audience,Coloring Pages for Kids|Easy,audience/detail candidate lacks independent review
chibi__chibi-flowers-thistle-kawaii__d0fdd888b3,/printables/chibi/chibi-flowers-thistle-kawaii-d0fdd888b3,present,seasonal|detail|audience,Coloring Pages for Kids|Easy,audience/detail candidate lacks independent review
chibi__chibi-flowers-tulip__af5661784b,/printables/chibi/chibi-flowers-tulip-af5661784b,present,seasonal|detail|audience,Coloring Pages for Kids|Easy,audience/detail candidate lacks independent review
chibi__chibi-flowers-tulip-garden__68470e6363,/printables/chibi/chibi-flowers-tulip-garden-68470e6363,present,seasonal|detail|audience,Coloring Pages for Kids|Easy,audience/detail candidate lacks independent review
chibi__chibi-flowers-tulip-kawaii__1702662941,/printables/chibi/chibi-flowers-tulip-kawaii-1702662941,present,seasonal|detail|audience,Coloring Pages for Kids|Easy,audience/detail candidate lacks independent review
chibi__chibi-flowers-wisteria__0f71605677,/printables/chibi/chibi-flowers-wisteria-0f71605677,present,seasonal|detail|audience,Coloring Pages for Kids|Easy,audience/detail candidate lacks independent review
chibi__chibi-flowers-wisteria-kawaii__b5c71c0b49,/printables/chibi/chibi-flowers-wisteria-kawaii-b5c71c0b49,present,seasonal|detail|audience,Coloring Pages for Kids|Easy,audience/detail candidate lacks independent review
chibi__chibi-flowers-xeranthemum__8dcd6932f1,/printables/chibi/chibi-flowers-xeranthemum-8dcd6932f1,present,seasonal|detail|audience,Coloring Pages for Kids|Easy,audience/detail candidate lacks independent review
chibi__chibi-flowers-xeranthemum-kawaii__d2f5673855,/printables/chibi/chibi-flowers-xeranthemum-kawaii-d2f5673855,present,seasonal|detail|audience,Coloring Pages for Kids|Easy,audience/detail candidate lacks independent review
chibi__chibi-flowers-yarrow-kawaii__00a73bd106,/printables/chibi/chibi-flowers-yarrow-kawaii-00a73bd106,present,seasonal|detail|audience,Coloring Pages for Kids|Easy,audience/detail candidate lacks independent review
chibi__chibi-flowers-yarrow-kawaii-girl__d760f916bb,/printables/chibi/chibi-flowers-yarrow-kawaii-girl-d760f916bb,present,seasonal|detail|audience,Coloring Pages for Kids|Easy,audience/detail candidate lacks independent review
chibi__chibi-flowers-yucca__c2c7eb673a,/printables/chibi/chibi-flowers-yucca-c2c7eb673a,present,seasonal|detail|audience,Coloring Pages for Kids|Easy,audience/detail candidate lacks independent review
chibi__chibi-flowers-yucca-kawaii__993bcef9bf,/printables/chibi/chibi-flowers-yucca-kawaii-993bcef9bf,present,seasonal|detail|audience,Coloring Pages for Kids|Easy,audience/detail candidate lacks independent review
chibi__chibi-flowers-zantedeschia__aa85f3bd10,/printables/chibi/chibi-flowers-zantedeschia-aa85f3bd10,present,seasonal|detail|audience,Coloring Pages for Kids|Easy,audience/detail candidate lacks independent review
chibi__chibi-flowers-zantedeschia-kawaii__f13e8bac2a,/printables/chibi/chibi-flowers-zantedeschia-kawaii-f13e8bac2a,present,seasonal|detail|audience,Coloring Pages for Kids|Easy,audience/detail candidate lacks independent review
chibi__chibi-flowers-zephyranthes__29bb3121bf,/printables/chibi/chibi-flowers-zephyranthes-29bb3121bf,present,seasonal|detail|audience,Coloring Pages for Kids|Easy,audience/detail candidate lacks independent review
chibi__chibi-flowers-zephyranthes-kawaii__0d0397afe6,/printables/chibi/chibi-flowers-zephyranthes-kawaii-0d0397afe6,present,seasonal|detail|audience,Coloring Pages for Kids|Easy,audience/detail candidate lacks independent review
chibi__chibi-flowers-zinnia__e17b4b8ff1,/printables/chibi/chibi-flowers-zinnia-e17b4b8ff1,present,seasonal|detail|audience,Coloring Pages for Kids|Easy,audience/detail candidate lacks independent review
chibi__chibi-flying-pegasus__3b3b6b5009,/printables/chibi/chibi-flying-pegasus-3b3b6b5009,present,seasonal|detail|audience,Coloring Pages for Kids|Easy,audience/detail candidate lacks independent review
chibi__chibi-flying-unicorn__c209c6b535,/printables/chibi/chibi-flying-unicorn-c209c6b535,present,seasonal|detail|audience,Coloring Pages for Kids|Easy,audience/detail candidate lacks independent review
chibi__chibi-fossil__0632b38c2a,/printables/chibi/chibi-fossil-0632b38c2a,present,primary_subject|seasonal|detail|audience,Coloring Pages for Kids|Easy,audience/detail candidate lacks independent review
chibi__chibi-fox__d49391e970,/printables/chibi/chibi-fox-d49391e970,present,seasonal|detail|audience,Coloring Pages for Kids|Easy,audience/detail candidate lacks independent review
chibi__chibi-friendly-dragon__0dff5b55c4,/printables/chibi/chibi-friendly-dragon-0dff5b55c4,present,seasonal|detail|audience,Coloring Pages for Kids|Easy,audience/detail candidate lacks independent review
chibi__chibi-ghost-pirates__78e9538796,/printables/chibi/chibi-ghost-pirates-78e9538796,present,primary_subject|seasonal|detail|audience,Coloring Pages for Kids|Easy,audience/detail candidate lacks independent review
chibi__chibi-giraffe__c6736f0b51,/printables/chibi/chibi-giraffe-c6736f0b51,present,seasonal|detail|audience,Coloring Pages for Kids|Easy,audience/detail candidate lacks independent review
chibi__chibi-glyptodon__36550bbf83,/printables/chibi/chibi-glyptodon-36550bbf83,present,primary_subject|seasonal|detail|audience,Coloring Pages for Kids|Easy,audience/detail candidate lacks independent review
chibi__chibi-gnomes__61a6a56945,/printables/chibi/chibi-gnomes-61a6a56945,present,primary_subject|seasonal|detail|audience,Coloring Pages for Kids|Easy,audience/detail candidate lacks independent review
chibi__chibi-goblins__fbed3b5619,/printables/chibi/chibi-goblins-fbed3b5619,present,primary_subject|seasonal|detail|audience,Coloring Pages for Kids|Easy,audience/detail candidate lacks independent review
chibi__chibi-gold-hoarding-dragon__876222b213,/printables/chibi/chibi-gold-hoarding-dragon-876222b213,present,seasonal|detail|audience,Coloring Pages for Kids|Easy,audience/detail candidate lacks independent review
chibi__chibi-gorilla__b733262478,/printables/chibi/chibi-gorilla-b733262478,present,primary_subject|seasonal|detail|audience,Coloring Pages for Kids|Easy,audience/detail candidate lacks independent review
chibi__chibi-happy-african-dragon__cdc50e839a,/printables/chibi/chibi-happy-african-dragon-cdc50e839a,present,seasonal|detail|audience,Coloring Pages for Kids|Easy,audience/detail candidate lacks independent review
chibi__chibi-happy-dragon__30854f2227,/printables/chibi/chibi-happy-dragon-30854f2227,present,seasonal|detail|audience,Coloring Pages for Kids|Easy,audience/detail candidate lacks independent review
chibi__chibi-hedgehog__c1d0dca1fd,/printables/chibi/chibi-hedgehog-c1d0dca1fd,present,seasonal|detail|audience,Coloring Pages for Kids|Easy,audience/detail candidate lacks independent review
chibi__chibi-hippo__24a67653c8,/printables/chibi/chibi-hippo-24a67653c8,present,seasonal|detail|audience,Coloring Pages for Kids|Easy,audience/detail candidate lacks independent review
chibi__chibi-holiday-halloween-bat-colony-flying-in-night-sky-coloring-page__3624fb1d72,/printables/bats/chibi-holiday-halloween-bat-colony-flying-in-night-sky-3624fb1d72,present,detail|audience,Coloring Pages for Kids|Easy,audience/detail candidate lacks independent review
chibi__chibi-holiday-halloween-black-cat-peeking-out-of-pumpkin-coloring-page__c47ea723e5,/printables/animals/chibi-holiday-halloween-black-cat-peeking-out-of-pumpkin-c47ea723e5,present,detail|audience,Coloring Pages for Kids|Easy,audience/detail candidate lacks independent review
chibi__chibi-holiday-halloween-black-cat-sitting-on-fence-under-moon-coloring-p__81d2ff4c89,/printables/animals/chibi-holiday-halloween-black-cat-sitting-on-fence-under-moon-81d2ff4c89,present,detail|audience,Coloring Pages for Kids|Easy,audience/detail candidate lacks independent review
chibi__chibi-holiday-halloween-candy-bucket-filled-with-treats-coloring-page__27d5c14d60,/printables/chibi/chibi-holiday-halloween-candy-bucket-filled-with-treats-27d5c14d60,present,primary_subject|detail|audience,Coloring Pages for Kids|Easy,audience/detail candidate lacks independent review
chibi__chibi-holiday-halloween-candy-corn-pattern-background-coloring-page__7e70d5d5ae,/printables/chibi/chibi-holiday-halloween-candy-corn-pattern-background-7e70d5d5ae,present,primary_subject|detail|audience,Coloring Pages for Kids|Easy,audience/detail candidate lacks independent review
chibi__chibi-holiday-halloween-candy-stall-at-halloween-festival-coloring-page__50f8dcfa9b,/printables/chibi/chibi-holiday-halloween-candy-stall-at-halloween-festival-50f8dcfa9b,present,primary_subject|detail|audience,Coloring Pages for Kids|Easy,audience/detail candidate lacks independent review
chibi__chibi-holiday-halloween-candy-trail-leading-to-haunted-door-coloring-pag__64ae58c6d8,/printables/chibi/chibi-holiday-halloween-candy-trail-leading-to-haunted-door-64ae58c6d8,present,primary_subject|detail|audience,Coloring Pages for Kids|Easy,audience/detail candidate lacks independent review
chibi__chibi-holiday-halloween-cauldron-bubbling-over-firewood-coloring-page__cea100bc43,/printables/chibi/chibi-holiday-halloween-cauldron-bubbling-over-firewood-cea100bc43,present,primary_subject|detail|audience,Coloring Pages for Kids|Easy,audience/detail candidate lacks independent review
chibi__chibi-holiday-halloween-cauldron-bubbling-with-green-slime-coloring-page__a7e4efaae7,/printables/chibi/chibi-holiday-halloween-cauldron-bubbling-with-green-slime-a7e4efaae7,present,primary_subject|detail|audience,Coloring Pages for Kids|Easy,audience/detail candidate lacks independent review
chibi__chibi-holiday-halloween-cauldron-surrounded-by-potion-bottles-coloring-p__2565671600,/printables/chibi/chibi-holiday-halloween-cauldron-surrounded-by-potion-bottles-2565671600,present,primary_subject|detail|audience,Coloring Pages for Kids|Easy,audience/detail candidate lacks independent review
chibi__chibi-holiday-halloween-cauldron-with-green-smoke-and-bats-coloring-page__9a8a418b04,/printables/bats/chibi-holiday-halloween-cauldron-with-green-smoke-and-bats-9a8a418b04,present,detail|audience,Coloring Pages for Kids|Easy,audience/detail candidate lacks independent review
chibi__chibi-holiday-halloween-cobweb-in-corner-with-spider-coloring-page__7b53c373f3,/printables/animals/chibi-holiday-halloween-cobweb-in-corner-with-spider-7b53c373f3,present,detail|audience,Coloring Pages for Kids|Easy,audience/detail candidate lacks independent review
chibi__chibi-holiday-halloween-creepy-castle-with-torch-lit-windows-coloring-pa__08e80ab431,/printables/buildings/chibi-holiday-halloween-creepy-castle-with-torch-lit-windows-08e80ab431,present,detail|audience,Coloring Pages for Kids|Easy,audience/detail candidate lacks independent review
chibi__chibi-holiday-halloween-crow-sitting-on-fence-post-coloring-page__975b8f919b,/printables/chibi/chibi-holiday-halloween-crow-sitting-on-fence-post-975b8f919b,present,primary_subject|detail|audience,Coloring Pages for Kids|Easy,audience/detail candidate lacks independent review
chibi__chibi-holiday-halloween-cute-halloween-ghost-cat-bat-friends-coloring-pa__1cc339c68a,/printables/animals/chibi-holiday-halloween-cute-halloween-ghost-cat-bat-friends-1cc339c68a,present,detail|audience,Coloring Pages for Kids|Easy,audience/detail candidate lacks independent review
chibi__chibi-holiday-halloween-cute-kawaii-halloween-characters-coloring-page__7d69f90252,/printables/chibi/chibi-holiday-halloween-cute-kawaii-halloween-characters-7d69f90252,present,detail|audience,Coloring Pages for Kids|Easy,audience/detail candidate lacks independent review
chibi__chibi-holiday-halloween-dracula-flying-as-bat-over-castle-coloring-page__16b1ef94ce,/printables/bats/chibi-holiday-halloween-dracula-flying-as-bat-over-castle-16b1ef94ce,present,detail|audience,Coloring Pages for Kids|Easy,audience/detail candidate lacks independent review
chibi__chibi-holiday-halloween-dracula-in-coffin-with-bats-coloring-page__145ac201f0,/printables/bats/chibi-holiday-halloween-dracula-in-coffin-with-bats-145ac201f0,present,detail|audience,Coloring Pages for Kids|Easy,audience/detail candidate lacks independent review
chibi__chibi-holiday-halloween-foggy-swamp-with-creepy-trees-coloring-page__2dd26b010c,/printables/chibi/chibi-holiday-halloween-foggy-swamp-with-creepy-trees-2dd26b010c,present,detail|audience,Coloring Pages for Kids|Easy,audience/detail candidate lacks independent review
chibi__chibi-holiday-halloween-frankenstein-and-bride-standing-together-colorin__7af91016f5,/printables/chibi/chibi-holiday-halloween-frankenstein-and-bride-standing-together-7af91016f5,present,primary_subject|detail|audience,Coloring Pages for Kids|Easy,audience/detail candidate lacks independent review
chibi__chibi-holiday-halloween-frankenstein-monster-smiling-coloring-page__a39841457f,/printables/chibi/chibi-holiday-halloween-frankenstein-monster-smiling-a39841457f,present,primary_subject|detail|audience,Coloring Pages for Kids|Easy,audience/detail candidate lacks independent review
chibi__chibi-holiday-halloween-ghost-family-coloring-page__f4a78ca0e4,/printables/chibi/chibi-holiday-halloween-ghost-family-f4a78ca0e4,present,primary_subject|detail|audience,Coloring Pages for Kids|Easy,audience/detail candidate lacks independent review
chibi__chibi-holiday-halloween-ghost-family-with-smiling-faces-coloring-page__fc38fdeb9d,/printables/chibi/chibi-holiday-halloween-ghost-family-with-smiling-faces-fc38fdeb9d,present,primary_subject|detail|audience,Coloring Pages for Kids|Easy,audience/detail candidate lacks independent review
chibi__chibi-holiday-halloween-ghost-floating-above-graveyard-coloring-page__1dcafd9556,/printables/chibi/chibi-holiday-halloween-ghost-floating-above-graveyard-1dcafd9556,present,primary_subject|detail|audience,Coloring Pages for Kids|Easy,audience/detail candidate lacks independent review
chibi__chibi-holiday-halloween-ghost-floating-in-haunted-hallway-coloring-page__2ecd4724a1,/printables/chibi/chibi-holiday-halloween-ghost-floating-in-haunted-hallway-2ecd4724a1,present,primary_subject|detail|audience,Coloring Pages for Kids|Easy,audience/detail candidate lacks independent review
chibi__chibi-holiday-halloween-ghost-peeking-behind-tombstone-coloring-page__c136970593,/printables/chibi/chibi-holiday-halloween-ghost-peeking-behind-tombstone-c136970593,present,primary_subject|detail|audience,Coloring Pages for Kids|Easy,audience/detail candidate lacks independent review
chibi__chibi-holiday-halloween-ghost-peeking-from-pumpkin-coloring-page__55ab382228,/printables/chibi/chibi-holiday-halloween-ghost-peeking-from-pumpkin-55ab382228,present,detail|audience,Coloring Pages for Kids|Easy,audience/detail candidate lacks independent review
chibi__chibi-holiday-halloween-ghost-riding-on-broom-with-witch-coloring-page__f62927f988,/printables/chibi/chibi-holiday-halloween-ghost-riding-on-broom-with-witch-f62927f988,present,detail|audience,Coloring Pages for Kids|Easy,audience/detail candidate lacks independent review
chibi__chibi-holiday-halloween-ghostly-train-passing-through-tunnel-coloring-pa__e62e0a874f,/printables/chibi/chibi-holiday-halloween-ghostly-train-passing-through-tunnel-e62e0a874f,present,detail|audience,Coloring Pages for Kids|Easy,audience/detail candidate lacks independent review
chibi__chibi-holiday-halloween-ghosts-holding-hands-in-circle-coloring-page__9aa47c8b6a,/printables/chibi/chibi-holiday-halloween-ghosts-holding-hands-in-circle-9aa47c8b6a,present,primary_subject|detail|audience,Coloring Pages for Kids|Easy,audience/detail candidate lacks independent review
chibi__chibi-holiday-halloween-giant-spider-crawling-on-wall-coloring-page__990dc9d87f,/printables/animals/chibi-holiday-halloween-giant-spider-crawling-on-wall-990dc9d87f,present,detail|audience,Coloring Pages for Kids|Easy,audience/detail candidate lacks independent review
chibi__chibi-holiday-halloween-graveyard-with-bats-and-foggy-moonlight-coloring__b293cf953e,/printables/bats/chibi-holiday-halloween-graveyard-with-bats-and-foggy-moonlight-b293cf953e,present,detail|audience,Coloring Pages for Kids|Easy,audience/detail candidate lacks independent review
chibi__chibi-holiday-halloween-graveyard-with-creepy-crows-coloring-page__c64f2d6601,/printables/chibi/chibi-holiday-halloween-graveyard-with-creepy-crows-c64f2d6601,present,primary_subject|detail|audience,Coloring Pages for Kids|Easy,audience/detail candidate lacks independent review
chibi__chibi-holiday-halloween-graveyard-with-creepy-crows-on-crosses-coloring-__2f0f3d2c2f,/printables/chibi/chibi-holiday-halloween-graveyard-with-creepy-crows-on-crosses-2f0f3d2c2f,present,primary_subject|detail|audience,Coloring Pages for Kids|Easy,audience/detail candidate lacks independent review
chibi__chibi-holiday-halloween-halloween-carnival-with-games-and-booths-colorin__a2a741e801,/printables/chibi/chibi-holiday-halloween-carnival-with-games-and-booths-a2a741e801,present,primary_subject|detail|audience,Coloring Pages for Kids|Easy,audience/detail candidate lacks independent review
chibi__chibi-holiday-halloween-halloween-garland-and-decorated-door-coloring-pa__21641bdc41,/printables/chibi/chibi-holiday-halloween-garland-and-decorated-door-21641bdc41,present,primary_subject|detail|audience,Coloring Pages for Kids|Easy,audience/detail candidate lacks independent review
chibi__chibi-holiday-halloween-halloween-market-stall-with-pumpkins-coloring-pa__31885be148,/printables/chibi/chibi-holiday-halloween-market-stall-with-pumpkins-31885be148,present,detail|audience,Coloring Pages for Kids|Easy,audience/detail candidate lacks independent review
chibi__chibi-holiday-halloween-halloween-maze-with-cornfield-paths-coloring-pag__1a71fa21e1,/printables/chibi/chibi-holiday-halloween-maze-with-cornfield-paths-1a71fa21e1,present,primary_subject|detail|audience,Coloring Pages for Kids|Easy,audience/detail candidate lacks independent review
chibi__chibi-holiday-halloween-halloween-parade-with-children-in-costumes-color__10288dab01,/printables/chibi/chibi-holiday-halloween-parade-with-children-in-costumes-10288dab01,present,primary_subject|detail|audience,Coloring Pages for Kids|Easy,audience/detail candidate lacks independent review
chibi__chibi-holiday-halloween-halloween-party-with-balloons-and-streamers-colo__3c16bfa9fb,/printables/chibi/chibi-holiday-halloween-party-with-balloons-and-streamers-3c16bfa9fb,present,primary_subject|detail|audience,Coloring Pages for Kids|Easy,audience/detail candidate lacks independent review
chibi__chibi-holiday-halloween-happy-pumpkin-patch-scene-coloring-page__fa503c2b9a,/printables/chibi/chibi-holiday-halloween-happy-pumpkin-patch-scene-fa503c2b9a,present,detail|audience,Coloring Pages for Kids|Easy,audience/detail candidate lacks independent review
chibi__chibi-holiday-halloween-harvest-scene-with-hay-bales-and-crows-coloring-__f63a303b4e,/printables/chibi/chibi-holiday-halloween-harvest-scene-with-hay-bales-and-crows-f63a303b4e,present,primary_subject|detail|audience,Coloring Pages for Kids|Easy,audience/detail candidate lacks independent review
chibi__chibi-holiday-halloween-haunted-house-coloring-page__c0eae7d121,/printables/buildings/chibi-holiday-halloween-haunted-house-c0eae7d121,present,detail|audience,Coloring Pages for Kids|Easy,audience/detail candidate lacks independent review
chibi__chibi-holiday-halloween-haunted-house-on-hill-coloring-page__c7aba2cae1,/printables/buildings/chibi-holiday-halloween-haunted-house-on-hill-c7aba2cae1,present,detail|audience,Coloring Pages for Kids|Easy,audience/detail candidate lacks independent review
chibi__chibi-holiday-halloween-haunted-house-on-hill-under-full-moon-coloring-p__6de4b2a74b,/printables/buildings/chibi-holiday-halloween-haunted-house-on-hill-under-full-moon-6de4b2a74b,present,detail|audience,Coloring Pages for Kids|Easy,audience/detail candidate lacks independent review
chibi__chibi-holiday-halloween-haunted-house-on-stilts-in-swamp-coloring-page__362fdd250c,/printables/buildings/chibi-holiday-halloween-haunted-house-on-stilts-in-swamp-362fdd250c,present,detail|audience,Coloring Pages for Kids|Easy,audience/detail candidate lacks independent review
chibi__chibi-holiday-halloween-haunted-house-with-bats-flying-around-coloring-p__1cb79db677,/printables/bats/chibi-holiday-halloween-haunted-house-with-bats-flying-around-1cb79db677,present,detail|audience,Coloring Pages for Kids|Easy,audience/detail candidate lacks independent review
chibi__chibi-holiday-halloween-haunted-house-with-broken-fence-coloring-page__c23ca248b8,/printables/buildings/chibi-holiday-halloween-haunted-house-with-broken-fence-c23ca248b8,present,detail|audience,Coloring Pages for Kids|Easy,audience/detail candidate lacks independent review
chibi__chibi-holiday-halloween-haunted-mansion-with-creaky-gate-coloring-page__a27ab1a344,/printables/chibi/chibi-holiday-halloween-haunted-mansion-with-creaky-gate-a27ab1a344,present,primary_subject|detail|audience,Coloring Pages for Kids|Easy,audience/detail candidate lacks independent review
chibi__chibi-holiday-halloween-haunted-mansion-with-lantern-lit-path-coloring-p__e05357e953,/printables/chibi/chibi-holiday-halloween-haunted-mansion-with-lantern-lit-path-e05357e953,present,primary_subject|detail|audience,Coloring Pages for Kids|Easy,audience/detail candidate lacks independent review
chibi__chibi-holiday-halloween-jack-o-lantern-faces-variety-coloring-page__0e546b82e0,/printables/chibi/chibi-holiday-halloween-jack-o-lantern-faces-variety-0e546b82e0,present,primary_subject|detail|audience,Coloring Pages for Kids|Easy,audience/detail candidate lacks independent review
chibi__chibi-holiday-halloween-jack-o-lantern-glowing-in-window-coloring-page__915e33dd1c,/printables/chibi/chibi-holiday-halloween-jack-o-lantern-glowing-in-window-915e33dd1c,present,primary_subject|detail|audience,Coloring Pages for Kids|Easy,audience/detail candidate lacks independent review
chibi__chibi-holiday-halloween-jack-o-lantern-lined-front-porch-coloring-page__1b72f4cc2e,/printables/chibi/chibi-holiday-halloween-jack-o-lantern-lined-front-porch-1b72f4cc2e,present,primary_subject|detail|audience,Coloring Pages for Kids|Easy,audience/detail candidate lacks independent review
chibi__chibi-holiday-halloween-jack-o-lantern-stack-of-three-pumpkins-coloring-__a26d735941,/printables/chibi/chibi-holiday-halloween-jack-o-lantern-stack-of-three-pumpkins-a26d735941,present,detail|audience,Coloring Pages for Kids|Easy,audience/detail candidate lacks independent review
chibi__chibi-holiday-halloween-mummy-running-away-from-black-cat-coloring-page__3d6746f90b,/printables/animals/chibi-holiday-halloween-mummy-running-away-from-black-cat-3d6746f90b,present,detail|audience,Coloring Pages for Kids|Easy,audience/detail candidate lacks independent review
chibi__chibi-holiday-halloween-mummy-walking-with-bandages-loose-coloring-page__3d7b5dcceb,/printables/chibi/chibi-holiday-halloween-mummy-walking-with-bandages-loose-3d7b5dcceb,present,primary_subject|detail|audience,Coloring Pages for Kids|Easy,audience/detail candidate lacks independent review
chibi__chibi-holiday-halloween-pirate-treasure-coloring-page__67a78d4043,/printables/chibi/chibi-holiday-halloween-pirate-treasure-67a78d4043,present,primary_subject|detail|audience,Coloring Pages for Kids|Easy,audience/detail candidate lacks independent review
chibi__chibi-holiday-halloween-pumpkin-carving-party-coloring-page__eb38dfff5d,/printables/chibi/chibi-holiday-halloween-pumpkin-carving-party-eb38dfff5d,present,detail|audience,Coloring Pages for Kids|Easy,audience/detail candidate lacks independent review
chibi__chibi-holiday-halloween-pumpkin-patch-with-cornstalks-and-scarecrow-colo__d7adf41e8e,/printables/chibi/chibi-holiday-halloween-pumpkin-patch-with-cornstalks-and-scarecrow-d7adf41e8e,present,detail|audience,Coloring Pages for Kids|Easy,audience/detail candidate lacks independent review
chibi__chibi-holiday-halloween-pumpkin-patch-with-crows-flying-over-coloring-pa__91ce03c1b2,/printables/chibi/chibi-holiday-halloween-pumpkin-patch-with-crows-flying-over-91ce03c1b2,present,detail|audience,Coloring Pages for Kids|Easy,audience/detail candidate lacks independent review
chibi__chibi-holiday-halloween-pumpkin-patch-with-family-picking-pumpkins-color__01c2f0ce30,/printables/chibi/chibi-holiday-halloween-pumpkin-patch-with-family-picking-pumpkins-01c2f0ce30,present,detail|audience,Coloring Pages for Kids|Easy,audience/detail candidate lacks independent review
chibi__chibi-holiday-halloween-pumpkin-pie-and-spice-decor-scene-coloring-page__7d3c695c2b,/printables/chibi/chibi-holiday-halloween-pumpkin-pie-and-spice-decor-scene-7d3c695c2b,present,detail|audience,Coloring Pages for Kids|Easy,audience/detail candidate lacks independent review
chibi__chibi-holiday-halloween-scarecrow-guarding-pumpkin-field-coloring-page__e97953d8aa,/printables/chibi/chibi-holiday-halloween-scarecrow-guarding-pumpkin-field-e97953d8aa,present,detail|audience,Coloring Pages for Kids|Easy,audience/detail candidate lacks independent review
chibi__chibi-holiday-halloween-skeleton-band-playing-in-graveyard-coloring-page__beeabe84e8,/printables/chibi/chibi-holiday-halloween-skeleton-band-playing-in-graveyard-beeabe84e8,present,primary_subject|detail|audience,Coloring Pages for Kids|Easy,audience/detail candidate lacks independent review
chibi__chibi-holiday-halloween-skeleton-dancing-with-top-hat-coloring-page__3ddcbf334e,/printables/chibi/chibi-holiday-halloween-skeleton-dancing-with-top-hat-3ddcbf334e,present,primary_subject|detail|audience,Coloring Pages for Kids|Easy,audience/detail candidate lacks independent review
chibi__chibi-holiday-halloween-skeleton-riding-bicycle-through-town-coloring-pa__d08afbfad3,/printables/chibi/chibi-holiday-halloween-skeleton-riding-bicycle-through-town-d08afbfad3,present,primary_subject|detail|audience,Coloring Pages for Kids|Easy,audience/detail candidate lacks independent review
chibi__chibi-holiday-halloween-skeleton-sitting-on-bench-in-park-coloring-page__861748f12e,/printables/chibi/chibi-holiday-halloween-skeleton-sitting-on-bench-in-park-861748f12e,present,primary_subject|detail|audience,Coloring Pages for Kids|Easy,audience/detail candidate lacks independent review
chibi__chibi-holiday-halloween-spooky-forest-path-with-glowing-eyes-coloring-pa__5063003da3,/printables/chibi/chibi-holiday-halloween-spooky-forest-path-with-glowing-eyes-5063003da3,present,detail|audience,Coloring Pages for Kids|Easy,audience/detail candidate lacks independent review
chibi__chibi-holiday-halloween-spooky-graveyard-with-tombstones-coloring-page__5686477b0a,/printables/chibi/chibi-holiday-halloween-spooky-graveyard-with-tombstones-5686477b0a,present,primary_subject|detail|audience,Coloring Pages for Kids|Easy,audience/detail candidate lacks independent review
chibi__chibi-holiday-halloween-tombstone-with-rip-inscription-coloring-page__0fce902c33,/printables/chibi/chibi-holiday-halloween-tombstone-with-rip-inscription-0fce902c33,present,primary_subject|detail|audience,Coloring Pages for Kids|Easy,audience/detail candidate lacks independent review
chibi__chibi-holiday-halloween-tombstone-with-wilted-flowers-coloring-page__dbdec0dd78,/printables/chibi/chibi-holiday-halloween-tombstone-with-wilted-flowers-dbdec0dd78,present,detail|audience,Coloring Pages for Kids|Easy,audience/detail candidate lacks independent review
chibi__chibi-holiday-halloween-trick-or-treat-children-with-pumpkin-bags-colori__abe00661e0,/printables/chibi/chibi-holiday-halloween-trick-or-treat-children-with-pumpkin-bags-abe00661e0,present,detail|audience,Coloring Pages for Kids|Easy,audience/detail candidate lacks independent review
chibi__chibi-holiday-halloween-trick-or-treat-dog-in-cute-costume-coloring-page__79fa5d8c2d,/printables/animals/chibi-holiday-halloween-trick-or-treat-dog-in-cute-costume-79fa5d8c2d,present,detail|audience,Coloring Pages for Kids|Easy,audience/detail candidate lacks independent review
chibi__chibi-holiday-halloween-trick-or-treat-doorstep-with-carved-pumpkins-col__764a39620c,/printables/chibi/chibi-holiday-halloween-trick-or-treat-doorstep-with-carved-pumpkins-764a39620c,present,detail|audience,Coloring Pages for Kids|Easy,audience/detail candidate lacks independent review
chibi__chibi-holiday-halloween-trick-or-treat-front-porch-decorated-coloring-pa__aad2950ba7,/printables/chibi/chibi-holiday-halloween-trick-or-treat-front-porch-decorated-aad2950ba7,present,primary_subject|detail|audience,Coloring Pages for Kids|Easy,audience/detail candidate lacks independent review
chibi__chibi-holiday-halloween-trick-or-treat-walkway-lined-with-lanterns-color__604d716265,/printables/chibi/chibi-holiday-halloween-trick-or-treat-walkway-lined-with-lanterns-604d716265,present,primary_subject|detail|audience,Coloring Pages for Kids|Easy,audience/detail candidate lacks independent review
chibi__chibi-holiday-halloween-vampire-holding-goblet-under-crescent-moon-color__62c9c0a50f,/printables/chibi/chibi-holiday-halloween-vampire-holding-goblet-under-crescent-moon-62c9c0a50f,present,primary_subject|detail|audience,Coloring Pages for Kids|Easy,audience/detail candidate lacks independent review
chibi__chibi-holiday-halloween-vampire-standing-with-bat-cloak-coloring-page__450302864b,/printables/bats/chibi-holiday-halloween-vampire-standing-with-bat-cloak-450302864b,present,detail|audience,Coloring Pages for Kids|Easy,audience/detail candidate lacks independent review
chibi__chibi-holiday-halloween-vampire-with-spooky-shadow-on-wall-coloring-page__560dde82c2,/printables/chibi/chibi-holiday-halloween-vampire-with-spooky-shadow-on-wall-560dde82c2,present,primary_subject|detail|audience,Coloring Pages for Kids|Easy,audience/detail candidate lacks independent review
chibi__chibi-holiday-halloween-vintage-halloween-postcard-style-scene-coloring-__fd3be2b3e7,/printables/chibi/chibi-holiday-halloween-vintage-halloween-postcard-style-scene-fd3be2b3e7,present,primary_subject|detail|audience,Coloring Pages for Kids|Easy,audience/detail candidate lacks independent review
chibi__chibi-holiday-halloween-werewolf-howling-under-full-moon-coloring-page__a6643004a9,/printables/chibi/chibi-holiday-halloween-werewolf-howling-under-full-moon-a6643004a9,present,primary_subject|detail|audience,Coloring Pages for Kids|Easy,audience/detail candidate lacks independent review
chibi__chibi-holiday-halloween-werewolf-in-forest-with-fireflies-coloring-page__eac93f03f5,/printables/chibi/chibi-holiday-halloween-werewolf-in-forest-with-fireflies-eac93f03f5,present,detail|audience,Coloring Pages for Kids|Easy,audience/detail candidate lacks independent review
chibi__chibi-holiday-halloween-werewolf-jumping-over-haunted-fence-coloring-pag__7466595531,/printables/chibi/chibi-holiday-halloween-werewolf-jumping-over-haunted-fence-7466595531,present,primary_subject|detail|audience,Coloring Pages for Kids|Easy,audience/detail candidate lacks independent review
chibi__chibi-holiday-halloween-werewolf-standing-atop-rock-under-moon-coloring-__a8e1c3adf2,/printables/chibi/chibi-holiday-halloween-werewolf-standing-atop-rock-under-moon-a8e1c3adf2,present,primary_subject|detail|audience,Coloring Pages for Kids|Easy,audience/detail candidate lacks independent review
chibi__chibi-holiday-halloween-witch-cooking-potion-in-cauldron-coloring-page__7d050e8926,/printables/chibi/chibi-holiday-halloween-witch-cooking-potion-in-cauldron-7d050e8926,present,detail|audience,Coloring Pages for Kids|Easy,audience/detail candidate lacks independent review
chibi__chibi-holiday-halloween-witch-cottage-in-forest-scene-coloring-page__c97fddfd8f,/printables/chibi/chibi-holiday-halloween-witch-cottage-in-forest-scene-c97fddfd8f,present,detail|audience,Coloring Pages for Kids|Easy,audience/detail candidate lacks independent review
chibi__chibi-holiday-halloween-witch-flying-on-broomstick-across-moon-coloring-__c631f661fc,/printables/chibi/chibi-holiday-halloween-witch-flying-on-broomstick-across-moon-c631f661fc,present,detail|audience,Coloring Pages for Kids|Easy,audience/detail candidate lacks independent review
chibi__chibi-holiday-halloween-witch-hat-and-potion-bottles-coloring-page__74c5898630,/printables/chibi/chibi-holiday-halloween-witch-hat-and-potion-bottles-74c5898630,present,detail|audience,Coloring Pages for Kids|Easy,audience/detail candidate lacks independent review
chibi__chibi-holiday-halloween-witch-reading-spellbook-near-cauldron-coloring-p__4c5f9d69ca,/printables/chibi/chibi-holiday-halloween-witch-reading-spellbook-near-cauldron-4c5f9d69ca,present,detail|audience,Coloring Pages for Kids|Easy,audience/detail candidate lacks independent review
chibi__chibi-holiday-halloween-witch-with-black-cat-on-shoulder-coloring-page__09368c189e,/printables/animals/chibi-holiday-halloween-witch-with-black-cat-on-shoulder-09368c189e,present,detail|audience,Coloring Pages for Kids|Easy,audience/detail candidate lacks independent review
chibi__chibi-holiday-halloween-zombie-peeking-out-of-ground-coloring-page__b59b806249,/printables/chibi/chibi-holiday-halloween-zombie-peeking-out-of-ground-b59b806249,present,primary_subject|detail|audience,Coloring Pages for Kids|Easy,audience/detail candidate lacks independent review
chibi__chibi-holiday-halloween-zombie-walking-with-pumpkin-bucket-coloring-page__0d47fdf121,/printables/chibi/chibi-holiday-halloween-zombie-walking-with-pumpkin-bucket-0d47fdf121,present,detail|audience,Coloring Pages for Kids|Easy,audience/detail candidate lacks independent review
chibi__chibi-holiday-halloween-zombie-with-torn-trick-or-treat-bag-coloring-pag__1862dece82,/printables/chibi/chibi-holiday-halloween-zombie-with-torn-trick-or-treat-bag-1862dece82,present,primary_subject|detail|audience,Coloring Pages for Kids|Easy,audience/detail candidate lacks independent review
chibi__chibi-horned-dragon__5cc57ff98a,/printables/chibi/chibi-horned-dragon-5cc57ff98a,present,seasonal|detail|audience,Coloring Pages for Kids|Easy,audience/detail candidate lacks independent review
chibi__chibi-horse__6a67610f3f,/printables/chibi/chibi-horse-6a67610f3f,present,seasonal|detail|audience,Coloring Pages for Kids|Easy,audience/detail candidate lacks independent review
chibi__chibi-hydr__d3e2fc9696,/printables/chibi/chibi-hydr-d3e2fc9696,present,primary_subject|seasonal|detail|audience,Coloring Pages for Kids|Easy,audience/detail candidate lacks independent review
chibi__chibi-hydra__8a2905c0b9,/printables/chibi/chibi-hydra-8a2905c0b9,present,seasonal|detail|audience,Coloring Pages for Kids|Easy,audience/detail candidate lacks independent review
chibi__chibi-hydra-castle-pet__49e2d5c525,/printables/buildings/chibi-hydra-castle-pet-49e2d5c525,present,seasonal|detail|audience,Coloring Pages for Kids|Easy,audience/detail candidate lacks independent review
chibi__chibi-hydra-dragon__1fcc5229ea,/printables/chibi/chibi-hydra-dragon-1fcc5229ea,present,seasonal|detail|audience,Coloring Pages for Kids|Easy,audience/detail candidate lacks independent review
chibi__chibi-hyppogriff__872b509ed1,/printables/chibi/chibi-hyppogriff-872b509ed1,present,primary_subject|seasonal|detail|audience,Coloring Pages for Kids|Easy,audience/detail candidate lacks independent review
chibi__chibi-ice-dragon__2a6981e4d2,/printables/chibi/chibi-ice-dragon-2a6981e4d2,present,seasonal|detail|audience,Coloring Pages for Kids|Easy,audience/detail candidate lacks independent review
chibi__chibi-irish-elk__a026e8cc28,/printables/chibi/chibi-irish-elk-a026e8cc28,present,primary_subject|seasonal|detail|audience,Coloring Pages for Kids|Easy,audience/detail candidate lacks independent review
chibi__chibi-jaguar__cae69e3522,/printables/chibi/chibi-jaguar-cae69e3522,present,primary_subject|seasonal|detail|audience,Coloring Pages for Kids|Easy,audience/detail candidate lacks independent review
chibi__chibi-kaiju-monster__5a5847eaec,/printables/chibi/chibi-kaiju-monster-5a5847eaec,present,primary_subject|seasonal|detail|audience,Coloring Pages for Kids|Easy,audience/detail candidate lacks independent review
chibi__chibi-kangaroo__b9ebb844ea,/printables/chibi/chibi-kangaroo-b9ebb844ea,present,primary_subject|seasonal|detail|audience,Coloring Pages for Kids|Easy,audience/detail candidate lacks independent review
chibi__chibi-kirin__488a7c0ea9,/printables/chibi/chibi-kirin-488a7c0ea9,present,primary_subject|seasonal|detail|audience,Coloring Pages for Kids|Easy,audience/detail candidate lacks independent review
chibi__chibi-kirin-dragon__a4f7d8c16c,/printables/chibi/chibi-kirin-dragon-a4f7d8c16c,present,seasonal|detail|audience,Coloring Pages for Kids|Easy,audience/detail candidate lacks independent review
chibi__chibi-kitten__aec37cad01,/printables/animals/chibi-kitten-aec37cad01,present,seasonal|detail|audience,Coloring Pages for Kids|Easy,audience/detail candidate lacks independent review
chibi__chibi-knight__f98723b283,/printables/chibi/chibi-knight-f98723b283,present,seasonal|detail|audience,Coloring Pages for Kids|Easy,audience/detail candidate lacks independent review
chibi__chibi-knights__cab6909340,/printables/chibi/chibi-knights-cab6909340,present,seasonal|detail|audience,Coloring Pages for Kids|Easy,audience/detail candidate lacks independent review
chibi__chibi-knights-battle__f839056e5b,/printables/chibi/chibi-knights-battle-f839056e5b,present,seasonal|detail|audience,Coloring Pages for Kids|Easy,audience/detail candidate lacks independent review
chibi__chibi-knucker__b9528fbc79,/printables/chibi/chibi-knucker-b9528fbc79,present,primary_subject|seasonal|detail|audience,Coloring Pages for Kids|Easy,audience/detail candidate lacks independent review
chibi__chibi-koala__0f127731fa,/printables/chibi/chibi-koala-0f127731fa,present,seasonal|detail|audience,Coloring Pages for Kids|Easy,audience/detail candidate lacks independent review
chibi__chibi-lava-dragon__8b627e937f,/printables/chibi/chibi-lava-dragon-8b627e937f,present,seasonal|detail|audience,Coloring Pages for Kids|Easy,audience/detail candidate lacks independent review
chibi__chibi-lemur__fa5f860468,/printables/chibi/chibi-lemur-fa5f860468,present,primary_subject|seasonal|detail|audience,Coloring Pages for Kids|Easy,audience/detail candidate lacks independent review
chibi__chibi-leprachaun__1591945de7,/printables/chibi/chibi-leprachaun-1591945de7,present,primary_subject|seasonal|detail|audience,Coloring Pages for Kids|Easy,audience/detail candidate lacks independent review
chibi__chibi-leviathan__f1830449f2,/printables/chibi/chibi-leviathan-f1830449f2,present,primary_subject|seasonal|detail|audience,Coloring Pages for Kids|Easy,audience/detail candidate lacks independent review
chibi__chibi-leviathan-dragon__8b4e46e982,/printables/chibi/chibi-leviathan-dragon-8b4e46e982,present,seasonal|detail|audience,Coloring Pages for Kids|Easy,audience/detail candidate lacks independent review
chibi__chibi-lightning-dragon__5ef0c13b5b,/printables/chibi/chibi-lightning-dragon-5ef0c13b5b,present,seasonal|detail|audience,Coloring Pages for Kids|Easy,audience/detail candidate lacks independent review
chibi__chibi-lindwurm__32126e0dd0,/printables/chibi/chibi-lindwurm-32126e0dd0,present,primary_subject|seasonal|detail|audience,Coloring Pages for Kids|Easy,audience/detail candidate lacks independent review
chibi__chibi-lindwurm-dragon__9b1dbc099e,/printables/chibi/chibi-lindwurm-dragon-9b1dbc099e,present,seasonal|detail|audience,Coloring Pages for Kids|Easy,audience/detail candidate lacks independent review
chibi__chibi-lion__0c6efff62b,/printables/chibi/chibi-lion-0c6efff62b,present,seasonal|detail|audience,Coloring Pages for Kids|Easy,audience/detail candidate lacks independent review
chibi__chibi-lung-dragon__4f33c35eb2,/printables/chibi/chibi-lung-dragon-4f33c35eb2,present,seasonal|detail|audience,Coloring Pages for Kids|Easy,audience/detail candidate lacks independent review
chibi__chibi-mastodon-prehistoric__dbff264879,/printables/chibi/chibi-mastodon-prehistoric-dbff264879,present,primary_subject|seasonal|detail|audience,Coloring Pages for Kids|Easy,audience/detail candidate lacks independent review
chibi__chibi-megalodon-fish__67f50eb255,/printables/animals/chibi-megalodon-fish-67f50eb255,present,seasonal|detail|audience,Coloring Pages for Kids|Easy,audience/detail candidate lacks independent review
chibi__chibi-megalodon-tiger-shark__976f35ce44,/printables/animals/chibi-megalodon-tiger-shark-976f35ce44,present,seasonal|detail|audience,Coloring Pages for Kids|Easy,audience/detail candidate lacks independent review
chibi__chibi-megatherium__92c31a58a8,/printables/chibi/chibi-megatherium-92c31a58a8,present,primary_subject|seasonal|detail|audience,Coloring Pages for Kids|Easy,audience/detail candidate lacks independent review
chibi__chibi-mermaid__03b5c990c8,/printables/chibi/chibi-mermaid-03b5c990c8,present,seasonal|detail|audience,Coloring Pages for Kids|Easy,audience/detail candidate lacks independent review
chibi__chibi-midieval-fantasy-ancient-ruins__af5c9fe0a8,/printables/chibi/chibi-midieval-fantasy-ancient-ruins-af5c9fe0a8,present,seasonal|detail|audience,Coloring Pages for Kids|Easy,audience/detail candidate lacks independent review
chibi__chibi-midieval-fantasy-basilisk__9aa4874ba1,/printables/chibi/chibi-midieval-fantasy-basilisk-9aa4874ba1,present,seasonal|detail|audience,Coloring Pages for Kids|Easy,audience/detail candidate lacks independent review
chibi__chibi-midieval-fantasy-castle__b91a8926a6,/printables/buildings/chibi-midieval-fantasy-castle-b91a8926a6,present,seasonal|detail|audience,Coloring Pages for Kids|Easy,audience/detail candidate lacks independent review
chibi__chibi-midieval-fantasy-centaur__eed9718a81,/printables/chibi/chibi-midieval-fantasy-centaur-eed9718a81,present,seasonal|detail|audience,Coloring Pages for Kids|Easy,audience/detail candidate lacks independent review
chibi__chibi-midieval-fantasy-dragon-slayer__44eb09cef0,/printables/chibi/chibi-midieval-fantasy-dragon-slayer-44eb09cef0,present,seasonal|detail|audience,Coloring Pages for Kids|Easy,audience/detail candidate lacks independent review
chibi__chibi-midieval-fantasy-druid__4f8f62cf4f,/printables/chibi/chibi-midieval-fantasy-druid-4f8f62cf4f,present,seasonal|detail|audience,Coloring Pages for Kids|Easy,audience/detail candidate lacks independent review
chibi__chibi-midieval-fantasy-dwarf__9484c117e0,/printables/chibi/chibi-midieval-fantasy-dwarf-9484c117e0,present,seasonal|detail|audience,Coloring Pages for Kids|Easy,audience/detail candidate lacks independent review
chibi__chibi-midieval-fantasy-elf__bbd29f276e,/printables/chibi/chibi-midieval-fantasy-elf-bbd29f276e,present,seasonal|detail|audience,Coloring Pages for Kids|Easy,audience/detail candidate lacks independent review
chibi__chibi-midieval-fantasy-enchanted-armor__bbb71cceda,/printables/chibi/chibi-midieval-fantasy-enchanted-armor-bbb71cceda,present,seasonal|detail|audience,Coloring Pages for Kids|Easy,audience/detail candidate lacks independent review
chibi__chibi-midieval-fantasy-enchanted-forest__f436796253,/printables/chibi/chibi-midieval-fantasy-enchanted-forest-f436796253,present,seasonal|detail|audience,Coloring Pages for Kids|Easy,audience/detail candidate lacks independent review
chibi__chibi-midieval-fantasy-fairy__d83bb471b7,/printables/chibi/chibi-midieval-fantasy-fairy-d83bb471b7,present,seasonal|detail|audience,Coloring Pages for Kids|Easy,audience/detail candidate lacks independent review
chibi__chibi-midieval-fantasy-goblin__41a3b6452b,/printables/chibi/chibi-midieval-fantasy-goblin-41a3b6452b,present,seasonal|detail|audience,Coloring Pages for Kids|Easy,audience/detail candidate lacks independent review
chibi__chibi-midieval-fantasy-griffin__bba9e2ef5b,/printables/chibi/chibi-midieval-fantasy-griffin-bba9e2ef5b,present,seasonal|detail|audience,Coloring Pages for Kids|Easy,audience/detail candidate lacks independent review
chibi__chibi-midieval-fantasy-king__54b8e21267,/printables/chibi/chibi-midieval-fantasy-king-54b8e21267,present,seasonal|detail|audience,Coloring Pages for Kids|Easy,audience/detail candidate lacks independent review
chibi__chibi-midieval-fantasy-knight__48896ba8b7,/printables/chibi/chibi-midieval-fantasy-knight-48896ba8b7,present,seasonal|detail|audience,Coloring Pages for Kids|Easy,audience/detail candidate lacks independent review
chibi__chibi-midieval-fantasy-knight-king__9b6be9aa08,/printables/chibi/chibi-midieval-fantasy-knight-king-9b6be9aa08,present,seasonal|detail|audience,Coloring Pages for Kids|Easy,audience/detail candidate lacks independent review
chibi__chibi-midieval-fantasy-mage__b4b625a2e5,/printables/chibi/chibi-midieval-fantasy-mage-b4b625a2e5,present,seasonal|detail|audience,Coloring Pages for Kids|Easy,audience/detail candidate lacks independent review
chibi__chibi-midieval-fantasy-necromancer__4a2469335a,/printables/chibi/chibi-midieval-fantasy-necromancer-4a2469335a,present,seasonal|detail|audience,Coloring Pages for Kids|Easy,audience/detail candidate lacks independent review
chibi__chibi-midieval-fantasy-orc__f9cf7569a2,/printables/chibi/chibi-midieval-fantasy-orc-f9cf7569a2,present,seasonal|detail|audience,Coloring Pages for Kids|Easy,audience/detail candidate lacks independent review
chibi__chibi-midieval-fantasy-pegasus__234fbcf992,/printables/chibi/chibi-midieval-fantasy-pegasus-234fbcf992,present,seasonal|detail|audience,Coloring Pages for Kids|Easy,audience/detail candidate lacks independent review
chibi__chibi-midieval-fantasy-prince__e5eb6156b8,/printables/chibi/chibi-midieval-fantasy-prince-e5eb6156b8,present,seasonal|detail|audience,Coloring Pages for Kids|Easy,audience/detail candidate lacks independent review
chibi__chibi-midieval-fantasy-princess__7098f8a8b2,/printables/chibi/chibi-midieval-fantasy-princess-7098f8a8b2,present,seasonal|detail|audience,Coloring Pages for Kids|Easy,audience/detail candidate lacks independent review
chibi__chibi-midieval-fantasy-queen__9dc34880c3,/printables/chibi/chibi-midieval-fantasy-queen-9dc34880c3,present,seasonal|detail|audience,Coloring Pages for Kids|Easy,audience/detail candidate lacks independent review
chibi__chibi-midieval-fantasy-sorcerer__1f994253a1,/printables/chibi/chibi-midieval-fantasy-sorcerer-1f994253a1,present,seasonal|detail|audience,Coloring Pages for Kids|Easy,audience/detail candidate lacks independent review
chibi__chibi-midieval-fantasy-stable-pony__5cecfe4758,/printables/chibi/chibi-midieval-fantasy-stable-pony-5cecfe4758,present,seasonal|detail|audience,Coloring Pages for Kids|Easy,audience/detail candidate lacks independent review
chibi__chibi-midieval-fantasy-troll__e8f19faa96,/printables/chibi/chibi-midieval-fantasy-troll-e8f19faa96,present,seasonal|detail|audience,Coloring Pages for Kids|Easy,audience/detail candidate lacks independent review
chibi__chibi-midieval-fantasy-unicorn__4034fb6294,/printables/chibi/chibi-midieval-fantasy-unicorn-4034fb6294,present,seasonal|detail|audience,Coloring Pages for Kids|Easy,audience/detail candidate lacks independent review
chibi__chibi-midieval-fantasy-vampire__5ac1e09e2a,/printables/chibi/chibi-midieval-fantasy-vampire-5ac1e09e2a,present,seasonal|detail|audience,Coloring Pages for Kids|Easy,audience/detail candidate lacks independent review
chibi__chibi-midieval-fantasy-werewolf__996a769caf,/printables/chibi/chibi-midieval-fantasy-werewolf-996a769caf,present,seasonal|detail|audience,Coloring Pages for Kids|Easy,audience/detail candidate lacks independent review
chibi__chibi-midieval-fantasy-witch__694ac651bd,/printables/chibi/chibi-midieval-fantasy-witch-694ac651bd,present,seasonal|detail|audience,Coloring Pages for Kids|Easy,audience/detail candidate lacks independent review
chibi__chibi-midieval-fantasy-wizard__5737cee6c0,/printables/chibi/chibi-midieval-fantasy-wizard-5737cee6c0,present,seasonal|detail|audience,Coloring Pages for Kids|Easy,audience/detail candidate lacks independent review
chibi__chibi-midieval-fantasy-wyvern__cd49e23cb5,/printables/chibi/chibi-midieval-fantasy-wyvern-cd49e23cb5,present,seasonal|detail|audience,Coloring Pages for Kids|Easy,audience/detail candidate lacks independent review
chibi__chibi-minotaur__dea8f5f8ca,/printables/chibi/chibi-minotaur-dea8f5f8ca,present,primary_subject|seasonal|detail|audience,Coloring Pages for Kids|Easy,audience/detail candidate lacks independent review
chibi__chibi-monkey-king__cc6ace13e5,/printables/chibi/chibi-monkey-king-cc6ace13e5,present,seasonal|detail|audience,Coloring Pages for Kids|Easy,audience/detail candidate lacks independent review
chibi__chibi-monkey-king-clouds__ad04e8c11a,/printables/chibi/chibi-monkey-king-clouds-ad04e8c11a,present,seasonal|detail|audience,Coloring Pages for Kids|Easy,audience/detail candidate lacks independent review
chibi__chibi-moose__658b3ed796,/printables/chibi/chibi-moose-658b3ed796,present,seasonal|detail|audience,Coloring Pages for Kids|Easy,audience/detail candidate lacks independent review
chibi__chibi-moose-animal__01b0453ef2,/printables/animals/chibi-moose-animal-01b0453ef2,present,seasonal|detail|audience,Coloring Pages for Kids|Easy,audience/detail candidate lacks independent review
chibi__chibi-mushroom-artists-conk-kawaii__e5ba88231b,/printables/chibi/chibi-mushroom-artists-conk-kawaii-e5ba88231b,present,seasonal|detail|audience,Coloring Pages for Kids|Easy,audience/detail candidate lacks independent review
chibi__chibi-mushroom-artists-conk-painter__f66559f236,/printables/chibi/chibi-mushroom-artists-conk-painter-f66559f236,present,seasonal|detail|audience,Coloring Pages for Kids|Easy,audience/detail candidate lacks independent review
chibi__chibi-mushroom-biolu-minescent-forest-scene__baeebb6f2b,/printables/chibi/chibi-mushroom-biolu-minescent-forest-scene-baeebb6f2b,present,seasonal|detail|audience,Coloring Pages for Kids|Easy,audience/detail candidate lacks independent review
chibi__chibi-mushroom-black-trumpet__894ec6ddab,/printables/chibi/chibi-mushroom-black-trumpet-894ec6ddab,present,seasonal|detail|audience,Coloring Pages for Kids|Easy,audience/detail candidate lacks independent review
chibi__chibi-mushroom-bleeding-tooth__81089fcc88,/printables/chibi/chibi-mushroom-bleeding-tooth-81089fcc88,present,seasonal|detail|audience,Coloring Pages for Kids|Easy,audience/detail candidate lacks independent review
chibi__chibi-mushroom-button-mushroom__6072e605d4,/printables/chibi/chibi-mushroom-button-mushroom-6072e605d4,present,seasonal|detail|audience,Coloring Pages for Kids|Easy,audience/detail candidate lacks independent review
chibi__chibi-mushroom-chicken-of-the-woods__4c4a24ac1c,/printables/chibi/chibi-mushroom-chicken-of-the-woods-4c4a24ac1c,present,seasonal|detail|audience,Coloring Pages for Kids|Easy,audience/detail candidate lacks independent review
chibi__chibi-mushroom-coprinus-comatus-shaggy-mane__5cbf631455,/printables/chibi/chibi-mushroom-coprinus-comatus-shaggy-mane-5cbf631455,present,seasonal|detail|audience,Coloring Pages for Kids|Easy,audience/detail candidate lacks independent review
chibi__chibi-mushroom-coral-fungus__3dc67a7396,/printables/chibi/chibi-mushroom-coral-fungus-3dc67a7396,present,seasonal|detail|audience,Coloring Pages for Kids|Easy,audience/detail candidate lacks independent review
chibi__chibi-mushroom-cremini__ba6fc52e0e,/printables/chibi/chibi-mushroom-cremini-ba6fc52e0e,present,seasonal|detail|audience,Coloring Pages for Kids|Easy,audience/detail candidate lacks independent review
chibi__chibi-mushroom-earthstar-fungus__215ca4134d,/printables/chibi/chibi-mushroom-earthstar-fungus-215ca4134d,present,seasonal|detail|audience,Coloring Pages for Kids|Easy,audience/detail candidate lacks independent review
chibi__chibi-mushroom-enoki__6bfdb2bd4b,/printables/chibi/chibi-mushroom-enoki-6bfdb2bd4b,present,seasonal|detail|audience,Coloring Pages for Kids|Easy,audience/detail candidate lacks independent review
chibi__chibi-mushroom-fly-agaric-amanita__2db4d90cf5,/printables/chibi/chibi-mushroom-fly-agaric-amanita-2db4d90cf5,present,seasonal|detail|audience,Coloring Pages for Kids|Easy,audience/detail candidate lacks independent review
chibi__chibi-mushroom-forest-fairy-ring__36a59c6a0c,/printables/chibi/chibi-mushroom-forest-fairy-ring-36a59c6a0c,present,seasonal|detail|audience,Coloring Pages for Kids|Easy,audience/detail candidate lacks independent review
chibi__chibi-mushroom-friend__ce358f4b21,/printables/chibi/chibi-mushroom-friend-ce358f4b21,present,seasonal|detail|audience,Coloring Pages for Kids|Easy,audience/detail candidate lacks independent review
chibi__chibi-mushroom-ghost-fungus-glowing__eaca5ed377,/printables/chibi/chibi-mushroom-ghost-fungus-glowing-eaca5ed377,present,seasonal|detail|audience,Coloring Pages for Kids|Easy,audience/detail candidate lacks independent review
chibi__chibi-mushroom-hedgehog-tooth__da14bd7fc8,/printables/chibi/chibi-mushroom-hedgehog-tooth-da14bd7fc8,present,seasonal|detail|audience,Coloring Pages for Kids|Easy,audience/detail candidate lacks independent review
chibi__chibi-mushroom-honey-fungus-cluster__0c0f1b8089,/printables/chibi/chibi-mushroom-honey-fungus-cluster-0c0f1b8089,present,seasonal|detail|audience,Coloring Pages for Kids|Easy,audience/detail candidate lacks independent review
chibi__chibi-mushroom-horn-of-plenty__40e8943949,/printables/chibi/chibi-mushroom-horn-of-plenty-40e8943949,present,seasonal|detail|audience,Coloring Pages for Kids|Easy,audience/detail candidate lacks independent review
chibi__chibi-mushroom-inky-cap__a6975c8bea,/printables/chibi/chibi-mushroom-inky-cap-a6975c8bea,present,seasonal|detail|audience,Coloring Pages for Kids|Easy,audience/detail candidate lacks independent review
chibi__chibi-mushroom-kawaii-witches-butter__2d8d60119c,/printables/chibi/chibi-mushroom-kawaii-witches-butter-2d8d60119c,present,seasonal|detail|audience,Coloring Pages for Kids|Easy,audience/detail candidate lacks independent review
chibi__chibi-mushroom-king-oyster__1edf35ed45,/printables/chibi/chibi-mushroom-king-oyster-1edf35ed45,present,seasonal|detail|audience,Coloring Pages for Kids|Easy,audience/detail candidate lacks independent review
chibi__chibi-mushroom-lions-mane__e34046529b,/printables/chibi/chibi-mushroom-lions-mane-e34046529b,present,seasonal|detail|audience,Coloring Pages for Kids|Easy,audience/detail candidate lacks independent review
chibi__chibi-mushroom-magic-forest-mushroom-cartoon__491c7ddec7,/printables/chibi/chibi-mushroom-magic-forest-mushroom-cartoon-491c7ddec7,present,seasonal|detail|audience,Coloring Pages for Kids|Easy,audience/detail candidate lacks independent review
chibi__chibi-mushroom-maitake-hen-of-the-woods__8ba224720d,/printables/chibi/chibi-mushroom-maitake-hen-of-the-woods-8ba224720d,present,seasonal|detail|audience,Coloring Pages for Kids|Easy,audience/detail candidate lacks independent review
chibi__chibi-mushroom-morel__4b65f0e105,/printables/chibi/chibi-mushroom-morel-4b65f0e105,present,seasonal|detail|audience,Coloring Pages for Kids|Easy,audience/detail candidate lacks independent review
chibi__chibi-mushroom-mossy-log-with-mushrooms__2d117acbc1,/printables/chibi/chibi-mushroom-mossy-log-with-mushrooms-2d117acbc1,present,seasonal|detail|audience,Coloring Pages for Kids|Easy,audience/detail candidate lacks independent review
chibi__chibi-mushroom-nameko-mushroom__892099aa0f,/printables/chibi/chibi-mushroom-nameko-mushroom-892099aa0f,present,seasonal|detail|audience,Coloring Pages for Kids|Easy,audience/detail candidate lacks independent review
chibi__chibi-mushroom-oyster-mushroom__d514faae8e,/printables/chibi/chibi-mushroom-oyster-mushroom-d514faae8e,present,seasonal|detail|audience,Coloring Pages for Kids|Easy,audience/detail candidate lacks independent review
chibi__chibi-mushroom-pine-mushroom-scene__37c1352e02,/printables/chibi/chibi-mushroom-pine-mushroom-scene-37c1352e02,present,seasonal|detail|audience,Coloring Pages for Kids|Easy,audience/detail candidate lacks independent review
chibi__chibi-mushroom-porcini__5357dd49de,/printables/chibi/chibi-mushroom-porcini-5357dd49de,present,seasonal|detail|audience,Coloring Pages for Kids|Easy,audience/detail candidate lacks independent review
chibi__chibi-mushroom-portobello__a6b4fbd943,/printables/chibi/chibi-mushroom-portobello-a6b4fbd943,present,seasonal|detail|audience,Coloring Pages for Kids|Easy,audience/detail candidate lacks independent review
chibi__chibi-mushroom-puffball-giant__370648df2d,/printables/chibi/chibi-mushroom-puffball-giant-370648df2d,present,seasonal|detail|audience,Coloring Pages for Kids|Easy,audience/detail candidate lacks independent review
chibi__chibi-mushroom-reishi-ganoderma__9afa47e393,/printables/chibi/chibi-mushroom-reishi-ganoderma-9afa47e393,present,seasonal|detail|audience,Coloring Pages for Kids|Easy,audience/detail candidate lacks independent review
chibi__chibi-mushroom-shaggy-parasol__cd738eb2f7,/printables/chibi/chibi-mushroom-shaggy-parasol-cd738eb2f7,present,seasonal|detail|audience,Coloring Pages for Kids|Easy,audience/detail candidate lacks independent review
chibi__chibi-mushroom-shiitake__1fb4234720,/printables/chibi/chibi-mushroom-shiitake-1fb4234720,present,seasonal|detail|audience,Coloring Pages for Kids|Easy,audience/detail candidate lacks independent review
chibi__chibi-mushroom-snow-fungus__8762c0d0bf,/printables/chibi/chibi-mushroom-snow-fungus-8762c0d0bf,present,seasonal|detail|audience,Coloring Pages for Kids|Easy,audience/detail candidate lacks independent review
chibi__chibi-mushroom-spore-print-pattern__38db84b879,/printables/chibi/chibi-mushroom-spore-print-pattern-38db84b879,present,seasonal|detail|audience,Coloring Pages for Kids|Easy,audience/detail candidate lacks independent review
chibi__chibi-mushroom-stinkhorn-fungus__8ef6dcbb80,/printables/chibi/chibi-mushroom-stinkhorn-fungus-8ef6dcbb80,present,seasonal|detail|audience,Coloring Pages for Kids|Easy,audience/detail candidate lacks independent review
chibi__chibi-mushroom-sulphur-shelf__9d6165645c,/printables/chibi/chibi-mushroom-sulphur-shelf-9d6165645c,present,seasonal|detail|audience,Coloring Pages for Kids|Easy,audience/detail candidate lacks independent review
chibi__chibi-mushroom-turkey-tail__cd2674eaf3,/printables/chibi/chibi-mushroom-turkey-tail-cd2674eaf3,present,seasonal|detail|audience,Coloring Pages for Kids|Easy,audience/detail candidate lacks independent review
chibi__chibi-mushroom-witches-butter__bd312b4045,/printables/chibi/chibi-mushroom-witches-butter-bd312b4045,present,seasonal|detail|audience,Coloring Pages for Kids|Easy,audience/detail candidate lacks independent review
chibi__chibi-mushroom-wood-ear__31646488a7,/printables/chibi/chibi-mushroom-wood-ear-31646488a7,present,seasonal|detail|audience,Coloring Pages for Kids|Easy,audience/detail candidate lacks independent review
chibi__chibi-mushrooms__25389c3770,/printables/chibi/chibi-mushrooms-25389c3770,present,seasonal|detail|audience,Coloring Pages for Kids|Easy,audience/detail candidate lacks independent review
chibi__chibi-necromancer__8149eb9be7,/printables/chibi/chibi-necromancer-8149eb9be7,present,primary_subject|seasonal|detail|audience,Coloring Pages for Kids|Easy,audience/detail candidate lacks independent review
chibi__chibi-ninjas__7ff0476869,/printables/chibi/chibi-ninjas-7ff0476869,present,primary_subject|seasonal|detail|audience,Coloring Pages for Kids|Easy,audience/detail candidate lacks independent review
chibi__chibi-ogres__bf2ca901e0,/printables/chibi/chibi-ogres-bf2ca901e0,present,primary_subject|seasonal|detail|audience,Coloring Pages for Kids|Easy,audience/detail candidate lacks independent review
chibi__chibi-orangutan__eb8526ec78,/printables/chibi/chibi-orangutan-eb8526ec78,present,primary_subject|seasonal|detail|audience,Coloring Pages for Kids|Easy,audience/detail candidate lacks independent review
chibi__chibi-oriental-dragon__799ef48342,/printables/chibi/chibi-oriental-dragon-799ef48342,present,seasonal|detail|audience,Coloring Pages for Kids|Easy,audience/detail candidate lacks independent review
chibi__chibi-oriental-dragon-flying__fdfa392d1a,/printables/chibi/chibi-oriental-dragon-flying-fdfa392d1a,present,seasonal|detail|audience,Coloring Pages for Kids|Easy,audience/detail candidate lacks independent review
chibi__chibi-panda__2c93d273f3,/printables/chibi/chibi-panda-2c93d273f3,present,seasonal|detail|audience,Coloring Pages for Kids|Easy,audience/detail candidate lacks independent review
chibi__chibi-panther__79ee252950,/printables/chibi/chibi-panther-79ee252950,present,primary_subject|seasonal|detail|audience,Coloring Pages for Kids|Easy,audience/detail candidate lacks independent review
chibi__chibi-pegasus__1898443bae,/printables/chibi/chibi-pegasus-1898443bae,present,seasonal|detail|audience,Coloring Pages for Kids|Easy,audience/detail candidate lacks independent review
chibi__chibi-phoenix__62b3e003db,/printables/chibi/chibi-phoenix-62b3e003db,present,seasonal|detail|audience,Coloring Pages for Kids|Easy,audience/detail candidate lacks independent review
chibi__chibi-pirate-centaur__3b808fa86b,/printables/chibi/chibi-pirate-centaur-3b808fa86b,present,seasonal|detail|audience,Coloring Pages for Kids|Easy,audience/detail candidate lacks independent review
chibi__chibi-pirates__dcd656af7e,/printables/chibi/chibi-pirates-dcd656af7e,present,primary_subject|seasonal|detail|audience,Coloring Pages for Kids|Easy,audience/detail candidate lacks independent review
chibi__chibi-plushie-alligator__90926f5c7b,/printables/chibi/chibi-plushie-alligator-90926f5c7b,present,primary_subject|seasonal|detail|audience,Coloring Pages for Kids|Easy,audience/detail candidate lacks independent review
chibi__chibi-plushie-alpaca__2860177e32,/printables/chibi/chibi-plushie-alpaca-2860177e32,present,primary_subject|seasonal|detail|audience,Coloring Pages for Kids|Easy,audience/detail candidate lacks independent review
chibi__chibi-plushie-angelfish__4577f3eb39,/printables/chibi/chibi-plushie-angelfish-4577f3eb39,present,primary_subject|seasonal|detail|audience,Coloring Pages for Kids|Easy,audience/detail candidate lacks independent review
chibi__chibi-plushie-anteater__49ba44c4e9,/printables/chibi/chibi-plushie-anteater-49ba44c4e9,present,primary_subject|seasonal|detail|audience,Coloring Pages for Kids|Easy,audience/detail candidate lacks independent review
chibi__chibi-plushie-antelope__31435444ab,/printables/chibi/chibi-plushie-antelope-31435444ab,present,primary_subject|seasonal|detail|audience,Coloring Pages for Kids|Easy,audience/detail candidate lacks independent review
chibi__chibi-plushie-axolotl__03ca11d572,/printables/chibi/chibi-plushie-axolotl-03ca11d572,present,primary_subject|seasonal|detail|audience,Coloring Pages for Kids|Easy,audience/detail candidate lacks independent review
chibi__chibi-plushie-baby-alien__84a9b3e346,/printables/chibi/chibi-plushie-baby-alien-84a9b3e346,present,primary_subject|seasonal|detail|audience,Coloring Pages for Kids|Easy,audience/detail candidate lacks independent review
chibi__chibi-plushie-baby-dragon__088c244303,/printables/chibi/chibi-plushie-baby-dragon-088c244303,present,seasonal|detail|audience,Coloring Pages for Kids|Easy,audience/detail candidate lacks independent review
chibi__chibi-plushie-baby-hydra__1a0a8c89e9,/printables/chibi/chibi-plushie-baby-hydra-1a0a8c89e9,present,seasonal|detail|audience,Coloring Pages for Kids|Easy,audience/detail candidate lacks independent review
chibi__chibi-plushie-baby-kangaroo-joey__74e2f66bcf,/printables/chibi/chibi-plushie-baby-kangaroo-joey-74e2f66bcf,present,primary_subject|seasonal|detail|audience,Coloring Pages for Kids|Easy,audience/detail candidate lacks independent review
chibi__chibi-plushie-baby-kitsune__baec94f628,/printables/chibi/chibi-plushie-baby-kitsune-baec94f628,present,primary_subject|seasonal|detail|audience,Coloring Pages for Kids|Easy,audience/detail candidate lacks independent review
chibi__chibi-plushie-baby-kraken__4822d30730,/printables/chibi/chibi-plushie-baby-kraken-4822d30730,present,seasonal|detail|audience,Coloring Pages for Kids|Easy,audience/detail candidate lacks independent review
chibi__chibi-plushie-baby-octopus__d70c1e6cae,/printables/animals/chibi-plushie-baby-octopus-d70c1e6cae,present,seasonal|detail|audience,Coloring Pages for Kids|Easy,audience/detail candidate lacks independent review
chibi__chibi-plushie-badger__ab49215930,/printables/chibi/chibi-plushie-badger-ab49215930,present,primary_subject|seasonal|detail|audience,Coloring Pages for Kids|Easy,audience/detail candidate lacks independent review
chibi__chibi-plushie-bat__38f7ed18a6,/printables/bats/chibi-plushie-bat-38f7ed18a6,present,seasonal|detail|audience,Coloring Pages for Kids|Easy,audience/detail candidate lacks independent review
chibi__chibi-plushie-beaver__3998692f5c,/printables/chibi/chibi-plushie-beaver-3998692f5c,present,primary_subject|seasonal|detail|audience,Coloring Pages for Kids|Easy,audience/detail candidate lacks independent review
chibi__chibi-plushie-bee__227167d01c,/printables/animals/chibi-plushie-bee-227167d01c,present,seasonal|detail|audience,Coloring Pages for Kids|Easy,audience/detail candidate lacks independent review
chibi__chibi-plushie-beluga__14b49d7651,/printables/chibi/chibi-plushie-beluga-14b49d7651,present,primary_subject|seasonal|detail|audience,Coloring Pages for Kids|Easy,audience/detail candidate lacks independent review
chibi__chibi-plushie-bighorn-sheep__aad072c5db,/printables/chibi/chibi-plushie-bighorn-sheep-aad072c5db,present,seasonal|detail|audience,Coloring Pages for Kids|Easy,audience/detail candidate lacks independent review
chibi__chibi-plushie-blue-whale__a89416a0fd,/printables/animals/chibi-plushie-blue-whale-a89416a0fd,present,seasonal|detail|audience,Coloring Pages for Kids|Easy,audience/detail candidate lacks independent review
chibi__chibi-plushie-bobcat__485d33e8dc,/printables/chibi/chibi-plushie-bobcat-485d33e8dc,present,primary_subject|seasonal|detail|audience,Coloring Pages for Kids|Easy,audience/detail candidate lacks independent review
chibi__chibi-plushie-bubble-tea-character__eeb735f63b,/printables/chibi/chibi-plushie-bubble-tea-character-eeb735f63b,present,primary_subject|seasonal|detail|audience,Coloring Pages for Kids|Easy,audience/detail candidate lacks independent review
chibi__chibi-plushie-buffalo__bd024f845a,/printables/chibi/chibi-plushie-buffalo-bd024f845a,present,primary_subject|seasonal|detail|audience,Coloring Pages for Kids|Easy,audience/detail candidate lacks independent review
chibi__chibi-plushie-bunny-rabbit__10282745ac,/printables/chibi/chibi-plushie-bunny-rabbit-10282745ac,present,seasonal|detail|audience,Coloring Pages for Kids|Easy,audience/detail candidate lacks independent review
chibi__chibi-plushie-burger-and-fries__ad1f46c936,/printables/chibi/chibi-plushie-burger-and-fries-ad1f46c936,present,primary_subject|seasonal|detail|audience,Coloring Pages for Kids|Easy,audience/detail candidate lacks independent review
chibi__chibi-plushie-butterfly__e50cf71397,/printables/animals/chibi-plushie-butterfly-e50cf71397,present,seasonal|detail|audience,Coloring Pages for Kids|Easy,audience/detail candidate lacks independent review
chibi__chibi-plushie-camel__a7571e114e,/printables/chibi/chibi-plushie-camel-a7571e114e,present,primary_subject|seasonal|detail|audience,Coloring Pages for Kids|Easy,audience/detail candidate lacks independent review
chibi__chibi-plushie-capibara__22f62e998e,/printables/chibi/chibi-plushie-capibara-22f62e998e,present,primary_subject|seasonal|detail|audience,Coloring Pages for Kids|Easy,audience/detail candidate lacks independent review
chibi__chibi-plushie-caribou__337a1a9b3a,/printables/chibi/chibi-plushie-caribou-337a1a9b3a,present,primary_subject|seasonal|detail|audience,Coloring Pages for Kids|Easy,audience/detail candidate lacks independent review
chibi__chibi-plushie-centaur__e63c7c3bed,/printables/chibi/chibi-plushie-centaur-e63c7c3bed,present,seasonal|detail|audience,Coloring Pages for Kids|Easy,audience/detail candidate lacks independent review
chibi__chibi-plushie-cerberus__4ba1699cff,/printables/chibi/chibi-plushie-cerberus-4ba1699cff,present,primary_subject|seasonal|detail|audience,Coloring Pages for Kids|Easy,audience/detail candidate lacks independent review
chibi__chibi-plushie-chameleon__56571f6da4,/printables/animals/chibi-plushie-chameleon-56571f6da4,present,seasonal|detail|audience,Coloring Pages for Kids|Easy,audience/detail candidate lacks independent review
chibi__chibi-plushie-cheetah__8db122da29,/printables/chibi/chibi-plushie-cheetah-8db122da29,present,primary_subject|seasonal|detail|audience,Coloring Pages for Kids|Easy,audience/detail candidate lacks independent review
chibi__chibi-plushie-chick__c649e61ec6,/printables/chibi/chibi-plushie-chick-c649e61ec6,present,primary_subject|seasonal|detail|audience,Coloring Pages for Kids|Easy,audience/detail candidate lacks independent review
chibi__chibi-plushie-chinchilla__6feee6f4cd,/printables/chibi/chibi-plushie-chinchilla-6feee6f4cd,present,primary_subject|seasonal|detail|audience,Coloring Pages for Kids|Easy,audience/detail candidate lacks independent review
chibi__chibi-plushie-chipmunk__815af458ce,/printables/chibi/chibi-plushie-chipmunk-815af458ce,present,primary_subject|seasonal|detail|audience,Coloring Pages for Kids|Easy,audience/detail candidate lacks independent review
chibi__chibi-plushie-cloud-character__14aa2d7940,/printables/chibi/chibi-plushie-cloud-character-14aa2d7940,present,primary_subject|seasonal|detail|audience,Coloring Pages for Kids|Easy,audience/detail candidate lacks independent review
chibi__chibi-plushie-cookie-character__cbbcab378b,/printables/chibi/chibi-plushie-cookie-character-cbbcab378b,present,seasonal|detail|audience,Coloring Pages for Kids|Easy,audience/detail candidate lacks independent review
chibi__chibi-plushie-cougar__11aac42ddc,/printables/chibi/chibi-plushie-cougar-11aac42ddc,present,primary_subject|seasonal|detail|audience,Coloring Pages for Kids|Easy,audience/detail candidate lacks independent review
chibi__chibi-plushie-cow__2e1de36f67,/printables/chibi/chibi-plushie-cow-2e1de36f67,present,seasonal|detail|audience,Coloring Pages for Kids|Easy,audience/detail candidate lacks independent review
chibi__chibi-plushie-coyote__cfd8cb5205,/printables/chibi/chibi-plushie-coyote-cfd8cb5205,present,primary_subject|seasonal|detail|audience,Coloring Pages for Kids|Easy,audience/detail candidate lacks independent review
chibi__chibi-plushie-crab__0a927497b6,/printables/animals/chibi-plushie-crab-0a927497b6,present,seasonal|detail|audience,Coloring Pages for Kids|Easy,audience/detail candidate lacks independent review
chibi__chibi-plushie-deer__497bb80ac7,/printables/chibi/chibi-plushie-deer-497bb80ac7,present,seasonal|detail|audience,Coloring Pages for Kids|Easy,audience/detail candidate lacks independent review
chibi__chibi-plushie-dinosaur__aaef2c5df6,/printables/animals/chibi-plushie-dinosaur-aaef2c5df6,present,seasonal|detail|audience,Coloring Pages for Kids|Easy,audience/detail candidate lacks independent review
chibi__chibi-plushie-dolphin__4549f6ccf9,/printables/animals/chibi-plushie-dolphin-4549f6ccf9,present,seasonal|detail|audience,Coloring Pages for Kids|Easy,audience/detail candidate lacks independent review
chibi__chibi-plushie-donut-character__77eb4a92e1,/printables/chibi/chibi-plushie-donut-character-77eb4a92e1,present,primary_subject|seasonal|detail|audience,Coloring Pages for Kids|Easy,audience/detail candidate lacks independent review
chibi__chibi-plushie-dragon__e8231d10ea,/printables/chibi/chibi-plushie-dragon-e8231d10ea,present,seasonal|detail|audience,Coloring Pages for Kids|Easy,audience/detail candidate lacks independent review
chibi__chibi-plushie-duck__b6c74cea43,/printables/chibi/chibi-plushie-duck-b6c74cea43,present,seasonal|detail|audience,Coloring Pages for Kids|Easy,audience/detail candidate lacks independent review
chibi__chibi-plushie-dugong__03c2fe95f7,/printables/chibi/chibi-plushie-dugong-03c2fe95f7,present,primary_subject|seasonal|detail|audience,Coloring Pages for Kids|Easy,audience/detail candidate lacks independent review
chibi__chibi-plushie-eagle__42eb783c83,/printables/chibi/chibi-plushie-eagle-42eb783c83,present,seasonal|detail|audience,Coloring Pages for Kids|Easy,audience/detail candidate lacks independent review
chibi__chibi-plushie-earth-globe-character__38729dc3d2,/printables/chibi/chibi-plushie-earth-globe-character-38729dc3d2,present,primary_subject|seasonal|detail|audience,Coloring Pages for Kids|Easy,audience/detail candidate lacks independent review
chibi__chibi-plushie-easter-egg-character__efff2333cb,/printables/chibi/chibi-plushie-easter-egg-character-efff2333cb,present,primary_subject|seasonal|detail|audience,Coloring Pages for Kids|Easy,audience/detail candidate lacks independent review
chibi__chibi-plushie-elephant__d4115aa5af,/printables/chibi/chibi-plushie-elephant-d4115aa5af,present,seasonal|detail|audience,Coloring Pages for Kids|Easy,audience/detail candidate lacks independent review
chibi__chibi-plushie-fairy__3ee5b8c755,/printables/chibi/chibi-plushie-fairy-3ee5b8c755,present,seasonal|detail|audience,Coloring Pages for Kids|Easy,audience/detail candidate lacks independent review
chibi__chibi-plushie-fennec-fox__3e3791b4fe,/printables/chibi/chibi-plushie-fennec-fox-3e3791b4fe,present,seasonal|detail|audience,Coloring Pages for Kids|Easy,audience/detail candidate lacks independent review
chibi__chibi-plushie-ferret__b53510cfbf,/printables/chibi/chibi-plushie-ferret-b53510cfbf,present,primary_subject|seasonal|detail|audience,Coloring Pages for Kids|Easy,audience/detail candidate lacks independent review
chibi__chibi-plushie-flamingo__a32d621260,/printables/chibi/chibi-plushie-flamingo-a32d621260,present,primary_subject|seasonal|detail|audience,Coloring Pages for Kids|Easy,audience/detail candidate lacks independent review
chibi__chibi-plushie-frog__8a1448e453,/printables/animals/chibi-plushie-frog-8a1448e453,present,seasonal|detail|audience,Coloring Pages for Kids|Easy,audience/detail candidate lacks independent review
chibi__chibi-plushie-gazelle__7f25487674,/printables/chibi/chibi-plushie-gazelle-7f25487674,present,primary_subject|seasonal|detail|audience,Coloring Pages for Kids|Easy,audience/detail candidate lacks independent review
chibi__chibi-plushie-gecko__7aaf40fa39,/printables/chibi/chibi-plushie-gecko-7aaf40fa39,present,primary_subject|seasonal|detail|audience,Coloring Pages for Kids|Easy,audience/detail candidate lacks independent review
chibi__chibi-plushie-gerbil__b50a20ddb9,/printables/chibi/chibi-plushie-gerbil-b50a20ddb9,present,primary_subject|seasonal|detail|audience,Coloring Pages for Kids|Easy,audience/detail candidate lacks independent review
chibi__chibi-plushie-gingerbread-character__31a1a21871,/printables/chibi/chibi-plushie-gingerbread-character-31a1a21871,present,primary_subject|detail|audience,Coloring Pages for Kids|Easy,audience/detail candidate lacks independent review
chibi__chibi-plushie-giraffe__b73746824c,/printables/chibi/chibi-plushie-giraffe-b73746824c,present,seasonal|detail|audience,Coloring Pages for Kids|Easy,audience/detail candidate lacks independent review
chibi__chibi-plushie-goose__080bd104a8,/printables/chibi/chibi-plushie-goose-080bd104a8,present,primary_subject|seasonal|detail|audience,Coloring Pages for Kids|Easy,audience/detail candidate lacks independent review
chibi__chibi-plushie-griffin__0163e5c809,/printables/chibi/chibi-plushie-griffin-0163e5c809,present,seasonal|detail|audience,Coloring Pages for Kids|Easy,audience/detail candidate lacks independent review
chibi__chibi-plushie-guinea-pig__402c7d92d0,/printables/chibi/chibi-plushie-guinea-pig-402c7d92d0,present,primary_subject|seasonal|detail|audience,Coloring Pages for Kids|Easy,audience/detail candidate lacks independent review
chibi__chibi-plushie-hamster__ebd4764896,/printables/chibi/chibi-plushie-hamster-ebd4764896,present,primary_subject|seasonal|detail|audience,Coloring Pages for Kids|Easy,audience/detail candidate lacks independent review
chibi__chibi-plushie-hanukkah-dreidel-character__123ff3fb5f,/printables/chibi/chibi-plushie-hanukkah-dreidel-character-123ff3fb5f,present,primary_subject|seasonal|detail|audience,Coloring Pages for Kids|Easy,audience/detail candidate lacks independent review
chibi__chibi-plushie-happy-hippogriff__7d3e8be1c8,/printables/chibi/chibi-plushie-happy-hippogriff-7d3e8be1c8,present,primary_subject|seasonal|detail|audience,Coloring Pages for Kids|Easy,audience/detail candidate lacks independent review
chibi__chibi-plushie-heart-character__d50306f131,/printables/chibi/chibi-plushie-heart-character-d50306f131,present,primary_subject|seasonal|detail|audience,Coloring Pages for Kids|Easy,audience/detail candidate lacks independent review
chibi__chibi-plushie-hippo__064988dd71,/printables/chibi/chibi-plushie-hippo-064988dd71,present,seasonal|detail|audience,Coloring Pages for Kids|Easy,audience/detail candidate lacks independent review
chibi__chibi-plushie-hippogriff__32b1afa010,/printables/chibi/chibi-plushie-hippogriff-32b1afa010,present,primary_subject|seasonal|detail|audience,Coloring Pages for Kids|Easy,audience/detail candidate lacks independent review
chibi__chibi-plushie-horse__86da662270,/printables/chibi/chibi-plushie-horse-86da662270,present,seasonal|detail|audience,Coloring Pages for Kids|Easy,audience/detail candidate lacks independent review
chibi__chibi-plushie-hummingbird__fcf7ae5bcb,/printables/chibi/chibi-plushie-hummingbird-fcf7ae5bcb,present,primary_subject|seasonal|detail|audience,Coloring Pages for Kids|Easy,audience/detail candidate lacks independent review
chibi__chibi-plushie-humpback-whale__a7d7270711,/printables/animals/chibi-plushie-humpback-whale-a7d7270711,present,seasonal|detail|audience,Coloring Pages for Kids|Easy,audience/detail candidate lacks independent review
chibi__chibi-plushie-hyena__790ed18add,/printables/chibi/chibi-plushie-hyena-790ed18add,present,primary_subject|seasonal|detail|audience,Coloring Pages for Kids|Easy,audience/detail candidate lacks independent review
chibi__chibi-plushie-ice-cream-cone-character__df62a5c71e,/printables/chibi/chibi-plushie-ice-cream-cone-character-df62a5c71e,present,primary_subject|seasonal|detail|audience,Coloring Pages for Kids|Easy,audience/detail candidate lacks independent review
chibi__chibi-plushie-iguana__3bc9de7ca7,/printables/chibi/chibi-plushie-iguana-3bc9de7ca7,present,seasonal|detail|audience,Coloring Pages for Kids|Easy,audience/detail candidate lacks independent review
chibi__chibi-plushie-jackal__aab942cb2a,/printables/chibi/chibi-plushie-jackal-aab942cb2a,present,primary_subject|seasonal|detail|audience,Coloring Pages for Kids|Easy,audience/detail candidate lacks independent review
chibi__chibi-plushie-jaguar__0bb870913d,/printables/chibi/chibi-plushie-jaguar-0bb870913d,present,primary_subject|seasonal|detail|audience,Coloring Pages for Kids|Easy,audience/detail candidate lacks independent review
chibi__chibi-plushie-jellyfish__4eec26949a,/printables/chibi/chibi-plushie-jellyfish-4eec26949a,present,primary_subject|seasonal|detail|audience,Coloring Pages for Kids|Easy,audience/detail candidate lacks independent review
chibi__chibi-plushie-kawaii-blue-whale__564a15da70,/printables/animals/chibi-plushie-kawaii-blue-whale-564a15da70,present,seasonal|detail|audience,Coloring Pages for Kids|Easy,audience/detail candidate lacks independent review
chibi__chibi-plushie-kawaii-humpback-whale__fd78201f5a,/printables/animals/chibi-plushie-kawaii-humpback-whale-fd78201f5a,present,seasonal|detail|audience,Coloring Pages for Kids|Easy,audience/detail candidate lacks independent review
chibi__chibi-plushie-kawaii-polar-bear__938c4d4db3,/printables/bears/chibi-plushie-kawaii-polar-bear-938c4d4db3,present,seasonal|detail|audience,Coloring Pages for Kids|Easy,audience/detail candidate lacks independent review
chibi__chibi-plushie-kawaii-salamander__25e0d7ec1d,/printables/chibi/chibi-plushie-kawaii-salamander-25e0d7ec1d,present,seasonal|detail|audience,Coloring Pages for Kids|Easy,audience/detail candidate lacks independent review
chibi__chibi-plushie-kitten-cat__de2f96f241,/printables/animals/chibi-plushie-kitten-cat-de2f96f241,present,seasonal|detail|audience,Coloring Pages for Kids|Easy,audience/detail candidate lacks independent review
chibi__chibi-plushie-kiwi-bird__4205a7df9c,/printables/animals/chibi-plushie-kiwi-bird-4205a7df9c,present,seasonal|detail|audience,Coloring Pages for Kids|Easy,audience/detail candidate lacks independent review
chibi__chibi-plushie-koala-bear__683bc7db01,/printables/bears/chibi-plushie-koala-bear-683bc7db01,present,seasonal|detail|audience,Coloring Pages for Kids|Easy,audience/detail candidate lacks independent review
chibi__chibi-plushie-koala-joey__35e84d9388,/printables/chibi/chibi-plushie-koala-joey-35e84d9388,present,seasonal|detail|audience,Coloring Pages for Kids|Easy,audience/detail candidate lacks independent review
chibi__chibi-plushie-komodo-dragon__c393e03850,/printables/chibi/chibi-plushie-komodo-dragon-c393e03850,present,seasonal|detail|audience,Coloring Pages for Kids|Easy,audience/detail candidate lacks independent review
chibi__chibi-plushie-lamb__685283c78f,/printables/chibi/chibi-plushie-lamb-685283c78f,present,primary_subject|seasonal|detail|audience,Coloring Pages for Kids|Easy,audience/detail candidate lacks independent review
chibi__chibi-plushie-lemur__ccee7916e3,/printables/chibi/chibi-plushie-lemur-ccee7916e3,present,primary_subject|seasonal|detail|audience,Coloring Pages for Kids|Easy,audience/detail candidate lacks independent review
chibi__chibi-plushie-lion__cee6d8728c,/printables/chibi/chibi-plushie-lion-cee6d8728c,present,seasonal|detail|audience,Coloring Pages for Kids|Easy,audience/detail candidate lacks independent review
chibi__chibi-plushie-llama__8d8a6f3098,/printables/chibi/chibi-plushie-llama-8d8a6f3098,present,seasonal|detail|audience,Coloring Pages for Kids|Easy,audience/detail candidate lacks independent review
chibi__chibi-plushie-lobster__eefb1202e4,/printables/chibi/chibi-plushie-lobster-eefb1202e4,present,primary_subject|seasonal|detail|audience,Coloring Pages for Kids|Easy,audience/detail candidate lacks independent review
chibi__chibi-plushie-lynx__54651154e9,/printables/chibi/chibi-plushie-lynx-54651154e9,present,primary_subject|seasonal|detail|audience,Coloring Pages for Kids|Easy,audience/detail candidate lacks independent review
chibi__chibi-plushie-macaw__61580cb786,/printables/chibi/chibi-plushie-macaw-61580cb786,present,primary_subject|seasonal|detail|audience,Coloring Pages for Kids|Easy,audience/detail candidate lacks independent review
chibi__chibi-plushie-manatee__39ec2222ed,/printables/chibi/chibi-plushie-manatee-39ec2222ed,present,primary_subject|seasonal|detail|audience,Coloring Pages for Kids|Easy,audience/detail candidate lacks independent review
chibi__chibi-plushie-marshmallow-character__77bce7e08c,/printables/chibi/chibi-plushie-marshmallow-character-77bce7e08c,present,primary_subject|seasonal|detail|audience,Coloring Pages for Kids|Easy,audience/detail candidate lacks independent review
chibi__chibi-plushie-meerkat__022438e185,/printables/chibi/chibi-plushie-meerkat-022438e185,present,primary_subject|seasonal|detail|audience,Coloring Pages for Kids|Easy,audience/detail candidate lacks independent review
chibi__chibi-plushie-mermaid__e5049743f6,/printables/chibi/chibi-plushie-mermaid-e5049743f6,present,seasonal|detail|audience,Coloring Pages for Kids|Easy,audience/detail candidate lacks independent review
chibi__chibi-plushie-monkey__cf5d794769,/printables/chibi/chibi-plushie-monkey-cf5d794769,present,seasonal|detail|audience,Coloring Pages for Kids|Easy,audience/detail candidate lacks independent review
chibi__chibi-plushie-moon__01ed9427ef,/printables/chibi/chibi-plushie-moon-01ed9427ef,present,primary_subject|seasonal|detail|audience,Coloring Pages for Kids|Easy,audience/detail candidate lacks independent review
chibi__chibi-plushie-moon-character__a71599fc1e,/printables/chibi/chibi-plushie-moon-character-a71599fc1e,present,primary_subject|seasonal|detail|audience,Coloring Pages for Kids|Easy,audience/detail candidate lacks independent review
chibi__chibi-plushie-moose__2474de4b02,/printables/chibi/chibi-plushie-moose-2474de4b02,present,seasonal|detail|audience,Coloring Pages for Kids|Easy,audience/detail candidate lacks independent review
chibi__chibi-plushie-mountain-goat__9ae1bb4cae,/printables/chibi/chibi-plushie-mountain-goat-9ae1bb4cae,present,primary_subject|seasonal|detail|audience,Coloring Pages for Kids|Easy,audience/detail candidate lacks independent review
chibi__chibi-plushie-mouse__c5d8954eb0,/printables/chibi/chibi-plushie-mouse-c5d8954eb0,present,primary_subject|seasonal|detail|audience,Coloring Pages for Kids|Easy,audience/detail candidate lacks independent review
chibi__chibi-plushie-mushroom-character__a45701e795,/printables/chibi/chibi-plushie-mushroom-character-a45701e795,present,seasonal|detail|audience,Coloring Pages for Kids|Easy,audience/detail candidate lacks independent review
chibi__chibi-plushie-newt__e7baebab04,/printables/chibi/chibi-plushie-newt-e7baebab04,present,primary_subject|seasonal|detail|audience,Coloring Pages for Kids|Easy,audience/detail candidate lacks independent review
chibi__chibi-plushie-octopus__8099052ba8,/printables/animals/chibi-plushie-octopus-8099052ba8,present,seasonal|detail|audience,Coloring Pages for Kids|Easy,audience/detail candidate lacks independent review
chibi__chibi-plushie-okapi__d16a01ae0b,/printables/chibi/chibi-plushie-okapi-d16a01ae0b,present,primary_subject|seasonal|detail|audience,Coloring Pages for Kids|Easy,audience/detail candidate lacks independent review
chibi__chibi-plushie-orca__c0d3cfcf62,/printables/chibi/chibi-plushie-orca-c0d3cfcf62,present,primary_subject|seasonal|detail|audience,Coloring Pages for Kids|Easy,audience/detail candidate lacks independent review
chibi__chibi-plushie-otter__3b52aef11e,/printables/chibi/chibi-plushie-otter-3b52aef11e,present,seasonal|detail|audience,Coloring Pages for Kids|Easy,audience/detail candidate lacks independent review
chibi__chibi-plushie-owl__449895fb8b,/printables/chibi/chibi-plushie-owl-449895fb8b,present,seasonal|detail|audience,Coloring Pages for Kids|Easy,audience/detail candidate lacks independent review
chibi__chibi-plushie-panda-bear__99b2188092,/printables/bears/chibi-plushie-panda-bear-99b2188092,present,seasonal|detail|audience,Coloring Pages for Kids|Easy,audience/detail candidate lacks independent review
chibi__chibi-plushie-pangolin__8a0dbe8d5e,/printables/chibi/chibi-plushie-pangolin-8a0dbe8d5e,present,primary_subject|seasonal|detail|audience,Coloring Pages for Kids|Easy,audience/detail candidate lacks independent review
chibi__chibi-plushie-panther__91bcc8dcee,/printables/chibi/chibi-plushie-panther-91bcc8dcee,present,primary_subject|seasonal|detail|audience,Coloring Pages for Kids|Easy,audience/detail candidate lacks independent review
chibi__chibi-plushie-parrot__a8078c56f1,/printables/chibi/chibi-plushie-parrot-a8078c56f1,present,primary_subject|seasonal|detail|audience,Coloring Pages for Kids|Easy,audience/detail candidate lacks independent review
chibi__chibi-plushie-peacock__85943abfae,/printables/chibi/chibi-plushie-peacock-85943abfae,present,primary_subject|seasonal|detail|audience,Coloring Pages for Kids|Easy,audience/detail candidate lacks independent review
chibi__chibi-plushie-pegasus__0ee225e1c3,/printables/chibi/chibi-plushie-pegasus-0ee225e1c3,present,seasonal|detail|audience,Coloring Pages for Kids|Easy,audience/detail candidate lacks independent review
chibi__chibi-plushie-penguin__50894f600f,/printables/chibi/chibi-plushie-penguin-50894f600f,present,seasonal|detail|audience,Coloring Pages for Kids|Easy,audience/detail candidate lacks independent review
chibi__chibi-plushie-phoenix__3b48543986,/printables/chibi/chibi-plushie-phoenix-3b48543986,present,seasonal|detail|audience,Coloring Pages for Kids|Easy,audience/detail candidate lacks independent review
chibi__chibi-plushie-piglet__a3b69136e1,/printables/chibi/chibi-plushie-piglet-a3b69136e1,present,primary_subject|seasonal|detail|audience,Coloring Pages for Kids|Easy,audience/detail candidate lacks independent review
chibi__chibi-plushie-pizza-slice__77487adbb6,/printables/chibi/chibi-plushie-pizza-slice-77487adbb6,present,primary_subject|seasonal|detail|audience,Coloring Pages for Kids|Easy,audience/detail candidate lacks independent review
chibi__chibi-plushie-polar-bear__64be79dc44,/printables/bears/chibi-plushie-polar-bear-64be79dc44,present,seasonal|detail|audience,Coloring Pages for Kids|Easy,audience/detail candidate lacks independent review
chibi__chibi-plushie-popsicle-character__a9ee0be926,/printables/chibi/chibi-plushie-popsicle-character-a9ee0be926,present,primary_subject|seasonal|detail|audience,Coloring Pages for Kids|Easy,audience/detail candidate lacks independent review
chibi__chibi-plushie-porcupine__c7fcb1e1e8,/printables/chibi/chibi-plushie-porcupine-c7fcb1e1e8,present,primary_subject|seasonal|detail|audience,Coloring Pages for Kids|Easy,audience/detail candidate lacks independent review
chibi__chibi-plushie-possum__411a22ce65,/printables/chibi/chibi-plushie-possum-411a22ce65,present,primary_subject|seasonal|detail|audience,Coloring Pages for Kids|Easy,audience/detail candidate lacks independent review
chibi__chibi-plushie-prehistoric-ankylosaurus__3a15949a44,/printables/chibi/chibi-plushie-prehistoric-ankylosaurus-3a15949a44,present,seasonal|detail|audience,Coloring Pages for Kids|Easy,audience/detail candidate lacks independent review
chibi__chibi-plushie-prehistoric-brachiosaurus__c6bca59cb4,/printables/animals/chibi-plushie-prehistoric-brachiosaurus-c6bca59cb4,present,seasonal|detail|audience,Coloring Pages for Kids|Easy,audience/detail candidate lacks independent review
chibi__chibi-plushie-prehistoric-diplodocus__a6eff46243,/printables/animals/chibi-plushie-prehistoric-diplodocus-a6eff46243,present,seasonal|detail|audience,Coloring Pages for Kids|Easy,audience/detail candidate lacks independent review
chibi__chibi-plushie-prehistoric-dodo__971a0a50fe,/printables/chibi/chibi-plushie-prehistoric-dodo-971a0a50fe,present,seasonal|detail|audience,Coloring Pages for Kids|Easy,audience/detail candidate lacks independent review
chibi__chibi-plushie-prehistoric-glyptodon__610ce5b60f,/printables/chibi/chibi-plushie-prehistoric-glyptodon-610ce5b60f,present,primary_subject|seasonal|detail|audience,Coloring Pages for Kids|Easy,audience/detail candidate lacks independent review
chibi__chibi-plushie-prehistoric-iguanodon__d835d9df5c,/printables/chibi/chibi-plushie-prehistoric-iguanodon-d835d9df5c,present,seasonal|detail|audience,Coloring Pages for Kids|Easy,audience/detail candidate lacks independent review
chibi__chibi-plushie-prehistoric-megalodon__12d269ee5c,/printables/chibi/chibi-plushie-prehistoric-megalodon-12d269ee5c,present,seasonal|detail|audience,Coloring Pages for Kids|Easy,audience/detail candidate lacks independent review
chibi__chibi-plushie-prehistoric-mosasaurus__e7c98f3020,/printables/chibi/chibi-plushie-prehistoric-mosasaurus-e7c98f3020,present,seasonal|detail|audience,Coloring Pages for Kids|Easy,audience/detail candidate lacks independent review
chibi__chibi-plushie-prehistoric-plesiosaurus__ea6db596f6,/printables/chibi/chibi-plushie-prehistoric-plesiosaurus-ea6db596f6,present,seasonal|detail|audience,Coloring Pages for Kids|Easy,audience/detail candidate lacks independent review
chibi__chibi-plushie-prehistoric-pterodactyl__c0e1f19702,/printables/chibi/chibi-plushie-prehistoric-pterodactyl-c0e1f19702,present,seasonal|detail|audience,Coloring Pages for Kids|Easy,audience/detail candidate lacks independent review
chibi__chibi-plushie-prehistoric-saber-toothed-tiger__b1b54abff8,/printables/animals/chibi-plushie-prehistoric-saber-toothed-tiger-b1b54abff8,present,seasonal|detail|audience,Coloring Pages for Kids|Easy,audience/detail candidate lacks independent review
chibi__chibi-plushie-prehistoric-stegosaurus__327597d3ae,/printables/animals/chibi-plushie-prehistoric-stegosaurus-327597d3ae,present,seasonal|detail|audience,Coloring Pages for Kids|Easy,audience/detail candidate lacks independent review
chibi__chibi-plushie-prehistoric-triceratops__75b5a6c1ee,/printables/animals/chibi-plushie-prehistoric-triceratops-75b5a6c1ee,present,seasonal|detail|audience,Coloring Pages for Kids|Easy,audience/detail candidate lacks independent review
chibi__chibi-plushie-prehistoric-tyrannosaurus-rex__2f73f2fae2,/printables/animals/chibi-plushie-prehistoric-tyrannosaurus-rex-2f73f2fae2,present,seasonal|detail|audience,Coloring Pages for Kids|Easy,audience/detail candidate lacks independent review
chibi__chibi-plushie-prehistoric-velociraptor__00cb827257,/printables/animals/chibi-plushie-prehistoric-velociraptor-00cb827257,present,seasonal|detail|audience,Coloring Pages for Kids|Easy,audience/detail candidate lacks independent review
chibi__chibi-plushie-prehistoric-woolly-mammoth__88facd460e,/printables/animals/chibi-plushie-prehistoric-woolly-mammoth-88facd460e,present,seasonal|detail|audience,Coloring Pages for Kids|Easy,audience/detail candidate lacks independent review
chibi__chibi-plushie-pufferfish__e4d7ffe334,/printables/chibi/chibi-plushie-pufferfish-e4d7ffe334,present,primary_subject|seasonal|detail|audience,Coloring Pages for Kids|Easy,audience/detail candidate lacks independent review
chibi__chibi-plushie-pumpkin__62940acc20,/printables/chibi/chibi-plushie-pumpkin-62940acc20,present,seasonal|detail|audience,Coloring Pages for Kids|Easy,audience/detail candidate lacks independent review
chibi__chibi-plushie-pumpkin-character__8f9949dc7c,/printables/chibi/chibi-plushie-pumpkin-character-8f9949dc7c,present,seasonal|detail|audience,Coloring Pages for Kids|Easy,audience/detail candidate lacks independent review
chibi__chibi-plushie-puppy-dog__132f44319f,/printables/animals/chibi-plushie-puppy-dog-132f44319f,present,seasonal|detail|audience,Coloring Pages for Kids|Easy,audience/detail candidate lacks independent review
chibi__chibi-plushie-raccoon__0a50680ecc,/printables/chibi/chibi-plushie-raccoon-0a50680ecc,present,primary_subject|seasonal|detail|audience,Coloring Pages for Kids|Easy,audience/detail candidate lacks independent review
chibi__chibi-plushie-rat__170af4ef89,/printables/chibi/chibi-plushie-rat-170af4ef89,present,primary_subject|seasonal|detail|audience,Coloring Pages for Kids|Easy,audience/detail candidate lacks independent review
chibi__chibi-plushie-red-panda__26f7e27d79,/printables/chibi/chibi-plushie-red-panda-26f7e27d79,present,seasonal|detail|audience,Coloring Pages for Kids|Easy,audience/detail candidate lacks independent review
chibi__chibi-plushie-reindeer__471ae183de,/printables/chibi/chibi-plushie-reindeer-471ae183de,present,seasonal|detail|audience,Coloring Pages for Kids|Easy,audience/detail candidate lacks independent review
chibi__chibi-plushie-reindeer-rudolph__7632633df0,/printables/chibi/chibi-plushie-reindeer-rudolph-7632633df0,present,seasonal|detail|audience,Coloring Pages for Kids|Easy,audience/detail candidate lacks independent review
chibi__chibi-plushie-robot__7e5c419a1b,/printables/chibi/chibi-plushie-robot-7e5c419a1b,present,seasonal|detail|audience,Coloring Pages for Kids|Easy,audience/detail candidate lacks independent review
chibi__chibi-plushie-rocket-ship-blasting-off__f761ce0a8c,/printables/chibi/chibi-plushie-rocket-ship-blasting-off-f761ce0a8c,present,primary_subject|seasonal|detail|audience,Coloring Pages for Kids|Easy,audience/detail candidate lacks independent review
chibi__chibi-plushie-rocket-ship-character__057c26e37a,/printables/chibi/chibi-plushie-rocket-ship-character-057c26e37a,present,primary_subject|seasonal|detail|audience,Coloring Pages for Kids|Easy,audience/detail candidate lacks independent review
chibi__chibi-plushie-rooster__0138040c27,/printables/chibi/chibi-plushie-rooster-0138040c27,present,primary_subject|seasonal|detail|audience,Coloring Pages for Kids|Easy,audience/detail candidate lacks independent review
chibi__chibi-plushie-salamander__bdd9c02c46,/printables/chibi/chibi-plushie-salamander-bdd9c02c46,present,primary_subject|seasonal|detail|audience,Coloring Pages for Kids|Easy,audience/detail candidate lacks independent review
chibi__chibi-plushie-sea-anemone__8034224dc6,/printables/chibi/chibi-plushie-sea-anemone-8034224dc6,present,primary_subject|seasonal|detail|audience,Coloring Pages for Kids|Easy,audience/detail candidate lacks independent review
chibi__chibi-plushie-sea-lion__6b8e346a23,/printables/chibi/chibi-plushie-sea-lion-6b8e346a23,present,seasonal|detail|audience,Coloring Pages for Kids|Easy,audience/detail candidate lacks independent review
chibi__chibi-plushie-sea-otter__2044e68336,/printables/chibi/chibi-plushie-sea-otter-2044e68336,present,seasonal|detail|audience,Coloring Pages for Kids|Easy,audience/detail candidate lacks independent review
chibi__chibi-plushie-sea-turtle-hatchling__5ca385e431,/printables/animals/chibi-plushie-sea-turtle-hatchling-5ca385e431,present,seasonal|detail|audience,Coloring Pages for Kids|Easy,audience/detail candidate lacks independent review
chibi__chibi-plushie-sea-urchin__ad4b7e0e8c,/printables/chibi/chibi-plushie-sea-urchin-ad4b7e0e8c,present,primary_subject|seasonal|detail|audience,Coloring Pages for Kids|Easy,audience/detail candidate lacks independent review
chibi__chibi-plushie-seahorse__e2ef3da10a,/printables/chibi/chibi-plushie-seahorse-e2ef3da10a,present,primary_subject|seasonal|detail|audience,Coloring Pages for Kids|Easy,audience/detail candidate lacks independent review
chibi__chibi-plushie-seal__9100181a31,/printables/chibi/chibi-plushie-seal-9100181a31,present,primary_subject|seasonal|detail|audience,Coloring Pages for Kids|Easy,audience/detail candidate lacks independent review
chibi__chibi-plushie-skunk__0121e626c2,/printables/chibi/chibi-plushie-skunk-0121e626c2,present,primary_subject|seasonal|detail|audience,Coloring Pages for Kids|Easy,audience/detail candidate lacks independent review
chibi__chibi-plushie-sloth__4d7ae744df,/printables/chibi/chibi-plushie-sloth-4d7ae744df,present,seasonal|detail|audience,Coloring Pages for Kids|Easy,audience/detail candidate lacks independent review
chibi__chibi-plushie-sloth-baby__2cf54e9851,/printables/chibi/chibi-plushie-sloth-baby-2cf54e9851,present,seasonal|detail|audience,Coloring Pages for Kids|Easy,audience/detail candidate lacks independent review
chibi__chibi-plushie-snail__5f8b0efb84,/printables/chibi/chibi-plushie-snail-5f8b0efb84,present,primary_subject|seasonal|detail|audience,Coloring Pages for Kids|Easy,audience/detail candidate lacks independent review
chibi__chibi-plushie-snake__0bf8f58956,/printables/animals/chibi-plushie-snake-0bf8f58956,present,seasonal|detail|audience,Coloring Pages for Kids|Easy,audience/detail candidate lacks independent review
chibi__chibi-plushie-snow-leopard__e4b24383a1,/printables/chibi/chibi-plushie-snow-leopard-e4b24383a1,present,primary_subject|seasonal|detail|audience,Coloring Pages for Kids|Easy,audience/detail candidate lacks independent review
chibi__chibi-plushie-snowman-character__07cc3bcf2b,/printables/chibi/chibi-plushie-snowman-character-07cc3bcf2b,present,primary_subject|seasonal|detail|audience,Coloring Pages for Kids|Easy,audience/detail candidate lacks independent review
chibi__chibi-plushie-squirrel__dd9bd67c59,/printables/chibi/chibi-plushie-squirrel-dd9bd67c59,present,primary_subject|seasonal|detail|audience,Coloring Pages for Kids|Easy,audience/detail candidate lacks independent review
chibi__chibi-plushie-star-character__8c9cf0ed93,/printables/chibi/chibi-plushie-star-character-8c9cf0ed93,present,primary_subject|seasonal|detail|audience,Coloring Pages for Kids|Easy,audience/detail candidate lacks independent review
chibi__chibi-plushie-starfish__232df26486,/printables/chibi/chibi-plushie-starfish-232df26486,present,primary_subject|seasonal|detail|audience,Coloring Pages for Kids|Easy,audience/detail candidate lacks independent review
chibi__chibi-plushie-sun-character__7221a2c722,/printables/chibi/chibi-plushie-sun-character-7221a2c722,present,primary_subject|seasonal|detail|audience,Coloring Pages for Kids|Easy,audience/detail candidate lacks independent review
chibi__chibi-plushie-swan__e05dfd1ed0,/printables/chibi/chibi-plushie-swan-e05dfd1ed0,present,primary_subject|seasonal|detail|audience,Coloring Pages for Kids|Easy,audience/detail candidate lacks independent review
chibi__chibi-plushie-tapir__32755e2d50,/printables/chibi/chibi-plushie-tapir-32755e2d50,present,primary_subject|seasonal|detail|audience,Coloring Pages for Kids|Easy,audience/detail candidate lacks independent review
chibi__chibi-plushie-teddy-bear__614914bb45,/printables/bears/chibi-plushie-teddy-bear-614914bb45,present,seasonal|detail|audience,Coloring Pages for Kids|Easy,audience/detail candidate lacks independent review
chibi__chibi-plushie-tiger__d61bd17544,/printables/chibi/chibi-plushie-tiger-d61bd17544,present,seasonal|detail|audience,Coloring Pages for Kids|Easy,audience/detail candidate lacks independent review
chibi__chibi-plushie-toucan__c8592eb783,/printables/chibi/chibi-plushie-toucan-c8592eb783,present,primary_subject|seasonal|detail|audience,Coloring Pages for Kids|Easy,audience/detail candidate lacks independent review
chibi__chibi-plushie-turkey__f9d8c7c40f,/printables/chibi/chibi-plushie-turkey-f9d8c7c40f,present,primary_subject|seasonal|detail|audience,Coloring Pages for Kids|Easy,audience/detail candidate lacks independent review
chibi__chibi-plushie-turtle__f01d2fc6fa,/printables/animals/chibi-plushie-turtle-f01d2fc6fa,present,seasonal|detail|audience,Coloring Pages for Kids|Easy,audience/detail candidate lacks independent review
chibi__chibi-plushie-unicorn__05f00ac9eb,/printables/chibi/chibi-plushie-unicorn-05f00ac9eb,present,seasonal|detail|audience,Coloring Pages for Kids|Easy,audience/detail candidate lacks independent review
chibi__chibi-plushie-walrus__7b2c0e126a,/printables/chibi/chibi-plushie-walrus-7b2c0e126a,present,primary_subject|seasonal|detail|audience,Coloring Pages for Kids|Easy,audience/detail candidate lacks independent review
chibi__chibi-plushie-whale__915a57e6ff,/printables/animals/chibi-plushie-whale-915a57e6ff,present,seasonal|detail|audience,Coloring Pages for Kids|Easy,audience/detail candidate lacks independent review
chibi__chibi-plushie-witch-cat__c1502079e4,/printables/animals/chibi-plushie-witch-cat-c1502079e4,present,seasonal|detail|audience,Coloring Pages for Kids|Easy,audience/detail candidate lacks independent review
chibi__chibi-plushie-wolf__dd5081ce9f,/printables/chibi/chibi-plushie-wolf-dd5081ce9f,present,seasonal|detail|audience,Coloring Pages for Kids|Easy,audience/detail candidate lacks independent review
chibi__chibi-plushie-wolverine__563e484ab2,/printables/chibi/chibi-plushie-wolverine-563e484ab2,present,primary_subject|seasonal|detail|audience,Coloring Pages for Kids|Easy,audience/detail candidate lacks independent review
chibi__chibi-plushie-yak__71d8bf89d0,/printables/chibi/chibi-plushie-yak-71d8bf89d0,present,primary_subject|seasonal|detail|audience,Coloring Pages for Kids|Easy,audience/detail candidate lacks independent review
chibi__chibi-plushie-yeti__9765a3e609,/printables/chibi/chibi-plushie-yeti-9765a3e609,present,primary_subject|seasonal|detail|audience,Coloring Pages for Kids|Easy,audience/detail candidate lacks independent review
chibi__chibi-plushie-zebra__effbdf9da3,/printables/chibi/chibi-plushie-zebra-effbdf9da3,present,seasonal|detail|audience,Coloring Pages for Kids|Easy,audience/detail candidate lacks independent review
chibi__chibi-poison-dragon__2b248137d4,/printables/chibi/chibi-poison-dragon-2b248137d4,present,seasonal|detail|audience,Coloring Pages for Kids|Easy,audience/detail candidate lacks independent review
chibi__chibi-poison-salamander-dragon__76507f7ec2,/printables/chibi/chibi-poison-salamander-dragon-76507f7ec2,present,seasonal|detail|audience,Coloring Pages for Kids|Easy,audience/detail candidate lacks independent review
chibi__chibi-possum__6da3988d0d,/printables/chibi/chibi-possum-6da3988d0d,present,primary_subject|seasonal|detail|audience,Coloring Pages for Kids|Easy,audience/detail candidate lacks independent review
chibi__chibi-professions-architect__d24860eb88,/printables/chibi/chibi-professions-architect-d24860eb88,present,primary_subject|seasonal|detail|audience,Coloring Pages for Kids|Easy,audience/detail candidate lacks independent review
chibi__chibi-professions-chef__d89908e525,/printables/chibi/chibi-professions-chef-d89908e525,present,primary_subject|seasonal|detail|audience,Coloring Pages for Kids|Easy,audience/detail candidate lacks independent review
chibi__chibi-professions-construction-worker__a9e6b045d5,/printables/chibi/chibi-professions-construction-worker-a9e6b045d5,present,primary_subject|seasonal|detail|audience,Coloring Pages for Kids|Easy,audience/detail candidate lacks independent review
chibi__chibi-professions-dancer__272e10c8fc,/printables/chibi/chibi-professions-dancer-272e10c8fc,present,primary_subject|seasonal|detail|audience,Coloring Pages for Kids|Easy,audience/detail candidate lacks independent review
chibi__chibi-professions-dentist__0388f32abd,/printables/chibi/chibi-professions-dentist-0388f32abd,present,primary_subject|seasonal|detail|audience,Coloring Pages for Kids|Easy,audience/detail candidate lacks independent review
chibi__chibi-professions-doctor__b09822e77a,/printables/chibi/chibi-professions-doctor-b09822e77a,present,primary_subject|seasonal|detail|audience,Coloring Pages for Kids|Easy,audience/detail candidate lacks independent review
chibi__chibi-professions-electrician__f2b13a2f47,/printables/chibi/chibi-professions-electrician-f2b13a2f47,present,primary_subject|seasonal|detail|audience,Coloring Pages for Kids|Easy,audience/detail candidate lacks independent review
chibi__chibi-professions-engineer__68f0bd4f22,/printables/chibi/chibi-professions-engineer-68f0bd4f22,present,primary_subject|seasonal|detail|audience,Coloring Pages for Kids|Easy,audience/detail candidate lacks independent review
chibi__chibi-professions-firefighter__2330318ea5,/printables/chibi/chibi-professions-firefighter-2330318ea5,present,primary_subject|seasonal|detail|audience,Coloring Pages for Kids|Easy,audience/detail candidate lacks independent review
chibi__chibi-professions-graphic-designer__d98c030169,/printables/chibi/chibi-professions-graphic-designer-d98c030169,present,primary_subject|seasonal|detail|audience,Coloring Pages for Kids|Easy,audience/detail candidate lacks independent review
chibi__chibi-professions-journalist__6623e4994d,/printables/chibi/chibi-professions-journalist-6623e4994d,present,primary_subject|seasonal|detail|audience,Coloring Pages for Kids|Easy,audience/detail candidate lacks independent review
chibi__chibi-professions-librarian__b819bf5127,/printables/chibi/chibi-professions-librarian-b819bf5127,present,primary_subject|seasonal|detail|audience,Coloring Pages for Kids|Easy,audience/detail candidate lacks independent review
chibi__chibi-professions-mechanic__d01ad81e2d,/printables/chibi/chibi-professions-mechanic-d01ad81e2d,present,primary_subject|seasonal|detail|audience,Coloring Pages for Kids|Easy,audience/detail candidate lacks independent review
chibi__chibi-professions-musician__633180c6bf,/printables/chibi/chibi-professions-musician-633180c6bf,present,primary_subject|seasonal|detail|audience,Coloring Pages for Kids|Easy,audience/detail candidate lacks independent review
chibi__chibi-professions-nurse__031620f44b,/printables/chibi/chibi-professions-nurse-031620f44b,present,primary_subject|seasonal|detail|audience,Coloring Pages for Kids|Easy,audience/detail candidate lacks independent review
chibi__chibi-professions-personal-trainer__7e9e01a9d9,/printables/chibi/chibi-professions-personal-trainer-7e9e01a9d9,present,primary_subject|seasonal|detail|audience,Coloring Pages for Kids|Easy,audience/detail candidate lacks independent review
chibi__chibi-professions-photographer__b175ded7e0,/printables/chibi/chibi-professions-photographer-b175ded7e0,present,primary_subject|seasonal|detail|audience,Coloring Pages for Kids|Easy,audience/detail candidate lacks independent review
chibi__chibi-professions-pilot__451f270387,/printables/chibi/chibi-professions-pilot-451f270387,present,primary_subject|seasonal|detail|audience,Coloring Pages for Kids|Easy,audience/detail candidate lacks independent review
chibi__chibi-professions-plumber__afe4833c5f,/printables/chibi/chibi-professions-plumber-afe4833c5f,present,primary_subject|seasonal|detail|audience,Coloring Pages for Kids|Easy,audience/detail candidate lacks independent review
chibi__chibi-professions-police-officer__79843d6916,/printables/chibi/chibi-professions-police-officer-79843d6916,present,primary_subject|seasonal|detail|audience,Coloring Pages for Kids|Easy,audience/detail candidate lacks independent review
chibi__chibi-professions-scientist__39eb42f850,/printables/chibi/chibi-professions-scientist-39eb42f850,present,primary_subject|seasonal|detail|audience,Coloring Pages for Kids|Easy,audience/detail candidate lacks independent review
chibi__chibi-professions-teacher__da765050a0,/printables/chibi/chibi-professions-teacher-da765050a0,present,primary_subject|seasonal|detail|audience,Coloring Pages for Kids|Easy,audience/detail candidate lacks independent review
chibi__chibi-professions-tour-guide__ae71ab3b16,/printables/chibi/chibi-professions-tour-guide-ae71ab3b16,present,primary_subject|seasonal|detail|audience,Coloring Pages for Kids|Easy,audience/detail candidate lacks independent review
chibi__chibi-professions-videographer__293fa8ff4d,/printables/chibi/chibi-professions-videographer-293fa8ff4d,present,primary_subject|seasonal|detail|audience,Coloring Pages for Kids|Easy,audience/detail candidate lacks independent review
chibi__chibi-professions-writer__9f1d4d82ca,/printables/chibi/chibi-professions-writer-9f1d4d82ca,present,primary_subject|seasonal|detail|audience,Coloring Pages for Kids|Easy,audience/detail candidate lacks independent review
chibi__chibi-professions-yoga-instructor__22b4bbec69,/printables/chibi/chibi-professions-yoga-instructor-22b4bbec69,present,primary_subject|seasonal|detail|audience,Coloring Pages for Kids|Easy,audience/detail candidate lacks independent review
chibi__chibi-professions-youtuber__058de14732,/printables/chibi/chibi-professions-youtuber-058de14732,present,primary_subject|seasonal|detail|audience,Coloring Pages for Kids|Easy,audience/detail candidate lacks independent review
chibi__chibi-pteranodon__4a6b9cc388,/printables/chibi/chibi-pteranodon-4a6b9cc388,present,seasonal|detail|audience,Coloring Pages for Kids|Easy,audience/detail candidate lacks independent review
chibi__chibi-quetzalcoatl__dc1379b7a0,/printables/chibi/chibi-quetzalcoatl-dc1379b7a0,present,primary_subject|seasonal|detail|audience,Coloring Pages for Kids|Easy,audience/detail candidate lacks independent review
chibi__chibi-quetzalcoatl-dragon__c51eb8dda8,/printables/chibi/chibi-quetzalcoatl-dragon-c51eb8dda8,present,seasonal|detail|audience,Coloring Pages for Kids|Easy,audience/detail candidate lacks independent review
chibi__chibi-rabbit__8efc380fb9,/printables/chibi/chibi-rabbit-8efc380fb9,present,seasonal|detail|audience,Coloring Pages for Kids|Easy,audience/detail candidate lacks independent review
chibi__chibi-raccoon__e14b7b3f07,/printables/chibi/chibi-raccoon-e14b7b3f07,present,primary_subject|seasonal|detail|audience,Coloring Pages for Kids|Easy,audience/detail candidate lacks independent review
chibi__chibi-ram__0b337f8527,/printables/chibi/chibi-ram-0b337f8527,present,primary_subject|seasonal|detail|audience,Coloring Pages for Kids|Easy,audience/detail candidate lacks independent review
chibi__chibi-rat__a8ff89b3bd,/printables/chibi/chibi-rat-a8ff89b3bd,present,primary_subject|seasonal|detail|audience,Coloring Pages for Kids|Easy,audience/detail candidate lacks independent review
chibi__chibi-raven__8480c02beb,/printables/chibi/chibi-raven-8480c02beb,present,primary_subject|seasonal|detail|audience,Coloring Pages for Kids|Easy,audience/detail candidate lacks independent review
chibi__chibi-rhino__9970b97a08,/printables/chibi/chibi-rhino-9970b97a08,present,primary_subject|seasonal|detail|audience,Coloring Pages for Kids|Easy,audience/detail candidate lacks independent review
chibi__chibi-saber-toothed-tiger__d449186160,/printables/animals/chibi-saber-toothed-tiger-d449186160,present,seasonal|detail|audience,Coloring Pages for Kids|Easy,audience/detail candidate lacks independent review
chibi__chibi-salamander__30deeb9936,/printables/chibi/chibi-salamander-30deeb9936,present,primary_subject|seasonal|detail|audience,Coloring Pages for Kids|Easy,audience/detail candidate lacks independent review
chibi__chibi-salamander-dragon__b708afe4a7,/printables/chibi/chibi-salamander-dragon-b708afe4a7,present,seasonal|detail|audience,Coloring Pages for Kids|Easy,audience/detail candidate lacks independent review
chibi__chibi-samurai__3d8fc67e17,/printables/chibi/chibi-samurai-3d8fc67e17,present,primary_subject|seasonal|detail|audience,Coloring Pages for Kids|Easy,audience/detail candidate lacks independent review
chibi__chibi-samurai-pegasus__9b4b5ef8bb,/printables/chibi/chibi-samurai-pegasus-9b4b5ef8bb,present,seasonal|detail|audience,Coloring Pages for Kids|Easy,audience/detail candidate lacks independent review
chibi__chibi-sasquatch__35679f7be5,/printables/chibi/chibi-sasquatch-35679f7be5,present,primary_subject|seasonal|detail|audience,Coloring Pages for Kids|Easy,audience/detail candidate lacks independent review
chibi__chibi-sea-serpent__cabaaf4ae2,/printables/chibi/chibi-sea-serpent-cabaaf4ae2,present,primary_subject|seasonal|detail|audience,Coloring Pages for Kids|Easy,audience/detail candidate lacks independent review
chibi__chibi-sheep__39f7807597,/printables/chibi/chibi-sheep-39f7807597,present,seasonal|detail|audience,Coloring Pages for Kids|Easy,audience/detail candidate lacks independent review
chibi__chibi-skeleton__ee6d18e28b,/printables/chibi/chibi-skeleton-ee6d18e28b,present,primary_subject|seasonal|detail|audience,Coloring Pages for Kids|Easy,audience/detail candidate lacks independent review
chibi__chibi-skunk__b133229100,/printables/chibi/chibi-skunk-b133229100,present,primary_subject|seasonal|detail|audience,Coloring Pages for Kids|Easy,audience/detail candidate lacks independent review
chibi__chibi-sloth__75fbfde660,/printables/chibi/chibi-sloth-75fbfde660,present,seasonal|detail|audience,Coloring Pages for Kids|Easy,audience/detail candidate lacks independent review
chibi__chibi-sloth-animal__46a45a499b,/printables/animals/chibi-sloth-animal-46a45a499b,present,seasonal|detail|audience,Coloring Pages for Kids|Easy,audience/detail candidate lacks independent review
chibi__chibi-smilodon__67e42f15c2,/printables/chibi/chibi-smilodon-67e42f15c2,present,primary_subject|seasonal|detail|audience,Coloring Pages for Kids|Easy,audience/detail candidate lacks independent review
chibi__chibi-sphinx__9332b52539,/printables/chibi/chibi-sphinx-9332b52539,present,primary_subject|seasonal|detail|audience,Coloring Pages for Kids|Easy,audience/detail candidate lacks independent review
chibi__chibi-sphinx-monument__b38230ff08,/printables/chibi/chibi-sphinx-monument-b38230ff08,present,primary_subject|seasonal|detail|audience,Coloring Pages for Kids|Easy,audience/detail candidate lacks independent review
chibi__chibi-spiked-dragon__b67961950e,/printables/chibi/chibi-spiked-dragon-b67961950e,present,seasonal|detail|audience,Coloring Pages for Kids|Easy,audience/detail candidate lacks independent review
chibi__chibi-spineosaurus__1831f107a6,/printables/chibi/chibi-spineosaurus-1831f107a6,present,primary_subject|seasonal|detail|audience,Coloring Pages for Kids|Easy,audience/detail candidate lacks independent review
chibi__chibi-spirit-dragon__db61393d1d,/printables/chibi/chibi-spirit-dragon-db61393d1d,present,seasonal|detail|audience,Coloring Pages for Kids|Easy,audience/detail candidate lacks independent review
chibi__chibi-spotted-salamander-dragon__259867da1b,/printables/chibi/chibi-spotted-salamander-dragon-259867da1b,present,seasonal|detail|audience,Coloring Pages for Kids|Easy,audience/detail candidate lacks independent review
chibi__chibi-squirrel__58b3309bc7,/printables/chibi/chibi-squirrel-58b3309bc7,present,primary_subject|seasonal|detail|audience,Coloring Pages for Kids|Easy,audience/detail candidate lacks independent review
chibi__chibi-tiger__5687e401c3,/printables/chibi/chibi-tiger-5687e401c3,present,seasonal|detail|audience,Coloring Pages for Kids|Easy,audience/detail candidate lacks independent review
chibi__chibi-triceratops__619fc56ef2,/printables/animals/chibi-triceratops-619fc56ef2,present,seasonal|detail|audience,Coloring Pages for Kids|Easy,audience/detail candidate lacks independent review
chibi__chibi-trolls__41101a58f4,/printables/chibi/chibi-trolls-41101a58f4,present,primary_subject|seasonal|detail|audience,Coloring Pages for Kids|Easy,audience/detail candidate lacks independent review
chibi__chibi-tusk-dragon__a57d0f47d7,/printables/chibi/chibi-tusk-dragon-a57d0f47d7,present,seasonal|detail|audience,Coloring Pages for Kids|Easy,audience/detail candidate lacks independent review
chibi__chibi-tyrannosaurus-rex__b621e67b87,/printables/animals/chibi-tyrannosaurus-rex-b621e67b87,present,seasonal|detail|audience,Coloring Pages for Kids|Easy,audience/detail candidate lacks independent review
chibi__chibi-undead-dragon__93285040c9,/printables/chibi/chibi-undead-dragon-93285040c9,present,seasonal|detail|audience,Coloring Pages for Kids|Easy,audience/detail candidate lacks independent review
chibi__chibi-undead-skeletal-dragon__3beb470fdb,/printables/chibi/chibi-undead-skeletal-dragon-3beb470fdb,present,seasonal|detail|audience,Coloring Pages for Kids|Easy,audience/detail candidate lacks independent review
chibi__chibi-unicorn__d5a9c0734f,/printables/chibi/chibi-unicorn-d5a9c0734f,present,seasonal|detail|audience,Coloring Pages for Kids|Easy,audience/detail candidate lacks independent review
chibi__chibi-velociraptor__00720a5ba1,/printables/animals/chibi-velociraptor-00720a5ba1,present,seasonal|detail|audience,Coloring Pages for Kids|Easy,audience/detail candidate lacks independent review
chibi__chibi-wind-dragon__19cac622a8,/printables/chibi/chibi-wind-dragon-19cac622a8,present,seasonal|detail|audience,Coloring Pages for Kids|Easy,audience/detail candidate lacks independent review
chibi__chibi-wind-dragon-flying__52388f7147,/printables/chibi/chibi-wind-dragon-flying-52388f7147,present,seasonal|detail|audience,Coloring Pages for Kids|Easy,audience/detail candidate lacks independent review
chibi__chibi-wolf__df9e62ae61,/printables/chibi/chibi-wolf-df9e62ae61,present,seasonal|detail|audience,Coloring Pages for Kids|Easy,audience/detail candidate lacks independent review
chibi__chibi-wolverine__c1d1c2baa4,/printables/chibi/chibi-wolverine-c1d1c2baa4,present,primary_subject|seasonal|detail|audience,Coloring Pages for Kids|Easy,audience/detail candidate lacks independent review
chibi__chibi-woolly-mammoth__a06ffbc753,/printables/animals/chibi-woolly-mammoth-a06ffbc753,present,seasonal|detail|audience,Coloring Pages for Kids|Easy,audience/detail candidate lacks independent review
chibi__chibi-woolly-rhinoceros__5ce477e2ea,/printables/chibi/chibi-woolly-rhinoceros-5ce477e2ea,present,primary_subject|seasonal|detail|audience,Coloring Pages for Kids|Easy,audience/detail candidate lacks independent review
chibi__chibi-wooly-tiger-mammoth__fb823dda66,/printables/animals/chibi-wooly-tiger-mammoth-fb823dda66,present,seasonal|detail|audience,Coloring Pages for Kids|Easy,audience/detail candidate lacks independent review
chibi__chibi-wyrm__6b8a4cb1c3,/printables/chibi/chibi-wyrm-6b8a4cb1c3,present,primary_subject|seasonal|detail|audience,Coloring Pages for Kids|Easy,audience/detail candidate lacks independent review
chibi__chibi-wyrm-dragon__7178c5cd86,/printables/chibi/chibi-wyrm-dragon-7178c5cd86,present,seasonal|detail|audience,Coloring Pages for Kids|Easy,audience/detail candidate lacks independent review
chibi__chibi-wyvern__85f2234823,/printables/chibi/chibi-wyvern-85f2234823,present,seasonal|detail|audience,Coloring Pages for Kids|Easy,audience/detail candidate lacks independent review
chibi__chibi-wyvern-flying__8c0f34a275,/printables/chibi/chibi-wyvern-flying-8c0f34a275,present,seasonal|detail|audience,Coloring Pages for Kids|Easy,audience/detail candidate lacks independent review
chibi__chibi-zebra__e43f386fec,/printables/chibi/chibi-zebra-e43f386fec,present,seasonal|detail|audience,Coloring Pages for Kids|Easy,audience/detail candidate lacks independent review
chibi__chibi-zombie-dragon__504ccfb0ce,/printables/chibi/chibi-zombie-dragon-504ccfb0ce,present,seasonal|detail|audience,Coloring Pages for Kids|Easy,audience/detail candidate lacks independent review
christmas__christmas-holiday-advent-calendar__a1245c4617,/printables/christmas/christmas-holiday-advent-calendar-a1245c4617,omitted,primary_subject|style|detail|audience,,verified structured details are available but do not support additional prose
christmas__christmas-holiday-candy-canes__6f112e464c,/printables/christmas/christmas-holiday-candy-canes-6f112e464c,omitted,primary_subject|style|detail|audience,,verified structured details are available but do not support additional prose
christmas__christmas-holiday-carolers__50a8cc6073,/printables/christmas/christmas-holiday-carolers-50a8cc6073,omitted,primary_subject|style|detail|audience,,verified structured details are available but do not support additional prose
christmas__christmas-holiday-christmas-cards__cc6fed095e,/printables/christmas/christmas-holiday-christmas-cards-cc6fed095e,omitted,primary_subject|style|detail|audience,,verified structured details are available but do not support additional prose
christmas__christmas-holiday-christmas-carols__d1dfbb8bc8,/printables/christmas/christmas-holiday-christmas-carols-d1dfbb8bc8,omitted,primary_subject|style|detail|audience,,verified structured details are available but do not support additional prose
christmas__christmas-holiday-christmas-day__671e7e3cef,/printables/christmas/christmas-holiday-christmas-day-671e7e3cef,omitted,primary_subject|style|detail|audience,,verified structured details are available but do not support additional prose
christmas__christmas-holiday-christmas-decorations__210beddaf3,/printables/christmas/christmas-holiday-christmas-decorations-210beddaf3,omitted,primary_subject|style|detail|audience,,verified structured details are available but do not support additional prose
christmas__christmas-holiday-christmas-eve__eddd380bbc,/printables/christmas/christmas-holiday-christmas-eve-eddd380bbc,omitted,primary_subject|style|detail|audience,,verified structured details are available but do not support additional prose
christmas__christmas-holiday-christmas-lights__f742a925a8,/printables/christmas/christmas-holiday-christmas-lights-f742a925a8,omitted,primary_subject|style|detail|audience,,verified structured details are available but do not support additional prose
christmas__christmas-holiday-christmas-ornaments__404524eba7,/printables/christmas/christmas-holiday-christmas-ornaments-404524eba7,omitted,primary_subject|style|detail|audience,,verified structured details are available but do not support additional prose
christmas__christmas-holiday-christmas-presents__53bc9f83a6,/printables/christmas/christmas-holiday-christmas-presents-53bc9f83a6,omitted,primary_subject|style|detail|audience,,verified structured details are available but do not support additional prose
christmas__christmas-holiday-christmas-songs__3c9136a458,/printables/christmas/christmas-holiday-christmas-songs-3c9136a458,omitted,primary_subject|style|detail|audience,,verified structured details are available but do not support additional prose
christmas__christmas-holiday-christmas-stockings__a71271c320,/printables/christmas/christmas-holiday-christmas-stockings-a71271c320,omitted,primary_subject|style|detail|audience,,verified structured details are available but do not support additional prose
christmas__christmas-holiday-christmas-sweater__4661674d18,/printables/christmas/christmas-holiday-christmas-sweater-4661674d18,omitted,primary_subject|style|detail|audience,,verified structured details are available but do not support additional prose
christmas__christmas-holiday-christmas-wreath__be936df7b8,/printables/christmas/christmas-holiday-christmas-wreath-be936df7b8,omitted,primary_subject|style|detail|audience,,verified structured details are available but do not support additional prose
christmas__christmas-holiday-christmas-wreath-decorations__484fd4b2af,/printables/christmas/christmas-holiday-christmas-wreath-decorations-484fd4b2af,omitted,primary_subject|style|detail|audience,,verified structured details are available but do not support additional prose
christmas__christmas-holiday-kitten__9c698f8609,/printables/animals/christmas-holiday-kitten-9c698f8609,present,style|detail|audience,Coloring Pages for Kids,audience/detail candidate lacks independent review
christmas__christmas-holiday-mistletoe__cbb006ed4c,/printables/christmas/christmas-holiday-mistletoe-cbb006ed4c,omitted,primary_subject|style|detail|audience,,verified structured details are available but do not support additional prose
christmas__christmas-holiday-mouse__998d83c90e,/printables/christmas/christmas-holiday-mouse-998d83c90e,omitted,primary_subject|style|detail|audience,,verified structured details are available but do not support additional prose
christmas__christmas-holiday-nativity-scene__e5a9cf73b8,/printables/christmas/christmas-holiday-nativity-scene-e5a9cf73b8,omitted,primary_subject|style|detail|audience,,verified structured details are available but do not support additional prose
christmas__christmas-holiday-poinsettia__d5bc78924a,/printables/christmas/christmas-holiday-poinsettia-d5bc78924a,omitted,primary_subject|style|detail|audience,,verified structured details are available but do not support additional prose
christmas__christmas-holiday-raccoon__442d99e242,/printables/christmas/christmas-holiday-raccoon-442d99e242,omitted,primary_subject|style|detail|audience,,verified structured details are available but do not support additional prose
christmas__christmas-holiday-rudolph-dashing-through-the-snow__c2dc14ae37,/printables/christmas/christmas-holiday-rudolph-dashing-through-the-snow-c2dc14ae37,omitted,primary_subject|style|detail|audience,,verified structured details are available but do not support additional prose
christmas__christmas-holiday-santa-claus__5b583a26e7,/printables/christmas/christmas-holiday-santa-claus-5b583a26e7,omitted,primary_subject|style|detail|audience,,verified structured details are available but do not support additional prose
christmas__christmas-holiday-snowman__1e875a8af7,/printables/christmas/christmas-holiday-snowman-1e875a8af7,omitted,primary_subject|style|detail|audience,,verified structured details are available but do not support additional prose
christmas__christmas-holiday-squirrel__246a0ad9a6,/printables/christmas/christmas-holiday-squirrel-246a0ad9a6,omitted,primary_subject|style|detail|audience,,verified structured details are available but do not support additional prose
christmas__christmas-holiday-winter-wonderland__ae35457cd8,/printables/christmas/christmas-holiday-winter-wonderland-ae35457cd8,omitted,primary_subject|style|detail|audience,,verified structured details are available but do not support additional prose
christmas__christmas-holiday-yule-log__984d5c8ae2,/printables/christmas/christmas-holiday-yule-log-984d5c8ae2,omitted,primary_subject|style|detail|audience,,verified structured details are available but do not support additional prose
christmas__holiday-christmas-angel-holding-candle-in-snowy-night-coloring-page__fde31c074f,/printables/christmas/holiday-christmas-angel-holding-candle-in-snowy-night-fde31c074f,omitted,primary_subject|style|detail|audience,,verified structured details are available but do not support additional prose
christmas__holiday-christmas-animals-kawaii-foxes__70f122f707,/printables/animals/holiday-christmas-animals-kawaii-foxes-70f122f707,present,style|detail|audience,Coloring Pages for Kids|Easy,audience/detail candidate lacks independent review
christmas__holiday-christmas-animals-puppies__5bd309ca4e,/printables/animals/holiday-christmas-animals-puppies-5bd309ca4e,present,style|detail|audience,Coloring Pages for Kids,audience/detail candidate lacks independent review
christmas__holiday-christmas-christmas-candle-in-lantern-on-snowy-porch-coloring-pa__666c70174b,/printables/christmas/holiday-christmas-candle-in-lantern-on-snowy-porch-666c70174b,omitted,primary_subject|style|detail|audience,,verified structured details are available but do not support additional prose
christmas__holiday-christmas-christmas-nativity-three-kings-on-camels-coloring-page__622c2a5211,/printables/christmas/holiday-christmas-nativity-three-kings-on-camels-622c2a5211,omitted,primary_subject|style|detail|audience,,verified structured details are available but do not support additional prose
christmas__holiday-christmas-christmas-ornaments-pattern-coloring-page__be3c723822,/printables/christmas/holiday-christmas-ornaments-pattern-be3c723822,omitted,primary_subject|style|detail|audience,,verified structured details are available but do not support additional prose
christmas__holiday-christmas-christmas-stockings-filled-with-goodies-coloring-page__28af25679e,/printables/christmas/holiday-christmas-stockings-filled-with-goodies-28af25679e,omitted,primary_subject|style|detail|audience,,verified structured details are available but do not support additional prose
christmas__holiday-christmas-christmas-stockings-fireplace-coloring-page__ed4330e59f,/printables/christmas/holiday-christmas-stockings-fireplace-ed4330e59f,omitted,primary_subject|style|detail|audience,,verified structured details are available but do not support additional prose
christmas__holiday-christmas-christmas-stockings-hanging-on-fireplace-coloring-page__74e88ea7de,/printables/christmas/holiday-christmas-stockings-hanging-on-fireplace-74e88ea7de,omitted,primary_subject|style|detail|audience,,verified structured details are available but do not support additional prose
christmas__holiday-christmas-christmas-village-market-with-stalls-coloring-page__a06efe72af,/printables/christmas/holiday-christmas-village-market-with-stalls-a06efe72af,omitted,primary_subject|style|detail|audience,,verified structured details are available but do not support additional prose
christmas__holiday-christmas-christmas-wreath-decorated-with-bells-and-bow-coloring__70f6a435a1,/printables/christmas/holiday-christmas-wreath-decorated-with-bells-and-bow-70f6a435a1,omitted,primary_subject|style|detail|audience,,verified structured details are available but do not support additional prose
christmas__holiday-christmas-christmas-wreath-on-front-door-coloring-page__4c2d9ac697,/printables/christmas/holiday-christmas-wreath-on-front-door-4c2d9ac697,omitted,primary_subject|style|detail|audience,,verified structured details are available but do not support additional prose
christmas__holiday-christmas-gingerbread-city-village-with-candy-streets-coloring-p__c3fff62b55,/printables/christmas/holiday-christmas-gingerbread-city-village-with-candy-streets-c3fff62b55,omitted,primary_subject|style|detail|audience,,verified structured details are available but do not support additional prose
christmas__holiday-christmas-holiday-morning-gift-opening-by-fireplace-coloring-pag__3265e65ae7,/printables/christmas/holiday-christmas-holiday-morning-gift-opening-by-fireplace-3265e65ae7,omitted,primary_subject|style|detail|audience,,verified structured details are available but do not support additional prose
christmas__holiday-christmas-holly-berries-and-leaves-pattern-coloring-page__f596e7dc44,/printables/christmas/holiday-christmas-holly-berries-and-leaves-pattern-f596e7dc44,omitted,primary_subject|style|detail|audience,,verified structured details are available but do not support additional prose
christmas__holiday-christmas-mrs-claus-serving-hot-cocoa-to-santa-coloring-page__2cabc1a43f,/printables/christmas/holiday-christmas-mrs-claus-serving-hot-cocoa-to-santa-2cabc1a43f,omitted,primary_subject|style|detail|audience,,verified structured details are available but do not support additional prose
christmas__holiday-christmas-santa-claus-coming-down-chimney-coloring-page__2dd72cc61b,/printables/christmas/holiday-christmas-santa-claus-coming-down-chimney-2dd72cc61b,omitted,primary_subject|style|detail|audience,,verified structured details are available but do not support additional prose
christmas__holiday-christmas-santa-claus-costume-coloring-page__597455887c,/printables/christmas/holiday-christmas-santa-claus-costume-597455887c,omitted,primary_subject|style|detail|audience,,verified structured details are available but do not support additional prose
christmas__holiday-christmas-santa-claus-delivering-gifts-by-fireplace-coloring-pag__50a3731b97,/printables/christmas/holiday-christmas-santa-claus-delivering-gifts-by-fireplace-50a3731b97,omitted,primary_subject|style|detail|audience,,verified structured details are available but do not support additional prose
christmas__holiday-christmas-santa-claus-delivering-gifts-in-sleigh-coloring-page__848c33a1ce,/printables/christmas/holiday-christmas-santa-claus-delivering-gifts-in-sleigh-848c33a1ce,omitted,primary_subject|style|detail|audience,,verified structured details are available but do not support additional prose
christmas__holiday-christmas-santa-claus-packing-toys-in-big-sack-coloring-page__7bc38b9ef7,/printables/christmas/holiday-christmas-santa-claus-packing-toys-in-big-sack-7bc38b9ef7,omitted,primary_subject|style|detail|audience,,verified structured details are available but do not support additional prose
christmas__holiday-christmas-santa-claus-reading-letters-from-children-coloring-pag__c2c0cf036d,/printables/christmas/holiday-christmas-santa-claus-reading-letters-from-children-c2c0cf036d,omitted,primary_subject|style|detail|audience,,verified structured details are available but do not support additional prose
christmas__holiday-christmas-santa-claus-riding-sleigh-over-moonlit-town-coloring-p__ebac4be947,/printables/christmas/holiday-christmas-santa-claus-riding-sleigh-over-moonlit-town-ebac4be947,omitted,primary_subject|style|detail|audience,,verified structured details are available but do not support additional prose
christmas__holiday-christmas-santa-workshop-with-elves-packing-toys-coloring-page__17b1894498,/printables/christmas/holiday-christmas-santa-workshop-with-elves-packing-toys-17b1894498,omitted,primary_subject|style|detail|audience,,verified structured details are available but do not support additional prose
christmas__holiday-christmas-snowman-decorated-with-string-lights-coloring-page__4a97e6a224,/printables/christmas/holiday-christmas-snowman-decorated-with-string-lights-4a97e6a224,omitted,primary_subject|style|detail|audience,,verified structured details are available but do not support additional prose
christmas__holiday-christmas-snowman-ice-skating-on-frozen-pond-coloring-page__e25f11f9cf,/printables/christmas/holiday-christmas-snowman-ice-skating-on-frozen-pond-e25f11f9cf,omitted,primary_subject|style|detail|audience,,verified structured details are available but do not support additional prose
christmas__holiday-christmas-snowman-with-carrot-nose-and-top-hat-coloring-page__d73bbba3f2,/printables/christmas/holiday-christmas-snowman-with-carrot-nose-and-top-hat-d73bbba3f2,omitted,primary_subject|style|detail|audience,,verified structured details are available but do not support additional prose
christmas__holiday-christmas-winter-cabin-in-woods-with-smoke-in-chimney-coloring-p__7458ad600d,/printables/christmas/holiday-christmas-winter-cabin-in-woods-with-smoke-in-chimney-7458ad600d,omitted,primary_subject|style|detail|audience,,verified structured details are available but do not support additional prose
christmas__holiday-christmas-winter-ice-skating-rink-in-village-square-coloring-pag__2314a178ce,/printables/christmas/holiday-christmas-winter-ice-skating-rink-in-village-square-2314a178ce,omitted,primary_subject|style|detail|audience,,verified structured details are available but do not support additional prose
christmas__holiday-christmas-winter-kids-sledding-down-hill-in-park-coloring-page__661f3b44b5,/printables/christmas/holiday-christmas-winter-kids-sledding-down-hill-in-park-661f3b44b5,omitted,primary_subject|style|detail|audience,,verified structured details are available but do not support additional prose
christmas__holiday-christmas-winter-log-cabin-with-glowing-windows-coloring-page__325a202b5a,/printables/christmas/holiday-christmas-winter-log-cabin-with-glowing-windows-325a202b5a,omitted,primary_subject|style|detail|audience,,verified structured details are available but do not support additional prose
christmas__holiday-christmas-winter-night-sky-with-northern-lights-coloring-page__cbe38b131a,/printables/christmas/holiday-christmas-winter-night-sky-with-northern-lights-cbe38b131a,omitted,primary_subject|style|detail|audience,,verified structured details are available but do not support additional prose
dogs__dogs-akita-cute__715c4d60d6,/printables/animals/dogs-akita-cute-715c4d60d6,present,style|seasonal|detail|audience,Coloring Pages for Kids|Easy,audience/detail candidate lacks independent review
fantasy__fantasy-chibi-dragon-happy__85aeec1381,/printables/chibi/fantasy-chibi-dragon-happy-85aeec1381,present,seasonal|detail|audience,Coloring Pages for Kids|Easy,audience/detail candidate lacks independent review
fantasy__fantasy-chibi-goblin-cooking__6d8e360519,/printables/chibi/fantasy-chibi-goblin-cooking-6d8e360519,present,seasonal|detail|audience,Coloring Pages for Kids|Easy,audience/detail candidate lacks independent review
fantasy__fantasy-chibi-griffin-nest__cab98ed0ff,/printables/chibi/fantasy-chibi-griffin-nest-cab98ed0ff,present,seasonal|detail|audience,Coloring Pages for Kids|Easy,audience/detail candidate lacks independent review
fantasy__fantasy-chibi-kitsune-forest__beec40385d,/printables/chibi/fantasy-chibi-kitsune-forest-beec40385d,present,seasonal|detail|audience,Coloring Pages for Kids|Easy,audience/detail candidate lacks independent review
fantasy__fantasy-chibi-kraken-playful__33bdec4570,/printables/chibi/fantasy-chibi-kraken-playful-33bdec4570,present,seasonal|detail|audience,Coloring Pages for Kids|Easy,audience/detail candidate lacks independent review
fantasy__fantasy-chibi-phoenix__0b24a2f4e3,/printables/chibi/fantasy-chibi-phoenix-0b24a2f4e3,present,seasonal|detail|audience,Coloring Pages for Kids|Easy,audience/detail candidate lacks independent review
fantasy__fantasy-chibi-phoenix-flight__bd83c0d408,/printables/chibi/fantasy-chibi-phoenix-flight-bd83c0d408,present,seasonal|detail|audience,Coloring Pages for Kids|Easy,audience/detail candidate lacks independent review
fantasy__fantasy-chibi-shadow-knight__47c317c3b0,/printables/chibi/fantasy-chibi-shadow-knight-47c317c3b0,present,seasonal|detail|audience,Coloring Pages for Kids|Easy,audience/detail candidate lacks independent review
fantasy__fantasy-chibi-unicorn-sparkle__b6a8eb6d58,/printables/chibi/fantasy-chibi-unicorn-sparkle-b6a8eb6d58,present,seasonal|detail|audience,Coloring Pages for Kids|Easy,audience/detail candidate lacks independent review
fantasy__fantasy-chibi-wyvern-baby__5801a34813,/printables/chibi/fantasy-chibi-wyvern-baby-5801a34813,present,seasonal|detail|audience,Coloring Pages for Kids|Easy,audience/detail candidate lacks independent review
fantasy__fantasy-witch-kitty-forest-hut__fcc5ca779d,/printables/animals/fantasy-witch-kitty-forest-hut-fcc5ca779d,present,style|seasonal|detail|audience,Coloring Pages for Kids,audience/detail candidate lacks independent review
gardening__gardening-mushroom-magic-forest-mushroom-cartoon__e3e9e99920,/printables/easy/gardening-mushroom-magic-forest-mushroom-cartoon-e3e9e99920,present,style|seasonal|detail|audience,Coloring Pages for Kids|Easy,audience/detail candidate lacks independent review
holiday__holiday-birthday-balloons-bunch__5e7a1bb0a8,/printables/birthday/holiday-birthday-balloons-bunch-5e7a1bb0a8,omitted,primary_subject|style|detail|audience,,verified structured details are available but do not support additional prose
holiday__holiday-birthday-celebration-elf__ee13c4bcbe,/printables/birthday/holiday-birthday-celebration-elf-ee13c4bcbe,omitted,primary_subject|style|detail|audience,,verified structured details are available but do not support additional prose
holiday__holiday-birthday-celebration-gnome__835212f9b9,/printables/birthday/holiday-birthday-celebration-gnome-835212f9b9,omitted,primary_subject|style|detail|audience,,verified structured details are available but do not support additional prose
holiday__holiday-birthday-celebration-kittens__ed2debfba8,/printables/animals/holiday-birthday-celebration-kittens-ed2debfba8,present,style|detail|audience,Coloring Pages for Kids,audience/detail candidate lacks independent review
holiday__holiday-birthday-celebration-newt-family__dd6b081658,/printables/birthday/holiday-birthday-celebration-newt-family-dd6b081658,omitted,primary_subject|style|detail|audience,,verified structured details are available but do not support additional prose
holiday__holiday-birthday-celebration-origami-cranes__7dcc0c737f,/printables/birthday/holiday-birthday-celebration-origami-cranes-7dcc0c737f,omitted,primary_subject|style|detail|audience,,verified structured details are available but do not support additional prose
holiday__holiday-birthday-celebration-origami-hearts__2ad32cf931,/printables/birthday/holiday-birthday-celebration-origami-hearts-2ad32cf931,omitted,primary_subject|style|detail|audience,,verified structured details are available but do not support additional prose
holiday__holiday-birthday-celebration-pirates__403c0530b4,/printables/birthday/holiday-birthday-celebration-pirates-403c0530b4,omitted,primary_subject|style|detail|audience,,verified structured details are available but do not support additional prose
holiday__holiday-birthday-celebration-plushie-kitten-cat-family__e25b5b488b,/printables/animals/holiday-birthday-celebration-plushie-kitten-cat-family-e25b5b488b,present,detail|audience,Coloring Pages for Kids,audience/detail candidate lacks independent review
holiday__holiday-birthday-celebration-plushie-puppy-dog-family__0598064720,/printables/animals/holiday-birthday-celebration-plushie-puppy-dog-family-0598064720,present,detail|audience,Coloring Pages for Kids,audience/detail candidate lacks independent review
holiday__holiday-birthday-celebration-skeleton__3895c2ff35,/printables/birthday/holiday-birthday-celebration-skeleton-3895c2ff35,omitted,primary_subject|style|detail|audience,,verified structured details are available but do not support additional prose
holiday__holiday-birthday-celebration-wolverine__57519325fe,/printables/birthday/holiday-birthday-celebration-wolverine-57519325fe,omitted,primary_subject|style|detail|audience,,verified structured details are available but do not support additional prose
holiday__holiday-birthday-gift-box-with-bow__ea1ccbba04,/printables/birthday/holiday-birthday-gift-box-with-bow-ea1ccbba04,omitted,primary_subject|style|detail|audience,,verified structured details are available but do not support additional prose
holiday__holiday-birthday-gift-pile__df6b2703f1,/printables/birthday/holiday-birthday-gift-pile-df6b2703f1,omitted,primary_subject|style|detail|audience,,verified structured details are available but do not support additional prose
holiday__holiday-birthday-pirate-birthday-party__d475606882,/printables/birthday/holiday-birthday-pirate-birthday-party-d475606882,omitted,primary_subject|style|detail|audience,,verified structured details are available but do not support additional prose
holiday__holiday-birthday-princess-birthday-party__e90de00d84,/printables/birthday/holiday-birthday-princess-birthday-party-e90de00d84,omitted,primary_subject|style|detail|audience,,verified structured details are available but do not support additional prose
holiday__holiday-birthday-superhero-birthday-party__f895bca201,/printables/birthday/holiday-birthday-superhero-birthday-party-f895bca201,omitted,primary_subject|style|detail|audience,,verified structured details are available but do not support additional prose
holiday__holiday-christmas-dogs-siberian-husky-puppies__98126e5b28,/printables/animals/holiday-christmas-dogs-siberian-husky-puppies-98126e5b28,present,style|detail|audience,Coloring Pages for Kids,audience/detail candidate lacks independent review
holiday__holiday-christmas-plushie-kitten-cat__059a4a19e5,/printables/animals/holiday-christmas-plushie-kitten-cat-059a4a19e5,present,detail|audience,Coloring Pages for Kids,audience/detail candidate lacks independent review
holiday__holiday-christmas-plushie-kitten-cat-family__5b87666cfc,/printables/animals/holiday-christmas-plushie-kitten-cat-family-5b87666cfc,present,detail|audience,Coloring Pages for Kids,audience/detail candidate lacks independent review
holiday__holiday-christmas-plushie-puppy-dog__801341ade8,/printables/animals/holiday-christmas-plushie-puppy-dog-801341ade8,present,detail|audience,Coloring Pages for Kids,audience/detail candidate lacks independent review
holiday__holiday-christmas-plushie-puppy-dog-family__8b78f3c69d,/printables/animals/holiday-christmas-plushie-puppy-dog-family-8b78f3c69d,present,detail|audience,Coloring Pages for Kids,audience/detail candidate lacks independent review
holiday__holiday-christmas-prehistoric-archaeopteryx__29452a9b79,/printables/christmas/holiday-christmas-prehistoric-archaeopteryx-29452a9b79,omitted,primary_subject|style|detail|audience,,verified structured details are available but do not support additional prose
holiday__holiday-christmas-prehistoric-dimetrodon__927b228a66,/printables/christmas/holiday-christmas-prehistoric-dimetrodon-927b228a66,omitted,primary_subject|style|detail|audience,,verified structured details are available but do not support additional prose
holiday__holiday-christmas-prehistoric-dunkleosteus__c475814ca9,/printables/christmas/holiday-christmas-prehistoric-dunkleosteus-c475814ca9,omitted,primary_subject|style|detail|audience,,verified structured details are available but do not support additional prose
holiday__holiday-christmas-prehistoric-kawaii-triceratops__9689527143,/printables/animals/holiday-christmas-prehistoric-kawaii-triceratops-9689527143,present,style|detail|audience,Coloring Pages for Kids|Easy,audience/detail candidate lacks independent review
holiday__holiday-christmas-prehistoric-quetzalcoatlus__5359fb5d3b,/printables/christmas/holiday-christmas-prehistoric-quetzalcoatlus-5359fb5d3b,omitted,primary_subject|style|detail|audience,,verified structured details are available but do not support additional prose
holiday__holiday-halloween-candy-bucket-filled-with-treats-coloring-page__1c60d58016,/printables/halloween/holiday-halloween-candy-bucket-filled-with-treats-1c60d58016,omitted,primary_subject|style|detail|audience,,verified structured details are available but do not support additional prose
holiday__holiday-halloween-candy-corn-coloring-page__a82a9ad584,/printables/halloween/holiday-halloween-candy-corn-a82a9ad584,omitted,primary_subject|style|detail|audience,,verified structured details are available but do not support additional prose
holiday__holiday-halloween-candy-corn-pattern-background-coloring-page__3d62d9779b,/printables/halloween/holiday-halloween-candy-corn-pattern-background-3d62d9779b,omitted,primary_subject|style|detail|audience,,verified structured details are available but do not support additional prose
holiday__holiday-halloween-costume-plushie-kitten-cat-family__38b29f880c,/printables/animals/holiday-halloween-costume-plushie-kitten-cat-family-38b29f880c,present,detail|audience,Coloring Pages for Kids,audience/detail candidate lacks independent review
holiday__holiday-halloween-costume-plushie-puppy-dog-family__14b7901b5e,/printables/animals/holiday-halloween-costume-plushie-puppy-dog-family-14b7901b5e,present,detail|audience,Coloring Pages for Kids,audience/detail candidate lacks independent review
holiday__holiday-halloween-cute-kawaii-halloween-characters-coloring-page__97d298d5be,/printables/cute/holiday-halloween-cute-kawaii-halloween-characters-97d298d5be,present,style|detail|audience,Coloring Pages for Kids|Easy,audience/detail candidate lacks independent review
holiday__holiday-halloween-frankenstein-monster-smiling-coloring-page__fa9fda3da2,/printables/halloween/holiday-halloween-frankenstein-monster-smiling-fa9fda3da2,omitted,primary_subject|style|detail|audience,,verified structured details are available but do not support additional prose
holiday__holiday-halloween-ghost-family-with-smiling-faces-coloring-page__182de898dd,/printables/halloween/holiday-halloween-ghost-family-with-smiling-faces-182de898dd,omitted,primary_subject|style|detail|audience,,verified structured details are available but do not support additional prose
holiday__holiday-halloween-ghost-floating-above-graveyard-coloring-page__eec2bc1168,/printables/halloween/holiday-halloween-ghost-floating-above-graveyard-eec2bc1168,omitted,primary_subject|style|detail|audience,,verified structured details are available but do not support additional prose
holiday__holiday-halloween-ghost-floating-in-haunted-hallway-coloring-page__b8d98dab62,/printables/halloween/holiday-halloween-ghost-floating-in-haunted-hallway-b8d98dab62,omitted,primary_subject|style|detail|audience,,verified structured details are available but do not support additional prose
holiday__holiday-halloween-ghost-graveyard-coloring-page__86bfe30900,/printables/halloween/holiday-halloween-ghost-graveyard-86bfe30900,omitted,primary_subject|style|detail|audience,,verified structured details are available but do not support additional prose
holiday__holiday-halloween-halloween-carnival-with-games-and-booths-coloring-page__b1e54b5734,/printables/halloween/holiday-halloween-carnival-with-games-and-booths-b1e54b5734,omitted,primary_subject|style|detail|audience,,verified structured details are available but do not support additional prose
holiday__holiday-halloween-halloween-maze-with-cornfield-paths-coloring-page__190fe7a9e9,/printables/halloween/holiday-halloween-maze-with-cornfield-paths-190fe7a9e9,omitted,primary_subject|style|detail|audience,,verified structured details are available but do not support additional prose
holiday__holiday-halloween-haunted-mansion-with-creaky-gate-coloring-page__05c36a42eb,/printables/halloween/holiday-halloween-haunted-mansion-with-creaky-gate-05c36a42eb,omitted,primary_subject|style|detail|audience,,verified structured details are available but do not support additional prose
holiday__holiday-halloween-haunted-mansion-with-lantern-lit-path-coloring-page__d207ad5dad,/printables/halloween/holiday-halloween-haunted-mansion-with-lantern-lit-path-d207ad5dad,omitted,primary_subject|style|detail|audience,,verified structured details are available but do not support additional prose
holiday__holiday-halloween-jack-o-lantern-faces-variety-coloring-page__f52227a508,/printables/halloween/holiday-halloween-jack-o-lantern-faces-variety-f52227a508,omitted,primary_subject|style|detail|audience,,verified structured details are available but do not support additional prose
holiday__holiday-halloween-jack-o-lantern-lined-front-porch-coloring-page__dffc2763f4,/printables/halloween/holiday-halloween-jack-o-lantern-lined-front-porch-dffc2763f4,omitted,primary_subject|style|detail|audience,,verified structured details are available but do not support additional prose
holiday__holiday-halloween-mummy-walking-with-bandages-loose-coloring-page__180f3db01b,/printables/halloween/holiday-halloween-mummy-walking-with-bandages-loose-180f3db01b,omitted,primary_subject|style|detail|audience,,verified structured details are available but do not support additional prose
holiday__holiday-halloween-skeleton-dancing-with-top-hat-coloring-page__05830cafb9,/printables/halloween/holiday-halloween-skeleton-dancing-with-top-hat-05830cafb9,omitted,primary_subject|style|detail|audience,,verified structured details are available but do not support additional prose
holiday__holiday-halloween-spooky-graveyard-with-tombstones-coloring-page__ba2dd0e228,/printables/halloween/holiday-halloween-spooky-graveyard-with-tombstones-ba2dd0e228,omitted,primary_subject|style|detail|audience,,verified structured details are available but do not support additional prose
holiday__holiday-halloween-trick-or-treat-dog-in-cute-costume-coloring-page__1914e85657,/printables/animals/holiday-halloween-trick-or-treat-dog-in-cute-costume-1914e85657,present,style|detail|audience,Coloring Pages for Kids|Easy,audience/detail candidate lacks independent review
holiday__holiday-halloween-trick-or-treat-front-porch-decorated-coloring-page__92e42d44a8,/printables/halloween/holiday-halloween-trick-or-treat-front-porch-decorated-92e42d44a8,omitted,primary_subject|style|detail|audience,,verified structured details are available but do not support additional prose
holiday__holiday-halloween-trick-or-treat-kids-in-costumes-coloring-page__00504a7b54,/printables/halloween/holiday-halloween-trick-or-treat-kids-in-costumes-00504a7b54,omitted,primary_subject|style|detail|audience,,verified structured details are available but do not support additional prose
holiday__holiday-halloween-trick-or-treat-walkway-lined-with-lanterns-coloring-pa__ac8d74f0a9,/printables/halloween/holiday-halloween-trick-or-treat-walkway-lined-with-lanterns-ac8d74f0a9,omitted,primary_subject|style|detail|audience,,verified structured details are available but do not support additional prose
holiday__holiday-halloween-trick-or-treat-with-lanterns-coloring-page__0b0a06368b,/printables/halloween/holiday-halloween-trick-or-treat-with-lanterns-0b0a06368b,omitted,primary_subject|style|detail|audience,,verified structured details are available but do not support additional prose
holiday__holiday-halloween-werewolf-howling-under-full-moon-coloring-page__31b871d117,/printables/halloween/holiday-halloween-werewolf-howling-under-full-moon-31b871d117,omitted,primary_subject|style|detail|audience,,verified structured details are available but do not support additional prose
insects__insects-army-ant-cartoon__5570c327a9,/printables/animals/insects-army-ant-cartoon-5570c327a9,present,style|seasonal|detail|audience,Coloring Pages for Kids|Easy,audience/detail candidate lacks independent review
insects__insects-armyworm-caterpillar-cartoon__d286dfdaea,/printables/animals/insects-armyworm-caterpillar-cartoon-d286dfdaea,present,style|seasonal|detail|audience,Coloring Pages for Kids|Easy,audience/detail candidate lacks independent review
mandala__mandala-geometry-patterns-animal-mandala-fox__3e8e80a2fd,/printables/animals/mandala-geometry-patterns-animal-mandala-fox-3e8e80a2fd,present,seasonal|detail|audience,Detailed Coloring Pages for Adults|Detailed Coloring Pages for Adults,audience/detail candidate lacks independent review
mandala__mandala-geometry-patterns-celestial-mandala__84d5358083,/printables/detailed-for-adults/mandala-geometry-patterns-celestial-mandala-84d5358083,present,primary_subject|seasonal|detail|audience,Detailed Coloring Pages for Adults|Detailed Coloring Pages for Adults,audience/detail candidate lacks independent review
mandala__mandala-geometry-patterns-geometric-mandala__3369a57b28,/printables/detailed-for-adults/mandala-geometry-patterns-geometric-mandala-3369a57b28,present,primary_subject|seasonal|detail|audience,Detailed Coloring Pages for Adults|Detailed Coloring Pages for Adults,audience/detail candidate lacks independent review
mandala__mandala-geometry-patterns-hindu-mandala__fc5ca81596,/printables/detailed-for-adults/mandala-geometry-patterns-hindu-mandala-fc5ca81596,present,primary_subject|seasonal|detail|audience,Detailed Coloring Pages for Adults|Detailed Coloring Pages for Adults,audience/detail candidate lacks independent review
mandala__mandala-geometry-patterns-nature-mandala__89a2f93a25,/printables/detailed-for-adults/mandala-geometry-patterns-nature-mandala-89a2f93a25,present,primary_subject|seasonal|detail|audience,Detailed Coloring Pages for Adults|Detailed Coloring Pages for Adults,audience/detail candidate lacks independent review
mandala__mandala-geometry-patterns-psychedelic-mandala__9b152d5112,/printables/detailed-for-adults/mandala-geometry-patterns-psychedelic-mandala-9b152d5112,present,primary_subject|seasonal|detail|audience,Detailed Coloring Pages for Adults|Detailed Coloring Pages for Adults,audience/detail candidate lacks independent review
mandala-geometry-patterns__mandala-geometry-patterns-abstract-mandala__29dbb1eecf,/printables/detailed-for-adults/mandala-geometry-patterns-abstract-mandala-29dbb1eecf,present,primary_subject|seasonal|detail|audience,Detailed Coloring Pages for Adults|Detailed Coloring Pages for Adults,audience/detail candidate lacks independent review
mandala-geometry-patterns__mandala-geometry-patterns-abstract-shapes__96fa3013f6,/printables/detailed-for-adults/mandala-geometry-patterns-abstract-shapes-96fa3013f6,present,primary_subject|seasonal|detail|audience,Detailed Coloring Pages for Adults|Detailed Coloring Pages for Adults,audience/detail candidate lacks independent review
mandala-geometry-patterns__mandala-geometry-patterns-animal-plushie-hippo__12a7febf5c,/printables/animals/mandala-geometry-patterns-animal-plushie-hippo-12a7febf5c,present,seasonal|detail|audience,Detailed Coloring Pages for Adults|Detailed Coloring Pages for Adults,audience/detail candidate lacks independent review
mandala-geometry-patterns__mandala-geometry-patterns-bakery-animal-shaped-cookies__02c4796fed,/printables/animals/mandala-geometry-patterns-bakery-animal-shaped-cookies-02c4796fed,present,style|seasonal|detail|audience,Detailed Coloring Pages for Adults|Detailed Coloring Pages for Adults,audience/detail candidate lacks independent review
mandala-geometry-patterns__mandala-geometry-patterns-bakery-apple-pie__572ed1fcfb,/printables/bakery/mandala-geometry-patterns-bakery-apple-pie-572ed1fcfb,present,style|seasonal|detail|audience,Detailed Coloring Pages for Adults|Detailed Coloring Pages for Adults,audience/detail candidate lacks independent review
mandala-geometry-patterns__mandala-geometry-patterns-bakery-baguette__f3931efe05,/printables/bakery/mandala-geometry-patterns-bakery-baguette-f3931efe05,present,style|seasonal|detail|audience,Detailed Coloring Pages for Adults|Detailed Coloring Pages for Adults,audience/detail candidate lacks independent review
mandala-geometry-patterns__mandala-geometry-patterns-bakery-baker-hat__85eb9a820b,/printables/bakery/mandala-geometry-patterns-bakery-baker-hat-85eb9a820b,present,style|seasonal|detail|audience,Detailed Coloring Pages for Adults|Detailed Coloring Pages for Adults,audience/detail candidate lacks independent review
mandala-geometry-patterns__mandala-geometry-patterns-bakery-baker-holding-bread__b1725567be,/printables/bakery/mandala-geometry-patterns-bakery-baker-holding-bread-b1725567be,present,style|seasonal|detail|audience,Detailed Coloring Pages for Adults|Detailed Coloring Pages for Adults,audience/detail candidate lacks independent review
mandala-geometry-patterns__mandala-geometry-patterns-bakery-bakery-shop-front__81c0dea658,/printables/bakery/mandala-geometry-patterns-bakery-shop-front-81c0dea658,present,style|seasonal|detail|audience,Detailed Coloring Pages for Adults|Detailed Coloring Pages for Adults,audience/detail candidate lacks independent review
mandala-geometry-patterns__mandala-geometry-patterns-bakery-bakery-shop-interior__e25e3e5dee,/printables/bakery/mandala-geometry-patterns-bakery-shop-interior-e25e3e5dee,present,style|seasonal|detail|audience,Detailed Coloring Pages for Adults|Detailed Coloring Pages for Adults,audience/detail candidate lacks independent review
mandala-geometry-patterns__mandala-geometry-patterns-bakery-baking-classroom__0a96a3953d,/printables/bakery/mandala-geometry-patterns-bakery-baking-classroom-0a96a3953d,present,style|seasonal|detail|audience,Detailed Coloring Pages for Adults|Detailed Coloring Pages for Adults,audience/detail candidate lacks independent review
mandala-geometry-patterns__mandala-geometry-patterns-bakery-baking-sheet-full-of-cookies__5f372cefe8,/printables/bakery/mandala-geometry-patterns-bakery-baking-sheet-full-of-cookies-5f372cefe8,present,style|seasonal|detail|audience,Detailed Coloring Pages for Adults|Detailed Coloring Pages for Adults,audience/detail candidate lacks independent review
mandala-geometry-patterns__mandala-geometry-patterns-bakery-banana-bread__b966f4a2ee,/printables/bakery/mandala-geometry-patterns-bakery-banana-bread-b966f4a2ee,present,style|seasonal|detail|audience,Detailed Coloring Pages for Adults|Detailed Coloring Pages for Adults,audience/detail candidate lacks independent review
mandala-geometry-patterns__mandala-geometry-patterns-bakery-birthday-cake__63baabceb3,/printables/bakery/mandala-geometry-patterns-bakery-birthday-cake-63baabceb3,present,style|detail|audience,Detailed Coloring Pages for Adults|Detailed Coloring Pages for Adults,audience/detail candidate lacks independent review
mandala-geometry-patterns__mandala-geometry-patterns-bakery-birthday-cupcake__775c363bbe,/printables/bakery/mandala-geometry-patterns-bakery-birthday-cupcake-775c363bbe,present,style|detail|audience,Detailed Coloring Pages for Adults|Detailed Coloring Pages for Adults,audience/detail candidate lacks independent review
mandala-geometry-patterns__mandala-geometry-patterns-bakery-biscotti__5ce75299d7,/printables/bakery/mandala-geometry-patterns-bakery-biscotti-5ce75299d7,present,style|seasonal|detail|audience,Detailed Coloring Pages for Adults|Detailed Coloring Pages for Adults,audience/detail candidate lacks independent review
mandala-geometry-patterns__mandala-geometry-patterns-bakery-blueberry-muffin__1cedb880e9,/printables/bakery/mandala-geometry-patterns-bakery-blueberry-muffin-1cedb880e9,present,style|seasonal|detail|audience,Detailed Coloring Pages for Adults|Detailed Coloring Pages for Adults,audience/detail candidate lacks independent review
mandala-geometry-patterns__mandala-geometry-patterns-bakery-bread-loaf__11bac2244d,/printables/bakery/mandala-geometry-patterns-bakery-bread-loaf-11bac2244d,present,style|seasonal|detail|audience,Detailed Coloring Pages for Adults|Detailed Coloring Pages for Adults,audience/detail candidate lacks independent review
mandala-geometry-patterns__mandala-geometry-patterns-bakery-bread-slicing-board__09d11226d0,/printables/bakery/mandala-geometry-patterns-bakery-bread-slicing-board-09d11226d0,present,style|seasonal|detail|audience,Detailed Coloring Pages for Adults|Detailed Coloring Pages for Adults,audience/detail candidate lacks independent review
mandala-geometry-patterns__mandala-geometry-patterns-bakery-breadsticks-in-basket__b49a7becfa,/printables/bakery/mandala-geometry-patterns-bakery-breadsticks-in-basket-b49a7becfa,present,style|seasonal|detail|audience,Detailed Coloring Pages for Adults|Detailed Coloring Pages for Adults,audience/detail candidate lacks independent review
mandala-geometry-patterns__mandala-geometry-patterns-bakery-brownie__995c25947e,/printables/bakery/mandala-geometry-patterns-bakery-brownie-995c25947e,present,style|seasonal|detail|audience,Detailed Coloring Pages for Adults|Detailed Coloring Pages for Adults,audience/detail candidate lacks independent review
mandala-geometry-patterns__mandala-geometry-patterns-bakery-bundt-cake__84aca9e8c9,/printables/bakery/mandala-geometry-patterns-bakery-bundt-cake-84aca9e8c9,present,style|seasonal|detail|audience,Detailed Coloring Pages for Adults|Detailed Coloring Pages for Adults,audience/detail candidate lacks independent review
mandala-geometry-patterns__mandala-geometry-patterns-bakery-cake-stand__f14fe96685,/printables/bakery/mandala-geometry-patterns-bakery-cake-stand-f14fe96685,present,style|seasonal|detail|audience,Detailed Coloring Pages for Adults|Detailed Coloring Pages for Adults,audience/detail candidate lacks independent review
mandala-geometry-patterns__mandala-geometry-patterns-bakery-candy-cane-cookies__b08ddaca23,/printables/bakery/mandala-geometry-patterns-bakery-candy-cane-cookies-b08ddaca23,present,style|seasonal|detail|audience,Detailed Coloring Pages for Adults|Detailed Coloring Pages for Adults,audience/detail candidate lacks independent review
mandala-geometry-patterns__mandala-geometry-patterns-bakery-carrot-cake-slice__77618ace7c,/printables/bakery/mandala-geometry-patterns-bakery-carrot-cake-slice-77618ace7c,present,style|seasonal|detail|audience,Detailed Coloring Pages for Adults|Detailed Coloring Pages for Adults,audience/detail candidate lacks independent review
mandala-geometry-patterns__mandala-geometry-patterns-bakery-cheesecake__d3a9833b59,/printables/bakery/mandala-geometry-patterns-bakery-cheesecake-d3a9833b59,present,style|seasonal|detail|audience,Detailed Coloring Pages for Adults|Detailed Coloring Pages for Adults,audience/detail candidate lacks independent review
mandala-geometry-patterns__mandala-geometry-patterns-bakery-cherry-pie__c268e655da,/printables/bakery/mandala-geometry-patterns-bakery-cherry-pie-c268e655da,present,style|seasonal|detail|audience,Detailed Coloring Pages for Adults|Detailed Coloring Pages for Adults,audience/detail candidate lacks independent review
mandala-geometry-patterns__mandala-geometry-patterns-bakery-chocolate-chip-cookie__4c88ab37fb,/printables/bakery/mandala-geometry-patterns-bakery-chocolate-chip-cookie-4c88ab37fb,present,style|seasonal|detail|audience,Detailed Coloring Pages for Adults|Detailed Coloring Pages for Adults,audience/detail candidate lacks independent review
mandala-geometry-patterns__mandala-geometry-patterns-bakery-chocolate-chip-muffin__b97e6a7ffd,/printables/bakery/mandala-geometry-patterns-bakery-chocolate-chip-muffin-b97e6a7ffd,present,style|seasonal|detail|audience,Detailed Coloring Pages for Adults|Detailed Coloring Pages for Adults,audience/detail candidate lacks independent review
mandala-geometry-patterns__mandala-geometry-patterns-bakery-chocolate-cupcake__701ec93473,/printables/bakery/mandala-geometry-patterns-bakery-chocolate-cupcake-701ec93473,present,style|seasonal|detail|audience,Detailed Coloring Pages for Adults|Detailed Coloring Pages for Adults,audience/detail candidate lacks independent review
mandala-geometry-patterns__mandala-geometry-patterns-bakery-ciabatta__5b6d264ca3,/printables/bakery/mandala-geometry-patterns-bakery-ciabatta-5b6d264ca3,present,style|seasonal|detail|audience,Detailed Coloring Pages for Adults|Detailed Coloring Pages for Adults,audience/detail candidate lacks independent review
mandala-geometry-patterns__mandala-geometry-patterns-bakery-cinnamon-roll__8a420aa6ff,/printables/bakery/mandala-geometry-patterns-bakery-cinnamon-roll-8a420aa6ff,present,style|seasonal|detail|audience,Detailed Coloring Pages for Adults|Detailed Coloring Pages for Adults,audience/detail candidate lacks independent review
mandala-geometry-patterns__mandala-geometry-patterns-bakery-cookie-decorating__ff7e1640d4,/printables/bakery/mandala-geometry-patterns-bakery-cookie-decorating-ff7e1640d4,present,style|seasonal|detail|audience,Detailed Coloring Pages for Adults|Detailed Coloring Pages for Adults,audience/detail candidate lacks independent review
mandala-geometry-patterns__mandala-geometry-patterns-bakery-cookie-jar__abfddaff0c,/printables/bakery/mandala-geometry-patterns-bakery-cookie-jar-abfddaff0c,present,style|seasonal|detail|audience,Detailed Coloring Pages for Adults|Detailed Coloring Pages for Adults,audience/detail candidate lacks independent review
mandala-geometry-patterns__mandala-geometry-patterns-bakery-cream-puff__d4e833d020,/printables/bakery/mandala-geometry-patterns-bakery-cream-puff-d4e833d020,present,style|seasonal|detail|audience,Detailed Coloring Pages for Adults|Detailed Coloring Pages for Adults,audience/detail candidate lacks independent review
mandala-geometry-patterns__mandala-geometry-patterns-bakery-croissant__64875b872e,/printables/bakery/mandala-geometry-patterns-bakery-croissant-64875b872e,present,style|seasonal|detail|audience,Detailed Coloring Pages for Adults|Detailed Coloring Pages for Adults,audience/detail candidate lacks independent review
mandala-geometry-patterns__mandala-geometry-patterns-bakery-cup-measuring-set__6d64fbaecf,/printables/bakery/mandala-geometry-patterns-bakery-cup-measuring-set-6d64fbaecf,present,style|seasonal|detail|audience,Detailed Coloring Pages for Adults|Detailed Coloring Pages for Adults,audience/detail candidate lacks independent review
mandala-geometry-patterns__mandala-geometry-patterns-bakery-cupcake__95878d3d22,/printables/bakery/mandala-geometry-patterns-bakery-cupcake-95878d3d22,present,style|seasonal|detail|audience,Detailed Coloring Pages for Adults|Detailed Coloring Pages for Adults,audience/detail candidate lacks independent review
mandala-geometry-patterns__mandala-geometry-patterns-bakery-customer-buying-pastry__5ec40b3117,/printables/bakery/mandala-geometry-patterns-bakery-customer-buying-pastry-5ec40b3117,present,style|seasonal|detail|audience,Detailed Coloring Pages for Adults|Detailed Coloring Pages for Adults,audience/detail candidate lacks independent review
mandala-geometry-patterns__mandala-geometry-patterns-bakery-cutting-board-with-dough__b2b847f8d9,/printables/bakery/mandala-geometry-patterns-bakery-cutting-board-with-dough-b2b847f8d9,present,style|seasonal|detail|audience,Detailed Coloring Pages for Adults|Detailed Coloring Pages for Adults,audience/detail candidate lacks independent review
mandala-geometry-patterns__mandala-geometry-patterns-bakery-danish-pastry__e8c3e2e66e,/printables/bakery/mandala-geometry-patterns-bakery-danish-pastry-e8c3e2e66e,present,style|seasonal|detail|audience,Detailed Coloring Pages for Adults|Detailed Coloring Pages for Adults,audience/detail candidate lacks independent review
mandala-geometry-patterns__mandala-geometry-patterns-bakery-display-case__922f88ea65,/printables/bakery/mandala-geometry-patterns-bakery-display-case-922f88ea65,present,style|seasonal|detail|audience,Detailed Coloring Pages for Adults|Detailed Coloring Pages for Adults,audience/detail candidate lacks independent review
mandala-geometry-patterns__mandala-geometry-patterns-bakery-donut__a99a2b3fbd,/printables/bakery/mandala-geometry-patterns-bakery-donut-a99a2b3fbd,present,style|seasonal|detail|audience,Detailed Coloring Pages for Adults|Detailed Coloring Pages for Adults,audience/detail candidate lacks independent review
mandala-geometry-patterns__mandala-geometry-patterns-bakery-eclair__c6c44e3f30,/printables/bakery/mandala-geometry-patterns-bakery-eclair-c6c44e3f30,present,style|seasonal|detail|audience,Detailed Coloring Pages for Adults|Detailed Coloring Pages for Adults,audience/detail candidate lacks independent review
mandala-geometry-patterns__mandala-geometry-patterns-bakery-flour-sack-and-yeast__f545f26be0,/printables/bakery/mandala-geometry-patterns-bakery-flour-sack-and-yeast-f545f26be0,present,style|seasonal|detail|audience,Detailed Coloring Pages for Adults|Detailed Coloring Pages for Adults,audience/detail candidate lacks independent review
mandala-geometry-patterns__mandala-geometry-patterns-bakery-focaccia__988a6bf6e1,/printables/bakery/mandala-geometry-patterns-bakery-focaccia-988a6bf6e1,present,style|seasonal|detail|audience,Detailed Coloring Pages for Adults|Detailed Coloring Pages for Adults,audience/detail candidate lacks independent review
mandala-geometry-patterns__mandala-geometry-patterns-bakery-freshly-baked-baguettes__164ab8519b,/printables/bakery/mandala-geometry-patterns-bakery-freshly-baked-baguettes-164ab8519b,present,style|seasonal|detail|audience,Detailed Coloring Pages for Adults|Detailed Coloring Pages for Adults,audience/detail candidate lacks independent review
mandala-geometry-patterns__mandala-geometry-patterns-bakery-freshly-baked-croissants__ebe8e05b48,/printables/bakery/mandala-geometry-patterns-bakery-freshly-baked-croissants-ebe8e05b48,present,style|seasonal|detail|audience,Detailed Coloring Pages for Adults|Detailed Coloring Pages for Adults,audience/detail candidate lacks independent review
mandala-geometry-patterns__mandala-geometry-patterns-bakery-fruit-cupcake__843e1520d7,/printables/bakery/mandala-geometry-patterns-bakery-fruit-cupcake-843e1520d7,present,style|seasonal|detail|audience,Detailed Coloring Pages for Adults|Detailed Coloring Pages for Adults,audience/detail candidate lacks independent review
mandala-geometry-patterns__mandala-geometry-patterns-bakery-fruit-scone__ea7f09fdc3,/printables/bakery/mandala-geometry-patterns-bakery-fruit-scone-ea7f09fdc3,present,style|seasonal|detail|audience,Detailed Coloring Pages for Adults|Detailed Coloring Pages for Adults,audience/detail candidate lacks independent review
mandala-geometry-patterns__mandala-geometry-patterns-bakery-gingerbread-cookie__a800891e54,/printables/bakery/mandala-geometry-patterns-bakery-gingerbread-cookie-a800891e54,present,style|detail|audience,Detailed Coloring Pages for Adults|Detailed Coloring Pages for Adults,audience/detail candidate lacks independent review
mandala-geometry-patterns__mandala-geometry-patterns-bakery-gingerbread-house__eb26483f58,/printables/bakery/mandala-geometry-patterns-bakery-gingerbread-house-eb26483f58,present,style|detail|audience,Detailed Coloring Pages for Adults|Detailed Coloring Pages for Adults,audience/detail candidate lacks independent review
mandala-geometry-patterns__mandala-geometry-patterns-bakery-gingerbread-men-decorating__0a023b7919,/printables/bakery/mandala-geometry-patterns-bakery-gingerbread-men-decorating-0a023b7919,present,style|detail|audience,Detailed Coloring Pages for Adults|Detailed Coloring Pages for Adults,audience/detail candidate lacks independent review
mandala-geometry-patterns__mandala-geometry-patterns-bakery-glazed-donut__0542f5a3e3,/printables/bakery/mandala-geometry-patterns-bakery-glazed-donut-0542f5a3e3,present,style|seasonal|detail|audience,Detailed Coloring Pages for Adults|Detailed Coloring Pages for Adults,audience/detail candidate lacks independent review
mandala-geometry-patterns__mandala-geometry-patterns-bakery-heart-shaped-cookies__1c12c8d607,/printables/bakery/mandala-geometry-patterns-bakery-heart-shaped-cookies-1c12c8d607,present,style|seasonal|detail|audience,Detailed Coloring Pages for Adults|Detailed Coloring Pages for Adults,audience/detail candidate lacks independent review
mandala-geometry-patterns__mandala-geometry-patterns-bakery-holiday-fruitcake__974d7ecafa,/printables/bakery/mandala-geometry-patterns-bakery-holiday-fruitcake-974d7ecafa,present,style|detail|audience,Detailed Coloring Pages for Adults|Detailed Coloring Pages for Adults,audience/detail candidate lacks independent review
mandala-geometry-patterns__mandala-geometry-patterns-bakery-holiday-pastry-platter__0897d81747,/printables/bakery/mandala-geometry-patterns-bakery-holiday-pastry-platter-0897d81747,present,style|detail|audience,Detailed Coloring Pages for Adults|Detailed Coloring Pages for Adults,audience/detail candidate lacks independent review
mandala-geometry-patterns__mandala-geometry-patterns-bakery-holiday-stollen__890f813457,/printables/bakery/mandala-geometry-patterns-bakery-holiday-stollen-890f813457,present,style|detail|audience,Detailed Coloring Pages for Adults|Detailed Coloring Pages for Adults,audience/detail candidate lacks independent review
mandala-geometry-patterns__mandala-geometry-patterns-bakery-icing-tips-and-tools__f244206907,/printables/bakery/mandala-geometry-patterns-bakery-icing-tips-and-tools-f244206907,present,style|seasonal|detail|audience,Detailed Coloring Pages for Adults|Detailed Coloring Pages for Adults,audience/detail candidate lacks independent review
mandala-geometry-patterns__mandala-geometry-patterns-bakery-jelly-filled-donut__9caaa48dae,/printables/bakery/mandala-geometry-patterns-bakery-jelly-filled-donut-9caaa48dae,present,style|seasonal|detail|audience,Detailed Coloring Pages for Adults|Detailed Coloring Pages for Adults,audience/detail candidate lacks independent review
mandala-geometry-patterns__mandala-geometry-patterns-bakery-kneading-dough__7156708e83,/printables/bakery/mandala-geometry-patterns-bakery-kneading-dough-7156708e83,present,style|seasonal|detail|audience,Detailed Coloring Pages for Adults|Detailed Coloring Pages for Adults,audience/detail candidate lacks independent review
mandala-geometry-patterns__mandala-geometry-patterns-bakery-layer-cake__6691186ef2,/printables/bakery/mandala-geometry-patterns-bakery-layer-cake-6691186ef2,present,style|seasonal|detail|audience,Detailed Coloring Pages for Adults|Detailed Coloring Pages for Adults,audience/detail candidate lacks independent review
mandala-geometry-patterns__mandala-geometry-patterns-bakery-macarons__5d9b4b62f4,/printables/bakery/mandala-geometry-patterns-bakery-macarons-5d9b4b62f4,present,style|seasonal|detail|audience,Detailed Coloring Pages for Adults|Detailed Coloring Pages for Adults,audience/detail candidate lacks independent review
mandala-geometry-patterns__mandala-geometry-patterns-bakery-marble-cake-slice__8746b2b623,/printables/bakery/mandala-geometry-patterns-bakery-marble-cake-slice-8746b2b623,present,style|seasonal|detail|audience,Detailed Coloring Pages for Adults|Detailed Coloring Pages for Adults,audience/detail candidate lacks independent review
mandala-geometry-patterns__mandala-geometry-patterns-bakery-market-stall-with-baked-goods__522c6a9342,/printables/bakery/mandala-geometry-patterns-bakery-market-stall-with-baked-goods-522c6a9342,present,style|seasonal|detail|audience,Detailed Coloring Pages for Adults|Detailed Coloring Pages for Adults,audience/detail candidate lacks independent review
mandala-geometry-patterns__mandala-geometry-patterns-bakery-milk-bread-loaf__8795321ebe,/printables/bakery/mandala-geometry-patterns-bakery-milk-bread-loaf-8795321ebe,present,style|seasonal|detail|audience,Detailed Coloring Pages for Adults|Detailed Coloring Pages for Adults,audience/detail candidate lacks independent review
mandala-geometry-patterns__mandala-geometry-patterns-bakery-mini-tart-assortment__5da2f7f990,/printables/bakery/mandala-geometry-patterns-bakery-mini-tart-assortment-5da2f7f990,present,style|seasonal|detail|audience,Detailed Coloring Pages for Adults|Detailed Coloring Pages for Adults,audience/detail candidate lacks independent review
mandala-geometry-patterns__mandala-geometry-patterns-bakery-mixing-spoon-and-whisk__fa80947a84,/printables/bakery/mandala-geometry-patterns-bakery-mixing-spoon-and-whisk-fa80947a84,present,style|seasonal|detail|audience,Detailed Coloring Pages for Adults|Detailed Coloring Pages for Adults,audience/detail candidate lacks independent review
mandala-geometry-patterns__mandala-geometry-patterns-bakery-muffin__3366e997f3,/printables/bakery/mandala-geometry-patterns-bakery-muffin-3366e997f3,present,style|seasonal|detail|audience,Detailed Coloring Pages for Adults|Detailed Coloring Pages for Adults,audience/detail candidate lacks independent review
mandala-geometry-patterns__mandala-geometry-patterns-bakery-oven-with-baked-goods__09aae6fcd7,/printables/bakery/mandala-geometry-patterns-bakery-oven-with-baked-goods-09aae6fcd7,present,style|seasonal|detail|audience,Detailed Coloring Pages for Adults|Detailed Coloring Pages for Adults,audience/detail candidate lacks independent review
mandala-geometry-patterns__mandala-geometry-patterns-bakery-pancake-stack__f9a570fc29,/printables/bakery/mandala-geometry-patterns-bakery-pancake-stack-f9a570fc29,present,style|seasonal|detail|audience,Detailed Coloring Pages for Adults|Detailed Coloring Pages for Adults,audience/detail candidate lacks independent review
mandala-geometry-patterns__mandala-geometry-patterns-bakery-pastry-bag-with-icing__cee0d228b2,/printables/bakery/mandala-geometry-patterns-bakery-pastry-bag-with-icing-cee0d228b2,present,style|seasonal|detail|audience,Detailed Coloring Pages for Adults|Detailed Coloring Pages for Adults,audience/detail candidate lacks independent review
mandala-geometry-patterns__mandala-geometry-patterns-bakery-pastry-brush-and-glaze__0518e7678f,/printables/bakery/mandala-geometry-patterns-bakery-pastry-brush-and-glaze-0518e7678f,present,style|seasonal|detail|audience,Detailed Coloring Pages for Adults|Detailed Coloring Pages for Adults,audience/detail candidate lacks independent review
mandala-geometry-patterns__mandala-geometry-patterns-bakery-pastry-chef__45694162e0,/printables/bakery/mandala-geometry-patterns-bakery-pastry-chef-45694162e0,present,style|seasonal|detail|audience,Detailed Coloring Pages for Adults|Detailed Coloring Pages for Adults,audience/detail candidate lacks independent review
mandala-geometry-patterns__mandala-geometry-patterns-bakery-pretzel__e9a0ae0f82,/printables/bakery/mandala-geometry-patterns-bakery-pretzel-e9a0ae0f82,present,style|seasonal|detail|audience,Detailed Coloring Pages for Adults|Detailed Coloring Pages for Adults,audience/detail candidate lacks independent review
mandala-geometry-patterns__mandala-geometry-patterns-bakery-pumpkin-pie__ce4ad989ce,/printables/bakery/mandala-geometry-patterns-bakery-pumpkin-pie-ce4ad989ce,present,style|seasonal|detail|audience,Detailed Coloring Pages for Adults|Detailed Coloring Pages for Adults,audience/detail candidate lacks independent review
mandala-geometry-patterns__mandala-geometry-patterns-bakery-rolling-pin-and-dough__9f635549ab,/printables/bakery/mandala-geometry-patterns-bakery-rolling-pin-and-dough-9f635549ab,present,style|seasonal|detail|audience,Detailed Coloring Pages for Adults|Detailed Coloring Pages for Adults,audience/detail candidate lacks independent review
mandala-geometry-patterns__mandala-geometry-patterns-bakery-rolling-pin-patterned__93634ab8bd,/printables/bakery/mandala-geometry-patterns-bakery-rolling-pin-patterned-93634ab8bd,present,seasonal|detail|audience,Detailed Coloring Pages for Adults|Detailed Coloring Pages for Adults,audience/detail candidate lacks independent review
mandala-geometry-patterns__mandala-geometry-patterns-bakery-sack-of-sugar__73772982e3,/printables/bakery/mandala-geometry-patterns-bakery-sack-of-sugar-73772982e3,present,style|seasonal|detail|audience,Detailed Coloring Pages for Adults|Detailed Coloring Pages for Adults,audience/detail candidate lacks independent review
mandala-geometry-patterns__mandala-geometry-patterns-bakery-seeded-bread__28c321ea94,/printables/bakery/mandala-geometry-patterns-bakery-seeded-bread-28c321ea94,present,style|seasonal|detail|audience,Detailed Coloring Pages for Adults|Detailed Coloring Pages for Adults,audience/detail candidate lacks independent review
mandala-geometry-patterns__mandala-geometry-patterns-bakery-shelf-full-of-bread__4a772213da,/printables/bakery/mandala-geometry-patterns-bakery-shelf-full-of-bread-4a772213da,present,style|seasonal|detail|audience,Detailed Coloring Pages for Adults|Detailed Coloring Pages for Adults,audience/detail candidate lacks independent review
mandala-geometry-patterns__mandala-geometry-patterns-bakery-slice-of-cake__54241513cf,/printables/bakery/mandala-geometry-patterns-bakery-slice-of-cake-54241513cf,present,style|seasonal|detail|audience,Detailed Coloring Pages for Adults|Detailed Coloring Pages for Adults,audience/detail candidate lacks independent review
mandala-geometry-patterns__mandala-geometry-patterns-bakery-slice-of-cheesecake__4b09b2b768,/printables/bakery/mandala-geometry-patterns-bakery-slice-of-cheesecake-4b09b2b768,present,style|seasonal|detail|audience,Detailed Coloring Pages for Adults|Detailed Coloring Pages for Adults,audience/detail candidate lacks independent review
mandala-geometry-patterns__mandala-geometry-patterns-bakery-sourdough-loaf__16d8cb817b,/printables/bakery/mandala-geometry-patterns-bakery-sourdough-loaf-16d8cb817b,present,style|seasonal|detail|audience,Detailed Coloring Pages for Adults|Detailed Coloring Pages for Adults,audience/detail candidate lacks independent review
mandala-geometry-patterns__mandala-geometry-patterns-bakery-spatula-and-dough__642ca300c7,/printables/bakery/mandala-geometry-patterns-bakery-spatula-and-dough-642ca300c7,present,style|seasonal|detail|audience,Detailed Coloring Pages for Adults|Detailed Coloring Pages for Adults,audience/detail candidate lacks independent review
mandala-geometry-patterns__mandala-geometry-patterns-bakery-sprinkle-donut__3dbcb0c73a,/printables/bakery/mandala-geometry-patterns-bakery-sprinkle-donut-3dbcb0c73a,present,style|seasonal|detail|audience,Detailed Coloring Pages for Adults|Detailed Coloring Pages for Adults,audience/detail candidate lacks independent review
mandala-geometry-patterns__mandala-geometry-patterns-bakery-star-shaped-cookies__e953f24be1,/printables/bakery/mandala-geometry-patterns-bakery-star-shaped-cookies-e953f24be1,present,style|seasonal|detail|audience,Detailed Coloring Pages for Adults|Detailed Coloring Pages for Adults,audience/detail candidate lacks independent review
mandala-geometry-patterns__mandala-geometry-patterns-bakery-strawberry-cupcake__c33aa0e213,/printables/bakery/mandala-geometry-patterns-bakery-strawberry-cupcake-c33aa0e213,present,style|seasonal|detail|audience,Detailed Coloring Pages for Adults|Detailed Coloring Pages for Adults,audience/detail candidate lacks independent review
mandala-geometry-patterns__mandala-geometry-patterns-bakery-sugar-cookie-shapes__7858717bf2,/printables/bakery/mandala-geometry-patterns-bakery-sugar-cookie-shapes-7858717bf2,present,style|seasonal|detail|audience,Detailed Coloring Pages for Adults|Detailed Coloring Pages for Adults,audience/detail candidate lacks independent review
mandala-geometry-patterns__mandala-geometry-patterns-bakery-tart__46f578e5cd,/printables/bakery/mandala-geometry-patterns-bakery-tart-46f578e5cd,present,style|seasonal|detail|audience,Detailed Coloring Pages for Adults|Detailed Coloring Pages for Adults,audience/detail candidate lacks independent review
mandala-geometry-patterns__mandala-geometry-patterns-bakery-tasty-croissant__1d029141df,/printables/bakery/mandala-geometry-patterns-bakery-tasty-croissant-1d029141df,present,style|seasonal|detail|audience,Detailed Coloring Pages for Adults|Detailed Coloring Pages for Adults,audience/detail candidate lacks independent review
mandala-geometry-patterns__mandala-geometry-patterns-bakery-tray-of-assorted-pastries__f3eb846d8b,/printables/bakery/mandala-geometry-patterns-bakery-tray-of-assorted-pastries-f3eb846d8b,present,style|seasonal|detail|audience,Detailed Coloring Pages for Adults|Detailed Coloring Pages for Adults,audience/detail candidate lacks independent review
mandala-geometry-patterns__mandala-geometry-patterns-bakery-vanilla-cupcakes__803a7220cc,/printables/bakery/mandala-geometry-patterns-bakery-vanilla-cupcakes-803a7220cc,present,style|seasonal|detail|audience,Detailed Coloring Pages for Adults|Detailed Coloring Pages for Adults,audience/detail candidate lacks independent review
mandala-geometry-patterns__mandala-geometry-patterns-bakery-waffle__abdc4b9fdd,/printables/bakery/mandala-geometry-patterns-bakery-waffle-abdc4b9fdd,present,style|seasonal|detail|audience,Detailed Coloring Pages for Adults|Detailed Coloring Pages for Adults,audience/detail candidate lacks independent review
mandala-geometry-patterns__mandala-geometry-patterns-bakery-wedding-cake__f6db51bfb8,/printables/bakery/mandala-geometry-patterns-bakery-wedding-cake-f6db51bfb8,present,style|seasonal|detail|audience,Detailed Coloring Pages for Adults|Detailed Coloring Pages for Adults,audience/detail candidate lacks independent review
mandala-geometry-patterns__mandala-geometry-patterns-bakery-whole-grain-loaf__cddee90b9c,/printables/bakery/mandala-geometry-patterns-bakery-whole-grain-loaf-cddee90b9c,present,style|seasonal|detail|audience,Detailed Coloring Pages for Adults|Detailed Coloring Pages for Adults,audience/detail candidate lacks independent review
mandala-geometry-patterns__mandala-geometry-patterns-bald-eagle__cd94a6a15f,/printables/detailed-for-adults/mandala-geometry-patterns-bald-eagle-cd94a6a15f,present,style|seasonal|detail|audience,Detailed Coloring Pages for Adults|Detailed Coloring Pages for Adults,audience/detail candidate lacks independent review
mandala-geometry-patterns__mandala-geometry-patterns-bald-eagle-face-patterns__74e6423cc2,/printables/detailed-for-adults/mandala-geometry-patterns-bald-eagle-face-patterns-74e6423cc2,present,seasonal|detail|audience,Detailed Coloring Pages for Adults|Detailed Coloring Pages for Adults,audience/detail candidate lacks independent review
mandala-geometry-patterns__mandala-geometry-patterns-birds-of-paradise-flower__d91bd6a137,/printables/animals/mandala-geometry-patterns-birds-of-paradise-flower-d91bd6a137,present,style|seasonal|detail|audience,Detailed Coloring Pages for Adults|Detailed Coloring Pages for Adults,audience/detail candidate lacks independent review
mandala-geometry-patterns__mandala-geometry-patterns-buddhist-mandala__8e4e5ac1a0,/printables/detailed-for-adults/mandala-geometry-patterns-buddhist-mandala-8e4e5ac1a0,present,primary_subject|seasonal|detail|audience,Detailed Coloring Pages for Adults|Detailed Coloring Pages for Adults,audience/detail candidate lacks independent review
mandala-geometry-patterns__mandala-geometry-patterns-butterfly__4a780e044f,/printables/animals/mandala-geometry-patterns-butterfly-4a780e044f,present,style|seasonal|detail|audience,Detailed Coloring Pages for Adults|Detailed Coloring Pages for Adults,audience/detail candidate lacks independent review
mandala-geometry-patterns__mandala-geometry-patterns-butterfly-face-patterns__7fdbdb0cde,/printables/animals/mandala-geometry-patterns-butterfly-face-patterns-7fdbdb0cde,present,seasonal|detail|audience,Detailed Coloring Pages for Adults|Detailed Coloring Pages for Adults,audience/detail candidate lacks independent review
mandala-geometry-patterns__mandala-geometry-patterns-cave-bat-colony-hanging__8c215e7042,/printables/bats/mandala-geometry-patterns-cave-bat-colony-hanging-8c215e7042,present,style|seasonal|detail|audience,Detailed Coloring Pages for Adults|Detailed Coloring Pages for Adults,audience/detail candidate lacks independent review
mandala-geometry-patterns__mandala-geometry-patterns-cave-cave-paintings-prehistoric__2acdb543f9,/printables/detailed-for-adults/mandala-geometry-patterns-cave-paintings-prehistoric-2acdb543f9,omitted,primary_subject|style|seasonal|detail|audience,Detailed Coloring Pages for Adults|Detailed Coloring Pages for Adults,audience/detail candidate lacks independent review
mandala-geometry-patterns__mandala-geometry-patterns-cave-crystal-cavern__5243aa0f65,/printables/detailed-for-adults/mandala-geometry-patterns-cave-crystal-cavern-5243aa0f65,omitted,primary_subject|style|seasonal|detail|audience,Detailed Coloring Pages for Adults|Detailed Coloring Pages for Adults,audience/detail candidate lacks independent review
mandala-geometry-patterns__mandala-geometry-patterns-cave-entrance-in-forest__d227b33e76,/printables/detailed-for-adults/mandala-geometry-patterns-cave-entrance-in-forest-d227b33e76,present,style|seasonal|detail|audience,Detailed Coloring Pages for Adults|Detailed Coloring Pages for Adults,audience/detail candidate lacks independent review
mandala-geometry-patterns__mandala-geometry-patterns-cave-entrance-in-mountain__06f258518e,/printables/detailed-for-adults/mandala-geometry-patterns-cave-entrance-in-mountain-06f258518e,omitted,primary_subject|style|seasonal|detail|audience,Detailed Coloring Pages for Adults|Detailed Coloring Pages for Adults,audience/detail candidate lacks independent review
mandala-geometry-patterns__mandala-geometry-patterns-cave-geode-crystal-chamber__28e6d21290,/printables/detailed-for-adults/mandala-geometry-patterns-cave-geode-crystal-chamber-28e6d21290,omitted,primary_subject|style|seasonal|detail|audience,Detailed Coloring Pages for Adults|Detailed Coloring Pages for Adults,audience/detail candidate lacks independent review
mandala-geometry-patterns__mandala-geometry-patterns-cave-glowing-crystals-wall__a230ceffe6,/printables/detailed-for-adults/mandala-geometry-patterns-cave-glowing-crystals-wall-a230ceffe6,omitted,primary_subject|style|seasonal|detail|audience,Detailed Coloring Pages for Adults|Detailed Coloring Pages for Adults,audience/detail candidate lacks independent review
mandala-geometry-patterns__mandala-geometry-patterns-cave-ice-cave-blue-glow__f283e78d57,/printables/detailed-for-adults/mandala-geometry-patterns-cave-ice-cave-blue-glow-f283e78d57,omitted,primary_subject|style|seasonal|detail|audience,Detailed Coloring Pages for Adults|Detailed Coloring Pages for Adults,audience/detail candidate lacks independent review
mandala-geometry-patterns__mandala-geometry-patterns-cave-limestone-cavern-scene__841c2265fa,/printables/detailed-for-adults/mandala-geometry-patterns-cave-limestone-cavern-scene-841c2265fa,omitted,primary_subject|style|seasonal|detail|audience,Detailed Coloring Pages for Adults|Detailed Coloring Pages for Adults,audience/detail candidate lacks independent review
mandala-geometry-patterns__mandala-geometry-patterns-cave-stalactites-and-stalagmites__889feedccf,/printables/detailed-for-adults/mandala-geometry-patterns-cave-stalactites-and-stalagmites-889feedccf,omitted,primary_subject|style|seasonal|detail|audience,Detailed Coloring Pages for Adults|Detailed Coloring Pages for Adults,audience/detail candidate lacks independent review
mandala-geometry-patterns__mandala-geometry-patterns-cave-subterranean-lake__961f431074,/printables/detailed-for-adults/mandala-geometry-patterns-cave-subterranean-lake-961f431074,omitted,primary_subject|style|seasonal|detail|audience,Detailed Coloring Pages for Adults|Detailed Coloring Pages for Adults,audience/detail candidate lacks independent review
mandala-geometry-patterns__mandala-geometry-patterns-cave-underground-river-scene__65bc88523d,/printables/detailed-for-adults/mandala-geometry-patterns-cave-underground-river-scene-65bc88523d,omitted,primary_subject|style|seasonal|detail|audience,Detailed Coloring Pages for Adults|Detailed Coloring Pages for Adults,audience/detail candidate lacks independent review
mandala-geometry-patterns__mandala-geometry-patterns-cave-underground-waterfall__0b9ece3cb8,/printables/detailed-for-adults/mandala-geometry-patterns-cave-underground-waterfall-0b9ece3cb8,omitted,primary_subject|style|seasonal|detail|audience,Detailed Coloring Pages for Adults|Detailed Coloring Pages for Adults,audience/detail candidate lacks independent review
mandala-geometry-patterns__mandala-geometry-patterns-cave-volcanic-lava-cave__c4e44f88d1,/printables/detailed-for-adults/mandala-geometry-patterns-cave-volcanic-lava-cave-c4e44f88d1,omitted,primary_subject|style|seasonal|detail|audience,Detailed Coloring Pages for Adults|Detailed Coloring Pages for Adults,audience/detail candidate lacks independent review
mandala-geometry-patterns__mandala-geometry-patterns-chameleon__3599fb127b,/printables/animals/mandala-geometry-patterns-chameleon-3599fb127b,present,style|seasonal|detail|audience,Detailed Coloring Pages for Adults|Detailed Coloring Pages for Adults,audience/detail candidate lacks independent review
mandala-geometry-patterns__mandala-geometry-patterns-chameleon-face-patterns__34103ddf91,/printables/animals/mandala-geometry-patterns-chameleon-face-patterns-34103ddf91,present,seasonal|detail|audience,Detailed Coloring Pages for Adults|Detailed Coloring Pages for Adults,audience/detail candidate lacks independent review
mandala-geometry-patterns__mandala-geometry-patterns-cobra__df5983f336,/printables/detailed-for-adults/mandala-geometry-patterns-cobra-df5983f336,omitted,primary_subject|style|seasonal|detail|audience,Detailed Coloring Pages for Adults|Detailed Coloring Pages for Adults,audience/detail candidate lacks independent review
mandala-geometry-patterns__mandala-geometry-patterns-cobra-face-patterns__3abc17f967,/printables/detailed-for-adults/mandala-geometry-patterns-cobra-face-patterns-3abc17f967,present,primary_subject|seasonal|detail|audience,Detailed Coloring Pages for Adults|Detailed Coloring Pages for Adults,audience/detail candidate lacks independent review
mandala-geometry-patterns__mandala-geometry-patterns-concentric-circles__a93a7b85d4,/printables/detailed-for-adults/mandala-geometry-patterns-concentric-circles-a93a7b85d4,omitted,primary_subject|style|seasonal|detail|audience,Detailed Coloring Pages for Adults|Detailed Coloring Pages for Adults,audience/detail candidate lacks independent review
mandala-geometry-patterns__mandala-geometry-patterns-cosmic-mandala__62b4f45277,/printables/detailed-for-adults/mandala-geometry-patterns-cosmic-mandala-62b4f45277,present,primary_subject|seasonal|detail|audience,Detailed Coloring Pages for Adults|Detailed Coloring Pages for Adults,audience/detail candidate lacks independent review
mandala-geometry-patterns__mandala-geometry-patterns-crocodile__ba2194327f,/printables/detailed-for-adults/mandala-geometry-patterns-crocodile-ba2194327f,omitted,primary_subject|style|seasonal|detail|audience,Detailed Coloring Pages for Adults|Detailed Coloring Pages for Adults,audience/detail candidate lacks independent review
mandala-geometry-patterns__mandala-geometry-patterns-crocodile-face-patterns__e2f1666318,/printables/detailed-for-adults/mandala-geometry-patterns-crocodile-face-patterns-e2f1666318,present,primary_subject|seasonal|detail|audience,Detailed Coloring Pages for Adults|Detailed Coloring Pages for Adults,audience/detail candidate lacks independent review
mandala-geometry-patterns__mandala-geometry-patterns-dogs-afghan-hound__c89e57b8af,/printables/animals/mandala-geometry-patterns-dogs-afghan-hound-c89e57b8af,present,seasonal|detail|audience,Detailed Coloring Pages for Adults|Detailed Coloring Pages for Adults,audience/detail candidate lacks independent review
mandala-geometry-patterns__mandala-geometry-patterns-dogs-akita-creative__64d3b64465,/printables/animals/mandala-geometry-patterns-dogs-akita-creative-64d3b64465,present,seasonal|detail|audience,Detailed Coloring Pages for Adults|Detailed Coloring Pages for Adults,audience/detail candidate lacks independent review
mandala-geometry-patterns__mandala-geometry-patterns-dogs-alaskan-malamute__9291eff197,/printables/animals/mandala-geometry-patterns-dogs-alaskan-malamute-9291eff197,present,seasonal|detail|audience,Detailed Coloring Pages for Adults|Detailed Coloring Pages for Adults,audience/detail candidate lacks independent review
mandala-geometry-patterns__mandala-geometry-patterns-dogs-american-staffordshire-terrier__47d855be25,/printables/animals/mandala-geometry-patterns-dogs-american-staffordshire-terrier-47d855be25,present,seasonal|detail|audience,Detailed Coloring Pages for Adults|Detailed Coloring Pages for Adults,audience/detail candidate lacks independent review
mandala-geometry-patterns__mandala-geometry-patterns-dogs-anatolian-shepherd-dog__f084e39302,/printables/animals/mandala-geometry-patterns-dogs-anatolian-shepherd-dog-f084e39302,present,seasonal|detail|audience,Detailed Coloring Pages for Adults|Detailed Coloring Pages for Adults,audience/detail candidate lacks independent review
mandala-geometry-patterns__mandala-geometry-patterns-dogs-australian-cattle-dog__0e812cdf03,/printables/animals/mandala-geometry-patterns-dogs-australian-cattle-dog-0e812cdf03,present,seasonal|detail|audience,Detailed Coloring Pages for Adults|Detailed Coloring Pages for Adults,audience/detail candidate lacks independent review
mandala-geometry-patterns__mandala-geometry-patterns-dogs-australian-shepherd__76b039baf5,/printables/animals/mandala-geometry-patterns-dogs-australian-shepherd-76b039baf5,present,seasonal|detail|audience,Detailed Coloring Pages for Adults|Detailed Coloring Pages for Adults,audience/detail candidate lacks independent review
mandala-geometry-patterns__mandala-geometry-patterns-dogs-basenji__1f168cca2a,/printables/animals/mandala-geometry-patterns-dogs-basenji-1f168cca2a,present,seasonal|detail|audience,Detailed Coloring Pages for Adults|Detailed Coloring Pages for Adults,audience/detail candidate lacks independent review
mandala-geometry-patterns__mandala-geometry-patterns-dogs-beagle__cbe027c6da,/printables/animals/mandala-geometry-patterns-dogs-beagle-cbe027c6da,present,seasonal|detail|audience,Detailed Coloring Pages for Adults|Detailed Coloring Pages for Adults,audience/detail candidate lacks independent review
mandala-geometry-patterns__mandala-geometry-patterns-dogs-belgian-malinois__ae44da4f35,/printables/animals/mandala-geometry-patterns-dogs-belgian-malinois-ae44da4f35,present,seasonal|detail|audience,Detailed Coloring Pages for Adults|Detailed Coloring Pages for Adults,audience/detail candidate lacks independent review
mandala-geometry-patterns__mandala-geometry-patterns-dogs-belgian-sheepdog__81ca6c390a,/printables/animals/mandala-geometry-patterns-dogs-belgian-sheepdog-81ca6c390a,present,seasonal|detail|audience,Detailed Coloring Pages for Adults|Detailed Coloring Pages for Adults,audience/detail candidate lacks independent review
mandala-geometry-patterns__mandala-geometry-patterns-dogs-belgian-tervuren__75188680cc,/printables/animals/mandala-geometry-patterns-dogs-belgian-tervuren-75188680cc,present,seasonal|detail|audience,Detailed Coloring Pages for Adults|Detailed Coloring Pages for Adults,audience/detail candidate lacks independent review
mandala-geometry-patterns__mandala-geometry-patterns-dogs-bernese-mountain-dog__37291361b9,/printables/animals/mandala-geometry-patterns-dogs-bernese-mountain-dog-37291361b9,present,seasonal|detail|audience,Detailed Coloring Pages for Adults|Detailed Coloring Pages for Adults,audience/detail candidate lacks independent review
mandala-geometry-patterns__mandala-geometry-patterns-dogs-bichon-frise__a6a3b81a15,/printables/animals/mandala-geometry-patterns-dogs-bichon-frise-a6a3b81a15,present,seasonal|detail|audience,Detailed Coloring Pages for Adults|Detailed Coloring Pages for Adults,audience/detail candidate lacks independent review
mandala-geometry-patterns__mandala-geometry-patterns-dogs-bloodhound__2d05109fa3,/printables/animals/mandala-geometry-patterns-dogs-bloodhound-2d05109fa3,present,seasonal|detail|audience,Detailed Coloring Pages for Adults|Detailed Coloring Pages for Adults,audience/detail candidate lacks independent review
mandala-geometry-patterns__mandala-geometry-patterns-dogs-border-collie__211cb87a10,/printables/animals/mandala-geometry-patterns-dogs-border-collie-211cb87a10,present,seasonal|detail|audience,Detailed Coloring Pages for Adults|Detailed Coloring Pages for Adults,audience/detail candidate lacks independent review
mandala-geometry-patterns__mandala-geometry-patterns-dogs-border-terrier__1d0e425b6a,/printables/animals/mandala-geometry-patterns-dogs-border-terrier-1d0e425b6a,present,seasonal|detail|audience,Detailed Coloring Pages for Adults|Detailed Coloring Pages for Adults,audience/detail candidate lacks independent review
mandala-geometry-patterns__mandala-geometry-patterns-dogs-borzoi__beabf4db46,/printables/animals/mandala-geometry-patterns-dogs-borzoi-beabf4db46,present,seasonal|detail|audience,Detailed Coloring Pages for Adults|Detailed Coloring Pages for Adults,audience/detail candidate lacks independent review
mandala-geometry-patterns__mandala-geometry-patterns-dogs-boston-terrier__c950e8d61f,/printables/animals/mandala-geometry-patterns-dogs-boston-terrier-c950e8d61f,present,seasonal|detail|audience,Detailed Coloring Pages for Adults|Detailed Coloring Pages for Adults,audience/detail candidate lacks independent review
mandala-geometry-patterns__mandala-geometry-patterns-dogs-briard__da5f337f0b,/printables/animals/mandala-geometry-patterns-dogs-briard-da5f337f0b,present,seasonal|detail|audience,Detailed Coloring Pages for Adults|Detailed Coloring Pages for Adults,audience/detail candidate lacks independent review
mandala-geometry-patterns__mandala-geometry-patterns-dogs-bull-terrier__7e4c708355,/printables/animals/mandala-geometry-patterns-dogs-bull-terrier-7e4c708355,present,seasonal|detail|audience,Detailed Coloring Pages for Adults|Detailed Coloring Pages for Adults,audience/detail candidate lacks independent review
mandala-geometry-patterns__mandala-geometry-patterns-dogs-bulldog__e65568f719,/printables/animals/mandala-geometry-patterns-dogs-bulldog-e65568f719,present,seasonal|detail|audience,Detailed Coloring Pages for Adults|Detailed Coloring Pages for Adults,audience/detail candidate lacks independent review
mandala-geometry-patterns__mandala-geometry-patterns-dogs-bullmastiff__866f95d719,/printables/animals/mandala-geometry-patterns-dogs-bullmastiff-866f95d719,present,seasonal|detail|audience,Detailed Coloring Pages for Adults|Detailed Coloring Pages for Adults,audience/detail candidate lacks independent review
mandala-geometry-patterns__mandala-geometry-patterns-dogs-cairn-terrier__3dc4fff635,/printables/animals/mandala-geometry-patterns-dogs-cairn-terrier-3dc4fff635,present,seasonal|detail|audience,Detailed Coloring Pages for Adults|Detailed Coloring Pages for Adults,audience/detail candidate lacks independent review
mandala-geometry-patterns__mandala-geometry-patterns-dogs-catahoula-leopard-dog__0a8f12d1ab,/printables/animals/mandala-geometry-patterns-dogs-catahoula-leopard-dog-0a8f12d1ab,present,seasonal|detail|audience,Detailed Coloring Pages for Adults|Detailed Coloring Pages for Adults,audience/detail candidate lacks independent review
mandala-geometry-patterns__mandala-geometry-patterns-dogs-cavalier-king-charles-spaniel__83c83b0e31,/printables/animals/mandala-geometry-patterns-dogs-cavalier-king-charles-spaniel-83c83b0e31,present,seasonal|detail|audience,Detailed Coloring Pages for Adults|Detailed Coloring Pages for Adults,audience/detail candidate lacks independent review
mandala-geometry-patterns__mandala-geometry-patterns-dogs-chesapeake-bay-retriever__0836e50620,/printables/animals/mandala-geometry-patterns-dogs-chesapeake-bay-retriever-0836e50620,present,seasonal|detail|audience,Detailed Coloring Pages for Adults|Detailed Coloring Pages for Adults,audience/detail candidate lacks independent review
mandala-geometry-patterns__mandala-geometry-patterns-dogs-chihuahua__295223ed76,/printables/animals/mandala-geometry-patterns-dogs-chihuahua-295223ed76,present,seasonal|detail|audience,Detailed Coloring Pages for Adults|Detailed Coloring Pages for Adults,audience/detail candidate lacks independent review
mandala-geometry-patterns__mandala-geometry-patterns-dogs-chinese-crested__003cd28539,/printables/animals/mandala-geometry-patterns-dogs-chinese-crested-003cd28539,present,seasonal|detail|audience,Detailed Coloring Pages for Adults|Detailed Coloring Pages for Adults,audience/detail candidate lacks independent review
mandala-geometry-patterns__mandala-geometry-patterns-dogs-cocker-spaniel__de867fdcac,/printables/animals/mandala-geometry-patterns-dogs-cocker-spaniel-de867fdcac,present,seasonal|detail|audience,Detailed Coloring Pages for Adults|Detailed Coloring Pages for Adults,audience/detail candidate lacks independent review
mandala-geometry-patterns__mandala-geometry-patterns-dogs-collie__45cf36f706,/printables/animals/mandala-geometry-patterns-dogs-collie-45cf36f706,present,seasonal|detail|audience,Detailed Coloring Pages for Adults|Detailed Coloring Pages for Adults,audience/detail candidate lacks independent review
mandala-geometry-patterns__mandala-geometry-patterns-dogs-dachshund__854bafa205,/printables/animals/mandala-geometry-patterns-dogs-dachshund-854bafa205,present,seasonal|detail|audience,Detailed Coloring Pages for Adults|Detailed Coloring Pages for Adults,audience/detail candidate lacks independent review
mandala-geometry-patterns__mandala-geometry-patterns-dogs-dalmatian__54b5010bfd,/printables/animals/mandala-geometry-patterns-dogs-dalmatian-54b5010bfd,present,seasonal|detail|audience,Detailed Coloring Pages for Adults|Detailed Coloring Pages for Adults,audience/detail candidate lacks independent review
mandala-geometry-patterns__mandala-geometry-patterns-dogs-daschund__b29701d9c0,/printables/animals/mandala-geometry-patterns-dogs-daschund-b29701d9c0,present,seasonal|detail|audience,Detailed Coloring Pages for Adults|Detailed Coloring Pages for Adults,audience/detail candidate lacks independent review
mandala-geometry-patterns__mandala-geometry-patterns-dogs-doberman-pinscher__3f4f9a571e,/printables/animals/mandala-geometry-patterns-dogs-doberman-pinscher-3f4f9a571e,present,seasonal|detail|audience,Detailed Coloring Pages for Adults|Detailed Coloring Pages for Adults,audience/detail candidate lacks independent review
mandala-geometry-patterns__mandala-geometry-patterns-dogs-english-mastiff__1d03d7013e,/printables/animals/mandala-geometry-patterns-dogs-english-mastiff-1d03d7013e,present,seasonal|detail|audience,Detailed Coloring Pages for Adults|Detailed Coloring Pages for Adults,audience/detail candidate lacks independent review
mandala-geometry-patterns__mandala-geometry-patterns-dogs-english-springer-spaniel__7720e1c921,/printables/animals/mandala-geometry-patterns-dogs-english-springer-spaniel-7720e1c921,present,seasonal|detail|audience,Detailed Coloring Pages for Adults|Detailed Coloring Pages for Adults,audience/detail candidate lacks independent review
mandala-geometry-patterns__mandala-geometry-patterns-dogs-french-bulldog__1d903fe801,/printables/animals/mandala-geometry-patterns-dogs-french-bulldog-1d903fe801,present,seasonal|detail|audience,Detailed Coloring Pages for Adults|Detailed Coloring Pages for Adults,audience/detail candidate lacks independent review
mandala-geometry-patterns__mandala-geometry-patterns-dogs-german-shepherd__b04fae18c6,/printables/animals/mandala-geometry-patterns-dogs-german-shepherd-b04fae18c6,present,seasonal|detail|audience,Detailed Coloring Pages for Adults|Detailed Coloring Pages for Adults,audience/detail candidate lacks independent review
mandala-geometry-patterns__mandala-geometry-patterns-dogs-golden-retriever__673b0c07a8,/printables/animals/mandala-geometry-patterns-dogs-golden-retriever-673b0c07a8,present,seasonal|detail|audience,Detailed Coloring Pages for Adults|Detailed Coloring Pages for Adults,audience/detail candidate lacks independent review
mandala-geometry-patterns__mandala-geometry-patterns-dogs-great-dane__7c2173caf9,/printables/animals/mandala-geometry-patterns-dogs-great-dane-7c2173caf9,present,seasonal|detail|audience,Detailed Coloring Pages for Adults|Detailed Coloring Pages for Adults,audience/detail candidate lacks independent review
mandala-geometry-patterns__mandala-geometry-patterns-dogs-great-pyrenees__584b2e1a51,/printables/animals/mandala-geometry-patterns-dogs-great-pyrenees-584b2e1a51,present,seasonal|detail|audience,Detailed Coloring Pages for Adults|Detailed Coloring Pages for Adults,audience/detail candidate lacks independent review
mandala-geometry-patterns__mandala-geometry-patterns-dogs-havanese__edba344e2b,/printables/animals/mandala-geometry-patterns-dogs-havanese-edba344e2b,present,seasonal|detail|audience,Detailed Coloring Pages for Adults|Detailed Coloring Pages for Adults,audience/detail candidate lacks independent review
mandala-geometry-patterns__mandala-geometry-patterns-dogs-irish-setter__20dc8c1f9b,/printables/animals/mandala-geometry-patterns-dogs-irish-setter-20dc8c1f9b,present,seasonal|detail|audience,Detailed Coloring Pages for Adults|Detailed Coloring Pages for Adults,audience/detail candidate lacks independent review
mandala-geometry-patterns__mandala-geometry-patterns-dogs-irish-wolfhound__34304de6ab,/printables/animals/mandala-geometry-patterns-dogs-irish-wolfhound-34304de6ab,present,seasonal|detail|audience,Detailed Coloring Pages for Adults|Detailed Coloring Pages for Adults,audience/detail candidate lacks independent review
mandala-geometry-patterns__mandala-geometry-patterns-dogs-italian-greyhound__36d58bcee1,/printables/animals/mandala-geometry-patterns-dogs-italian-greyhound-36d58bcee1,present,seasonal|detail|audience,Detailed Coloring Pages for Adults|Detailed Coloring Pages for Adults,audience/detail candidate lacks independent review
mandala-geometry-patterns__mandala-geometry-patterns-dogs-jack-russell-terrier__d6d6a81f3a,/printables/animals/mandala-geometry-patterns-dogs-jack-russell-terrier-d6d6a81f3a,present,seasonal|detail|audience,Detailed Coloring Pages for Adults|Detailed Coloring Pages for Adults,audience/detail candidate lacks independent review
mandala-geometry-patterns__mandala-geometry-patterns-dogs-jack-russell-terrier-playing-ball__3fadf1db18,/printables/animals/mandala-geometry-patterns-dogs-jack-russell-terrier-playing-ball-3fadf1db18,present,seasonal|detail|audience,Detailed Coloring Pages for Adults|Detailed Coloring Pages for Adults,audience/detail candidate lacks independent review
mandala-geometry-patterns__mandala-geometry-patterns-dogs-komondor__32972e7e8d,/printables/animals/mandala-geometry-patterns-dogs-komondor-32972e7e8d,present,seasonal|detail|audience,Detailed Coloring Pages for Adults|Detailed Coloring Pages for Adults,audience/detail candidate lacks independent review
mandala-geometry-patterns__mandala-geometry-patterns-dogs-labrador-retriever__e4d333f429,/printables/animals/mandala-geometry-patterns-dogs-labrador-retriever-e4d333f429,present,seasonal|detail|audience,Detailed Coloring Pages for Adults|Detailed Coloring Pages for Adults,audience/detail candidate lacks independent review
mandala-geometry-patterns__mandala-geometry-patterns-dogs-leonberger__2cabdef4cb,/printables/animals/mandala-geometry-patterns-dogs-leonberger-2cabdef4cb,present,seasonal|detail|audience,Detailed Coloring Pages for Adults|Detailed Coloring Pages for Adults,audience/detail candidate lacks independent review
mandala-geometry-patterns__mandala-geometry-patterns-dogs-lhasa-apso__bb3a918048,/printables/animals/mandala-geometry-patterns-dogs-lhasa-apso-bb3a918048,present,seasonal|detail|audience,Detailed Coloring Pages for Adults|Detailed Coloring Pages for Adults,audience/detail candidate lacks independent review
mandala-geometry-patterns__mandala-geometry-patterns-dogs-maltese__2f8141525c,/printables/animals/mandala-geometry-patterns-dogs-maltese-2f8141525c,present,seasonal|detail|audience,Detailed Coloring Pages for Adults|Detailed Coloring Pages for Adults,audience/detail candidate lacks independent review
mandala-geometry-patterns__mandala-geometry-patterns-dogs-miniature-schnauzer__7440063e3a,/printables/animals/mandala-geometry-patterns-dogs-miniature-schnauzer-7440063e3a,present,seasonal|detail|audience,Detailed Coloring Pages for Adults|Detailed Coloring Pages for Adults,audience/detail candidate lacks independent review
mandala-geometry-patterns__mandala-geometry-patterns-dogs-newfoundland__edff04815b,/printables/animals/mandala-geometry-patterns-dogs-newfoundland-edff04815b,present,seasonal|detail|audience,Detailed Coloring Pages for Adults|Detailed Coloring Pages for Adults,audience/detail candidate lacks independent review
mandala-geometry-patterns__mandala-geometry-patterns-dogs-papillon__92caadd985,/printables/animals/mandala-geometry-patterns-dogs-papillon-92caadd985,present,seasonal|detail|audience,Detailed Coloring Pages for Adults|Detailed Coloring Pages for Adults,audience/detail candidate lacks independent review
mandala-geometry-patterns__mandala-geometry-patterns-dogs-pekingese__74e865f9b3,/printables/animals/mandala-geometry-patterns-dogs-pekingese-74e865f9b3,present,seasonal|detail|audience,Detailed Coloring Pages for Adults|Detailed Coloring Pages for Adults,audience/detail candidate lacks independent review
mandala-geometry-patterns__mandala-geometry-patterns-dogs-pembroke-welsh-corgi__7dd1d25df0,/printables/animals/mandala-geometry-patterns-dogs-pembroke-welsh-corgi-7dd1d25df0,present,seasonal|detail|audience,Detailed Coloring Pages for Adults|Detailed Coloring Pages for Adults,audience/detail candidate lacks independent review
mandala-geometry-patterns__mandala-geometry-patterns-dogs-pomeranian__37bb47734d,/printables/animals/mandala-geometry-patterns-dogs-pomeranian-37bb47734d,present,seasonal|detail|audience,Detailed Coloring Pages for Adults|Detailed Coloring Pages for Adults,audience/detail candidate lacks independent review
mandala-geometry-patterns__mandala-geometry-patterns-dogs-poodle__af8aab88e3,/printables/animals/mandala-geometry-patterns-dogs-poodle-af8aab88e3,present,seasonal|detail|audience,Detailed Coloring Pages for Adults|Detailed Coloring Pages for Adults,audience/detail candidate lacks independent review
mandala-geometry-patterns__mandala-geometry-patterns-dogs-portuguese-water-dog__efc165fae5,/printables/animals/mandala-geometry-patterns-dogs-portuguese-water-dog-efc165fae5,present,seasonal|detail|audience,Detailed Coloring Pages for Adults|Detailed Coloring Pages for Adults,audience/detail candidate lacks independent review
mandala-geometry-patterns__mandala-geometry-patterns-dogs-pug__c28a995d75,/printables/animals/mandala-geometry-patterns-dogs-pug-c28a995d75,present,seasonal|detail|audience,Detailed Coloring Pages for Adults|Detailed Coloring Pages for Adults,audience/detail candidate lacks independent review
mandala-geometry-patterns__mandala-geometry-patterns-dogs-rat-terrier__5dd7de47f9,/printables/animals/mandala-geometry-patterns-dogs-rat-terrier-5dd7de47f9,present,seasonal|detail|audience,Detailed Coloring Pages for Adults|Detailed Coloring Pages for Adults,audience/detail candidate lacks independent review
mandala-geometry-patterns__mandala-geometry-patterns-dogs-rhodesian-ridgeback__623835cb3c,/printables/animals/mandala-geometry-patterns-dogs-rhodesian-ridgeback-623835cb3c,present,seasonal|detail|audience,Detailed Coloring Pages for Adults|Detailed Coloring Pages for Adults,audience/detail candidate lacks independent review
mandala-geometry-patterns__mandala-geometry-patterns-dogs-rottweiler__e87e4cbb0c,/printables/animals/mandala-geometry-patterns-dogs-rottweiler-e87e4cbb0c,present,seasonal|detail|audience,Detailed Coloring Pages for Adults|Detailed Coloring Pages for Adults,audience/detail candidate lacks independent review
mandala-geometry-patterns__mandala-geometry-patterns-dogs-saint-bernard__14c94d016a,/printables/animals/mandala-geometry-patterns-dogs-saint-bernard-14c94d016a,present,seasonal|detail|audience,Detailed Coloring Pages for Adults|Detailed Coloring Pages for Adults,audience/detail candidate lacks independent review
mandala-geometry-patterns__mandala-geometry-patterns-dogs-saluki__4ef6c67f66,/printables/animals/mandala-geometry-patterns-dogs-saluki-4ef6c67f66,present,seasonal|detail|audience,Detailed Coloring Pages for Adults|Detailed Coloring Pages for Adults,audience/detail candidate lacks independent review
mandala-geometry-patterns__mandala-geometry-patterns-dogs-samoyed__4cb5a9f016,/printables/animals/mandala-geometry-patterns-dogs-samoyed-4cb5a9f016,present,seasonal|detail|audience,Detailed Coloring Pages for Adults|Detailed Coloring Pages for Adults,audience/detail candidate lacks independent review
mandala-geometry-patterns__mandala-geometry-patterns-dogs-scottish-terrier__6e72e47d42,/printables/animals/mandala-geometry-patterns-dogs-scottish-terrier-6e72e47d42,present,seasonal|detail|audience,Detailed Coloring Pages for Adults|Detailed Coloring Pages for Adults,audience/detail candidate lacks independent review
mandala-geometry-patterns__mandala-geometry-patterns-dogs-shetland-sheepdog__550c6be513,/printables/animals/mandala-geometry-patterns-dogs-shetland-sheepdog-550c6be513,present,seasonal|detail|audience,Detailed Coloring Pages for Adults|Detailed Coloring Pages for Adults,audience/detail candidate lacks independent review
mandala-geometry-patterns__mandala-geometry-patterns-dogs-shiba-inu__806c2628d5,/printables/animals/mandala-geometry-patterns-dogs-shiba-inu-806c2628d5,present,seasonal|detail|audience,Detailed Coloring Pages for Adults|Detailed Coloring Pages for Adults,audience/detail candidate lacks independent review
mandala-geometry-patterns__mandala-geometry-patterns-dogs-shih-tzu__7423639791,/printables/animals/mandala-geometry-patterns-dogs-shih-tzu-7423639791,present,seasonal|detail|audience,Detailed Coloring Pages for Adults|Detailed Coloring Pages for Adults,audience/detail candidate lacks independent review
mandala-geometry-patterns__mandala-geometry-patterns-dogs-siberian-husky__8dac57dc16,/printables/animals/mandala-geometry-patterns-dogs-siberian-husky-8dac57dc16,present,seasonal|detail|audience,Detailed Coloring Pages for Adults|Detailed Coloring Pages for Adults,audience/detail candidate lacks independent review
mandala-geometry-patterns__mandala-geometry-patterns-dogs-staffordshire-bull-terrier__c3e8a444ce,/printables/animals/mandala-geometry-patterns-dogs-staffordshire-bull-terrier-c3e8a444ce,present,seasonal|detail|audience,Detailed Coloring Pages for Adults|Detailed Coloring Pages for Adults,audience/detail candidate lacks independent review
mandala-geometry-patterns__mandala-geometry-patterns-dogs-tibetan-mastiff__8716797bff,/printables/animals/mandala-geometry-patterns-dogs-tibetan-mastiff-8716797bff,present,seasonal|detail|audience,Detailed Coloring Pages for Adults|Detailed Coloring Pages for Adults,audience/detail candidate lacks independent review
mandala-geometry-patterns__mandala-geometry-patterns-dogs-toy-fox-terrier__0c23d416f2,/printables/animals/mandala-geometry-patterns-dogs-toy-fox-terrier-0c23d416f2,present,seasonal|detail|audience,Detailed Coloring Pages for Adults|Detailed Coloring Pages for Adults,audience/detail candidate lacks independent review
mandala-geometry-patterns__mandala-geometry-patterns-dogs-vizsla__b421a9dde8,/printables/animals/mandala-geometry-patterns-dogs-vizsla-b421a9dde8,present,seasonal|detail|audience,Detailed Coloring Pages for Adults|Detailed Coloring Pages for Adults,audience/detail candidate lacks independent review
mandala-geometry-patterns__mandala-geometry-patterns-dogs-weimaraner__9ddfd3eb7f,/printables/animals/mandala-geometry-patterns-dogs-weimaraner-9ddfd3eb7f,present,seasonal|detail|audience,Detailed Coloring Pages for Adults|Detailed Coloring Pages for Adults,audience/detail candidate lacks independent review
mandala-geometry-patterns__mandala-geometry-patterns-dogs-whippet__8fa472d94c,/printables/animals/mandala-geometry-patterns-dogs-whippet-8fa472d94c,present,seasonal|detail|audience,Detailed Coloring Pages for Adults|Detailed Coloring Pages for Adults,audience/detail candidate lacks independent review
mandala-geometry-patterns__mandala-geometry-patterns-dogs-wirehaired-pointing-griffon__925677aab7,/printables/animals/mandala-geometry-patterns-dogs-wirehaired-pointing-griffon-925677aab7,present,seasonal|detail|audience,Detailed Coloring Pages for Adults|Detailed Coloring Pages for Adults,audience/detail candidate lacks independent review
mandala-geometry-patterns__mandala-geometry-patterns-dogs-yorkshire-terrier__fc3cd0a2ae,/printables/animals/mandala-geometry-patterns-dogs-yorkshire-terrier-fc3cd0a2ae,present,seasonal|detail|audience,Detailed Coloring Pages for Adults|Detailed Coloring Pages for Adults,audience/detail candidate lacks independent review
mandala-geometry-patterns__mandala-geometry-patterns-dolphin__e735059a82,/printables/animals/mandala-geometry-patterns-dolphin-e735059a82,present,style|seasonal|detail|audience,Detailed Coloring Pages for Adults|Detailed Coloring Pages for Adults,audience/detail candidate lacks independent review
mandala-geometry-patterns__mandala-geometry-patterns-dolphin-face-patterns__a2788fe8a9,/printables/animals/mandala-geometry-patterns-dolphin-face-patterns-a2788fe8a9,present,seasonal|detail|audience,Detailed Coloring Pages for Adults|Detailed Coloring Pages for Adults,audience/detail candidate lacks independent review
mandala-geometry-patterns__mandala-geometry-patterns-dragonfly__5c8f423a9b,/printables/detailed-for-adults/mandala-geometry-patterns-dragonfly-5c8f423a9b,omitted,primary_subject|style|seasonal|detail|audience,Detailed Coloring Pages for Adults|Detailed Coloring Pages for Adults,audience/detail candidate lacks independent review
mandala-geometry-patterns__mandala-geometry-patterns-dragonfly-patterns__d30f3769c4,/printables/detailed-for-adults/mandala-geometry-patterns-dragonfly-patterns-d30f3769c4,present,primary_subject|seasonal|detail|audience,Detailed Coloring Pages for Adults|Detailed Coloring Pages for Adults,audience/detail candidate lacks independent review
mandala-geometry-patterns__mandala-geometry-patterns-elephant__da13da6c8c,/printables/detailed-for-adults/mandala-geometry-patterns-elephant-da13da6c8c,present,style|seasonal|detail|audience,Detailed Coloring Pages for Adults|Detailed Coloring Pages for Adults,audience/detail candidate lacks independent review
mandala-geometry-patterns__mandala-geometry-patterns-elephant-face-patterns__b126735965,/printables/detailed-for-adults/mandala-geometry-patterns-elephant-face-patterns-b126735965,present,seasonal|detail|audience,Detailed Coloring Pages for Adults|Detailed Coloring Pages for Adults,audience/detail candidate lacks independent review
mandala-geometry-patterns__mandala-geometry-patterns-emergency-ambulance__9dc9820e6f,/printables/detailed-for-adults/mandala-geometry-patterns-emergency-ambulance-9dc9820e6f,omitted,primary_subject|style|seasonal|detail|audience,Detailed Coloring Pages for Adults|Detailed Coloring Pages for Adults,audience/detail candidate lacks independent review
mandala-geometry-patterns__mandala-geometry-patterns-emergency-fire-truck__17fefc99d1,/printables/detailed-for-adults/mandala-geometry-patterns-emergency-fire-truck-17fefc99d1,omitted,primary_subject|style|seasonal|detail|audience,Detailed Coloring Pages for Adults|Detailed Coloring Pages for Adults,audience/detail candidate lacks independent review
mandala-geometry-patterns__mandala-geometry-patterns-emergency-police-car__fd28953c64,/printables/cars/mandala-geometry-patterns-emergency-police-car-fd28953c64,present,style|seasonal|detail|audience,Detailed Coloring Pages for Adults|Detailed Coloring Pages for Adults,audience/detail candidate lacks independent review
mandala-geometry-patterns__mandala-geometry-patterns-emergency-police-car-driving__f10bdc1e5a,/printables/cars/mandala-geometry-patterns-emergency-police-car-driving-f10bdc1e5a,present,style|seasonal|detail|audience,Detailed Coloring Pages for Adults|Detailed Coloring Pages for Adults,audience/detail candidate lacks independent review
mandala-geometry-patterns__mandala-geometry-patterns-family-of-kittens-face-patterns__cfe73885c5,/printables/animals/mandala-geometry-patterns-family-of-kittens-face-patterns-cfe73885c5,present,seasonal|detail|audience,Coloring Pages for Kids|Detailed Coloring Pages for Adults|Detailed Coloring Pages for Adults,audience/detail candidate lacks independent review
mandala-geometry-patterns__mandala-geometry-patterns-flamingo__78fd166972,/printables/detailed-for-adults/mandala-geometry-patterns-flamingo-78fd166972,omitted,primary_subject|style|seasonal|detail|audience,Detailed Coloring Pages for Adults|Detailed Coloring Pages for Adults,audience/detail candidate lacks independent review
mandala-geometry-patterns__mandala-geometry-patterns-flower-garden__36901c48a7,/printables/detailed-for-adults/mandala-geometry-patterns-flower-garden-36901c48a7,present,style|seasonal|detail|audience,Detailed Coloring Pages for Adults|Detailed Coloring Pages for Adults,audience/detail candidate lacks independent review
mandala-geometry-patterns__mandala-geometry-patterns-flower-rose__ed6bcad347,/printables/detailed-for-adults/mandala-geometry-patterns-flower-rose-ed6bcad347,present,style|seasonal|detail|audience,Detailed Coloring Pages for Adults|Detailed Coloring Pages for Adults,audience/detail candidate lacks independent review
mandala-geometry-patterns__mandala-geometry-patterns-flowers-abstract__e789fd7921,/printables/detailed-for-adults/mandala-geometry-patterns-flowers-abstract-e789fd7921,present,seasonal|detail|audience,Detailed Coloring Pages for Adults|Detailed Coloring Pages for Adults,audience/detail candidate lacks independent review
mandala-geometry-patterns__mandala-geometry-patterns-flowers-amaryllis__76c4974d3f,/printables/detailed-for-adults/mandala-geometry-patterns-flowers-amaryllis-76c4974d3f,present,style|seasonal|detail|audience,Detailed Coloring Pages for Adults|Detailed Coloring Pages for Adults,audience/detail candidate lacks independent review
mandala-geometry-patterns__mandala-geometry-patterns-flowers-anemone__a0127c087b,/printables/detailed-for-adults/mandala-geometry-patterns-flowers-anemone-a0127c087b,present,style|seasonal|detail|audience,Detailed Coloring Pages for Adults|Detailed Coloring Pages for Adults,audience/detail candidate lacks independent review
mandala-geometry-patterns__mandala-geometry-patterns-flowers-aster__a4a57495c1,/printables/detailed-for-adults/mandala-geometry-patterns-flowers-aster-a4a57495c1,present,style|seasonal|detail|audience,Detailed Coloring Pages for Adults|Detailed Coloring Pages for Adults,audience/detail candidate lacks independent review
mandala-geometry-patterns__mandala-geometry-patterns-flowers-azalea__d61afa5035,/printables/detailed-for-adults/mandala-geometry-patterns-flowers-azalea-d61afa5035,present,style|seasonal|detail|audience,Detailed Coloring Pages for Adults|Detailed Coloring Pages for Adults,audience/detail candidate lacks independent review
mandala-geometry-patterns__mandala-geometry-patterns-flowers-bellflower__1da0b2be24,/printables/detailed-for-adults/mandala-geometry-patterns-flowers-bellflower-1da0b2be24,present,style|seasonal|detail|audience,Detailed Coloring Pages for Adults|Detailed Coloring Pages for Adults,audience/detail candidate lacks independent review
mandala-geometry-patterns__mandala-geometry-patterns-flowers-bird-of-paradise__6dbe136f0a,/printables/animals/mandala-geometry-patterns-flowers-bird-of-paradise-6dbe136f0a,present,style|seasonal|detail|audience,Detailed Coloring Pages for Adults|Detailed Coloring Pages for Adults,audience/detail candidate lacks independent review
mandala-geometry-patterns__mandala-geometry-patterns-flowers-bleeding-hearts__6ae6325eec,/printables/detailed-for-adults/mandala-geometry-patterns-flowers-bleeding-hearts-6ae6325eec,present,style|seasonal|detail|audience,Detailed Coloring Pages for Adults|Detailed Coloring Pages for Adults,audience/detail candidate lacks independent review
mandala-geometry-patterns__mandala-geometry-patterns-flowers-calendula__bf6261483a,/printables/detailed-for-adults/mandala-geometry-patterns-flowers-calendula-bf6261483a,present,style|seasonal|detail|audience,Detailed Coloring Pages for Adults|Detailed Coloring Pages for Adults,audience/detail candidate lacks independent review
mandala-geometry-patterns__mandala-geometry-patterns-flowers-calla-lily__ab773dc0f6,/printables/detailed-for-adults/mandala-geometry-patterns-flowers-calla-lily-ab773dc0f6,present,style|seasonal|detail|audience,Detailed Coloring Pages for Adults|Detailed Coloring Pages for Adults,audience/detail candidate lacks independent review
mandala-geometry-patterns__mandala-geometry-patterns-flowers-carnation__08f897193d,/printables/detailed-for-adults/mandala-geometry-patterns-flowers-carnation-08f897193d,present,style|seasonal|detail|audience,Detailed Coloring Pages for Adults|Detailed Coloring Pages for Adults,audience/detail candidate lacks independent review
mandala-geometry-patterns__mandala-geometry-patterns-flowers-celosia__7571b2fd07,/printables/detailed-for-adults/mandala-geometry-patterns-flowers-celosia-7571b2fd07,present,style|seasonal|detail|audience,Detailed Coloring Pages for Adults|Detailed Coloring Pages for Adults,audience/detail candidate lacks independent review
mandala-geometry-patterns__mandala-geometry-patterns-flowers-chrysanthemum__7bce5348ba,/printables/detailed-for-adults/mandala-geometry-patterns-flowers-chrysanthemum-7bce5348ba,present,style|seasonal|detail|audience,Detailed Coloring Pages for Adults|Detailed Coloring Pages for Adults,audience/detail candidate lacks independent review
mandala-geometry-patterns__mandala-geometry-patterns-flowers-columbine__4a9a4ebd56,/printables/detailed-for-adults/mandala-geometry-patterns-flowers-columbine-4a9a4ebd56,present,style|seasonal|detail|audience,Detailed Coloring Pages for Adults|Detailed Coloring Pages for Adults,audience/detail candidate lacks independent review
mandala-geometry-patterns__mandala-geometry-patterns-flowers-cornflower__a1920bf618,/printables/detailed-for-adults/mandala-geometry-patterns-flowers-cornflower-a1920bf618,present,style|seasonal|detail|audience,Detailed Coloring Pages for Adults|Detailed Coloring Pages for Adults,audience/detail candidate lacks independent review
mandala-geometry-patterns__mandala-geometry-patterns-flowers-cosmos__796db183c2,/printables/detailed-for-adults/mandala-geometry-patterns-flowers-cosmos-796db183c2,present,style|seasonal|detail|audience,Detailed Coloring Pages for Adults|Detailed Coloring Pages for Adults,audience/detail candidate lacks independent review
mandala-geometry-patterns__mandala-geometry-patterns-flowers-crocus__eeadaf5dff,/printables/detailed-for-adults/mandala-geometry-patterns-flowers-crocus-eeadaf5dff,present,style|seasonal|detail|audience,Detailed Coloring Pages for Adults|Detailed Coloring Pages for Adults,audience/detail candidate lacks independent review
mandala-geometry-patterns__mandala-geometry-patterns-flowers-daffodil__936f1c45a0,/printables/detailed-for-adults/mandala-geometry-patterns-flowers-daffodil-936f1c45a0,present,style|seasonal|detail|audience,Detailed Coloring Pages for Adults|Detailed Coloring Pages for Adults,audience/detail candidate lacks independent review
mandala-geometry-patterns__mandala-geometry-patterns-flowers-daisy__538ea20938,/printables/detailed-for-adults/mandala-geometry-patterns-flowers-daisy-538ea20938,present,style|seasonal|detail|audience,Detailed Coloring Pages for Adults|Detailed Coloring Pages for Adults,audience/detail candidate lacks independent review
mandala-geometry-patterns__mandala-geometry-patterns-flowers-foxglove__365d161b00,/printables/detailed-for-adults/mandala-geometry-patterns-flowers-foxglove-365d161b00,present,style|seasonal|detail|audience,Detailed Coloring Pages for Adults|Detailed Coloring Pages for Adults,audience/detail candidate lacks independent review
mandala-geometry-patterns__mandala-geometry-patterns-flowers-freesia__9de1ab9d9e,/printables/detailed-for-adults/mandala-geometry-patterns-flowers-freesia-9de1ab9d9e,present,style|seasonal|detail|audience,Detailed Coloring Pages for Adults|Detailed Coloring Pages for Adults,audience/detail candidate lacks independent review
mandala-geometry-patterns__mandala-geometry-patterns-flowers-fuchsia__fe6786628f,/printables/detailed-for-adults/mandala-geometry-patterns-flowers-fuchsia-fe6786628f,present,style|seasonal|detail|audience,Detailed Coloring Pages for Adults|Detailed Coloring Pages for Adults,audience/detail candidate lacks independent review
mandala-geometry-patterns__mandala-geometry-patterns-flowers-gaillardia__0df608030a,/printables/detailed-for-adults/mandala-geometry-patterns-flowers-gaillardia-0df608030a,present,style|seasonal|detail|audience,Detailed Coloring Pages for Adults|Detailed Coloring Pages for Adults,audience/detail candidate lacks independent review
mandala-geometry-patterns__mandala-geometry-patterns-flowers-gazania__1ee29de743,/printables/detailed-for-adults/mandala-geometry-patterns-flowers-gazania-1ee29de743,present,style|seasonal|detail|audience,Detailed Coloring Pages for Adults|Detailed Coloring Pages for Adults,audience/detail candidate lacks independent review
mandala-geometry-patterns__mandala-geometry-patterns-flowers-gerbera__15d8cec646,/printables/detailed-for-adults/mandala-geometry-patterns-flowers-gerbera-15d8cec646,present,style|seasonal|detail|audience,Detailed Coloring Pages for Adults|Detailed Coloring Pages for Adults,audience/detail candidate lacks independent review
mandala-geometry-patterns__mandala-geometry-patterns-flowers-gladiolus__2762ade5a5,/printables/detailed-for-adults/mandala-geometry-patterns-flowers-gladiolus-2762ade5a5,present,style|seasonal|detail|audience,Detailed Coloring Pages for Adults|Detailed Coloring Pages for Adults,audience/detail candidate lacks independent review
mandala-geometry-patterns__mandala-geometry-patterns-flowers-hellebore__17efdb6cb4,/printables/detailed-for-adults/mandala-geometry-patterns-flowers-hellebore-17efdb6cb4,present,style|seasonal|detail|audience,Detailed Coloring Pages for Adults|Detailed Coloring Pages for Adults,audience/detail candidate lacks independent review
mandala-geometry-patterns__mandala-geometry-patterns-flowers-hibiscus__24f34754ef,/printables/detailed-for-adults/mandala-geometry-patterns-flowers-hibiscus-24f34754ef,present,style|seasonal|detail|audience,Detailed Coloring Pages for Adults|Detailed Coloring Pages for Adults,audience/detail candidate lacks independent review
mandala-geometry-patterns__mandala-geometry-patterns-flowers-hollyhock__dbc9ce2574,/printables/detailed-for-adults/mandala-geometry-patterns-flowers-hollyhock-dbc9ce2574,present,style|seasonal|detail|audience,Detailed Coloring Pages for Adults|Detailed Coloring Pages for Adults,audience/detail candidate lacks independent review
mandala-geometry-patterns__mandala-geometry-patterns-flowers-hyacinth__4fcd27d113,/printables/detailed-for-adults/mandala-geometry-patterns-flowers-hyacinth-4fcd27d113,present,style|seasonal|detail|audience,Detailed Coloring Pages for Adults|Detailed Coloring Pages for Adults,audience/detail candidate lacks independent review
mandala-geometry-patterns__mandala-geometry-patterns-flowers-hydrangea__c65ed04121,/printables/detailed-for-adults/mandala-geometry-patterns-flowers-hydrangea-c65ed04121,present,style|seasonal|detail|audience,Detailed Coloring Pages for Adults|Detailed Coloring Pages for Adults,audience/detail candidate lacks independent review
mandala-geometry-patterns__mandala-geometry-patterns-flowers-iceland-poppy__f252973e02,/printables/detailed-for-adults/mandala-geometry-patterns-flowers-iceland-poppy-f252973e02,present,style|seasonal|detail|audience,Detailed Coloring Pages for Adults|Detailed Coloring Pages for Adults,audience/detail candidate lacks independent review
mandala-geometry-patterns__mandala-geometry-patterns-flowers-iris__a89c4ef392,/printables/detailed-for-adults/mandala-geometry-patterns-flowers-iris-a89c4ef392,present,style|seasonal|detail|audience,Detailed Coloring Pages for Adults|Detailed Coloring Pages for Adults,audience/detail candidate lacks independent review
mandala-geometry-patterns__mandala-geometry-patterns-flowers-lavender__03c4dcec45,/printables/detailed-for-adults/mandala-geometry-patterns-flowers-lavender-03c4dcec45,present,style|seasonal|detail|audience,Detailed Coloring Pages for Adults|Detailed Coloring Pages for Adults,audience/detail candidate lacks independent review
mandala-geometry-patterns__mandala-geometry-patterns-flowers-lily__534d510212,/printables/detailed-for-adults/mandala-geometry-patterns-flowers-lily-534d510212,present,style|seasonal|detail|audience,Detailed Coloring Pages for Adults|Detailed Coloring Pages for Adults,audience/detail candidate lacks independent review
mandala-geometry-patterns__mandala-geometry-patterns-flowers-lisianthus__35ad1b69fc,/printables/detailed-for-adults/mandala-geometry-patterns-flowers-lisianthus-35ad1b69fc,present,style|seasonal|detail|audience,Detailed Coloring Pages for Adults|Detailed Coloring Pages for Adults,audience/detail candidate lacks independent review
mandala-geometry-patterns__mandala-geometry-patterns-flowers-lotus__1e19f377e6,/printables/detailed-for-adults/mandala-geometry-patterns-flowers-lotus-1e19f377e6,present,style|seasonal|detail|audience,Detailed Coloring Pages for Adults|Detailed Coloring Pages for Adults,audience/detail candidate lacks independent review
mandala-geometry-patterns__mandala-geometry-patterns-flowers-magnolia__e36ad307c8,/printables/detailed-for-adults/mandala-geometry-patterns-flowers-magnolia-e36ad307c8,present,style|seasonal|detail|audience,Detailed Coloring Pages for Adults|Detailed Coloring Pages for Adults,audience/detail candidate lacks independent review
mandala-geometry-patterns__mandala-geometry-patterns-flowers-marigold__1cdfaba835,/printables/detailed-for-adults/mandala-geometry-patterns-flowers-marigold-1cdfaba835,present,style|seasonal|detail|audience,Detailed Coloring Pages for Adults|Detailed Coloring Pages for Adults,audience/detail candidate lacks independent review
mandala-geometry-patterns__mandala-geometry-patterns-flowers-morning__11a6be17a6,/printables/detailed-for-adults/mandala-geometry-patterns-flowers-morning-11a6be17a6,present,style|seasonal|detail|audience,Detailed Coloring Pages for Adults|Detailed Coloring Pages for Adults,audience/detail candidate lacks independent review
mandala-geometry-patterns__mandala-geometry-patterns-flowers-narcissus__60227af05c,/printables/detailed-for-adults/mandala-geometry-patterns-flowers-narcissus-60227af05c,present,style|seasonal|detail|audience,Detailed Coloring Pages for Adults|Detailed Coloring Pages for Adults,audience/detail candidate lacks independent review
mandala-geometry-patterns__mandala-geometry-patterns-flowers-nasturtium__a509653583,/printables/detailed-for-adults/mandala-geometry-patterns-flowers-nasturtium-a509653583,present,style|seasonal|detail|audience,Detailed Coloring Pages for Adults|Detailed Coloring Pages for Adults,audience/detail candidate lacks independent review
mandala-geometry-patterns__mandala-geometry-patterns-flowers-orchid__3709e60faf,/printables/detailed-for-adults/mandala-geometry-patterns-flowers-orchid-3709e60faf,present,style|seasonal|detail|audience,Detailed Coloring Pages for Adults|Detailed Coloring Pages for Adults,audience/detail candidate lacks independent review
mandala-geometry-patterns__mandala-geometry-patterns-flowers-paper-daisy__13f3be6617,/printables/detailed-for-adults/mandala-geometry-patterns-flowers-paper-daisy-13f3be6617,present,style|seasonal|detail|audience,Detailed Coloring Pages for Adults|Detailed Coloring Pages for Adults,audience/detail candidate lacks independent review
mandala-geometry-patterns__mandala-geometry-patterns-flowers-passionflower-patterns__87f8294c4b,/printables/detailed-for-adults/mandala-geometry-patterns-flowers-passionflower-patterns-87f8294c4b,present,seasonal|detail|audience,Detailed Coloring Pages for Adults|Detailed Coloring Pages for Adults,audience/detail candidate lacks independent review
mandala-geometry-patterns__mandala-geometry-patterns-flowers-peony__f35694074e,/printables/detailed-for-adults/mandala-geometry-patterns-flowers-peony-f35694074e,present,style|seasonal|detail|audience,Detailed Coloring Pages for Adults|Detailed Coloring Pages for Adults,audience/detail candidate lacks independent review
mandala-geometry-patterns__mandala-geometry-patterns-flowers-petunia__2398d9fb91,/printables/detailed-for-adults/mandala-geometry-patterns-flowers-petunia-2398d9fb91,present,style|seasonal|detail|audience,Detailed Coloring Pages for Adults|Detailed Coloring Pages for Adults,audience/detail candidate lacks independent review
mandala-geometry-patterns__mandala-geometry-patterns-flowers-poppy__b519928155,/printables/detailed-for-adults/mandala-geometry-patterns-flowers-poppy-b519928155,present,style|seasonal|detail|audience,Detailed Coloring Pages for Adults|Detailed Coloring Pages for Adults,audience/detail candidate lacks independent review
mandala-geometry-patterns__mandala-geometry-patterns-flowers-primrose__67344dee13,/printables/detailed-for-adults/mandala-geometry-patterns-flowers-primrose-67344dee13,present,style|seasonal|detail|audience,Detailed Coloring Pages for Adults|Detailed Coloring Pages for Adults,audience/detail candidate lacks independent review
mandala-geometry-patterns__mandala-geometry-patterns-flowers-protea__402c748e10,/printables/detailed-for-adults/mandala-geometry-patterns-flowers-protea-402c748e10,present,style|seasonal|detail|audience,Detailed Coloring Pages for Adults|Detailed Coloring Pages for Adults,audience/detail candidate lacks independent review
mandala-geometry-patterns__mandala-geometry-patterns-flowers-queen-annes-lace__7e18e5b60f,/printables/detailed-for-adults/mandala-geometry-patterns-flowers-queen-annes-lace-7e18e5b60f,present,style|seasonal|detail|audience,Detailed Coloring Pages for Adults|Detailed Coloring Pages for Adults,audience/detail candidate lacks independent review
mandala-geometry-patterns__mandala-geometry-patterns-flowers-queen-annes-lace-garden__6a4e6f6121,/printables/detailed-for-adults/mandala-geometry-patterns-flowers-queen-annes-lace-garden-6a4e6f6121,present,style|seasonal|detail|audience,Detailed Coloring Pages for Adults|Detailed Coloring Pages for Adults,audience/detail candidate lacks independent review
mandala-geometry-patterns__mandala-geometry-patterns-flowers-ranunculus__c0911ad5f3,/printables/detailed-for-adults/mandala-geometry-patterns-flowers-ranunculus-c0911ad5f3,present,style|seasonal|detail|audience,Detailed Coloring Pages for Adults|Detailed Coloring Pages for Adults,audience/detail candidate lacks independent review
mandala-geometry-patterns__mandala-geometry-patterns-flowers-red-maple__c8466a3126,/printables/detailed-for-adults/mandala-geometry-patterns-flowers-red-maple-c8466a3126,present,style|seasonal|detail|audience,Detailed Coloring Pages for Adults|Detailed Coloring Pages for Adults,audience/detail candidate lacks independent review
mandala-geometry-patterns__mandala-geometry-patterns-flowers-red-maple-bleeding-heart__3f875ce445,/printables/detailed-for-adults/mandala-geometry-patterns-flowers-red-maple-bleeding-heart-3f875ce445,present,style|seasonal|detail|audience,Detailed Coloring Pages for Adults|Detailed Coloring Pages for Adults,audience/detail candidate lacks independent review
mandala-geometry-patterns__mandala-geometry-patterns-flowers-rose__55eb4c3ef3,/printables/detailed-for-adults/mandala-geometry-patterns-flowers-rose-55eb4c3ef3,present,style|seasonal|detail|audience,Detailed Coloring Pages for Adults|Detailed Coloring Pages for Adults,audience/detail candidate lacks independent review
mandala-geometry-patterns__mandala-geometry-patterns-flowers-rudbeckia__0fed1c33cc,/printables/detailed-for-adults/mandala-geometry-patterns-flowers-rudbeckia-0fed1c33cc,present,style|seasonal|detail|audience,Detailed Coloring Pages for Adults|Detailed Coloring Pages for Adults,audience/detail candidate lacks independent review
mandala-geometry-patterns__mandala-geometry-patterns-flowers-sakura-petals__f693d9697b,/printables/detailed-for-adults/mandala-geometry-patterns-flowers-sakura-petals-f693d9697b,present,style|seasonal|detail|audience,Detailed Coloring Pages for Adults|Detailed Coloring Pages for Adults,audience/detail candidate lacks independent review
mandala-geometry-patterns__mandala-geometry-patterns-flowers-salvia__78bc290b40,/printables/detailed-for-adults/mandala-geometry-patterns-flowers-salvia-78bc290b40,present,style|seasonal|detail|audience,Detailed Coloring Pages for Adults|Detailed Coloring Pages for Adults,audience/detail candidate lacks independent review
mandala-geometry-patterns__mandala-geometry-patterns-flowers-sunflower__aa46bc3574,/printables/detailed-for-adults/mandala-geometry-patterns-flowers-sunflower-aa46bc3574,present,style|seasonal|detail|audience,Detailed Coloring Pages for Adults|Detailed Coloring Pages for Adults,audience/detail candidate lacks independent review
mandala-geometry-patterns__mandala-geometry-patterns-flowers-sweet-pea__e673466972,/printables/detailed-for-adults/mandala-geometry-patterns-flowers-sweet-pea-e673466972,present,style|seasonal|detail|audience,Detailed Coloring Pages for Adults|Detailed Coloring Pages for Adults,audience/detail candidate lacks independent review
mandala-geometry-patterns__mandala-geometry-patterns-flowers-thistle__0b7a0b6757,/printables/detailed-for-adults/mandala-geometry-patterns-flowers-thistle-0b7a0b6757,present,style|seasonal|detail|audience,Detailed Coloring Pages for Adults|Detailed Coloring Pages for Adults,audience/detail candidate lacks independent review
mandala-geometry-patterns__mandala-geometry-patterns-flowers-tulip__6984d83ae7,/printables/detailed-for-adults/mandala-geometry-patterns-flowers-tulip-6984d83ae7,present,style|seasonal|detail|audience,Detailed Coloring Pages for Adults|Detailed Coloring Pages for Adults,audience/detail candidate lacks independent review
mandala-geometry-patterns__mandala-geometry-patterns-flowers-wisteria__8e6d2be8ee,/printables/detailed-for-adults/mandala-geometry-patterns-flowers-wisteria-8e6d2be8ee,present,style|seasonal|detail|audience,Detailed Coloring Pages for Adults|Detailed Coloring Pages for Adults,audience/detail candidate lacks independent review
mandala-geometry-patterns__mandala-geometry-patterns-flowers-xeranthemum__46a76cb26e,/printables/detailed-for-adults/mandala-geometry-patterns-flowers-xeranthemum-46a76cb26e,present,style|seasonal|detail|audience,Detailed Coloring Pages for Adults|Detailed Coloring Pages for Adults,audience/detail candidate lacks independent review
mandala-geometry-patterns__mandala-geometry-patterns-flowers-yarrow__6981cfe301,/printables/detailed-for-adults/mandala-geometry-patterns-flowers-yarrow-6981cfe301,present,style|seasonal|detail|audience,Detailed Coloring Pages for Adults|Detailed Coloring Pages for Adults,audience/detail candidate lacks independent review
mandala-geometry-patterns__mandala-geometry-patterns-flowers-yucca__0cf8b3db83,/printables/detailed-for-adults/mandala-geometry-patterns-flowers-yucca-0cf8b3db83,present,style|seasonal|detail|audience,Detailed Coloring Pages for Adults|Detailed Coloring Pages for Adults,audience/detail candidate lacks independent review
mandala-geometry-patterns__mandala-geometry-patterns-flowers-zantedeschia__3626c9b444,/printables/detailed-for-adults/mandala-geometry-patterns-flowers-zantedeschia-3626c9b444,present,style|seasonal|detail|audience,Detailed Coloring Pages for Adults|Detailed Coloring Pages for Adults,audience/detail candidate lacks independent review
mandala-geometry-patterns__mandala-geometry-patterns-flowers-zephyranthes__dc83eb23b1,/printables/detailed-for-adults/mandala-geometry-patterns-flowers-zephyranthes-dc83eb23b1,present,style|seasonal|detail|audience,Detailed Coloring Pages for Adults|Detailed Coloring Pages for Adults,audience/detail candidate lacks independent review
mandala-geometry-patterns__mandala-geometry-patterns-flowers-zinnia__e0dc52057e,/printables/detailed-for-adults/mandala-geometry-patterns-flowers-zinnia-e0dc52057e,present,style|seasonal|detail|audience,Detailed Coloring Pages for Adults|Detailed Coloring Pages for Adults,audience/detail candidate lacks independent review
mandala-geometry-patterns__mandala-geometry-patterns-fractal-patterns__9d644ece91,/printables/detailed-for-adults/mandala-geometry-patterns-fractal-patterns-9d644ece91,present,primary_subject|seasonal|detail|audience,Detailed Coloring Pages for Adults|Detailed Coloring Pages for Adults,audience/detail candidate lacks independent review
mandala-geometry-patterns__mandala-geometry-patterns-giraffe__4e5db4907d,/printables/detailed-for-adults/mandala-geometry-patterns-giraffe-4e5db4907d,present,style|seasonal|detail|audience,Detailed Coloring Pages for Adults|Detailed Coloring Pages for Adults,audience/detail candidate lacks independent review
mandala-geometry-patterns__mandala-geometry-patterns-giraffe-face-patterns__c784adcbaa,/printables/detailed-for-adults/mandala-geometry-patterns-giraffe-face-patterns-c784adcbaa,present,seasonal|detail|audience,Detailed Coloring Pages for Adults|Detailed Coloring Pages for Adults,audience/detail candidate lacks independent review
mandala-geometry-patterns__mandala-geometry-patterns-halloween-turtle-snail-costume__b26de7e9fa,/printables/animals/mandala-geometry-patterns-halloween-turtle-snail-costume-b26de7e9fa,present,style|detail|audience,Detailed Coloring Pages for Adults|Detailed Coloring Pages for Adults,audience/detail candidate lacks independent review
mandala-geometry-patterns__mandala-geometry-patterns-heart-mandala__fdb693495b,/printables/detailed-for-adults/mandala-geometry-patterns-heart-mandala-fdb693495b,present,primary_subject|seasonal|detail|audience,Detailed Coloring Pages for Adults|Detailed Coloring Pages for Adults,audience/detail candidate lacks independent review
mandala-geometry-patterns__mandala-geometry-patterns-honeybee__373f3022f9,/printables/detailed-for-adults/mandala-geometry-patterns-honeybee-373f3022f9,omitted,primary_subject|style|seasonal|detail|audience,Detailed Coloring Pages for Adults|Detailed Coloring Pages for Adults,audience/detail candidate lacks independent review
mandala-geometry-patterns__mandala-geometry-patterns-honeybee-face-patterns__be5a057c4e,/printables/detailed-for-adults/mandala-geometry-patterns-honeybee-face-patterns-be5a057c4e,present,primary_subject|seasonal|detail|audience,Detailed Coloring Pages for Adults|Detailed Coloring Pages for Adults,audience/detail candidate lacks independent review
mandala-geometry-patterns__mandala-geometry-patterns-hummingbird__876283333e,/printables/detailed-for-adults/mandala-geometry-patterns-hummingbird-876283333e,omitted,primary_subject|style|seasonal|detail|audience,Detailed Coloring Pages for Adults|Detailed Coloring Pages for Adults,audience/detail candidate lacks independent review
mandala-geometry-patterns__mandala-geometry-patterns-hummingbird-face-patterns__6878cf2ec8,/printables/detailed-for-adults/mandala-geometry-patterns-hummingbird-face-patterns-6878cf2ec8,present,primary_subject|seasonal|detail|audience,Detailed Coloring Pages for Adults|Detailed Coloring Pages for Adults,audience/detail candidate lacks independent review
mandala-geometry-patterns__mandala-geometry-patterns-iguana__cd45d02db6,/printables/detailed-for-adults/mandala-geometry-patterns-iguana-cd45d02db6,present,style|seasonal|detail|audience,Detailed Coloring Pages for Adults|Detailed Coloring Pages for Adults,audience/detail candidate lacks independent review
mandala-geometry-patterns__mandala-geometry-patterns-iguana-face-patterns__5a7e297ebe,/printables/detailed-for-adults/mandala-geometry-patterns-iguana-face-patterns-5a7e297ebe,present,seasonal|detail|audience,Detailed Coloring Pages for Adults|Detailed Coloring Pages for Adults,audience/detail candidate lacks independent review
mandala-geometry-patterns__mandala-geometry-patterns-insects-beetle__b5e0280d2d,/printables/animals/mandala-geometry-patterns-insects-beetle-b5e0280d2d,present,style|seasonal|detail|audience,Detailed Coloring Pages for Adults|Detailed Coloring Pages for Adults,audience/detail candidate lacks independent review
mandala-geometry-patterns__mandala-geometry-patterns-insects-beetles__5de0d19c8c,/printables/animals/mandala-geometry-patterns-insects-beetles-5de0d19c8c,present,style|seasonal|detail|audience,Detailed Coloring Pages for Adults|Detailed Coloring Pages for Adults,audience/detail candidate lacks independent review
mandala-geometry-patterns__mandala-geometry-patterns-insects-black-widow-spider__8cf2e2002d,/printables/animals/mandala-geometry-patterns-insects-black-widow-spider-8cf2e2002d,present,style|seasonal|detail|audience,Detailed Coloring Pages for Adults|Detailed Coloring Pages for Adults,audience/detail candidate lacks independent review
mandala-geometry-patterns__mandala-geometry-patterns-insects-bumblebee__f27a95b97b,/printables/animals/mandala-geometry-patterns-insects-bumblebee-f27a95b97b,present,style|seasonal|detail|audience,Detailed Coloring Pages for Adults|Detailed Coloring Pages for Adults,audience/detail candidate lacks independent review
mandala-geometry-patterns__mandala-geometry-patterns-insects-butterfly__a9ae5dd12e,/printables/animals/mandala-geometry-patterns-insects-butterfly-a9ae5dd12e,present,style|seasonal|detail|audience,Detailed Coloring Pages for Adults|Detailed Coloring Pages for Adults,audience/detail candidate lacks independent review
mandala-geometry-patterns__mandala-geometry-patterns-insects-caterpillar__c52905fcb2,/printables/animals/mandala-geometry-patterns-insects-caterpillar-c52905fcb2,present,style|seasonal|detail|audience,Detailed Coloring Pages for Adults|Detailed Coloring Pages for Adults,audience/detail candidate lacks independent review
mandala-geometry-patterns__mandala-geometry-patterns-insects-cicada__0e4ece6f09,/printables/animals/mandala-geometry-patterns-insects-cicada-0e4ece6f09,present,style|seasonal|detail|audience,Detailed Coloring Pages for Adults|Detailed Coloring Pages for Adults,audience/detail candidate lacks independent review
mandala-geometry-patterns__mandala-geometry-patterns-insects-cricket__3929a00f1c,/printables/animals/mandala-geometry-patterns-insects-cricket-3929a00f1c,present,style|seasonal|detail|audience,Detailed Coloring Pages for Adults|Detailed Coloring Pages for Adults,audience/detail candidate lacks independent review
mandala-geometry-patterns__mandala-geometry-patterns-insects-dragonfly__ff15e0ffcb,/printables/animals/mandala-geometry-patterns-insects-dragonfly-ff15e0ffcb,present,style|seasonal|detail|audience,Detailed Coloring Pages for Adults|Detailed Coloring Pages for Adults,audience/detail candidate lacks independent review
mandala-geometry-patterns__mandala-geometry-patterns-insects-dung-beetle__dea9e0e9d7,/printables/animals/mandala-geometry-patterns-insects-dung-beetle-dea9e0e9d7,present,style|seasonal|detail|audience,Detailed Coloring Pages for Adults|Detailed Coloring Pages for Adults,audience/detail candidate lacks independent review
mandala-geometry-patterns__mandala-geometry-patterns-insects-firefly__388650745b,/printables/animals/mandala-geometry-patterns-insects-firefly-388650745b,present,style|seasonal|detail|audience,Detailed Coloring Pages for Adults|Detailed Coloring Pages for Adults,audience/detail candidate lacks independent review
mandala-geometry-patterns__mandala-geometry-patterns-insects-garden-spider__5f9d0098b6,/printables/animals/mandala-geometry-patterns-insects-garden-spider-5f9d0098b6,present,style|seasonal|detail|audience,Detailed Coloring Pages for Adults|Detailed Coloring Pages for Adults,audience/detail candidate lacks independent review
mandala-geometry-patterns__mandala-geometry-patterns-insects-garden-spider-on-webs__09cc7254d7,/printables/animals/mandala-geometry-patterns-insects-garden-spider-on-webs-09cc7254d7,present,style|seasonal|detail|audience,Detailed Coloring Pages for Adults|Detailed Coloring Pages for Adults,audience/detail candidate lacks independent review
mandala-geometry-patterns__mandala-geometry-patterns-insects-grasshopper__34c194cf65,/printables/animals/mandala-geometry-patterns-insects-grasshopper-34c194cf65,present,style|seasonal|detail|audience,Detailed Coloring Pages for Adults|Detailed Coloring Pages for Adults,audience/detail candidate lacks independent review
mandala-geometry-patterns__mandala-geometry-patterns-insects-honeybee__baa2be7f64,/printables/animals/mandala-geometry-patterns-insects-honeybee-baa2be7f64,present,style|seasonal|detail|audience,Detailed Coloring Pages for Adults|Detailed Coloring Pages for Adults,audience/detail candidate lacks independent review
mandala-geometry-patterns__mandala-geometry-patterns-insects-hornet__672eadcf58,/printables/animals/mandala-geometry-patterns-insects-hornet-672eadcf58,present,style|seasonal|detail|audience,Detailed Coloring Pages for Adults|Detailed Coloring Pages for Adults,audience/detail candidate lacks independent review
mandala-geometry-patterns__mandala-geometry-patterns-insects-ladybug__f3edbe5005,/printables/animals/mandala-geometry-patterns-insects-ladybug-f3edbe5005,present,style|seasonal|detail|audience,Detailed Coloring Pages for Adults|Detailed Coloring Pages for Adults,audience/detail candidate lacks independent review
mandala-geometry-patterns__mandala-geometry-patterns-insects-monarch-butterfly__d093da068d,/printables/animals/mandala-geometry-patterns-insects-monarch-butterfly-d093da068d,present,style|seasonal|detail|audience,Detailed Coloring Pages for Adults|Detailed Coloring Pages for Adults,audience/detail candidate lacks independent review
mandala-geometry-patterns__mandala-geometry-patterns-insects-praying-mantis__4d1fe25802,/printables/animals/mandala-geometry-patterns-insects-praying-mantis-4d1fe25802,present,style|seasonal|detail|audience,Detailed Coloring Pages for Adults|Detailed Coloring Pages for Adults,audience/detail candidate lacks independent review
mandala-geometry-patterns__mandala-geometry-patterns-insects-rhinoceros-beetle__abbf9e3805,/printables/animals/mandala-geometry-patterns-insects-rhinoceros-beetle-abbf9e3805,present,style|seasonal|detail|audience,Detailed Coloring Pages for Adults|Detailed Coloring Pages for Adults,audience/detail candidate lacks independent review
mandala-geometry-patterns__mandala-geometry-patterns-insects-scorpion__afc849c039,/printables/animals/mandala-geometry-patterns-insects-scorpion-afc849c039,present,style|seasonal|detail|audience,Detailed Coloring Pages for Adults|Detailed Coloring Pages for Adults,audience/detail candidate lacks independent review
mandala-geometry-patterns__mandala-geometry-patterns-insects-silkworm__553721458b,/printables/animals/mandala-geometry-patterns-insects-silkworm-553721458b,present,style|seasonal|detail|audience,Detailed Coloring Pages for Adults|Detailed Coloring Pages for Adults,audience/detail candidate lacks independent review
mandala-geometry-patterns__mandala-geometry-patterns-insects-stag-beetle__3f9df87af0,/printables/animals/mandala-geometry-patterns-insects-stag-beetle-3f9df87af0,present,style|seasonal|detail|audience,Detailed Coloring Pages for Adults|Detailed Coloring Pages for Adults,audience/detail candidate lacks independent review
mandala-geometry-patterns__mandala-geometry-patterns-insects-tarantula__39e883cc26,/printables/animals/mandala-geometry-patterns-insects-tarantula-39e883cc26,present,style|seasonal|detail|audience,Detailed Coloring Pages for Adults|Detailed Coloring Pages for Adults,audience/detail candidate lacks independent review
mandala-geometry-patterns__mandala-geometry-patterns-insects-wasp__44b443b79c,/printables/animals/mandala-geometry-patterns-insects-wasp-44b443b79c,present,style|seasonal|detail|audience,Detailed Coloring Pages for Adults|Detailed Coloring Pages for Adults,audience/detail candidate lacks independent review
mandala-geometry-patterns__mandala-geometry-patterns-isometric-patterns__665b62c3fb,/printables/detailed-for-adults/mandala-geometry-patterns-isometric-patterns-665b62c3fb,present,primary_subject|seasonal|detail|audience,Detailed Coloring Pages for Adults|Detailed Coloring Pages for Adults,audience/detail candidate lacks independent review
mandala-geometry-patterns__mandala-geometry-patterns-japan-archer-in-kyudo-style__dabb6ca10c,/printables/detailed-for-adults/mandala-geometry-patterns-japan-archer-in-kyudo-style-dabb6ca10c,omitted,primary_subject|style|seasonal|detail|audience,Detailed Coloring Pages for Adults|Detailed Coloring Pages for Adults,audience/detail candidate lacks independent review
mandala-geometry-patterns__mandala-geometry-patterns-japan-autumn-maple-leaves__8af9f820a8,/printables/detailed-for-adults/mandala-geometry-patterns-japan-autumn-maple-leaves-8af9f820a8,omitted,primary_subject|style|seasonal|detail|audience,Detailed Coloring Pages for Adults|Detailed Coloring Pages for Adults,audience/detail candidate lacks independent review
mandala-geometry-patterns__mandala-geometry-patterns-japan-awa-odori-dance__0572579546,/printables/detailed-for-adults/mandala-geometry-patterns-japan-awa-odori-dance-0572579546,omitted,primary_subject|style|seasonal|detail|audience,Detailed Coloring Pages for Adults|Detailed Coloring Pages for Adults,audience/detail candidate lacks independent review
mandala-geometry-patterns__mandala-geometry-patterns-japan-bamboo-forest__c0b4b1ffdf,/printables/detailed-for-adults/mandala-geometry-patterns-japan-bamboo-forest-c0b4b1ffdf,present,style|seasonal|detail|audience,Detailed Coloring Pages for Adults|Detailed Coloring Pages for Adults,audience/detail candidate lacks independent review
mandala-geometry-patterns__mandala-geometry-patterns-japan-bon-odori-dancers__b3afdb4382,/printables/detailed-for-adults/mandala-geometry-patterns-japan-bon-odori-dancers-b3afdb4382,omitted,primary_subject|style|seasonal|detail|audience,Detailed Coloring Pages for Adults|Detailed Coloring Pages for Adults,audience/detail candidate lacks independent review
mandala-geometry-patterns__mandala-geometry-patterns-japan-buddhist-temple__c9359b333f,/printables/buildings/mandala-geometry-patterns-japan-buddhist-temple-c9359b333f,present,style|seasonal|detail|audience,Detailed Coloring Pages for Adults|Detailed Coloring Pages for Adults,audience/detail candidate lacks independent review
mandala-geometry-patterns__mandala-geometry-patterns-japan-cherry-blossom-festival__a8c1e3cec3,/printables/detailed-for-adults/mandala-geometry-patterns-japan-cherry-blossom-festival-a8c1e3cec3,present,style|seasonal|detail|audience,Detailed Coloring Pages for Adults|Detailed Coloring Pages for Adults,audience/detail candidate lacks independent review
mandala-geometry-patterns__mandala-geometry-patterns-japan-cherry-blossom-park__b13d44b517,/printables/detailed-for-adults/mandala-geometry-patterns-japan-cherry-blossom-park-b13d44b517,present,style|seasonal|detail|audience,Detailed Coloring Pages for Adults|Detailed Coloring Pages for Adults,audience/detail candidate lacks independent review
mandala-geometry-patterns__mandala-geometry-patterns-japan-cherry-blossom-park-mandala-mascot__7fd35519ca,/printables/detailed-for-adults/mandala-geometry-patterns-japan-cherry-blossom-park-mandala-mascot-7fd35519ca,present,seasonal|detail|audience,Detailed Coloring Pages for Adults|Detailed Coloring Pages for Adults,audience/detail candidate lacks independent review
mandala-geometry-patterns__mandala-geometry-patterns-japan-cherry-blossom-tree__0b993cddf8,/printables/detailed-for-adults/mandala-geometry-patterns-japan-cherry-blossom-tree-0b993cddf8,present,style|seasonal|detail|audience,Detailed Coloring Pages for Adults|Detailed Coloring Pages for Adults,audience/detail candidate lacks independent review
mandala-geometry-patterns__mandala-geometry-patterns-japan-festival-lanterns__1833e65507,/printables/detailed-for-adults/mandala-geometry-patterns-japan-festival-lanterns-1833e65507,omitted,primary_subject|style|seasonal|detail|audience,Detailed Coloring Pages for Adults|Detailed Coloring Pages for Adults,audience/detail candidate lacks independent review
mandala-geometry-patterns__mandala-geometry-patterns-japan-fireworks-over-mount-fuji__89d27f7d62,/printables/detailed-for-adults/mandala-geometry-patterns-japan-fireworks-over-mount-fuji-89d27f7d62,omitted,primary_subject|style|seasonal|detail|audience,Detailed Coloring Pages for Adults|Detailed Coloring Pages for Adults,audience/detail candidate lacks independent review
mandala-geometry-patterns__mandala-geometry-patterns-japan-fuji-reflection-in-lake__f78436c6eb,/printables/detailed-for-adults/mandala-geometry-patterns-japan-fuji-reflection-in-lake-f78436c6eb,omitted,primary_subject|style|seasonal|detail|audience,Detailed Coloring Pages for Adults|Detailed Coloring Pages for Adults,audience/detail candidate lacks independent review
mandala-geometry-patterns__mandala-geometry-patterns-japan-fusuma-sliding-doors__e93f6ccc5d,/printables/detailed-for-adults/mandala-geometry-patterns-japan-fusuma-sliding-doors-e93f6ccc5d,omitted,primary_subject|style|seasonal|detail|audience,Detailed Coloring Pages for Adults|Detailed Coloring Pages for Adults,audience/detail candidate lacks independent review
mandala-geometry-patterns__mandala-geometry-patterns-japan-geisha-with-parasol__22021a571c,/printables/detailed-for-adults/mandala-geometry-patterns-japan-geisha-with-parasol-22021a571c,omitted,primary_subject|style|seasonal|detail|audience,Detailed Coloring Pages for Adults|Detailed Coloring Pages for Adults,audience/detail candidate lacks independent review
mandala-geometry-patterns__mandala-geometry-patterns-japan-geta-traditional-sandals__cf55309712,/printables/detailed-for-adults/mandala-geometry-patterns-japan-geta-traditional-sandals-cf55309712,omitted,primary_subject|style|seasonal|detail|audience,Detailed Coloring Pages for Adults|Detailed Coloring Pages for Adults,audience/detail candidate lacks independent review
mandala-geometry-patterns__mandala-geometry-patterns-japan-golden-week-festival__0bca9f1fe5,/printables/detailed-for-adults/mandala-geometry-patterns-japan-golden-week-festival-0bca9f1fe5,omitted,primary_subject|style|seasonal|detail|audience,Detailed Coloring Pages for Adults|Detailed Coloring Pages for Adults,audience/detail candidate lacks independent review
mandala-geometry-patterns__mandala-geometry-patterns-japan-hakone-hot-spring-onsen__b5f0e1ef60,/printables/detailed-for-adults/mandala-geometry-patterns-japan-hakone-hot-spring-onsen-b5f0e1ef60,omitted,primary_subject|style|seasonal|detail|audience,Detailed Coloring Pages for Adults|Detailed Coloring Pages for Adults,audience/detail candidate lacks independent review
mandala-geometry-patterns__mandala-geometry-patterns-japan-haori-jacket-display__efde9dfa84,/printables/detailed-for-adults/mandala-geometry-patterns-japan-haori-jacket-display-efde9dfa84,omitted,primary_subject|style|seasonal|detail|audience,Detailed Coloring Pages for Adults|Detailed Coloring Pages for Adults,audience/detail candidate lacks independent review
mandala-geometry-patterns__mandala-geometry-patterns-japan-himeji-castle__3d95866146,/printables/buildings/mandala-geometry-patterns-japan-himeji-castle-3d95866146,present,style|seasonal|detail|audience,Detailed Coloring Pages for Adults|Detailed Coloring Pages for Adults,audience/detail candidate lacks independent review
mandala-geometry-patterns__mandala-geometry-patterns-japan-hiroshima-castle__65ea49f7e6,/printables/buildings/mandala-geometry-patterns-japan-hiroshima-castle-65ea49f7e6,present,style|seasonal|detail|audience,Detailed Coloring Pages for Adults|Detailed Coloring Pages for Adults,audience/detail candidate lacks independent review
mandala-geometry-patterns__mandala-geometry-patterns-japan-hokkaido-lavender-fields__86a4307233,/printables/detailed-for-adults/mandala-geometry-patterns-japan-hokkaido-lavender-fields-86a4307233,omitted,primary_subject|style|seasonal|detail|audience,Detailed Coloring Pages for Adults|Detailed Coloring Pages for Adults,audience/detail candidate lacks independent review
mandala-geometry-patterns__mandala-geometry-patterns-japan-itsukushima-shrine__9b16382a41,/printables/detailed-for-adults/mandala-geometry-patterns-japan-itsukushima-shrine-9b16382a41,omitted,primary_subject|style|seasonal|detail|audience,Detailed Coloring Pages for Adults|Detailed Coloring Pages for Adults,audience/detail candidate lacks independent review
mandala-geometry-patterns__mandala-geometry-patterns-japan-japanese-bridge__7b16ebebde,/printables/bridges/mandala-geometry-patterns-japan-japanese-bridge-7b16ebebde,present,style|seasonal|detail|audience,Detailed Coloring Pages for Adults|Detailed Coloring Pages for Adults,audience/detail candidate lacks independent review
mandala-geometry-patterns__mandala-geometry-patterns-japan-japanese-calligraphy__c2db2fe5db,/printables/detailed-for-adults/mandala-geometry-patterns-japan-japanese-calligraphy-c2db2fe5db,omitted,primary_subject|style|seasonal|detail|audience,Detailed Coloring Pages for Adults|Detailed Coloring Pages for Adults,audience/detail candidate lacks independent review
mandala-geometry-patterns__mandala-geometry-patterns-japan-japanese-calligraphy-set__bbc96ea854,/printables/detailed-for-adults/mandala-geometry-patterns-japan-japanese-calligraphy-set-bbc96ea854,omitted,primary_subject|style|seasonal|detail|audience,Detailed Coloring Pages for Adults|Detailed Coloring Pages for Adults,audience/detail candidate lacks independent review
mandala-geometry-patterns__mandala-geometry-patterns-japan-japanese-ceramic-tea-cups__75cb3ca880,/printables/detailed-for-adults/mandala-geometry-patterns-japan-japanese-ceramic-tea-cups-75cb3ca880,omitted,primary_subject|style|seasonal|detail|audience,Detailed Coloring Pages for Adults|Detailed Coloring Pages for Adults,audience/detail candidate lacks independent review
mandala-geometry-patterns__mandala-geometry-patterns-japan-japanese-dessert-mochi__c0c061a05f,/printables/detailed-for-adults/mandala-geometry-patterns-japan-japanese-dessert-mochi-c0c061a05f,omitted,primary_subject|style|seasonal|detail|audience,Detailed Coloring Pages for Adults|Detailed Coloring Pages for Adults,audience/detail candidate lacks independent review
mandala-geometry-patterns__mandala-geometry-patterns-japan-japanese-food-platter__13725381d8,/printables/detailed-for-adults/mandala-geometry-patterns-japan-japanese-food-platter-13725381d8,present,style|seasonal|detail|audience,Detailed Coloring Pages for Adults|Detailed Coloring Pages for Adults,audience/detail candidate lacks independent review
mandala-geometry-patterns__mandala-geometry-patterns-japan-japanese-garden__b44a8a9f7b,/printables/detailed-for-adults/mandala-geometry-patterns-japan-japanese-garden-b44a8a9f7b,present,style|seasonal|detail|audience,Detailed Coloring Pages for Adults|Detailed Coloring Pages for Adults,audience/detail candidate lacks independent review
mandala-geometry-patterns__mandala-geometry-patterns-japan-japanese-lantern__808ca7297e,/printables/detailed-for-adults/mandala-geometry-patterns-japan-japanese-lantern-808ca7297e,omitted,primary_subject|style|seasonal|detail|audience,Detailed Coloring Pages for Adults|Detailed Coloring Pages for Adults,audience/detail candidate lacks independent review
mandala-geometry-patterns__mandala-geometry-patterns-japan-japanese-lantern-street__ea06d63ace,/printables/detailed-for-adults/mandala-geometry-patterns-japan-japanese-lantern-street-ea06d63ace,omitted,primary_subject|style|seasonal|detail|audience,Detailed Coloring Pages for Adults|Detailed Coloring Pages for Adults,audience/detail candidate lacks independent review
mandala-geometry-patterns__mandala-geometry-patterns-japan-japanese-parasol__0447ce5247,/printables/detailed-for-adults/mandala-geometry-patterns-japan-japanese-parasol-0447ce5247,omitted,primary_subject|style|seasonal|detail|audience,Detailed Coloring Pages for Adults|Detailed Coloring Pages for Adults,audience/detail candidate lacks independent review
mandala-geometry-patterns__mandala-geometry-patterns-japan-japanese-rickshaw__567b76fe73,/printables/detailed-for-adults/mandala-geometry-patterns-japan-japanese-rickshaw-567b76fe73,omitted,primary_subject|style|seasonal|detail|audience,Detailed Coloring Pages for Adults|Detailed Coloring Pages for Adults,audience/detail candidate lacks independent review
mandala-geometry-patterns__mandala-geometry-patterns-japan-japanese-rickshaw-cart__0c98e923fd,/printables/detailed-for-adults/mandala-geometry-patterns-japan-japanese-rickshaw-cart-0c98e923fd,omitted,primary_subject|style|seasonal|detail|audience,Detailed Coloring Pages for Adults|Detailed Coloring Pages for Adults,audience/detail candidate lacks independent review
mandala-geometry-patterns__mandala-geometry-patterns-japan-japanese-street-food-stall__5486863c0a,/printables/detailed-for-adults/mandala-geometry-patterns-japan-japanese-street-food-stall-5486863c0a,present,style|seasonal|detail|audience,Detailed Coloring Pages for Adults|Detailed Coloring Pages for Adults,audience/detail candidate lacks independent review
mandala-geometry-patterns__mandala-geometry-patterns-japan-japanese-street-market__01277c9ff1,/printables/detailed-for-adults/mandala-geometry-patterns-japan-japanese-street-market-01277c9ff1,omitted,primary_subject|style|seasonal|detail|audience,Detailed Coloring Pages for Adults|Detailed Coloring Pages for Adults,audience/detail candidate lacks independent review
mandala-geometry-patterns__mandala-geometry-patterns-japan-japanese-tea-ceremony__068bc197d9,/printables/detailed-for-adults/mandala-geometry-patterns-japan-japanese-tea-ceremony-068bc197d9,omitted,primary_subject|style|seasonal|detail|audience,Detailed Coloring Pages for Adults|Detailed Coloring Pages for Adults,audience/detail candidate lacks independent review
mandala-geometry-patterns__mandala-geometry-patterns-japan-kabuki-actor-mask__6843aa694d,/printables/detailed-for-adults/mandala-geometry-patterns-japan-kabuki-actor-mask-6843aa694d,omitted,primary_subject|style|seasonal|detail|audience,Detailed Coloring Pages for Adults|Detailed Coloring Pages for Adults,audience/detail candidate lacks independent review
mandala-geometry-patterns__mandala-geometry-patterns-japan-kanda-matsuri-festival__95f40f8564,/printables/detailed-for-adults/mandala-geometry-patterns-japan-kanda-matsuri-festival-95f40f8564,omitted,primary_subject|style|seasonal|detail|audience,Detailed Coloring Pages for Adults|Detailed Coloring Pages for Adults,audience/detail candidate lacks independent review
mandala-geometry-patterns__mandala-geometry-patterns-japan-kawagoe-old-town-street__c165045480,/printables/detailed-for-adults/mandala-geometry-patterns-japan-kawagoe-old-town-street-c165045480,omitted,primary_subject|style|seasonal|detail|audience,Detailed Coloring Pages for Adults|Detailed Coloring Pages for Adults,audience/detail candidate lacks independent review
mandala-geometry-patterns__mandala-geometry-patterns-japan-kimono-boy__2127738439,/printables/detailed-for-adults/mandala-geometry-patterns-japan-kimono-boy-2127738439,omitted,primary_subject|style|seasonal|detail|audience,Detailed Coloring Pages for Adults|Detailed Coloring Pages for Adults,audience/detail candidate lacks independent review
mandala-geometry-patterns__mandala-geometry-patterns-japan-kimono-fashion-display__4a32d54342,/printables/detailed-for-adults/mandala-geometry-patterns-japan-kimono-fashion-display-4a32d54342,omitted,primary_subject|style|seasonal|detail|audience,Detailed Coloring Pages for Adults|Detailed Coloring Pages for Adults,audience/detail candidate lacks independent review
mandala-geometry-patterns__mandala-geometry-patterns-japan-kimono-girl__f37589b029,/printables/detailed-for-adults/mandala-geometry-patterns-japan-kimono-girl-f37589b029,omitted,primary_subject|style|seasonal|detail|audience,Detailed Coloring Pages for Adults|Detailed Coloring Pages for Adults,audience/detail candidate lacks independent review
mandala-geometry-patterns__mandala-geometry-patterns-japan-kintsugi-repaired-pottery__c818915a69,/printables/detailed-for-adults/mandala-geometry-patterns-japan-kintsugi-repaired-pottery-c818915a69,omitted,primary_subject|style|seasonal|detail|audience,Detailed Coloring Pages for Adults|Detailed Coloring Pages for Adults,audience/detail candidate lacks independent review
mandala-geometry-patterns__mandala-geometry-patterns-japan-koi-pond__302b573ed7,/printables/detailed-for-adults/mandala-geometry-patterns-japan-koi-pond-302b573ed7,omitted,primary_subject|style|seasonal|detail|audience,Detailed Coloring Pages for Adults|Detailed Coloring Pages for Adults,audience/detail candidate lacks independent review
mandala-geometry-patterns__mandala-geometry-patterns-japan-kyoto-bamboo-grove-path__5f81cfd846,/printables/detailed-for-adults/mandala-geometry-patterns-japan-kyoto-bamboo-grove-path-5f81cfd846,present,style|seasonal|detail|audience,Detailed Coloring Pages for Adults|Detailed Coloring Pages for Adults,audience/detail candidate lacks independent review
mandala-geometry-patterns__mandala-geometry-patterns-japan-kyoto-golden-pavilion__b779c677d6,/printables/detailed-for-adults/mandala-geometry-patterns-japan-kyoto-golden-pavilion-b779c677d6,omitted,primary_subject|style|seasonal|detail|audience,Detailed Coloring Pages for Adults|Detailed Coloring Pages for Adults,audience/detail candidate lacks independent review
mandala-geometry-patterns__mandala-geometry-patterns-japan-kyoto-street-scene__784f8a2b4b,/printables/detailed-for-adults/mandala-geometry-patterns-japan-kyoto-street-scene-784f8a2b4b,omitted,primary_subject|style|seasonal|detail|audience,Detailed Coloring Pages for Adults|Detailed Coloring Pages for Adults,audience/detail candidate lacks independent review
mandala-geometry-patterns__mandala-geometry-patterns-japan-kyoto-streets__03c967fb8e,/printables/detailed-for-adults/mandala-geometry-patterns-japan-kyoto-streets-03c967fb8e,omitted,primary_subject|style|seasonal|detail|audience,Detailed Coloring Pages for Adults|Detailed Coloring Pages for Adults,audience/detail candidate lacks independent review
mandala-geometry-patterns__mandala-geometry-patterns-japan-matsumoto-castle__1655fa0fdb,/printables/buildings/mandala-geometry-patterns-japan-matsumoto-castle-1655fa0fdb,present,style|seasonal|detail|audience,Detailed Coloring Pages for Adults|Detailed Coloring Pages for Adults,audience/detail candidate lacks independent review
mandala-geometry-patterns__mandala-geometry-patterns-japan-matsuri-festival-dancers__c0f16c3752,/printables/detailed-for-adults/mandala-geometry-patterns-japan-matsuri-festival-dancers-c0f16c3752,omitted,primary_subject|style|seasonal|detail|audience,Detailed Coloring Pages for Adults|Detailed Coloring Pages for Adults,audience/detail candidate lacks independent review
mandala-geometry-patterns__mandala-geometry-patterns-japan-miso-soup-and-rice-set__788e044827,/printables/detailed-for-adults/mandala-geometry-patterns-japan-miso-soup-and-rice-set-788e044827,omitted,primary_subject|style|seasonal|detail|audience,Detailed Coloring Pages for Adults|Detailed Coloring Pages for Adults,audience/detail candidate lacks independent review
mandala-geometry-patterns__mandala-geometry-patterns-japan-mount-fuji__120d3b5fa5,/printables/detailed-for-adults/mandala-geometry-patterns-japan-mount-fuji-120d3b5fa5,omitted,primary_subject|style|seasonal|detail|audience,Detailed Coloring Pages for Adults|Detailed Coloring Pages for Adults,audience/detail candidate lacks independent review
mandala-geometry-patterns__mandala-geometry-patterns-japan-nara-deer-in-park__d98beeb140,/printables/deer/mandala-geometry-patterns-japan-nara-deer-in-park-d98beeb140,present,style|seasonal|detail|audience,Detailed Coloring Pages for Adults|Detailed Coloring Pages for Adults,audience/detail candidate lacks independent review
mandala-geometry-patterns__mandala-geometry-patterns-japan-nikko-toshogu-shrine__edd659182d,/printables/detailed-for-adults/mandala-geometry-patterns-japan-nikko-toshogu-shrine-edd659182d,omitted,primary_subject|style|seasonal|detail|audience,Detailed Coloring Pages for Adults|Detailed Coloring Pages for Adults,audience/detail candidate lacks independent review
mandala-geometry-patterns__mandala-geometry-patterns-japan-ninja-silhouette-on-rooftop__4aadc94cd2,/printables/detailed-for-adults/mandala-geometry-patterns-japan-ninja-silhouette-on-rooftop-4aadc94cd2,omitted,primary_subject|style|seasonal|detail|audience,Detailed Coloring Pages for Adults|Detailed Coloring Pages for Adults,audience/detail candidate lacks independent review
mandala-geometry-patterns__mandala-geometry-patterns-japan-ninja-smoke-escape__761d405ded,/printables/detailed-for-adults/mandala-geometry-patterns-japan-ninja-smoke-escape-761d405ded,omitted,primary_subject|style|seasonal|detail|audience,Detailed Coloring Pages for Adults|Detailed Coloring Pages for Adults,audience/detail candidate lacks independent review
mandala-geometry-patterns__mandala-geometry-patterns-japan-ninja-throwing-shuriken__d806e7af38,/printables/detailed-for-adults/mandala-geometry-patterns-japan-ninja-throwing-shuriken-d806e7af38,omitted,primary_subject|style|seasonal|detail|audience,Detailed Coloring Pages for Adults|Detailed Coloring Pages for Adults,audience/detail candidate lacks independent review
mandala-geometry-patterns__mandala-geometry-patterns-japan-ninja-with-shuriken__eb445ca094,/printables/detailed-for-adults/mandala-geometry-patterns-japan-ninja-with-shuriken-eb445ca094,omitted,primary_subject|style|seasonal|detail|audience,Detailed Coloring Pages for Adults|Detailed Coloring Pages for Adults,audience/detail candidate lacks independent review
mandala-geometry-patterns__mandala-geometry-patterns-japan-noh-theatre-mask__8ddec88fb9,/printables/detailed-for-adults/mandala-geometry-patterns-japan-noh-theatre-mask-8ddec88fb9,omitted,primary_subject|style|seasonal|detail|audience,Detailed Coloring Pages for Adults|Detailed Coloring Pages for Adults,audience/detail candidate lacks independent review
mandala-geometry-patterns__mandala-geometry-patterns-japan-okinawa-beach-scene__f4d5670d01,/printables/detailed-for-adults/mandala-geometry-patterns-japan-okinawa-beach-scene-f4d5670d01,omitted,primary_subject|style|seasonal|detail|audience,Detailed Coloring Pages for Adults|Detailed Coloring Pages for Adults,audience/detail candidate lacks independent review
mandala-geometry-patterns__mandala-geometry-patterns-japan-okonomiyaki-savory-pancake__b01d1ccb64,/printables/detailed-for-adults/mandala-geometry-patterns-japan-okonomiyaki-savory-pancake-b01d1ccb64,omitted,primary_subject|style|seasonal|detail|audience,Detailed Coloring Pages for Adults|Detailed Coloring Pages for Adults,audience/detail candidate lacks independent review
mandala-geometry-patterns__mandala-geometry-patterns-japan-origami-cranes__314c329544,/printables/detailed-for-adults/mandala-geometry-patterns-japan-origami-cranes-314c329544,omitted,primary_subject|style|seasonal|detail|audience,Detailed Coloring Pages for Adults|Detailed Coloring Pages for Adults,audience/detail candidate lacks independent review
mandala-geometry-patterns__mandala-geometry-patterns-japan-origami-dragon__8f004406f0,/printables/detailed-for-adults/mandala-geometry-patterns-japan-origami-dragon-8f004406f0,present,style|seasonal|detail|audience,Detailed Coloring Pages for Adults|Detailed Coloring Pages for Adults,audience/detail candidate lacks independent review
mandala-geometry-patterns__mandala-geometry-patterns-japan-origami-flowers__31fae519bb,/printables/detailed-for-adults/mandala-geometry-patterns-japan-origami-flowers-31fae519bb,present,style|seasonal|detail|audience,Detailed Coloring Pages for Adults|Detailed Coloring Pages for Adults,audience/detail candidate lacks independent review
mandala-geometry-patterns__mandala-geometry-patterns-japan-origami-rabbit__c166ce1ca4,/printables/detailed-for-adults/mandala-geometry-patterns-japan-origami-rabbit-c166ce1ca4,present,style|seasonal|detail|audience,Detailed Coloring Pages for Adults|Detailed Coloring Pages for Adults,audience/detail candidate lacks independent review
mandala-geometry-patterns__mandala-geometry-patterns-japan-origami-rose-flower__faca02f08e,/printables/detailed-for-adults/mandala-geometry-patterns-japan-origami-rose-flower-faca02f08e,present,style|seasonal|detail|audience,Detailed Coloring Pages for Adults|Detailed Coloring Pages for Adults,audience/detail candidate lacks independent review
mandala-geometry-patterns__mandala-geometry-patterns-japan-origami-swan__e37e072805,/printables/detailed-for-adults/mandala-geometry-patterns-japan-origami-swan-e37e072805,omitted,primary_subject|style|seasonal|detail|audience,Detailed Coloring Pages for Adults|Detailed Coloring Pages for Adults,audience/detail candidate lacks independent review
mandala-geometry-patterns__mandala-geometry-patterns-japan-origami-valentines-day-heart__47ec61fe29,/printables/detailed-for-adults/mandala-geometry-patterns-japan-origami-valentines-day-heart-47ec61fe29,omitted,primary_subject|style|seasonal|detail|audience,Detailed Coloring Pages for Adults|Detailed Coloring Pages for Adults,audience/detail candidate lacks independent review
mandala-geometry-patterns__mandala-geometry-patterns-japan-origami-valentines-day-teddybear-holding__c2791724e6,/printables/detailed-for-adults/mandala-geometry-patterns-japan-origami-valentines-day-teddybear-holding-c2791724e6,omitted,primary_subject|style|seasonal|detail|audience,Detailed Coloring Pages for Adults|Detailed Coloring Pages for Adults,audience/detail candidate lacks independent review
mandala-geometry-patterns__mandala-geometry-patterns-japan-osaka-castle__6e9ac0ec4f,/printables/buildings/mandala-geometry-patterns-japan-osaka-castle-6e9ac0ec4f,present,style|seasonal|detail|audience,Detailed Coloring Pages for Adults|Detailed Coloring Pages for Adults,audience/detail candidate lacks independent review
mandala-geometry-patterns__mandala-geometry-patterns-japan-osaka-castle-sakura-tree__9469422578,/printables/buildings/mandala-geometry-patterns-japan-osaka-castle-sakura-tree-9469422578,present,style|seasonal|detail|audience,Detailed Coloring Pages for Adults|Detailed Coloring Pages for Adults,audience/detail candidate lacks independent review
mandala-geometry-patterns__mandala-geometry-patterns-japan-paper-folding-workshop__4732138cb0,/printables/detailed-for-adults/mandala-geometry-patterns-japan-paper-folding-workshop-4732138cb0,omitted,primary_subject|style|seasonal|detail|audience,Detailed Coloring Pages for Adults|Detailed Coloring Pages for Adults,audience/detail candidate lacks independent review
mandala-geometry-patterns__mandala-geometry-patterns-japan-paper-umbrella-display__198c452cc8,/printables/detailed-for-adults/mandala-geometry-patterns-japan-paper-umbrella-display-198c452cc8,omitted,primary_subject|style|seasonal|detail|audience,Detailed Coloring Pages for Adults|Detailed Coloring Pages for Adults,audience/detail candidate lacks independent review
mandala-geometry-patterns__mandala-geometry-patterns-japan-ramen-noodle-bowl__b0439e7168,/printables/detailed-for-adults/mandala-geometry-patterns-japan-ramen-noodle-bowl-b0439e7168,omitted,primary_subject|style|seasonal|detail|audience,Detailed Coloring Pages for Adults|Detailed Coloring Pages for Adults,audience/detail candidate lacks independent review
mandala-geometry-patterns__mandala-geometry-patterns-japan-samurai-armor-display__c237b98947,/printables/detailed-for-adults/mandala-geometry-patterns-japan-samurai-armor-display-c237b98947,omitted,primary_subject|style|seasonal|detail|audience,Detailed Coloring Pages for Adults|Detailed Coloring Pages for Adults,audience/detail candidate lacks independent review
mandala-geometry-patterns__mandala-geometry-patterns-japan-samurai-on-horseback__9d183b57bc,/printables/detailed-for-adults/mandala-geometry-patterns-japan-samurai-on-horseback-9d183b57bc,omitted,primary_subject|style|seasonal|detail|audience,Detailed Coloring Pages for Adults|Detailed Coloring Pages for Adults,audience/detail candidate lacks independent review
mandala-geometry-patterns__mandala-geometry-patterns-japan-samurai-warrior__047f3e1a20,/printables/detailed-for-adults/mandala-geometry-patterns-japan-samurai-warrior-047f3e1a20,omitted,primary_subject|style|seasonal|detail|audience,Detailed Coloring Pages for Adults|Detailed Coloring Pages for Adults,audience/detail candidate lacks independent review
mandala-geometry-patterns__mandala-geometry-patterns-japan-sapporo-snow-festival__53b0113d63,/printables/detailed-for-adults/mandala-geometry-patterns-japan-sapporo-snow-festival-53b0113d63,omitted,primary_subject|style|seasonal|detail|audience,Detailed Coloring Pages for Adults|Detailed Coloring Pages for Adults,audience/detail candidate lacks independent review
mandala-geometry-patterns__mandala-geometry-patterns-japan-sensu-folding-fan__a380c063d3,/printables/detailed-for-adults/mandala-geometry-patterns-japan-sensu-folding-fan-a380c063d3,omitted,primary_subject|style|seasonal|detail|audience,Detailed Coloring Pages for Adults|Detailed Coloring Pages for Adults,audience/detail candidate lacks independent review
mandala-geometry-patterns__mandala-geometry-patterns-japan-shamisen-musical-instrument__264c8c8c92,/printables/detailed-for-adults/mandala-geometry-patterns-japan-shamisen-musical-instrument-264c8c8c92,omitted,primary_subject|style|seasonal|detail|audience,Detailed Coloring Pages for Adults|Detailed Coloring Pages for Adults,audience/detail candidate lacks independent review
mandala-geometry-patterns__mandala-geometry-patterns-japan-shinkansen-bullet-train__e666274bbd,/printables/detailed-for-adults/mandala-geometry-patterns-japan-shinkansen-bullet-train-e666274bbd,present,style|seasonal|detail|audience,Detailed Coloring Pages for Adults|Detailed Coloring Pages for Adults,audience/detail candidate lacks independent review
mandala-geometry-patterns__mandala-geometry-patterns-japan-shinkansen-bullet-train-mountain-scene__854e435577,/printables/detailed-for-adults/mandala-geometry-patterns-japan-shinkansen-bullet-train-mountain-scene-854e435577,present,style|seasonal|detail|audience,Detailed Coloring Pages for Adults|Detailed Coloring Pages for Adults,audience/detail candidate lacks independent review
mandala-geometry-patterns__mandala-geometry-patterns-japan-shinto-shrine__d0308d17d6,/printables/detailed-for-adults/mandala-geometry-patterns-japan-shinto-shrine-d0308d17d6,omitted,primary_subject|style|seasonal|detail|audience,Detailed Coloring Pages for Adults|Detailed Coloring Pages for Adults,audience/detail candidate lacks independent review
mandala-geometry-patterns__mandala-geometry-patterns-japan-shoji-paper-doors__7cdffb393b,/printables/detailed-for-adults/mandala-geometry-patterns-japan-shoji-paper-doors-7cdffb393b,omitted,primary_subject|style|seasonal|detail|audience,Detailed Coloring Pages for Adults|Detailed Coloring Pages for Adults,audience/detail candidate lacks independent review
mandala-geometry-patterns__mandala-geometry-patterns-japan-snow-monkeys-in-onsen__02e5a60637,/printables/detailed-for-adults/mandala-geometry-patterns-japan-snow-monkeys-in-onsen-02e5a60637,present,style|seasonal|detail|audience,Detailed Coloring Pages for Adults|Detailed Coloring Pages for Adults,audience/detail candidate lacks independent review
mandala-geometry-patterns__mandala-geometry-patterns-japan-spring-blossoms-by-river__5f93c0adb8,/printables/detailed-for-adults/mandala-geometry-patterns-japan-spring-blossoms-by-river-5f93c0adb8,present,style|seasonal|detail|audience,Detailed Coloring Pages for Adults|Detailed Coloring Pages for Adults,audience/detail candidate lacks independent review
mandala-geometry-patterns__mandala-geometry-patterns-japan-stone-lantern-in-garden__952849097e,/printables/detailed-for-adults/mandala-geometry-patterns-japan-stone-lantern-in-garden-952849097e,present,style|seasonal|detail|audience,Detailed Coloring Pages for Adults|Detailed Coloring Pages for Adults,audience/detail candidate lacks independent review
mandala-geometry-patterns__mandala-geometry-patterns-japan-summer-festival-fireworks__3337d33d89,/printables/detailed-for-adults/mandala-geometry-patterns-japan-summer-festival-fireworks-3337d33d89,omitted,primary_subject|style|seasonal|detail|audience,Detailed Coloring Pages for Adults|Detailed Coloring Pages for Adults,audience/detail candidate lacks independent review
mandala-geometry-patterns__mandala-geometry-patterns-japan-sumo-wrestlers__6cfed0e897,/printables/detailed-for-adults/mandala-geometry-patterns-japan-sumo-wrestlers-6cfed0e897,omitted,primary_subject|style|seasonal|detail|audience,Detailed Coloring Pages for Adults|Detailed Coloring Pages for Adults,audience/detail candidate lacks independent review
mandala-geometry-patterns__mandala-geometry-patterns-japan-sushi-chef__716b074cb7,/printables/detailed-for-adults/mandala-geometry-patterns-japan-sushi-chef-716b074cb7,present,style|seasonal|detail|audience,Detailed Coloring Pages for Adults|Detailed Coloring Pages for Adults,audience/detail candidate lacks independent review
mandala-geometry-patterns__mandala-geometry-patterns-japan-taiko-drummer__1f221f0533,/printables/detailed-for-adults/mandala-geometry-patterns-japan-taiko-drummer-1f221f0533,omitted,primary_subject|style|seasonal|detail|audience,Detailed Coloring Pages for Adults|Detailed Coloring Pages for Adults,audience/detail candidate lacks independent review
mandala-geometry-patterns__mandala-geometry-patterns-japan-takoyaki-octopus-snack__4365fa012f,/printables/animals/mandala-geometry-patterns-japan-takoyaki-octopus-snack-4365fa012f,present,style|seasonal|detail|audience,Detailed Coloring Pages for Adults|Detailed Coloring Pages for Adults,audience/detail candidate lacks independent review
mandala-geometry-patterns__mandala-geometry-patterns-japan-takoyaki-snack__10b7a9eb2e,/printables/detailed-for-adults/mandala-geometry-patterns-japan-takoyaki-snack-10b7a9eb2e,omitted,primary_subject|style|seasonal|detail|audience,Detailed Coloring Pages for Adults|Detailed Coloring Pages for Adults,audience/detail candidate lacks independent review
mandala-geometry-patterns__mandala-geometry-patterns-japan-tanabata-star-festival__b8fb98d4bf,/printables/detailed-for-adults/mandala-geometry-patterns-japan-tanabata-star-festival-b8fb98d4bf,omitted,primary_subject|style|seasonal|detail|audience,Detailed Coloring Pages for Adults|Detailed Coloring Pages for Adults,audience/detail candidate lacks independent review
mandala-geometry-patterns__mandala-geometry-patterns-japan-teapot-and-teacups__390400a05d,/printables/detailed-for-adults/mandala-geometry-patterns-japan-teapot-and-teacups-390400a05d,omitted,primary_subject|style|seasonal|detail|audience,Detailed Coloring Pages for Adults|Detailed Coloring Pages for Adults,audience/detail candidate lacks independent review
mandala-geometry-patterns__mandala-geometry-patterns-japan-tempura-platter__55f2097d57,/printables/detailed-for-adults/mandala-geometry-patterns-japan-tempura-platter-55f2097d57,omitted,primary_subject|style|seasonal|detail|audience,Detailed Coloring Pages for Adults|Detailed Coloring Pages for Adults,audience/detail candidate lacks independent review
mandala-geometry-patterns__mandala-geometry-patterns-japan-tokyo-skytree__d7e35021a0,/printables/detailed-for-adults/mandala-geometry-patterns-japan-tokyo-skytree-d7e35021a0,omitted,primary_subject|style|seasonal|detail|audience,Detailed Coloring Pages for Adults|Detailed Coloring Pages for Adults,audience/detail candidate lacks independent review
mandala-geometry-patterns__mandala-geometry-patterns-japan-tokyo-tower__9fc300e8a6,/printables/detailed-for-adults/mandala-geometry-patterns-japan-tokyo-tower-9fc300e8a6,omitted,primary_subject|style|seasonal|detail|audience,Detailed Coloring Pages for Adults|Detailed Coloring Pages for Adults,audience/detail candidate lacks independent review
mandala-geometry-patterns__mandala-geometry-patterns-japan-torii-gate__8261f939f3,/printables/detailed-for-adults/mandala-geometry-patterns-japan-torii-gate-8261f939f3,omitted,primary_subject|style|seasonal|detail|audience,Detailed Coloring Pages for Adults|Detailed Coloring Pages for Adults,audience/detail candidate lacks independent review
mandala-geometry-patterns__mandala-geometry-patterns-japan-torii-gate-at-sunset__f0bdc5e14e,/printables/detailed-for-adults/mandala-geometry-patterns-japan-torii-gate-at-sunset-f0bdc5e14e,omitted,primary_subject|style|seasonal|detail|audience,Detailed Coloring Pages for Adults|Detailed Coloring Pages for Adults,audience/detail candidate lacks independent review
mandala-geometry-patterns__mandala-geometry-patterns-japan-torii-gate-mandala-mascot__5f97b548ef,/printables/detailed-for-adults/mandala-geometry-patterns-japan-torii-gate-mandala-mascot-5f97b548ef,present,primary_subject|seasonal|detail|audience,Detailed Coloring Pages for Adults|Detailed Coloring Pages for Adults,audience/detail candidate lacks independent review
mandala-geometry-patterns__mandala-geometry-patterns-japan-traditional-fan__13a79d24ce,/printables/detailed-for-adults/mandala-geometry-patterns-japan-traditional-fan-13a79d24ce,omitted,primary_subject|style|seasonal|detail|audience,Detailed Coloring Pages for Adults|Detailed Coloring Pages for Adults,audience/detail candidate lacks independent review
mandala-geometry-patterns__mandala-geometry-patterns-japan-traditional-house__5903ae39c2,/printables/buildings/mandala-geometry-patterns-japan-traditional-house-5903ae39c2,present,style|seasonal|detail|audience,Detailed Coloring Pages for Adults|Detailed Coloring Pages for Adults,audience/detail candidate lacks independent review
mandala-geometry-patterns__mandala-geometry-patterns-japan-wagasa-oil-paper-umbrella__afa338eab4,/printables/detailed-for-adults/mandala-geometry-patterns-japan-wagasa-oil-paper-umbrella-afa338eab4,omitted,primary_subject|style|seasonal|detail|audience,Detailed Coloring Pages for Adults|Detailed Coloring Pages for Adults,audience/detail candidate lacks independent review
mandala-geometry-patterns__mandala-geometry-patterns-japan-winter-snow-at-temple__94fe883526,/printables/buildings/mandala-geometry-patterns-japan-winter-snow-at-temple-94fe883526,present,style|seasonal|detail|audience,Detailed Coloring Pages for Adults|Detailed Coloring Pages for Adults,audience/detail candidate lacks independent review
mandala-geometry-patterns__mandala-geometry-patterns-japan-yosakoi-dance-parade__c14b6770c5,/printables/detailed-for-adults/mandala-geometry-patterns-japan-yosakoi-dance-parade-c14b6770c5,omitted,primary_subject|style|seasonal|detail|audience,Detailed Coloring Pages for Adults|Detailed Coloring Pages for Adults,audience/detail candidate lacks independent review
mandala-geometry-patterns__mandala-geometry-patterns-japan-zen-meditation-garden__2805a58937,/printables/detailed-for-adults/mandala-geometry-patterns-japan-zen-meditation-garden-2805a58937,present,style|seasonal|detail|audience,Detailed Coloring Pages for Adults|Detailed Coloring Pages for Adults,audience/detail candidate lacks independent review
mandala-geometry-patterns__mandala-geometry-patterns-japan-zen-rock-garden__73d2af5769,/printables/detailed-for-adults/mandala-geometry-patterns-japan-zen-rock-garden-73d2af5769,present,style|seasonal|detail|audience,Detailed Coloring Pages for Adults|Detailed Coloring Pages for Adults,audience/detail candidate lacks independent review
mandala-geometry-patterns__mandala-geometry-patterns-japanese-noh-theatre-mask__25f6922c47,/printables/detailed-for-adults/mandala-geometry-patterns-japanese-noh-theatre-mask-25f6922c47,omitted,primary_subject|style|seasonal|detail|audience,Detailed Coloring Pages for Adults|Detailed Coloring Pages for Adults,audience/detail candidate lacks independent review
mandala-geometry-patterns__mandala-geometry-patterns-kaleidoscope-pattern__296e89446a,/printables/detailed-for-adults/mandala-geometry-patterns-kaleidoscope-pattern-296e89446a,present,primary_subject|seasonal|detail|audience,Detailed Coloring Pages for Adults|Detailed Coloring Pages for Adults,audience/detail candidate lacks independent review
mandala-geometry-patterns__mandala-geometry-patterns-kitten__d55934587b,/printables/animals/mandala-geometry-patterns-kitten-d55934587b,present,style|seasonal|detail|audience,Coloring Pages for Kids|Detailed Coloring Pages for Adults|Detailed Coloring Pages for Adults,audience/detail candidate lacks independent review
mandala-geometry-patterns__mandala-geometry-patterns-kitten-face-patterns__1a56fa5d38,/printables/animals/mandala-geometry-patterns-kitten-face-patterns-1a56fa5d38,present,seasonal|detail|audience,Coloring Pages for Kids|Detailed Coloring Pages for Adults|Detailed Coloring Pages for Adults,audience/detail candidate lacks independent review
mandala-geometry-patterns__mandala-geometry-patterns-koi__7be28e4d68,/printables/detailed-for-adults/mandala-geometry-patterns-koi-7be28e4d68,omitted,primary_subject|style|seasonal|detail|audience,Detailed Coloring Pages for Adults|Detailed Coloring Pages for Adults,audience/detail candidate lacks independent review
mandala-geometry-patterns__mandala-geometry-patterns-koi-face-patterns__c4dfb7574b,/printables/detailed-for-adults/mandala-geometry-patterns-koi-face-patterns-c4dfb7574b,present,primary_subject|seasonal|detail|audience,Detailed Coloring Pages for Adults|Detailed Coloring Pages for Adults,audience/detail candidate lacks independent review
mandala-geometry-patterns__mandala-geometry-patterns-komodo-dragon__f13e5a9425,/printables/detailed-for-adults/mandala-geometry-patterns-komodo-dragon-f13e5a9425,present,style|seasonal|detail|audience,Detailed Coloring Pages for Adults|Detailed Coloring Pages for Adults,audience/detail candidate lacks independent review
mandala-geometry-patterns__mandala-geometry-patterns-komodo-dragon-face-patterns__238fcd60e6,/printables/detailed-for-adults/mandala-geometry-patterns-komodo-dragon-face-patterns-238fcd60e6,present,seasonal|detail|audience,Detailed Coloring Pages for Adults|Detailed Coloring Pages for Adults,audience/detail candidate lacks independent review
mandala-geometry-patterns__mandala-geometry-patterns-ladybug__931591803f,/printables/detailed-for-adults/mandala-geometry-patterns-ladybug-931591803f,omitted,primary_subject|style|seasonal|detail|audience,Detailed Coloring Pages for Adults|Detailed Coloring Pages for Adults,audience/detail candidate lacks independent review
mandala-geometry-patterns__mandala-geometry-patterns-ladybug-patterns__42d3f4011f,/printables/detailed-for-adults/mandala-geometry-patterns-ladybug-patterns-42d3f4011f,present,primary_subject|seasonal|detail|audience,Detailed Coloring Pages for Adults|Detailed Coloring Pages for Adults,audience/detail candidate lacks independent review
mandala-geometry-patterns__mandala-geometry-patterns-lion__3293b9a87b,/printables/detailed-for-adults/mandala-geometry-patterns-lion-3293b9a87b,present,style|seasonal|detail|audience,Detailed Coloring Pages for Adults|Detailed Coloring Pages for Adults,audience/detail candidate lacks independent review
mandala-geometry-patterns__mandala-geometry-patterns-lion-sitting__29672d4333,/printables/detailed-for-adults/mandala-geometry-patterns-lion-sitting-29672d4333,present,style|seasonal|detail|audience,Detailed Coloring Pages for Adults|Detailed Coloring Pages for Adults,audience/detail candidate lacks independent review
mandala-geometry-patterns__mandala-geometry-patterns-llama__1d22a26267,/printables/detailed-for-adults/mandala-geometry-patterns-llama-1d22a26267,present,style|seasonal|detail|audience,Detailed Coloring Pages for Adults|Detailed Coloring Pages for Adults,audience/detail candidate lacks independent review
mandala-geometry-patterns__mandala-geometry-patterns-llama-face-patterns__463ff75fb8,/printables/detailed-for-adults/mandala-geometry-patterns-llama-face-patterns-463ff75fb8,present,seasonal|detail|audience,Detailed Coloring Pages for Adults|Detailed Coloring Pages for Adults,audience/detail candidate lacks independent review
mandala-geometry-patterns__mandala-geometry-patterns-llama-patterns__eb2403e53b,/printables/detailed-for-adults/mandala-geometry-patterns-llama-patterns-eb2403e53b,present,seasonal|detail|audience,Detailed Coloring Pages for Adults|Detailed Coloring Pages for Adults,audience/detail candidate lacks independent review
mandala-geometry-patterns__mandala-geometry-patterns-lotus-mandala__807eb9a8f2,/printables/detailed-for-adults/mandala-geometry-patterns-lotus-mandala-807eb9a8f2,present,seasonal|detail|audience,Detailed Coloring Pages for Adults|Detailed Coloring Pages for Adults,audience/detail candidate lacks independent review
mandala-geometry-patterns__mandala-geometry-patterns-moon-mandala__bba75159b5,/printables/detailed-for-adults/mandala-geometry-patterns-moon-mandala-bba75159b5,present,primary_subject|seasonal|detail|audience,Detailed Coloring Pages for Adults|Detailed Coloring Pages for Adults,audience/detail candidate lacks independent review
mandala-geometry-patterns__mandala-geometry-patterns-mushroom-artists-conk__2e9f42d2f2,/printables/detailed-for-adults/mandala-geometry-patterns-mushroom-artists-conk-2e9f42d2f2,present,style|seasonal|detail|audience,Detailed Coloring Pages for Adults|Detailed Coloring Pages for Adults,audience/detail candidate lacks independent review
mandala-geometry-patterns__mandala-geometry-patterns-mushroom-bay-bolete__ffc787395a,/printables/detailed-for-adults/mandala-geometry-patterns-mushroom-bay-bolete-ffc787395a,present,style|seasonal|detail|audience,Detailed Coloring Pages for Adults|Detailed Coloring Pages for Adults,audience/detail candidate lacks independent review
mandala-geometry-patterns__mandala-geometry-patterns-mushroom-beech-mushroom__0a1007631f,/printables/detailed-for-adults/mandala-geometry-patterns-mushroom-beech-mushroom-0a1007631f,present,style|seasonal|detail|audience,Detailed Coloring Pages for Adults|Detailed Coloring Pages for Adults,audience/detail candidate lacks independent review
mandala-geometry-patterns__mandala-geometry-patterns-mushroom-biolu-minescent-forest-scene__8c68719b84,/printables/detailed-for-adults/mandala-geometry-patterns-mushroom-biolu-minescent-forest-scene-8c68719b84,present,style|seasonal|detail|audience,Detailed Coloring Pages for Adults|Detailed Coloring Pages for Adults,audience/detail candidate lacks independent review
mandala-geometry-patterns__mandala-geometry-patterns-mushroom-birch-bolete__41a71817e7,/printables/detailed-for-adults/mandala-geometry-patterns-mushroom-birch-bolete-41a71817e7,present,style|seasonal|detail|audience,Detailed Coloring Pages for Adults|Detailed Coloring Pages for Adults,audience/detail candidate lacks independent review
mandala-geometry-patterns__mandala-geometry-patterns-mushroom-birch-polypore__a02dd3053c,/printables/detailed-for-adults/mandala-geometry-patterns-mushroom-birch-polypore-a02dd3053c,present,style|seasonal|detail|audience,Detailed Coloring Pages for Adults|Detailed Coloring Pages for Adults,audience/detail candidate lacks independent review
mandala-geometry-patterns__mandala-geometry-patterns-mushroom-black-trumpet__170fe3ec4e,/printables/detailed-for-adults/mandala-geometry-patterns-mushroom-black-trumpet-170fe3ec4e,present,style|seasonal|detail|audience,Detailed Coloring Pages for Adults|Detailed Coloring Pages for Adults,audience/detail candidate lacks independent review
mandala-geometry-patterns__mandala-geometry-patterns-mushroom-bleeding-tooth__ed4955922e,/printables/detailed-for-adults/mandala-geometry-patterns-mushroom-bleeding-tooth-ed4955922e,present,style|seasonal|detail|audience,Detailed Coloring Pages for Adults|Detailed Coloring Pages for Adults,audience/detail candidate lacks independent review
mandala-geometry-patterns__mandala-geometry-patterns-mushroom-button-mushroom__cfb0e10708,/printables/detailed-for-adults/mandala-geometry-patterns-mushroom-button-mushroom-cfb0e10708,present,style|seasonal|detail|audience,Detailed Coloring Pages for Adults|Detailed Coloring Pages for Adults,audience/detail candidate lacks independent review
mandala-geometry-patterns__mandala-geometry-patterns-mushroom-caesar-s-mushroom__798f03a546,/printables/detailed-for-adults/mandala-geometry-patterns-mushroom-caesar-s-mushroom-798f03a546,present,style|seasonal|detail|audience,Detailed Coloring Pages for Adults|Detailed Coloring Pages for Adults,audience/detail candidate lacks independent review
mandala-geometry-patterns__mandala-geometry-patterns-mushroom-candlesnuff-fungus__1a58c9b375,/printables/detailed-for-adults/mandala-geometry-patterns-mushroom-candlesnuff-fungus-1a58c9b375,present,style|seasonal|detail|audience,Detailed Coloring Pages for Adults|Detailed Coloring Pages for Adults,audience/detail candidate lacks independent review
mandala-geometry-patterns__mandala-geometry-patterns-mushroom-chanterelle__ac27765428,/printables/detailed-for-adults/mandala-geometry-patterns-mushroom-chanterelle-ac27765428,present,style|seasonal|detail|audience,Detailed Coloring Pages for Adults|Detailed Coloring Pages for Adults,audience/detail candidate lacks independent review
mandala-geometry-patterns__mandala-geometry-patterns-mushroom-chicken-of-the-woods__b71162befa,/printables/detailed-for-adults/mandala-geometry-patterns-mushroom-chicken-of-the-woods-b71162befa,present,style|seasonal|detail|audience,Detailed Coloring Pages for Adults|Detailed Coloring Pages for Adults,audience/detail candidate lacks independent review
mandala-geometry-patterns__mandala-geometry-patterns-mushroom-cinnamon-cap__8133e34a45,/printables/detailed-for-adults/mandala-geometry-patterns-mushroom-cinnamon-cap-8133e34a45,present,style|seasonal|detail|audience,Detailed Coloring Pages for Adults|Detailed Coloring Pages for Adults,audience/detail candidate lacks independent review
mandala-geometry-patterns__mandala-geometry-patterns-mushroom-coprinus-comatus-shaggy-mane__0d580bb50c,/printables/detailed-for-adults/mandala-geometry-patterns-mushroom-coprinus-comatus-shaggy-mane-0d580bb50c,present,style|seasonal|detail|audience,Detailed Coloring Pages for Adults|Detailed Coloring Pages for Adults,audience/detail candidate lacks independent review
mandala-geometry-patterns__mandala-geometry-patterns-mushroom-coral-fungus__d27a8968ec,/printables/detailed-for-adults/mandala-geometry-patterns-mushroom-coral-fungus-d27a8968ec,present,style|seasonal|detail|audience,Detailed Coloring Pages for Adults|Detailed Coloring Pages for Adults,audience/detail candidate lacks independent review
mandala-geometry-patterns__mandala-geometry-patterns-mushroom-cracked-cap-boletus__dd7bd7f449,/printables/detailed-for-adults/mandala-geometry-patterns-mushroom-cracked-cap-boletus-dd7bd7f449,present,style|seasonal|detail|audience,Detailed Coloring Pages for Adults|Detailed Coloring Pages for Adults,audience/detail candidate lacks independent review
mandala-geometry-patterns__mandala-geometry-patterns-mushroom-cremini__ff2a04020f,/printables/detailed-for-adults/mandala-geometry-patterns-mushroom-cremini-ff2a04020f,present,style|seasonal|detail|audience,Detailed Coloring Pages for Adults|Detailed Coloring Pages for Adults,audience/detail candidate lacks independent review
mandala-geometry-patterns__mandala-geometry-patterns-mushroom-crimson-waxcap__bd99172770,/printables/detailed-for-adults/mandala-geometry-patterns-mushroom-crimson-waxcap-bd99172770,present,style|seasonal|detail|audience,Detailed Coloring Pages for Adults|Detailed Coloring Pages for Adults,audience/detail candidate lacks independent review
mandala-geometry-patterns__mandala-geometry-patterns-mushroom-cup-fungus__c2383dbe9b,/printables/detailed-for-adults/mandala-geometry-patterns-mushroom-cup-fungus-c2383dbe9b,present,style|seasonal|detail|audience,Detailed Coloring Pages for Adults|Detailed Coloring Pages for Adults,audience/detail candidate lacks independent review
mandala-geometry-patterns__mandala-geometry-patterns-mushroom-death-cap-amanita__7bf1062b93,/printables/detailed-for-adults/mandala-geometry-patterns-mushroom-death-cap-amanita-7bf1062b93,present,style|seasonal|detail|audience,Detailed Coloring Pages for Adults|Detailed Coloring Pages for Adults,audience/detail candidate lacks independent review
mandala-geometry-patterns__mandala-geometry-patterns-mushroom-deer-mushroom__1e78159233,/printables/deer/mandala-geometry-patterns-mushroom-deer-mushroom-1e78159233,present,style|seasonal|detail|audience,Detailed Coloring Pages for Adults|Detailed Coloring Pages for Adults,audience/detail candidate lacks independent review
mandala-geometry-patterns__mandala-geometry-patterns-mushroom-destroying-angel__5609e2a919,/printables/detailed-for-adults/mandala-geometry-patterns-mushroom-destroying-angel-5609e2a919,present,style|seasonal|detail|audience,Detailed Coloring Pages for Adults|Detailed Coloring Pages for Adults,audience/detail candidate lacks independent review
mandala-geometry-patterns__mandala-geometry-patterns-mushroom-devil-s-cigar__63c09e86ad,/printables/detailed-for-adults/mandala-geometry-patterns-mushroom-devil-s-cigar-63c09e86ad,present,style|seasonal|detail|audience,Detailed Coloring Pages for Adults|Detailed Coloring Pages for Adults,audience/detail candidate lacks independent review
mandala-geometry-patterns__mandala-geometry-patterns-mushroom-earthstar-fungus__b082cefc75,/printables/detailed-for-adults/mandala-geometry-patterns-mushroom-earthstar-fungus-b082cefc75,present,style|seasonal|detail|audience,Detailed Coloring Pages for Adults|Detailed Coloring Pages for Adults,audience/detail candidate lacks independent review
mandala-geometry-patterns__mandala-geometry-patterns-mushroom-elfin-saddle__a99f940155,/printables/detailed-for-adults/mandala-geometry-patterns-mushroom-elfin-saddle-a99f940155,present,style|seasonal|detail|audience,Detailed Coloring Pages for Adults|Detailed Coloring Pages for Adults,audience/detail candidate lacks independent review
mandala-geometry-patterns__mandala-geometry-patterns-mushroom-enoki__3bf9894480,/printables/detailed-for-adults/mandala-geometry-patterns-mushroom-enoki-3bf9894480,present,style|seasonal|detail|audience,Detailed Coloring Pages for Adults|Detailed Coloring Pages for Adults,audience/detail candidate lacks independent review
mandala-geometry-patterns__mandala-geometry-patterns-mushroom-field-mushroom__a6515cf31e,/printables/detailed-for-adults/mandala-geometry-patterns-mushroom-field-mushroom-a6515cf31e,present,style|seasonal|detail|audience,Detailed Coloring Pages for Adults|Detailed Coloring Pages for Adults,audience/detail candidate lacks independent review
mandala-geometry-patterns__mandala-geometry-patterns-mushroom-fly-agaric-amanita__d648d3c0d4,/printables/detailed-for-adults/mandala-geometry-patterns-mushroom-fly-agaric-amanita-d648d3c0d4,present,style|seasonal|detail|audience,Detailed Coloring Pages for Adults|Detailed Coloring Pages for Adults,audience/detail candidate lacks independent review
mandala-geometry-patterns__mandala-geometry-patterns-mushroom-forest-fairy-ring__c4d7d96e52,/printables/detailed-for-adults/mandala-geometry-patterns-mushroom-forest-fairy-ring-c4d7d96e52,present,style|seasonal|detail|audience,Detailed Coloring Pages for Adults|Detailed Coloring Pages for Adults,audience/detail candidate lacks independent review
mandala-geometry-patterns__mandala-geometry-patterns-mushroom-ghost-fungus-glowing__caa954feb8,/printables/detailed-for-adults/mandala-geometry-patterns-mushroom-ghost-fungus-glowing-caa954feb8,present,style|seasonal|detail|audience,Detailed Coloring Pages for Adults|Detailed Coloring Pages for Adults,audience/detail candidate lacks independent review
mandala-geometry-patterns__mandala-geometry-patterns-mushroom-green-spored-parasol__4a3deb676b,/printables/detailed-for-adults/mandala-geometry-patterns-mushroom-green-spored-parasol-4a3deb676b,present,style|seasonal|detail|audience,Detailed Coloring Pages for Adults|Detailed Coloring Pages for Adults,audience/detail candidate lacks independent review
mandala-geometry-patterns__mandala-geometry-patterns-mushroom-hedgehog-tooth__6bfabcb850,/printables/detailed-for-adults/mandala-geometry-patterns-mushroom-hedgehog-tooth-6bfabcb850,present,style|seasonal|detail|audience,Detailed Coloring Pages for Adults|Detailed Coloring Pages for Adults,audience/detail candidate lacks independent review
mandala-geometry-patterns__mandala-geometry-patterns-mushroom-honey-fungus__f2c68e147f,/printables/detailed-for-adults/mandala-geometry-patterns-mushroom-honey-fungus-f2c68e147f,present,style|seasonal|detail|audience,Detailed Coloring Pages for Adults|Detailed Coloring Pages for Adults,audience/detail candidate lacks independent review
mandala-geometry-patterns__mandala-geometry-patterns-mushroom-honey-fungus-cluster__e921bdcf35,/printables/detailed-for-adults/mandala-geometry-patterns-mushroom-honey-fungus-cluster-e921bdcf35,present,style|seasonal|detail|audience,Detailed Coloring Pages for Adults|Detailed Coloring Pages for Adults,audience/detail candidate lacks independent review
mandala-geometry-patterns__mandala-geometry-patterns-mushroom-horn-of-plenty__d6a6ee4f69,/printables/detailed-for-adults/mandala-geometry-patterns-mushroom-horn-of-plenty-d6a6ee4f69,present,style|seasonal|detail|audience,Detailed Coloring Pages for Adults|Detailed Coloring Pages for Adults,audience/detail candidate lacks independent review
mandala-geometry-patterns__mandala-geometry-patterns-mushroom-horsehair-fungus__b9ba4f9d31,/printables/detailed-for-adults/mandala-geometry-patterns-mushroom-horsehair-fungus-b9ba4f9d31,present,style|seasonal|detail|audience,Detailed Coloring Pages for Adults|Detailed Coloring Pages for Adults,audience/detail candidate lacks independent review
mandala-geometry-patterns__mandala-geometry-patterns-mushroom-inky-cap__9f5935c7e0,/printables/detailed-for-adults/mandala-geometry-patterns-mushroom-inky-cap-9f5935c7e0,present,style|seasonal|detail|audience,Detailed Coloring Pages for Adults|Detailed Coloring Pages for Adults,audience/detail candidate lacks independent review
mandala-geometry-patterns__mandala-geometry-patterns-mushroom-king-oyster__3c51db8847,/printables/detailed-for-adults/mandala-geometry-patterns-mushroom-king-oyster-3c51db8847,present,style|seasonal|detail|audience,Detailed Coloring Pages for Adults|Detailed Coloring Pages for Adults,audience/detail candidate lacks independent review
mandala-geometry-patterns__mandala-geometry-patterns-mushroom-lactarius-deliciosus-saffron-milk-cap__b3952b8d63,/printables/detailed-for-adults/mandala-geometry-patterns-mushroom-lactarius-deliciosus-saffron-milk-cap-b3952b8d63,present,style|seasonal|detail|audience,Detailed Coloring Pages for Adults|Detailed Coloring Pages for Adults,audience/detail candidate lacks independent review
mandala-geometry-patterns__mandala-geometry-patterns-mushroom-lactarius-indigo-blue-milk-cap__37b003bf76,/printables/detailed-for-adults/mandala-geometry-patterns-mushroom-lactarius-indigo-blue-milk-cap-37b003bf76,present,style|seasonal|detail|audience,Detailed Coloring Pages for Adults|Detailed Coloring Pages for Adults,audience/detail candidate lacks independent review
mandala-geometry-patterns__mandala-geometry-patterns-mushroom-leccinum-scabrum__77f92e7de7,/printables/detailed-for-adults/mandala-geometry-patterns-mushroom-leccinum-scabrum-77f92e7de7,present,style|seasonal|detail|audience,Detailed Coloring Pages for Adults|Detailed Coloring Pages for Adults,audience/detail candidate lacks independent review
mandala-geometry-patterns__mandala-geometry-patterns-mushroom-lichen-cup__f4ff7bd747,/printables/detailed-for-adults/mandala-geometry-patterns-mushroom-lichen-cup-f4ff7bd747,present,style|seasonal|detail|audience,Detailed Coloring Pages for Adults|Detailed Coloring Pages for Adults,audience/detail candidate lacks independent review
mandala-geometry-patterns__mandala-geometry-patterns-mushroom-lions-mane__47b9b79b7d,/printables/detailed-for-adults/mandala-geometry-patterns-mushroom-lions-mane-47b9b79b7d,present,style|seasonal|detail|audience,Detailed Coloring Pages for Adults|Detailed Coloring Pages for Adults,audience/detail candidate lacks independent review
mandala-geometry-patterns__mandala-geometry-patterns-mushroom-magic-forest-mushroom-cartoon__04cf5e1b11,/printables/detailed-for-adults/mandala-geometry-patterns-mushroom-magic-forest-mushroom-cartoon-04cf5e1b11,present,style|seasonal|detail|audience,Coloring Pages for Kids|Detailed Coloring Pages for Adults|Detailed Coloring Pages for Adults|Easy,audience/detail candidate lacks independent review
mandala-geometry-patterns__mandala-geometry-patterns-mushroom-matsutake__f751cd642d,/printables/detailed-for-adults/mandala-geometry-patterns-mushroom-matsutake-f751cd642d,present,style|seasonal|detail|audience,Detailed Coloring Pages for Adults|Detailed Coloring Pages for Adults,audience/detail candidate lacks independent review
mandala-geometry-patterns__mandala-geometry-patterns-mushroom-morel__aa9b0f6932,/printables/detailed-for-adults/mandala-geometry-patterns-mushroom-morel-aa9b0f6932,present,style|seasonal|detail|audience,Detailed Coloring Pages for Adults|Detailed Coloring Pages for Adults,audience/detail candidate lacks independent review
mandala-geometry-patterns__mandala-geometry-patterns-mushroom-mossy-log-with-mushrooms__08758370f9,/printables/detailed-for-adults/mandala-geometry-patterns-mushroom-mossy-log-with-mushrooms-08758370f9,present,style|seasonal|detail|audience,Detailed Coloring Pages for Adults|Detailed Coloring Pages for Adults,audience/detail candidate lacks independent review
mandala-geometry-patterns__mandala-geometry-patterns-mushroom-nameko-mushroom__b54ffcc7a2,/printables/detailed-for-adults/mandala-geometry-patterns-mushroom-nameko-mushroom-b54ffcc7a2,present,style|seasonal|detail|audience,Detailed Coloring Pages for Adults|Detailed Coloring Pages for Adults,audience/detail candidate lacks independent review
mandala-geometry-patterns__mandala-geometry-patterns-mushroom-orange-birch-bolete__25bb0d2975,/printables/detailed-for-adults/mandala-geometry-patterns-mushroom-orange-birch-bolete-25bb0d2975,present,style|seasonal|detail|audience,Detailed Coloring Pages for Adults|Detailed Coloring Pages for Adults,audience/detail candidate lacks independent review
mandala-geometry-patterns__mandala-geometry-patterns-mushroom-oyster-mushroom__e21119fb7e,/printables/detailed-for-adults/mandala-geometry-patterns-mushroom-oyster-mushroom-e21119fb7e,present,style|seasonal|detail|audience,Detailed Coloring Pages for Adults|Detailed Coloring Pages for Adults,audience/detail candidate lacks independent review
mandala-geometry-patterns__mandala-geometry-patterns-mushroom-oyster-shelf-bracket__7e485ffde4,/printables/detailed-for-adults/mandala-geometry-patterns-mushroom-oyster-shelf-bracket-7e485ffde4,present,style|seasonal|detail|audience,Detailed Coloring Pages for Adults|Detailed Coloring Pages for Adults,audience/detail candidate lacks independent review
mandala-geometry-patterns__mandala-geometry-patterns-mushroom-parasol-macrolepiota__5a06aea56a,/printables/detailed-for-adults/mandala-geometry-patterns-mushroom-parasol-macrolepiota-5a06aea56a,present,style|seasonal|detail|audience,Detailed Coloring Pages for Adults|Detailed Coloring Pages for Adults,audience/detail candidate lacks independent review
mandala-geometry-patterns__mandala-geometry-patterns-mushroom-pine-mushroom-scene__bb22905097,/printables/detailed-for-adults/mandala-geometry-patterns-mushroom-pine-mushroom-scene-bb22905097,present,style|seasonal|detail|audience,Detailed Coloring Pages for Adults|Detailed Coloring Pages for Adults,audience/detail candidate lacks independent review
mandala-geometry-patterns__mandala-geometry-patterns-mushroom-porcini__c44872779d,/printables/detailed-for-adults/mandala-geometry-patterns-mushroom-porcini-c44872779d,present,style|seasonal|detail|audience,Detailed Coloring Pages for Adults|Detailed Coloring Pages for Adults,audience/detail candidate lacks independent review
mandala-geometry-patterns__mandala-geometry-patterns-mushroom-portobello__9a61e0ef25,/printables/detailed-for-adults/mandala-geometry-patterns-mushroom-portobello-9a61e0ef25,present,style|seasonal|detail|audience,Detailed Coloring Pages for Adults|Detailed Coloring Pages for Adults,audience/detail candidate lacks independent review
mandala-geometry-patterns__mandala-geometry-patterns-mushroom-puffball-common__881c0835ce,/printables/detailed-for-adults/mandala-geometry-patterns-mushroom-puffball-common-881c0835ce,present,style|seasonal|detail|audience,Detailed Coloring Pages for Adults|Detailed Coloring Pages for Adults,audience/detail candidate lacks independent review
mandala-geometry-patterns__mandala-geometry-patterns-mushroom-puffball-giant__b403b0fd2a,/printables/detailed-for-adults/mandala-geometry-patterns-mushroom-puffball-giant-b403b0fd2a,present,style|seasonal|detail|audience,Detailed Coloring Pages for Adults|Detailed Coloring Pages for Adults,audience/detail candidate lacks independent review
mandala-geometry-patterns__mandala-geometry-patterns-mushroom-red-pored-boletus__087e497fda,/printables/detailed-for-adults/mandala-geometry-patterns-mushroom-red-pored-boletus-087e497fda,present,style|seasonal|detail|audience,Detailed Coloring Pages for Adults|Detailed Coloring Pages for Adults,audience/detail candidate lacks independent review
mandala-geometry-patterns__mandala-geometry-patterns-mushroom-reindeer-lichen__5c492fbc79,/printables/detailed-for-adults/mandala-geometry-patterns-mushroom-reindeer-lichen-5c492fbc79,present,style|seasonal|detail|audience,Detailed Coloring Pages for Adults|Detailed Coloring Pages for Adults,audience/detail candidate lacks independent review
mandala-geometry-patterns__mandala-geometry-patterns-mushroom-reishi-ganoderma__aecd0af6c4,/printables/detailed-for-adults/mandala-geometry-patterns-mushroom-reishi-ganoderma-aecd0af6c4,present,style|seasonal|detail|audience,Detailed Coloring Pages for Adults|Detailed Coloring Pages for Adults,audience/detail candidate lacks independent review
mandala-geometry-patterns__mandala-geometry-patterns-mushroom-shaggy-parasol__68cfacea21,/printables/detailed-for-adults/mandala-geometry-patterns-mushroom-shaggy-parasol-68cfacea21,present,style|seasonal|detail|audience,Detailed Coloring Pages for Adults|Detailed Coloring Pages for Adults,audience/detail candidate lacks independent review
mandala-geometry-patterns__mandala-geometry-patterns-mushroom-shield-bracket__73d4976da2,/printables/detailed-for-adults/mandala-geometry-patterns-mushroom-shield-bracket-73d4976da2,present,style|seasonal|detail|audience,Detailed Coloring Pages for Adults|Detailed Coloring Pages for Adults,audience/detail candidate lacks independent review
mandala-geometry-patterns__mandala-geometry-patterns-mushroom-shiitake__1d070de422,/printables/detailed-for-adults/mandala-geometry-patterns-mushroom-shiitake-1d070de422,present,style|seasonal|detail|audience,Detailed Coloring Pages for Adults|Detailed Coloring Pages for Adults,audience/detail candidate lacks independent review
mandala-geometry-patterns__mandala-geometry-patterns-mushroom-snow-fungus__86b82c8dda,/printables/detailed-for-adults/mandala-geometry-patterns-mushroom-snow-fungus-86b82c8dda,present,style|seasonal|detail|audience,Detailed Coloring Pages for Adults|Detailed Coloring Pages for Adults,audience/detail candidate lacks independent review
mandala-geometry-patterns__mandala-geometry-patterns-mushroom-spore-print-pattern__7363e16f0f,/printables/detailed-for-adults/mandala-geometry-patterns-mushroom-spore-print-pattern-7363e16f0f,present,seasonal|detail|audience,Detailed Coloring Pages for Adults|Detailed Coloring Pages for Adults,audience/detail candidate lacks independent review
mandala-geometry-patterns__mandala-geometry-patterns-mushroom-stinkhorn-fungus__b876b2de3f,/printables/detailed-for-adults/mandala-geometry-patterns-mushroom-stinkhorn-fungus-b876b2de3f,present,style|seasonal|detail|audience,Detailed Coloring Pages for Adults|Detailed Coloring Pages for Adults,audience/detail candidate lacks independent review
mandala-geometry-patterns__mandala-geometry-patterns-mushroom-sulphur-shelf__ccaae8699d,/printables/detailed-for-adults/mandala-geometry-patterns-mushroom-sulphur-shelf-ccaae8699d,present,style|seasonal|detail|audience,Detailed Coloring Pages for Adults|Detailed Coloring Pages for Adults,audience/detail candidate lacks independent review
mandala-geometry-patterns__mandala-geometry-patterns-mushroom-trametes-versicolor__cdd758fdc7,/printables/detailed-for-adults/mandala-geometry-patterns-mushroom-trametes-versicolor-cdd758fdc7,present,style|seasonal|detail|audience,Detailed Coloring Pages for Adults|Detailed Coloring Pages for Adults,audience/detail candidate lacks independent review
mandala-geometry-patterns__mandala-geometry-patterns-mushroom-truffle-black__c2ecab31f1,/printables/detailed-for-adults/mandala-geometry-patterns-mushroom-truffle-black-c2ecab31f1,present,style|seasonal|detail|audience,Detailed Coloring Pages for Adults|Detailed Coloring Pages for Adults,audience/detail candidate lacks independent review
mandala-geometry-patterns__mandala-geometry-patterns-mushroom-truffle-white__b82f8d4190,/printables/detailed-for-adults/mandala-geometry-patterns-mushroom-truffle-white-b82f8d4190,present,style|seasonal|detail|audience,Detailed Coloring Pages for Adults|Detailed Coloring Pages for Adults,audience/detail candidate lacks independent review
mandala-geometry-patterns__mandala-geometry-patterns-mushroom-turkey-tail__2ab1d3961c,/printables/detailed-for-adults/mandala-geometry-patterns-mushroom-turkey-tail-2ab1d3961c,present,style|seasonal|detail|audience,Detailed Coloring Pages for Adults|Detailed Coloring Pages for Adults,audience/detail candidate lacks independent review
mandala-geometry-patterns__mandala-geometry-patterns-mushroom-velvet-shank__d69ba0533b,/printables/detailed-for-adults/mandala-geometry-patterns-mushroom-velvet-shank-d69ba0533b,present,style|seasonal|detail|audience,Detailed Coloring Pages for Adults|Detailed Coloring Pages for Adults,audience/detail candidate lacks independent review
mandala-geometry-patterns__mandala-geometry-patterns-mushroom-witch-s-butter__b8706cf60a,/printables/detailed-for-adults/mandala-geometry-patterns-mushroom-witch-s-butter-b8706cf60a,present,style|seasonal|detail|audience,Detailed Coloring Pages for Adults|Detailed Coloring Pages for Adults,audience/detail candidate lacks independent review
mandala-geometry-patterns__mandala-geometry-patterns-mushroom-wood-ear__8c3f170ece,/printables/detailed-for-adults/mandala-geometry-patterns-mushroom-wood-ear-8c3f170ece,present,style|seasonal|detail|audience,Detailed Coloring Pages for Adults|Detailed Coloring Pages for Adults,audience/detail candidate lacks independent review
mandala-geometry-patterns__mandala-geometry-patterns-octopus__7a832a1396,/printables/animals/mandala-geometry-patterns-octopus-7a832a1396,present,style|seasonal|detail|audience,Detailed Coloring Pages for Adults|Detailed Coloring Pages for Adults,audience/detail candidate lacks independent review
mandala-geometry-patterns__mandala-geometry-patterns-octopus-face-patterns__aa498ea780,/printables/animals/mandala-geometry-patterns-octopus-face-patterns-aa498ea780,present,seasonal|detail|audience,Detailed Coloring Pages for Adults|Detailed Coloring Pages for Adults,audience/detail candidate lacks independent review
mandala-geometry-patterns__mandala-geometry-patterns-optical-illusion-patterns__2ba40dae7a,/printables/detailed-for-adults/mandala-geometry-patterns-optical-illusion-patterns-2ba40dae7a,present,primary_subject|seasonal|detail|audience,Detailed Coloring Pages for Adults|Detailed Coloring Pages for Adults,audience/detail candidate lacks independent review
mandala-geometry-patterns__mandala-geometry-patterns-owl-face-patterns__167cf94057,/printables/detailed-for-adults/mandala-geometry-patterns-owl-face-patterns-167cf94057,present,seasonal|detail|audience,Detailed Coloring Pages for Adults|Detailed Coloring Pages for Adults,audience/detail candidate lacks independent review
mandala-geometry-patterns__mandala-geometry-patterns-pair-of-kittens-face-patterns__6afb7fbd6b,/printables/animals/mandala-geometry-patterns-pair-of-kittens-face-patterns-6afb7fbd6b,present,seasonal|detail|audience,Coloring Pages for Kids|Detailed Coloring Pages for Adults|Detailed Coloring Pages for Adults,audience/detail candidate lacks independent review
mandala-geometry-patterns__mandala-geometry-patterns-panda__a1112825a8,/printables/detailed-for-adults/mandala-geometry-patterns-panda-a1112825a8,present,style|seasonal|detail|audience,Detailed Coloring Pages for Adults|Detailed Coloring Pages for Adults,audience/detail candidate lacks independent review
mandala-geometry-patterns__mandala-geometry-patterns-panda-face-patterns__ad06189d15,/printables/detailed-for-adults/mandala-geometry-patterns-panda-face-patterns-ad06189d15,present,seasonal|detail|audience,Detailed Coloring Pages for Adults|Detailed Coloring Pages for Adults,audience/detail candidate lacks independent review
mandala-geometry-patterns__mandala-geometry-patterns-panda-sitting-patterns__a794148499,/printables/detailed-for-adults/mandala-geometry-patterns-panda-sitting-patterns-a794148499,present,seasonal|detail|audience,Detailed Coloring Pages for Adults|Detailed Coloring Pages for Adults,audience/detail candidate lacks independent review
mandala-geometry-patterns__mandala-geometry-patterns-parrot-face-patterns__1947343fb5,/printables/detailed-for-adults/mandala-geometry-patterns-parrot-face-patterns-1947343fb5,present,primary_subject|seasonal|detail|audience,Detailed Coloring Pages for Adults|Detailed Coloring Pages for Adults,audience/detail candidate lacks independent review
mandala-geometry-patterns__mandala-geometry-patterns-peacock__865396e12c,/printables/detailed-for-adults/mandala-geometry-patterns-peacock-865396e12c,omitted,primary_subject|style|seasonal|detail|audience,Detailed Coloring Pages for Adults|Detailed Coloring Pages for Adults,audience/detail candidate lacks independent review
mandala-geometry-patterns__mandala-geometry-patterns-penguin__5e5a878b04,/printables/detailed-for-adults/mandala-geometry-patterns-penguin-5e5a878b04,present,style|seasonal|detail|audience,Detailed Coloring Pages for Adults|Detailed Coloring Pages for Adults,audience/detail candidate lacks independent review
mandala-geometry-patterns__mandala-geometry-patterns-penguin-face-patterns__1b27c1cbd9,/printables/detailed-for-adults/mandala-geometry-patterns-penguin-face-patterns-1b27c1cbd9,present,seasonal|detail|audience,Detailed Coloring Pages for Adults|Detailed Coloring Pages for Adults,audience/detail candidate lacks independent review
mandala-geometry-patterns__mandala-geometry-patterns-plushie-alligator__ffb80964d1,/printables/detailed-for-adults/mandala-geometry-patterns-plushie-alligator-ffb80964d1,present,primary_subject|seasonal|detail|audience,Detailed Coloring Pages for Adults|Detailed Coloring Pages for Adults,audience/detail candidate lacks independent review
mandala-geometry-patterns__mandala-geometry-patterns-plushie-alligator-animals__870b9979cf,/printables/animals/mandala-geometry-patterns-plushie-alligator-animals-870b9979cf,present,seasonal|detail|audience,Detailed Coloring Pages for Adults|Detailed Coloring Pages for Adults,audience/detail candidate lacks independent review
mandala-geometry-patterns__mandala-geometry-patterns-plushie-alpaca__9694785e24,/printables/detailed-for-adults/mandala-geometry-patterns-plushie-alpaca-9694785e24,present,primary_subject|seasonal|detail|audience,Detailed Coloring Pages for Adults|Detailed Coloring Pages for Adults,audience/detail candidate lacks independent review
mandala-geometry-patterns__mandala-geometry-patterns-plushie-alpaca-animals__ffd2a425f4,/printables/animals/mandala-geometry-patterns-plushie-alpaca-animals-ffd2a425f4,present,seasonal|detail|audience,Detailed Coloring Pages for Adults|Detailed Coloring Pages for Adults,audience/detail candidate lacks independent review
mandala-geometry-patterns__mandala-geometry-patterns-plushie-angelfish__96a455f575,/printables/detailed-for-adults/mandala-geometry-patterns-plushie-angelfish-96a455f575,present,primary_subject|seasonal|detail|audience,Detailed Coloring Pages for Adults|Detailed Coloring Pages for Adults,audience/detail candidate lacks independent review
mandala-geometry-patterns__mandala-geometry-patterns-plushie-animal-monkey__1f2f2ef895,/printables/animals/mandala-geometry-patterns-plushie-animal-monkey-1f2f2ef895,present,seasonal|detail|audience,Detailed Coloring Pages for Adults|Detailed Coloring Pages for Adults,audience/detail candidate lacks independent review
mandala-geometry-patterns__mandala-geometry-patterns-plushie-animals-chick__8f7acc143f,/printables/animals/mandala-geometry-patterns-plushie-animals-chick-8f7acc143f,present,seasonal|detail|audience,Detailed Coloring Pages for Adults|Detailed Coloring Pages for Adults,audience/detail candidate lacks independent review
mandala-geometry-patterns__mandala-geometry-patterns-plushie-animals-deer__93fda2b54a,/printables/animals/mandala-geometry-patterns-plushie-animals-deer-93fda2b54a,present,seasonal|detail|audience,Detailed Coloring Pages for Adults|Detailed Coloring Pages for Adults,audience/detail candidate lacks independent review
mandala-geometry-patterns__mandala-geometry-patterns-plushie-animals-elephant__a00a0728e5,/printables/animals/mandala-geometry-patterns-plushie-animals-elephant-a00a0728e5,present,seasonal|detail|audience,Detailed Coloring Pages for Adults|Detailed Coloring Pages for Adults,audience/detail candidate lacks independent review
mandala-geometry-patterns__mandala-geometry-patterns-plushie-animals-fox__3d6c6fc2ae,/printables/animals/mandala-geometry-patterns-plushie-animals-fox-3d6c6fc2ae,present,seasonal|detail|audience,Detailed Coloring Pages for Adults|Detailed Coloring Pages for Adults,audience/detail candidate lacks independent review
mandala-geometry-patterns__mandala-geometry-patterns-plushie-animals-giraffe__093a0cd46c,/printables/animals/mandala-geometry-patterns-plushie-animals-giraffe-093a0cd46c,present,seasonal|detail|audience,Detailed Coloring Pages for Adults|Detailed Coloring Pages for Adults,audience/detail candidate lacks independent review
mandala-geometry-patterns__mandala-geometry-patterns-plushie-animals-hedgehog__479afa1c47,/printables/animals/mandala-geometry-patterns-plushie-animals-hedgehog-479afa1c47,present,seasonal|detail|audience,Detailed Coloring Pages for Adults|Detailed Coloring Pages for Adults,audience/detail candidate lacks independent review
mandala-geometry-patterns__mandala-geometry-patterns-plushie-animals-lion__d7560c4e45,/printables/animals/mandala-geometry-patterns-plushie-animals-lion-d7560c4e45,present,seasonal|detail|audience,Detailed Coloring Pages for Adults|Detailed Coloring Pages for Adults,audience/detail candidate lacks independent review
mandala-geometry-patterns__mandala-geometry-patterns-plushie-animals-moose__0550a4889a,/printables/animals/mandala-geometry-patterns-plushie-animals-moose-0550a4889a,present,seasonal|detail|audience,Detailed Coloring Pages for Adults|Detailed Coloring Pages for Adults,audience/detail candidate lacks independent review
mandala-geometry-patterns__mandala-geometry-patterns-plushie-animals-octopus__40b6f3a1f2,/printables/animals/mandala-geometry-patterns-plushie-animals-octopus-40b6f3a1f2,present,seasonal|detail|audience,Detailed Coloring Pages for Adults|Detailed Coloring Pages for Adults,audience/detail candidate lacks independent review
mandala-geometry-patterns__mandala-geometry-patterns-plushie-animals-penguin__9a4d39829a,/printables/animals/mandala-geometry-patterns-plushie-animals-penguin-9a4d39829a,present,seasonal|detail|audience,Detailed Coloring Pages for Adults|Detailed Coloring Pages for Adults,audience/detail candidate lacks independent review
mandala-geometry-patterns__mandala-geometry-patterns-plushie-animals-polar-bear__c60fb33b71,/printables/animals/mandala-geometry-patterns-plushie-animals-polar-bear-c60fb33b71,present,seasonal|detail|audience,Detailed Coloring Pages for Adults|Detailed Coloring Pages for Adults,audience/detail candidate lacks independent review
mandala-geometry-patterns__mandala-geometry-patterns-plushie-animals-sea-otter__a8b3fc5d99,/printables/animals/mandala-geometry-patterns-plushie-animals-sea-otter-a8b3fc5d99,present,seasonal|detail|audience,Detailed Coloring Pages for Adults|Detailed Coloring Pages for Adults,audience/detail candidate lacks independent review
mandala-geometry-patterns__mandala-geometry-patterns-plushie-animals-seal__42c0fbef5c,/printables/animals/mandala-geometry-patterns-plushie-animals-seal-42c0fbef5c,present,seasonal|detail|audience,Detailed Coloring Pages for Adults|Detailed Coloring Pages for Adults,audience/detail candidate lacks independent review
mandala-geometry-patterns__mandala-geometry-patterns-plushie-animals-tiger__34b2329017,/printables/animals/mandala-geometry-patterns-plushie-animals-tiger-34b2329017,present,seasonal|detail|audience,Detailed Coloring Pages for Adults|Detailed Coloring Pages for Adults,audience/detail candidate lacks independent review
mandala-geometry-patterns__mandala-geometry-patterns-plushie-animals-whale__67eecd3948,/printables/animals/mandala-geometry-patterns-plushie-animals-whale-67eecd3948,present,seasonal|detail|audience,Detailed Coloring Pages for Adults|Detailed Coloring Pages for Adults,audience/detail candidate lacks independent review
mandala-geometry-patterns__mandala-geometry-patterns-plushie-animals-wolf__d8b663ac4e,/printables/animals/mandala-geometry-patterns-plushie-animals-wolf-d8b663ac4e,present,seasonal|detail|audience,Detailed Coloring Pages for Adults|Detailed Coloring Pages for Adults,audience/detail candidate lacks independent review
mandala-geometry-patterns__mandala-geometry-patterns-plushie-anteater__3aa1622a0e,/printables/detailed-for-adults/mandala-geometry-patterns-plushie-anteater-3aa1622a0e,present,primary_subject|seasonal|detail|audience,Detailed Coloring Pages for Adults|Detailed Coloring Pages for Adults,audience/detail candidate lacks independent review
mandala-geometry-patterns__mandala-geometry-patterns-plushie-anteater-animals__633465c6f0,/printables/animals/mandala-geometry-patterns-plushie-anteater-animals-633465c6f0,present,seasonal|detail|audience,Detailed Coloring Pages for Adults|Detailed Coloring Pages for Adults,audience/detail candidate lacks independent review
mandala-geometry-patterns__mandala-geometry-patterns-plushie-antelope__562cea380c,/printables/detailed-for-adults/mandala-geometry-patterns-plushie-antelope-562cea380c,present,primary_subject|seasonal|detail|audience,Detailed Coloring Pages for Adults|Detailed Coloring Pages for Adults,audience/detail candidate lacks independent review
mandala-geometry-patterns__mandala-geometry-patterns-plushie-antelope-animals__bb6c795f24,/printables/animals/mandala-geometry-patterns-plushie-antelope-animals-bb6c795f24,present,seasonal|detail|audience,Detailed Coloring Pages for Adults|Detailed Coloring Pages for Adults,audience/detail candidate lacks independent review
mandala-geometry-patterns__mandala-geometry-patterns-plushie-armadillo__673bbd4326,/printables/detailed-for-adults/mandala-geometry-patterns-plushie-armadillo-673bbd4326,present,primary_subject|seasonal|detail|audience,Detailed Coloring Pages for Adults|Detailed Coloring Pages for Adults,audience/detail candidate lacks independent review
mandala-geometry-patterns__mandala-geometry-patterns-plushie-armadillo-animals__14e3028acc,/printables/animals/mandala-geometry-patterns-plushie-armadillo-animals-14e3028acc,present,seasonal|detail|audience,Detailed Coloring Pages for Adults|Detailed Coloring Pages for Adults,audience/detail candidate lacks independent review
mandala-geometry-patterns__mandala-geometry-patterns-plushie-axolotl__ec2bff38fc,/printables/detailed-for-adults/mandala-geometry-patterns-plushie-axolotl-ec2bff38fc,present,primary_subject|seasonal|detail|audience,Detailed Coloring Pages for Adults|Detailed Coloring Pages for Adults,audience/detail candidate lacks independent review
mandala-geometry-patterns__mandala-geometry-patterns-plushie-baby-alien__cfd41c1596,/printables/detailed-for-adults/mandala-geometry-patterns-plushie-baby-alien-cfd41c1596,present,primary_subject|seasonal|detail|audience,Detailed Coloring Pages for Adults|Detailed Coloring Pages for Adults,audience/detail candidate lacks independent review
mandala-geometry-patterns__mandala-geometry-patterns-plushie-baby-alien-ufo__dba0e18830,/printables/detailed-for-adults/mandala-geometry-patterns-plushie-baby-alien-ufo-dba0e18830,present,primary_subject|seasonal|detail|audience,Detailed Coloring Pages for Adults|Detailed Coloring Pages for Adults,audience/detail candidate lacks independent review
mandala-geometry-patterns__mandala-geometry-patterns-plushie-baby-bird-chick__2fb15a1163,/printables/animals/mandala-geometry-patterns-plushie-baby-bird-chick-2fb15a1163,present,seasonal|detail|audience,Detailed Coloring Pages for Adults|Detailed Coloring Pages for Adults,audience/detail candidate lacks independent review
mandala-geometry-patterns__mandala-geometry-patterns-plushie-baby-dragon__59a3aeae49,/printables/detailed-for-adults/mandala-geometry-patterns-plushie-baby-dragon-59a3aeae49,present,seasonal|detail|audience,Detailed Coloring Pages for Adults|Detailed Coloring Pages for Adults,audience/detail candidate lacks independent review
mandala-geometry-patterns__mandala-geometry-patterns-plushie-baby-dragon-fantasy__895ef40c0a,/printables/detailed-for-adults/mandala-geometry-patterns-plushie-baby-dragon-fantasy-895ef40c0a,present,seasonal|detail|audience,Detailed Coloring Pages for Adults|Detailed Coloring Pages for Adults,audience/detail candidate lacks independent review
mandala-geometry-patterns__mandala-geometry-patterns-plushie-baby-hydra__e73063fc2e,/printables/detailed-for-adults/mandala-geometry-patterns-plushie-baby-hydra-e73063fc2e,present,seasonal|detail|audience,Detailed Coloring Pages for Adults|Detailed Coloring Pages for Adults,audience/detail candidate lacks independent review
mandala-geometry-patterns__mandala-geometry-patterns-plushie-baby-kangaroo-joey__b4f0b6f270,/printables/detailed-for-adults/mandala-geometry-patterns-plushie-baby-kangaroo-joey-b4f0b6f270,present,primary_subject|seasonal|detail|audience,Detailed Coloring Pages for Adults|Detailed Coloring Pages for Adults,audience/detail candidate lacks independent review
mandala-geometry-patterns__mandala-geometry-patterns-plushie-baby-kitsune__98ef42ccb8,/printables/detailed-for-adults/mandala-geometry-patterns-plushie-baby-kitsune-98ef42ccb8,present,primary_subject|seasonal|detail|audience,Detailed Coloring Pages for Adults|Detailed Coloring Pages for Adults,audience/detail candidate lacks independent review
mandala-geometry-patterns__mandala-geometry-patterns-plushie-baby-kraken__3c2aece65c,/printables/detailed-for-adults/mandala-geometry-patterns-plushie-baby-kraken-3c2aece65c,present,seasonal|detail|audience,Detailed Coloring Pages for Adults|Detailed Coloring Pages for Adults,audience/detail candidate lacks independent review
mandala-geometry-patterns__mandala-geometry-patterns-plushie-badger__b31456bda7,/printables/detailed-for-adults/mandala-geometry-patterns-plushie-badger-b31456bda7,present,primary_subject|seasonal|detail|audience,Detailed Coloring Pages for Adults|Detailed Coloring Pages for Adults,audience/detail candidate lacks independent review
mandala-geometry-patterns__mandala-geometry-patterns-plushie-badger-animals__76e7e8b829,/printables/animals/mandala-geometry-patterns-plushie-badger-animals-76e7e8b829,present,seasonal|detail|audience,Detailed Coloring Pages for Adults|Detailed Coloring Pages for Adults,audience/detail candidate lacks independent review
mandala-geometry-patterns__mandala-geometry-patterns-plushie-bat__1c7c7e1260,/printables/bats/mandala-geometry-patterns-plushie-bat-1c7c7e1260,present,seasonal|detail|audience,Detailed Coloring Pages for Adults|Detailed Coloring Pages for Adults,audience/detail candidate lacks independent review
mandala-geometry-patterns__mandala-geometry-patterns-plushie-bat-animals__63c69efe29,/printables/animals/mandala-geometry-patterns-plushie-bat-animals-63c69efe29,present,seasonal|detail|audience,Detailed Coloring Pages for Adults|Detailed Coloring Pages for Adults,audience/detail candidate lacks independent review
mandala-geometry-patterns__mandala-geometry-patterns-plushie-beaver__01f9372818,/printables/detailed-for-adults/mandala-geometry-patterns-plushie-beaver-01f9372818,present,primary_subject|seasonal|detail|audience,Detailed Coloring Pages for Adults|Detailed Coloring Pages for Adults,audience/detail candidate lacks independent review
mandala-geometry-patterns__mandala-geometry-patterns-plushie-beaver-animals__2d8e823fb5,/printables/animals/mandala-geometry-patterns-plushie-beaver-animals-2d8e823fb5,present,seasonal|detail|audience,Detailed Coloring Pages for Adults|Detailed Coloring Pages for Adults,audience/detail candidate lacks independent review
mandala-geometry-patterns__mandala-geometry-patterns-plushie-bee__8b8eef6a17,/printables/animals/mandala-geometry-patterns-plushie-bee-8b8eef6a17,present,seasonal|detail|audience,Detailed Coloring Pages for Adults|Detailed Coloring Pages for Adults,audience/detail candidate lacks independent review
mandala-geometry-patterns__mandala-geometry-patterns-plushie-bee-insects__1c9eb90a82,/printables/animals/mandala-geometry-patterns-plushie-bee-insects-1c9eb90a82,present,seasonal|detail|audience,Detailed Coloring Pages for Adults|Detailed Coloring Pages for Adults,audience/detail candidate lacks independent review
mandala-geometry-patterns__mandala-geometry-patterns-plushie-beluga__32f425b8c5,/printables/detailed-for-adults/mandala-geometry-patterns-plushie-beluga-32f425b8c5,present,primary_subject|seasonal|detail|audience,Detailed Coloring Pages for Adults|Detailed Coloring Pages for Adults,audience/detail candidate lacks independent review
mandala-geometry-patterns__mandala-geometry-patterns-plushie-beluga-animals__c92ae30e3d,/printables/animals/mandala-geometry-patterns-plushie-beluga-animals-c92ae30e3d,present,seasonal|detail|audience,Detailed Coloring Pages for Adults|Detailed Coloring Pages for Adults,audience/detail candidate lacks independent review
mandala-geometry-patterns__mandala-geometry-patterns-plushie-blue-whale__69178ba3b5,/printables/animals/mandala-geometry-patterns-plushie-blue-whale-69178ba3b5,present,seasonal|detail|audience,Detailed Coloring Pages for Adults|Detailed Coloring Pages for Adults,audience/detail candidate lacks independent review
mandala-geometry-patterns__mandala-geometry-patterns-plushie-bobcat__8807151712,/printables/detailed-for-adults/mandala-geometry-patterns-plushie-bobcat-8807151712,present,primary_subject|seasonal|detail|audience,Detailed Coloring Pages for Adults|Detailed Coloring Pages for Adults,audience/detail candidate lacks independent review
mandala-geometry-patterns__mandala-geometry-patterns-plushie-bubble-tea-character__85c7e318c1,/printables/detailed-for-adults/mandala-geometry-patterns-plushie-bubble-tea-character-85c7e318c1,present,primary_subject|seasonal|detail|audience,Detailed Coloring Pages for Adults|Detailed Coloring Pages for Adults,audience/detail candidate lacks independent review
mandala-geometry-patterns__mandala-geometry-patterns-plushie-buffalo__0eba67d827,/printables/detailed-for-adults/mandala-geometry-patterns-plushie-buffalo-0eba67d827,present,primary_subject|seasonal|detail|audience,Detailed Coloring Pages for Adults|Detailed Coloring Pages for Adults,audience/detail candidate lacks independent review
mandala-geometry-patterns__mandala-geometry-patterns-plushie-buffalo-animals__fe2f1783d7,/printables/animals/mandala-geometry-patterns-plushie-buffalo-animals-fe2f1783d7,present,seasonal|detail|audience,Detailed Coloring Pages for Adults|Detailed Coloring Pages for Adults,audience/detail candidate lacks independent review
mandala-geometry-patterns__mandala-geometry-patterns-plushie-bunny__a00ba76a7e,/printables/detailed-for-adults/mandala-geometry-patterns-plushie-bunny-a00ba76a7e,present,seasonal|detail|audience,Detailed Coloring Pages for Adults|Detailed Coloring Pages for Adults,audience/detail candidate lacks independent review
mandala-geometry-patterns__mandala-geometry-patterns-plushie-bunny-rabbit__e5a8b11950,/printables/detailed-for-adults/mandala-geometry-patterns-plushie-bunny-rabbit-e5a8b11950,present,seasonal|detail|audience,Detailed Coloring Pages for Adults|Detailed Coloring Pages for Adults,audience/detail candidate lacks independent review
mandala-geometry-patterns__mandala-geometry-patterns-plushie-bunny-rabbit-animals__8857ed6844,/printables/animals/mandala-geometry-patterns-plushie-bunny-rabbit-animals-8857ed6844,present,seasonal|detail|audience,Detailed Coloring Pages for Adults|Detailed Coloring Pages for Adults,audience/detail candidate lacks independent review
mandala-geometry-patterns__mandala-geometry-patterns-plushie-burger-character__dd31940258,/printables/detailed-for-adults/mandala-geometry-patterns-plushie-burger-character-dd31940258,present,primary_subject|seasonal|detail|audience,Detailed Coloring Pages for Adults|Detailed Coloring Pages for Adults,audience/detail candidate lacks independent review
mandala-geometry-patterns__mandala-geometry-patterns-plushie-butterfly__d9e42d988b,/printables/animals/mandala-geometry-patterns-plushie-butterfly-d9e42d988b,present,seasonal|detail|audience,Detailed Coloring Pages for Adults|Detailed Coloring Pages for Adults,audience/detail candidate lacks independent review
mandala-geometry-patterns__mandala-geometry-patterns-plushie-butterfly-insects__5e70a62d34,/printables/animals/mandala-geometry-patterns-plushie-butterfly-insects-5e70a62d34,present,seasonal|detail|audience,Detailed Coloring Pages for Adults|Detailed Coloring Pages for Adults,audience/detail candidate lacks independent review
mandala-geometry-patterns__mandala-geometry-patterns-plushie-camel__945ecdfa60,/printables/detailed-for-adults/mandala-geometry-patterns-plushie-camel-945ecdfa60,present,primary_subject|seasonal|detail|audience,Detailed Coloring Pages for Adults|Detailed Coloring Pages for Adults,audience/detail candidate lacks independent review
mandala-geometry-patterns__mandala-geometry-patterns-plushie-camel-animals__3e62c04e35,/printables/animals/mandala-geometry-patterns-plushie-camel-animals-3e62c04e35,present,seasonal|detail|audience,Detailed Coloring Pages for Adults|Detailed Coloring Pages for Adults,audience/detail candidate lacks independent review
mandala-geometry-patterns__mandala-geometry-patterns-plushie-capibara__4fd2d0cd4f,/printables/detailed-for-adults/mandala-geometry-patterns-plushie-capibara-4fd2d0cd4f,present,primary_subject|seasonal|detail|audience,Detailed Coloring Pages for Adults|Detailed Coloring Pages for Adults,audience/detail candidate lacks independent review
mandala-geometry-patterns__mandala-geometry-patterns-plushie-capibara-animals__36f9bc780e,/printables/animals/mandala-geometry-patterns-plushie-capibara-animals-36f9bc780e,present,seasonal|detail|audience,Detailed Coloring Pages for Adults|Detailed Coloring Pages for Adults,audience/detail candidate lacks independent review
mandala-geometry-patterns__mandala-geometry-patterns-plushie-caribou__dc9d8ae325,/printables/detailed-for-adults/mandala-geometry-patterns-plushie-caribou-dc9d8ae325,present,primary_subject|seasonal|detail|audience,Detailed Coloring Pages for Adults|Detailed Coloring Pages for Adults,audience/detail candidate lacks independent review
mandala-geometry-patterns__mandala-geometry-patterns-plushie-caribou-animals__3132f38542,/printables/animals/mandala-geometry-patterns-plushie-caribou-animals-3132f38542,present,seasonal|detail|audience,Detailed Coloring Pages for Adults|Detailed Coloring Pages for Adults,audience/detail candidate lacks independent review
mandala-geometry-patterns__mandala-geometry-patterns-plushie-centaur__5f1bfa3db4,/printables/detailed-for-adults/mandala-geometry-patterns-plushie-centaur-5f1bfa3db4,present,seasonal|detail|audience,Detailed Coloring Pages for Adults|Detailed Coloring Pages for Adults,audience/detail candidate lacks independent review
mandala-geometry-patterns__mandala-geometry-patterns-plushie-cerberusbe__58d208471d,/printables/detailed-for-adults/mandala-geometry-patterns-plushie-cerberusbe-58d208471d,present,primary_subject|seasonal|detail|audience,Detailed Coloring Pages for Adults|Detailed Coloring Pages for Adults,audience/detail candidate lacks independent review
mandala-geometry-patterns__mandala-geometry-patterns-plushie-chameleon__a918479079,/printables/animals/mandala-geometry-patterns-plushie-chameleon-a918479079,present,seasonal|detail|audience,Detailed Coloring Pages for Adults|Detailed Coloring Pages for Adults,audience/detail candidate lacks independent review
mandala-geometry-patterns__mandala-geometry-patterns-plushie-chameleon-animals__9c03d145ac,/printables/animals/mandala-geometry-patterns-plushie-chameleon-animals-9c03d145ac,present,seasonal|detail|audience,Detailed Coloring Pages for Adults|Detailed Coloring Pages for Adults,audience/detail candidate lacks independent review
mandala-geometry-patterns__mandala-geometry-patterns-plushie-cheetah__b640d15032,/printables/detailed-for-adults/mandala-geometry-patterns-plushie-cheetah-b640d15032,present,primary_subject|seasonal|detail|audience,Detailed Coloring Pages for Adults|Detailed Coloring Pages for Adults,audience/detail candidate lacks independent review
mandala-geometry-patterns__mandala-geometry-patterns-plushie-chicks__8bc173568d,/printables/detailed-for-adults/mandala-geometry-patterns-plushie-chicks-8bc173568d,present,primary_subject|seasonal|detail|audience,Detailed Coloring Pages for Adults|Detailed Coloring Pages for Adults,audience/detail candidate lacks independent review
mandala-geometry-patterns__mandala-geometry-patterns-plushie-chinchilla__b5e75dcbde,/printables/detailed-for-adults/mandala-geometry-patterns-plushie-chinchilla-b5e75dcbde,present,primary_subject|seasonal|detail|audience,Detailed Coloring Pages for Adults|Detailed Coloring Pages for Adults,audience/detail candidate lacks independent review
mandala-geometry-patterns__mandala-geometry-patterns-plushie-chinchilla-animals__b475e22f12,/printables/animals/mandala-geometry-patterns-plushie-chinchilla-animals-b475e22f12,present,seasonal|detail|audience,Detailed Coloring Pages for Adults|Detailed Coloring Pages for Adults,audience/detail candidate lacks independent review
mandala-geometry-patterns__mandala-geometry-patterns-plushie-chipmunk__412c285bd2,/printables/detailed-for-adults/mandala-geometry-patterns-plushie-chipmunk-412c285bd2,present,primary_subject|seasonal|detail|audience,Detailed Coloring Pages for Adults|Detailed Coloring Pages for Adults,audience/detail candidate lacks independent review
mandala-geometry-patterns__mandala-geometry-patterns-plushie-chipmunk-animals__15564a829a,/printables/animals/mandala-geometry-patterns-plushie-chipmunk-animals-15564a829a,present,seasonal|detail|audience,Detailed Coloring Pages for Adults|Detailed Coloring Pages for Adults,audience/detail candidate lacks independent review
mandala-geometry-patterns__mandala-geometry-patterns-plushie-cloud__8ebc1ad640,/printables/detailed-for-adults/mandala-geometry-patterns-plushie-cloud-8ebc1ad640,present,primary_subject|seasonal|detail|audience,Detailed Coloring Pages for Adults|Detailed Coloring Pages for Adults,audience/detail candidate lacks independent review
mandala-geometry-patterns__mandala-geometry-patterns-plushie-clouds__1cd9950fbf,/printables/detailed-for-adults/mandala-geometry-patterns-plushie-clouds-1cd9950fbf,present,primary_subject|seasonal|detail|audience,Detailed Coloring Pages for Adults|Detailed Coloring Pages for Adults,audience/detail candidate lacks independent review
mandala-geometry-patterns__mandala-geometry-patterns-plushie-cookie-character__4b175a5f72,/printables/detailed-for-adults/mandala-geometry-patterns-plushie-cookie-character-4b175a5f72,present,seasonal|detail|audience,Detailed Coloring Pages for Adults|Detailed Coloring Pages for Adults,audience/detail candidate lacks independent review
mandala-geometry-patterns__mandala-geometry-patterns-plushie-cow__61d6615533,/printables/cows/mandala-geometry-patterns-plushie-cow-61d6615533,present,seasonal|detail|audience,Detailed Coloring Pages for Adults|Detailed Coloring Pages for Adults,audience/detail candidate lacks independent review
mandala-geometry-patterns__mandala-geometry-patterns-plushie-cow-animals__08a6c81723,/printables/animals/mandala-geometry-patterns-plushie-cow-animals-08a6c81723,present,seasonal|detail|audience,Detailed Coloring Pages for Adults|Detailed Coloring Pages for Adults,audience/detail candidate lacks independent review
mandala-geometry-patterns__mandala-geometry-patterns-plushie-coyote__9d1b1ebc96,/printables/detailed-for-adults/mandala-geometry-patterns-plushie-coyote-9d1b1ebc96,present,primary_subject|seasonal|detail|audience,Detailed Coloring Pages for Adults|Detailed Coloring Pages for Adults,audience/detail candidate lacks independent review
mandala-geometry-patterns__mandala-geometry-patterns-plushie-crab__fa5cbda9b2,/printables/animals/mandala-geometry-patterns-plushie-crab-fa5cbda9b2,present,seasonal|detail|audience,Detailed Coloring Pages for Adults|Detailed Coloring Pages for Adults,audience/detail candidate lacks independent review
mandala-geometry-patterns__mandala-geometry-patterns-plushie-craba__e286764784,/printables/detailed-for-adults/mandala-geometry-patterns-plushie-craba-e286764784,present,primary_subject|seasonal|detail|audience,Detailed Coloring Pages for Adults|Detailed Coloring Pages for Adults,audience/detail candidate lacks independent review
mandala-geometry-patterns__mandala-geometry-patterns-plushie-cupcake__8d76c0ef46,/printables/cakes/mandala-geometry-patterns-plushie-cupcake-8d76c0ef46,present,seasonal|detail|audience,Detailed Coloring Pages for Adults|Detailed Coloring Pages for Adults,audience/detail candidate lacks independent review
mandala-geometry-patterns__mandala-geometry-patterns-plushie-cupcake-character__e512aaabfa,/printables/cakes/mandala-geometry-patterns-plushie-cupcake-character-e512aaabfa,present,seasonal|detail|audience,Detailed Coloring Pages for Adults|Detailed Coloring Pages for Adults,audience/detail candidate lacks independent review
mandala-geometry-patterns__mandala-geometry-patterns-plushie-cute-baby-dragon__fe1a69ef1f,/printables/cute/mandala-geometry-patterns-plushie-cute-baby-dragon-fe1a69ef1f,present,seasonal|detail|audience,Coloring Pages for Kids|Detailed Coloring Pages for Adults|Detailed Coloring Pages for Adults|Easy,audience/detail candidate lacks independent review
mandala-geometry-patterns__mandala-geometry-patterns-plushie-cute-dinosaur__d5d6d04105,/printables/animals/mandala-geometry-patterns-plushie-cute-dinosaur-d5d6d04105,present,seasonal|detail|audience,Coloring Pages for Kids|Detailed Coloring Pages for Adults|Detailed Coloring Pages for Adults|Easy,audience/detail candidate lacks independent review
mandala-geometry-patterns__mandala-geometry-patterns-plushie-cute-lamb__2ca0d7808e,/printables/cute/mandala-geometry-patterns-plushie-cute-lamb-2ca0d7808e,present,seasonal|detail|audience,Coloring Pages for Kids|Detailed Coloring Pages for Adults|Detailed Coloring Pages for Adults|Easy,audience/detail candidate lacks independent review
mandala-geometry-patterns__mandala-geometry-patterns-plushie-cute-sloth__9448c152e7,/printables/cute/mandala-geometry-patterns-plushie-cute-sloth-9448c152e7,present,seasonal|detail|audience,Coloring Pages for Kids|Detailed Coloring Pages for Adults|Detailed Coloring Pages for Adults|Easy,audience/detail candidate lacks independent review
mandala-geometry-patterns__mandala-geometry-patterns-plushie-cute-unicorn__17a29a8e15,/printables/cute/mandala-geometry-patterns-plushie-cute-unicorn-17a29a8e15,present,seasonal|detail|audience,Coloring Pages for Kids|Detailed Coloring Pages for Adults|Detailed Coloring Pages for Adults|Easy,audience/detail candidate lacks independent review
mandala-geometry-patterns__mandala-geometry-patterns-plushie-deer__19df0fda57,/printables/deer/mandala-geometry-patterns-plushie-deer-19df0fda57,present,seasonal|detail|audience,Detailed Coloring Pages for Adults|Detailed Coloring Pages for Adults,audience/detail candidate lacks independent review
mandala-geometry-patterns__mandala-geometry-patterns-plushie-dinosaur__54850ae319,/printables/animals/mandala-geometry-patterns-plushie-dinosaur-54850ae319,present,seasonal|detail|audience,Detailed Coloring Pages for Adults|Detailed Coloring Pages for Adults,audience/detail candidate lacks independent review
mandala-geometry-patterns__mandala-geometry-patterns-plushie-dinosaur-animals__de1c470d1c,/printables/animals/mandala-geometry-patterns-plushie-dinosaur-animals-de1c470d1c,present,seasonal|detail|audience,Detailed Coloring Pages for Adults|Detailed Coloring Pages for Adults,audience/detail candidate lacks independent review
mandala-geometry-patterns__mandala-geometry-patterns-plushie-dolphin__5a6624526e,/printables/animals/mandala-geometry-patterns-plushie-dolphin-5a6624526e,present,seasonal|detail|audience,Detailed Coloring Pages for Adults|Detailed Coloring Pages for Adults,audience/detail candidate lacks independent review
mandala-geometry-patterns__mandala-geometry-patterns-plushie-dolphin-animals__5c8dd38278,/printables/animals/mandala-geometry-patterns-plushie-dolphin-animals-5c8dd38278,present,seasonal|detail|audience,Detailed Coloring Pages for Adults|Detailed Coloring Pages for Adults,audience/detail candidate lacks independent review
mandala-geometry-patterns__mandala-geometry-patterns-plushie-donut__24a8481711,/printables/detailed-for-adults/mandala-geometry-patterns-plushie-donut-24a8481711,present,primary_subject|seasonal|detail|audience,Detailed Coloring Pages for Adults|Detailed Coloring Pages for Adults,audience/detail candidate lacks independent review
mandala-geometry-patterns__mandala-geometry-patterns-plushie-donut-character__295f190fe1,/printables/detailed-for-adults/mandala-geometry-patterns-plushie-donut-character-295f190fe1,present,primary_subject|seasonal|detail|audience,Detailed Coloring Pages for Adults|Detailed Coloring Pages for Adults,audience/detail candidate lacks independent review
mandala-geometry-patterns__mandala-geometry-patterns-plushie-dragon__cc3f78fbe9,/printables/detailed-for-adults/mandala-geometry-patterns-plushie-dragon-cc3f78fbe9,present,seasonal|detail|audience,Detailed Coloring Pages for Adults|Detailed Coloring Pages for Adults,audience/detail candidate lacks independent review
mandala-geometry-patterns__mandala-geometry-patterns-plushie-dragon-animals__bc2052aae7,/printables/animals/mandala-geometry-patterns-plushie-dragon-animals-bc2052aae7,present,seasonal|detail|audience,Detailed Coloring Pages for Adults|Detailed Coloring Pages for Adults,audience/detail candidate lacks independent review
mandala-geometry-patterns__mandala-geometry-patterns-plushie-duck__6f2e4f389e,/printables/detailed-for-adults/mandala-geometry-patterns-plushie-duck-6f2e4f389e,present,seasonal|detail|audience,Detailed Coloring Pages for Adults|Detailed Coloring Pages for Adults,audience/detail candidate lacks independent review
mandala-geometry-patterns__mandala-geometry-patterns-plushie-duck-animals__57786ac41d,/printables/animals/mandala-geometry-patterns-plushie-duck-animals-57786ac41d,present,seasonal|detail|audience,Detailed Coloring Pages for Adults|Detailed Coloring Pages for Adults,audience/detail candidate lacks independent review
mandala-geometry-patterns__mandala-geometry-patterns-plushie-dugong__598e7ea9bd,/printables/detailed-for-adults/mandala-geometry-patterns-plushie-dugong-598e7ea9bd,present,primary_subject|seasonal|detail|audience,Detailed Coloring Pages for Adults|Detailed Coloring Pages for Adults,audience/detail candidate lacks independent review
mandala-geometry-patterns__mandala-geometry-patterns-plushie-dugonga__0cfa70bbdd,/printables/detailed-for-adults/mandala-geometry-patterns-plushie-dugonga-0cfa70bbdd,present,primary_subject|seasonal|detail|audience,Detailed Coloring Pages for Adults|Detailed Coloring Pages for Adults,audience/detail candidate lacks independent review
mandala-geometry-patterns__mandala-geometry-patterns-plushie-eagle__d032970d34,/printables/detailed-for-adults/mandala-geometry-patterns-plushie-eagle-d032970d34,present,seasonal|detail|audience,Detailed Coloring Pages for Adults|Detailed Coloring Pages for Adults,audience/detail candidate lacks independent review
mandala-geometry-patterns__mandala-geometry-patterns-plushie-eagle-be-creative__b046c81418,/printables/detailed-for-adults/mandala-geometry-patterns-plushie-eagle-be-creative-b046c81418,present,seasonal|detail|audience,Detailed Coloring Pages for Adults|Detailed Coloring Pages for Adults,audience/detail candidate lacks independent review
mandala-geometry-patterns__mandala-geometry-patterns-plushie-earth-globe-character__1cad73ff16,/printables/detailed-for-adults/mandala-geometry-patterns-plushie-earth-globe-character-1cad73ff16,present,primary_subject|seasonal|detail|audience,Detailed Coloring Pages for Adults|Detailed Coloring Pages for Adults,audience/detail candidate lacks independent review
mandala-geometry-patterns__mandala-geometry-patterns-plushie-easter-egg-character__007aa64b0b,/printables/detailed-for-adults/mandala-geometry-patterns-plushie-easter-egg-character-007aa64b0b,present,primary_subject|seasonal|detail|audience,Detailed Coloring Pages for Adults|Detailed Coloring Pages for Adults,audience/detail candidate lacks independent review
mandala-geometry-patterns__mandala-geometry-patterns-plushie-elephant__bedac05cc3,/printables/detailed-for-adults/mandala-geometry-patterns-plushie-elephant-bedac05cc3,present,seasonal|detail|audience,Detailed Coloring Pages for Adults|Detailed Coloring Pages for Adults,audience/detail candidate lacks independent review
mandala-geometry-patterns__mandala-geometry-patterns-plushie-elephant-animals__59ac098f8b,/printables/animals/mandala-geometry-patterns-plushie-elephant-animals-59ac098f8b,present,seasonal|detail|audience,Detailed Coloring Pages for Adults|Detailed Coloring Pages for Adults,audience/detail candidate lacks independent review
mandala-geometry-patterns__mandala-geometry-patterns-plushie-fairy__ac7c6be7b2,/printables/detailed-for-adults/mandala-geometry-patterns-plushie-fairy-ac7c6be7b2,present,seasonal|detail|audience,Detailed Coloring Pages for Adults|Detailed Coloring Pages for Adults,audience/detail candidate lacks independent review
mandala-geometry-patterns__mandala-geometry-patterns-plushie-farm-cow__1d291424a1,/printables/cows/mandala-geometry-patterns-plushie-farm-cow-1d291424a1,present,seasonal|detail|audience,Detailed Coloring Pages for Adults|Detailed Coloring Pages for Adults,audience/detail candidate lacks independent review
mandala-geometry-patterns__mandala-geometry-patterns-plushie-fennec-fox__05a88aabbf,/printables/detailed-for-adults/mandala-geometry-patterns-plushie-fennec-fox-05a88aabbf,present,seasonal|detail|audience,Detailed Coloring Pages for Adults|Detailed Coloring Pages for Adults,audience/detail candidate lacks independent review
mandala-geometry-patterns__mandala-geometry-patterns-plushie-ferret__ca1d339eea,/printables/detailed-for-adults/mandala-geometry-patterns-plushie-ferret-ca1d339eea,present,primary_subject|seasonal|detail|audience,Detailed Coloring Pages for Adults|Detailed Coloring Pages for Adults,audience/detail candidate lacks independent review
mandala-geometry-patterns__mandala-geometry-patterns-plushie-ferret-animals__c0ff2bdd15,/printables/animals/mandala-geometry-patterns-plushie-ferret-animals-c0ff2bdd15,present,seasonal|detail|audience,Detailed Coloring Pages for Adults|Detailed Coloring Pages for Adults,audience/detail candidate lacks independent review
mandala-geometry-patterns__mandala-geometry-patterns-plushie-flamingo__f6b8eee645,/printables/detailed-for-adults/mandala-geometry-patterns-plushie-flamingo-f6b8eee645,present,primary_subject|seasonal|detail|audience,Detailed Coloring Pages for Adults|Detailed Coloring Pages for Adults,audience/detail candidate lacks independent review
mandala-geometry-patterns__mandala-geometry-patterns-plushie-fox__460bc79364,/printables/detailed-for-adults/mandala-geometry-patterns-plushie-fox-460bc79364,present,seasonal|detail|audience,Detailed Coloring Pages for Adults|Detailed Coloring Pages for Adults,audience/detail candidate lacks independent review
mandala-geometry-patterns__mandala-geometry-patterns-plushie-fox-animals__eb6ed29767,/printables/animals/mandala-geometry-patterns-plushie-fox-animals-eb6ed29767,present,seasonal|detail|audience,Detailed Coloring Pages for Adults|Detailed Coloring Pages for Adults,audience/detail candidate lacks independent review
mandala-geometry-patterns__mandala-geometry-patterns-plushie-frog__7d21de60c7,/printables/animals/mandala-geometry-patterns-plushie-frog-7d21de60c7,present,seasonal|detail|audience,Detailed Coloring Pages for Adults|Detailed Coloring Pages for Adults,audience/detail candidate lacks independent review
mandala-geometry-patterns__mandala-geometry-patterns-plushie-frog-animals__bc492851aa,/printables/animals/mandala-geometry-patterns-plushie-frog-animals-bc492851aa,present,seasonal|detail|audience,Detailed Coloring Pages for Adults|Detailed Coloring Pages for Adults,audience/detail candidate lacks independent review
mandala-geometry-patterns__mandala-geometry-patterns-plushie-full-moon__a2a7910243,/printables/detailed-for-adults/mandala-geometry-patterns-plushie-full-moon-a2a7910243,present,primary_subject|seasonal|detail|audience,Detailed Coloring Pages for Adults|Detailed Coloring Pages for Adults,audience/detail candidate lacks independent review
mandala-geometry-patterns__mandala-geometry-patterns-plushie-gazelle__5713d8cc5a,/printables/detailed-for-adults/mandala-geometry-patterns-plushie-gazelle-5713d8cc5a,present,primary_subject|seasonal|detail|audience,Detailed Coloring Pages for Adults|Detailed Coloring Pages for Adults,audience/detail candidate lacks independent review
mandala-geometry-patterns__mandala-geometry-patterns-plushie-gazelle-animals__f77cac2671,/printables/animals/mandala-geometry-patterns-plushie-gazelle-animals-f77cac2671,present,seasonal|detail|audience,Detailed Coloring Pages for Adults|Detailed Coloring Pages for Adults,audience/detail candidate lacks independent review
mandala-geometry-patterns__mandala-geometry-patterns-plushie-gecko__6fd95fb7e7,/printables/detailed-for-adults/mandala-geometry-patterns-plushie-gecko-6fd95fb7e7,present,primary_subject|seasonal|detail|audience,Detailed Coloring Pages for Adults|Detailed Coloring Pages for Adults,audience/detail candidate lacks independent review
mandala-geometry-patterns__mandala-geometry-patterns-plushie-geckoa__0d2b755955,/printables/detailed-for-adults/mandala-geometry-patterns-plushie-geckoa-0d2b755955,present,primary_subject|seasonal|detail|audience,Detailed Coloring Pages for Adults|Detailed Coloring Pages for Adults,audience/detail candidate lacks independent review
mandala-geometry-patterns__mandala-geometry-patterns-plushie-gerbil__9a200a11b7,/printables/detailed-for-adults/mandala-geometry-patterns-plushie-gerbil-9a200a11b7,present,primary_subject|seasonal|detail|audience,Detailed Coloring Pages for Adults|Detailed Coloring Pages for Adults,audience/detail candidate lacks independent review
mandala-geometry-patterns__mandala-geometry-patterns-plushie-gerbil-animals__a7c9ce2028,/printables/animals/mandala-geometry-patterns-plushie-gerbil-animals-a7c9ce2028,present,seasonal|detail|audience,Detailed Coloring Pages for Adults|Detailed Coloring Pages for Adults,audience/detail candidate lacks independent review
mandala-geometry-patterns__mandala-geometry-patterns-plushie-gingerbread-character__783e807997,/printables/detailed-for-adults/mandala-geometry-patterns-plushie-gingerbread-character-783e807997,present,primary_subject|detail|audience,Detailed Coloring Pages for Adults|Detailed Coloring Pages for Adults,audience/detail candidate lacks independent review
mandala-geometry-patterns__mandala-geometry-patterns-plushie-giraffe__a118ea616f,/printables/detailed-for-adults/mandala-geometry-patterns-plushie-giraffe-a118ea616f,present,seasonal|detail|audience,Detailed Coloring Pages for Adults|Detailed Coloring Pages for Adults,audience/detail candidate lacks independent review
mandala-geometry-patterns__mandala-geometry-patterns-plushie-goose__2cb3526ba1,/printables/detailed-for-adults/mandala-geometry-patterns-plushie-goose-2cb3526ba1,present,primary_subject|seasonal|detail|audience,Detailed Coloring Pages for Adults|Detailed Coloring Pages for Adults,audience/detail candidate lacks independent review
mandala-geometry-patterns__mandala-geometry-patterns-plushie-griffin__a8c9e48e7a,/printables/detailed-for-adults/mandala-geometry-patterns-plushie-griffin-a8c9e48e7a,present,seasonal|detail|audience,Detailed Coloring Pages for Adults|Detailed Coloring Pages for Adults,audience/detail candidate lacks independent review
mandala-geometry-patterns__mandala-geometry-patterns-plushie-griffin-fantasy__21aff763b4,/printables/detailed-for-adults/mandala-geometry-patterns-plushie-griffin-fantasy-21aff763b4,present,seasonal|detail|audience,Detailed Coloring Pages for Adults|Detailed Coloring Pages for Adults,audience/detail candidate lacks independent review
mandala-geometry-patterns__mandala-geometry-patterns-plushie-guinea-pig__609b8ac548,/printables/detailed-for-adults/mandala-geometry-patterns-plushie-guinea-pig-609b8ac548,present,primary_subject|seasonal|detail|audience,Detailed Coloring Pages for Adults|Detailed Coloring Pages for Adults,audience/detail candidate lacks independent review
mandala-geometry-patterns__mandala-geometry-patterns-plushie-guinea-pig-animals__3d29203182,/printables/animals/mandala-geometry-patterns-plushie-guinea-pig-animals-3d29203182,present,seasonal|detail|audience,Detailed Coloring Pages for Adults|Detailed Coloring Pages for Adults,audience/detail candidate lacks independent review
mandala-geometry-patterns__mandala-geometry-patterns-plushie-hamster__df68574e8a,/printables/detailed-for-adults/mandala-geometry-patterns-plushie-hamster-df68574e8a,present,primary_subject|seasonal|detail|audience,Detailed Coloring Pages for Adults|Detailed Coloring Pages for Adults,audience/detail candidate lacks independent review
mandala-geometry-patterns__mandala-geometry-patterns-plushie-hamster-animals__9b888c6faa,/printables/animals/mandala-geometry-patterns-plushie-hamster-animals-9b888c6faa,present,seasonal|detail|audience,Detailed Coloring Pages for Adults|Detailed Coloring Pages for Adults,audience/detail candidate lacks independent review
mandala-geometry-patterns__mandala-geometry-patterns-plushie-hanukkah-dreidel-character__19c3a32fc3,/printables/detailed-for-adults/mandala-geometry-patterns-plushie-hanukkah-dreidel-character-19c3a32fc3,present,primary_subject|seasonal|detail|audience,Detailed Coloring Pages for Adults|Detailed Coloring Pages for Adults,audience/detail candidate lacks independent review
mandala-geometry-patterns__mandala-geometry-patterns-plushie-happy-duck__d3ccc58bc1,/printables/detailed-for-adults/mandala-geometry-patterns-plushie-happy-duck-d3ccc58bc1,present,seasonal|detail|audience,Detailed Coloring Pages for Adults|Detailed Coloring Pages for Adults,audience/detail candidate lacks independent review
mandala-geometry-patterns__mandala-geometry-patterns-plushie-hearts__b17f9f128f,/printables/detailed-for-adults/mandala-geometry-patterns-plushie-hearts-b17f9f128f,present,primary_subject|seasonal|detail|audience,Detailed Coloring Pages for Adults|Detailed Coloring Pages for Adults,audience/detail candidate lacks independent review
mandala-geometry-patterns__mandala-geometry-patterns-plushie-hedgehog__66beb4c442,/printables/detailed-for-adults/mandala-geometry-patterns-plushie-hedgehog-66beb4c442,present,seasonal|detail|audience,Detailed Coloring Pages for Adults|Detailed Coloring Pages for Adults,audience/detail candidate lacks independent review
mandala-geometry-patterns__mandala-geometry-patterns-plushie-hedgehog-animals__94553c366a,/printables/animals/mandala-geometry-patterns-plushie-hedgehog-animals-94553c366a,present,seasonal|detail|audience,Detailed Coloring Pages for Adults|Detailed Coloring Pages for Adults,audience/detail candidate lacks independent review
mandala-geometry-patterns__mandala-geometry-patterns-plushie-hippo__717a896302,/printables/detailed-for-adults/mandala-geometry-patterns-plushie-hippo-717a896302,present,seasonal|detail|audience,Detailed Coloring Pages for Adults|Detailed Coloring Pages for Adults,audience/detail candidate lacks independent review
mandala-geometry-patterns__mandala-geometry-patterns-plushie-hippo-animals__a3f80920a0,/printables/animals/mandala-geometry-patterns-plushie-hippo-animals-a3f80920a0,present,seasonal|detail|audience,Detailed Coloring Pages for Adults|Detailed Coloring Pages for Adults,audience/detail candidate lacks independent review
mandala-geometry-patterns__mandala-geometry-patterns-plushie-hippogriff__350edf303c,/printables/detailed-for-adults/mandala-geometry-patterns-plushie-hippogriff-350edf303c,present,primary_subject|seasonal|detail|audience,Detailed Coloring Pages for Adults|Detailed Coloring Pages for Adults,audience/detail candidate lacks independent review
mandala-geometry-patterns__mandala-geometry-patterns-plushie-horse__189f762be1,/printables/detailed-for-adults/mandala-geometry-patterns-plushie-horse-189f762be1,present,seasonal|detail|audience,Detailed Coloring Pages for Adults|Detailed Coloring Pages for Adults,audience/detail candidate lacks independent review
mandala-geometry-patterns__mandala-geometry-patterns-plushie-horse-animals__6f5581961d,/printables/animals/mandala-geometry-patterns-plushie-horse-animals-6f5581961d,present,seasonal|detail|audience,Detailed Coloring Pages for Adults|Detailed Coloring Pages for Adults,audience/detail candidate lacks independent review
mandala-geometry-patterns__mandala-geometry-patterns-plushie-hummingbird__5ee30ba2a1,/printables/detailed-for-adults/mandala-geometry-patterns-plushie-hummingbird-5ee30ba2a1,present,primary_subject|seasonal|detail|audience,Detailed Coloring Pages for Adults|Detailed Coloring Pages for Adults,audience/detail candidate lacks independent review
mandala-geometry-patterns__mandala-geometry-patterns-plushie-humpback-whale__62db3522eb,/printables/animals/mandala-geometry-patterns-plushie-humpback-whale-62db3522eb,present,seasonal|detail|audience,Detailed Coloring Pages for Adults|Detailed Coloring Pages for Adults,audience/detail candidate lacks independent review
mandala-geometry-patterns__mandala-geometry-patterns-plushie-hyena__27310b893c,/printables/detailed-for-adults/mandala-geometry-patterns-plushie-hyena-27310b893c,present,primary_subject|seasonal|detail|audience,Detailed Coloring Pages for Adults|Detailed Coloring Pages for Adults,audience/detail candidate lacks independent review
mandala-geometry-patterns__mandala-geometry-patterns-plushie-ice-cream-cone__21afabd2f2,/printables/detailed-for-adults/mandala-geometry-patterns-plushie-ice-cream-cone-21afabd2f2,present,primary_subject|seasonal|detail|audience,Detailed Coloring Pages for Adults|Detailed Coloring Pages for Adults,audience/detail candidate lacks independent review
mandala-geometry-patterns__mandala-geometry-patterns-plushie-ice-cream-cone-animal__03c9dec2f9,/printables/animals/mandala-geometry-patterns-plushie-ice-cream-cone-animal-03c9dec2f9,present,seasonal|detail|audience,Detailed Coloring Pages for Adults|Detailed Coloring Pages for Adults,audience/detail candidate lacks independent review
mandala-geometry-patterns__mandala-geometry-patterns-plushie-iguana__2aa74b6976,/printables/detailed-for-adults/mandala-geometry-patterns-plushie-iguana-2aa74b6976,present,seasonal|detail|audience,Detailed Coloring Pages for Adults|Detailed Coloring Pages for Adults,audience/detail candidate lacks independent review
mandala-geometry-patterns__mandala-geometry-patterns-plushie-jackal__20aad029f8,/printables/detailed-for-adults/mandala-geometry-patterns-plushie-jackal-20aad029f8,present,primary_subject|seasonal|detail|audience,Detailed Coloring Pages for Adults|Detailed Coloring Pages for Adults,audience/detail candidate lacks independent review
mandala-geometry-patterns__mandala-geometry-patterns-plushie-jaguar__77a8fd8487,/printables/detailed-for-adults/mandala-geometry-patterns-plushie-jaguar-77a8fd8487,present,primary_subject|seasonal|detail|audience,Detailed Coloring Pages for Adults|Detailed Coloring Pages for Adults,audience/detail candidate lacks independent review
mandala-geometry-patterns__mandala-geometry-patterns-plushie-kitten__65c54e6ec1,/printables/animals/mandala-geometry-patterns-plushie-kitten-65c54e6ec1,present,seasonal|detail|audience,Coloring Pages for Kids|Detailed Coloring Pages for Adults|Detailed Coloring Pages for Adults,audience/detail candidate lacks independent review
mandala-geometry-patterns__mandala-geometry-patterns-plushie-kitten-cat__d4c3ec3b6c,/printables/animals/mandala-geometry-patterns-plushie-kitten-cat-d4c3ec3b6c,present,seasonal|detail|audience,Coloring Pages for Kids|Detailed Coloring Pages for Adults|Detailed Coloring Pages for Adults,audience/detail candidate lacks independent review
mandala-geometry-patterns__mandala-geometry-patterns-plushie-kitty-cat__36607b178c,/printables/animals/mandala-geometry-patterns-plushie-kitty-cat-36607b178c,present,seasonal|detail|audience,Coloring Pages for Kids|Detailed Coloring Pages for Adults|Detailed Coloring Pages for Adults,audience/detail candidate lacks independent review
mandala-geometry-patterns__mandala-geometry-patterns-plushie-kiwi-bird__c6086e0797,/printables/animals/mandala-geometry-patterns-plushie-kiwi-bird-c6086e0797,present,seasonal|detail|audience,Detailed Coloring Pages for Adults|Detailed Coloring Pages for Adults,audience/detail candidate lacks independent review
mandala-geometry-patterns__mandala-geometry-patterns-plushie-koala__a0fbae42cb,/printables/detailed-for-adults/mandala-geometry-patterns-plushie-koala-a0fbae42cb,present,seasonal|detail|audience,Detailed Coloring Pages for Adults|Detailed Coloring Pages for Adults,audience/detail candidate lacks independent review
mandala-geometry-patterns__mandala-geometry-patterns-plushie-koala-bear__7eee0ad32d,/printables/bears/mandala-geometry-patterns-plushie-koala-bear-7eee0ad32d,present,seasonal|detail|audience,Detailed Coloring Pages for Adults|Detailed Coloring Pages for Adults,audience/detail candidate lacks independent review
mandala-geometry-patterns__mandala-geometry-patterns-plushie-koala-bear-animals__91c60148ba,/printables/animals/mandala-geometry-patterns-plushie-koala-bear-animals-91c60148ba,present,seasonal|detail|audience,Detailed Coloring Pages for Adults|Detailed Coloring Pages for Adults,audience/detail candidate lacks independent review
mandala-geometry-patterns__mandala-geometry-patterns-plushie-koala-joey__5ad3f80737,/printables/detailed-for-adults/mandala-geometry-patterns-plushie-koala-joey-5ad3f80737,present,seasonal|detail|audience,Detailed Coloring Pages for Adults|Detailed Coloring Pages for Adults,audience/detail candidate lacks independent review
mandala-geometry-patterns__mandala-geometry-patterns-plushie-komodo-dragon__e82332af9a,/printables/detailed-for-adults/mandala-geometry-patterns-plushie-komodo-dragon-e82332af9a,present,seasonal|detail|audience,Detailed Coloring Pages for Adults|Detailed Coloring Pages for Adults,audience/detail candidate lacks independent review
mandala-geometry-patterns__mandala-geometry-patterns-plushie-lamb__b2e24e73ff,/printables/detailed-for-adults/mandala-geometry-patterns-plushie-lamb-b2e24e73ff,present,primary_subject|seasonal|detail|audience,Detailed Coloring Pages for Adults|Detailed Coloring Pages for Adults,audience/detail candidate lacks independent review
mandala-geometry-patterns__mandala-geometry-patterns-plushie-lamb-animals__14487c60c8,/printables/animals/mandala-geometry-patterns-plushie-lamb-animals-14487c60c8,present,seasonal|detail|audience,Detailed Coloring Pages for Adults|Detailed Coloring Pages for Adults,audience/detail candidate lacks independent review
mandala-geometry-patterns__mandala-geometry-patterns-plushie-lanterns__c7c0f4b528,/printables/detailed-for-adults/mandala-geometry-patterns-plushie-lanterns-c7c0f4b528,present,primary_subject|seasonal|detail|audience,Detailed Coloring Pages for Adults|Detailed Coloring Pages for Adults,audience/detail candidate lacks independent review
mandala-geometry-patterns__mandala-geometry-patterns-plushie-lemur__28b5e364c3,/printables/detailed-for-adults/mandala-geometry-patterns-plushie-lemur-28b5e364c3,present,primary_subject|seasonal|detail|audience,Detailed Coloring Pages for Adults|Detailed Coloring Pages for Adults,audience/detail candidate lacks independent review
mandala-geometry-patterns__mandala-geometry-patterns-plushie-lion__b40cf4798a,/printables/detailed-for-adults/mandala-geometry-patterns-plushie-lion-b40cf4798a,present,seasonal|detail|audience,Detailed Coloring Pages for Adults|Detailed Coloring Pages for Adults,audience/detail candidate lacks independent review
mandala-geometry-patterns__mandala-geometry-patterns-plushie-lion-animals__d4f716e8ed,/printables/animals/mandala-geometry-patterns-plushie-lion-animals-d4f716e8ed,present,seasonal|detail|audience,Detailed Coloring Pages for Adults|Detailed Coloring Pages for Adults,audience/detail candidate lacks independent review
mandala-geometry-patterns__mandala-geometry-patterns-plushie-llama__ad5a8da0d0,/printables/detailed-for-adults/mandala-geometry-patterns-plushie-llama-ad5a8da0d0,present,seasonal|detail|audience,Detailed Coloring Pages for Adults|Detailed Coloring Pages for Adults,audience/detail candidate lacks independent review
mandala-geometry-patterns__mandala-geometry-patterns-plushie-llama-animals__3a71ce9527,/printables/animals/mandala-geometry-patterns-plushie-llama-animals-3a71ce9527,present,seasonal|detail|audience,Detailed Coloring Pages for Adults|Detailed Coloring Pages for Adults,audience/detail candidate lacks independent review
mandala-geometry-patterns__mandala-geometry-patterns-plushie-lobster__495abdfbbb,/printables/detailed-for-adults/mandala-geometry-patterns-plushie-lobster-495abdfbbb,present,primary_subject|seasonal|detail|audience,Detailed Coloring Pages for Adults|Detailed Coloring Pages for Adults,audience/detail candidate lacks independent review
mandala-geometry-patterns__mandala-geometry-patterns-plushie-lobster-animals__a1fb0a2210,/printables/animals/mandala-geometry-patterns-plushie-lobster-animals-a1fb0a2210,present,seasonal|detail|audience,Detailed Coloring Pages for Adults|Detailed Coloring Pages for Adults,audience/detail candidate lacks independent review
mandala-geometry-patterns__mandala-geometry-patterns-plushie-lynx__4ac2d48267,/printables/detailed-for-adults/mandala-geometry-patterns-plushie-lynx-4ac2d48267,present,primary_subject|seasonal|detail|audience,Detailed Coloring Pages for Adults|Detailed Coloring Pages for Adults,audience/detail candidate lacks independent review
mandala-geometry-patterns__mandala-geometry-patterns-plushie-macaw__8b288c9dcd,/printables/detailed-for-adults/mandala-geometry-patterns-plushie-macaw-8b288c9dcd,present,primary_subject|seasonal|detail|audience,Detailed Coloring Pages for Adults|Detailed Coloring Pages for Adults,audience/detail candidate lacks independent review
mandala-geometry-patterns__mandala-geometry-patterns-plushie-manatee__4b83c2ec6c,/printables/detailed-for-adults/mandala-geometry-patterns-plushie-manatee-4b83c2ec6c,present,primary_subject|seasonal|detail|audience,Detailed Coloring Pages for Adults|Detailed Coloring Pages for Adults,audience/detail candidate lacks independent review
mandala-geometry-patterns__mandala-geometry-patterns-plushie-manateea__603662624b,/printables/detailed-for-adults/mandala-geometry-patterns-plushie-manateea-603662624b,present,primary_subject|seasonal|detail|audience,Detailed Coloring Pages for Adults|Detailed Coloring Pages for Adults,audience/detail candidate lacks independent review
mandala-geometry-patterns__mandala-geometry-patterns-plushie-manta-ray__23cac3660d,/printables/detailed-for-adults/mandala-geometry-patterns-plushie-manta-ray-23cac3660d,present,primary_subject|seasonal|detail|audience,Detailed Coloring Pages for Adults|Detailed Coloring Pages for Adults,audience/detail candidate lacks independent review
mandala-geometry-patterns__mandala-geometry-patterns-plushie-manta-raya__48636f5594,/printables/detailed-for-adults/mandala-geometry-patterns-plushie-manta-raya-48636f5594,present,primary_subject|seasonal|detail|audience,Detailed Coloring Pages for Adults|Detailed Coloring Pages for Adults,audience/detail candidate lacks independent review
mandala-geometry-patterns__mandala-geometry-patterns-plushie-marshmallow-character__78c4e13ed4,/printables/detailed-for-adults/mandala-geometry-patterns-plushie-marshmallow-character-78c4e13ed4,present,primary_subject|seasonal|detail|audience,Detailed Coloring Pages for Adults|Detailed Coloring Pages for Adults,audience/detail candidate lacks independent review
mandala-geometry-patterns__mandala-geometry-patterns-plushie-meerkat__eddb6b24f1,/printables/detailed-for-adults/mandala-geometry-patterns-plushie-meerkat-eddb6b24f1,present,primary_subject|seasonal|detail|audience,Detailed Coloring Pages for Adults|Detailed Coloring Pages for Adults,audience/detail candidate lacks independent review
mandala-geometry-patterns__mandala-geometry-patterns-plushie-mermaid__c122f8559b,/printables/detailed-for-adults/mandala-geometry-patterns-plushie-mermaid-c122f8559b,present,seasonal|detail|audience,Detailed Coloring Pages for Adults|Detailed Coloring Pages for Adults,audience/detail candidate lacks independent review
mandala-geometry-patterns__mandala-geometry-patterns-plushie-mermaid-fantasy__96119d6bff,/printables/detailed-for-adults/mandala-geometry-patterns-plushie-mermaid-fantasy-96119d6bff,present,seasonal|detail|audience,Detailed Coloring Pages for Adults|Detailed Coloring Pages for Adults,audience/detail candidate lacks independent review
mandala-geometry-patterns__mandala-geometry-patterns-plushie-monkey__ae8eb0b7cc,/printables/detailed-for-adults/mandala-geometry-patterns-plushie-monkey-ae8eb0b7cc,present,seasonal|detail|audience,Detailed Coloring Pages for Adults|Detailed Coloring Pages for Adults,audience/detail candidate lacks independent review
mandala-geometry-patterns__mandala-geometry-patterns-plushie-monkey-animals__7b77145854,/printables/animals/mandala-geometry-patterns-plushie-monkey-animals-7b77145854,present,seasonal|detail|audience,Detailed Coloring Pages for Adults|Detailed Coloring Pages for Adults,audience/detail candidate lacks independent review
mandala-geometry-patterns__mandala-geometry-patterns-plushie-moon__10a839a6f0,/printables/detailed-for-adults/mandala-geometry-patterns-plushie-moon-10a839a6f0,present,primary_subject|seasonal|detail|audience,Detailed Coloring Pages for Adults|Detailed Coloring Pages for Adults,audience/detail candidate lacks independent review
mandala-geometry-patterns__mandala-geometry-patterns-plushie-moose__e6dae0640a,/printables/detailed-for-adults/mandala-geometry-patterns-plushie-moose-e6dae0640a,present,seasonal|detail|audience,Detailed Coloring Pages for Adults|Detailed Coloring Pages for Adults,audience/detail candidate lacks independent review
mandala-geometry-patterns__mandala-geometry-patterns-plushie-moose-animals__1a65784804,/printables/animals/mandala-geometry-patterns-plushie-moose-animals-1a65784804,present,seasonal|detail|audience,Detailed Coloring Pages for Adults|Detailed Coloring Pages for Adults,audience/detail candidate lacks independent review
mandala-geometry-patterns__mandala-geometry-patterns-plushie-mouse__6612491601,/printables/detailed-for-adults/mandala-geometry-patterns-plushie-mouse-6612491601,present,primary_subject|seasonal|detail|audience,Detailed Coloring Pages for Adults|Detailed Coloring Pages for Adults,audience/detail candidate lacks independent review
mandala-geometry-patterns__mandala-geometry-patterns-plushie-mouse-animals__d9835b287b,/printables/animals/mandala-geometry-patterns-plushie-mouse-animals-d9835b287b,present,seasonal|detail|audience,Detailed Coloring Pages for Adults|Detailed Coloring Pages for Adults,audience/detail candidate lacks independent review
mandala-geometry-patterns__mandala-geometry-patterns-plushie-mushrooms__92d94f28a5,/printables/detailed-for-adults/mandala-geometry-patterns-plushie-mushrooms-92d94f28a5,present,seasonal|detail|audience,Detailed Coloring Pages for Adults|Detailed Coloring Pages for Adults,audience/detail candidate lacks independent review
mandala-geometry-patterns__mandala-geometry-patterns-plushie-mushrooms-nature__e56b2c4930,/printables/detailed-for-adults/mandala-geometry-patterns-plushie-mushrooms-nature-e56b2c4930,present,seasonal|detail|audience,Detailed Coloring Pages for Adults|Detailed Coloring Pages for Adults,audience/detail candidate lacks independent review
mandala-geometry-patterns__mandala-geometry-patterns-plushie-newt__fea04d9587,/printables/detailed-for-adults/mandala-geometry-patterns-plushie-newt-fea04d9587,present,primary_subject|seasonal|detail|audience,Detailed Coloring Pages for Adults|Detailed Coloring Pages for Adults,audience/detail candidate lacks independent review
mandala-geometry-patterns__mandala-geometry-patterns-plushie-octopus__978a3fd033,/printables/animals/mandala-geometry-patterns-plushie-octopus-978a3fd033,present,seasonal|detail|audience,Detailed Coloring Pages for Adults|Detailed Coloring Pages for Adults,audience/detail candidate lacks independent review
mandala-geometry-patterns__mandala-geometry-patterns-plushie-octopus-animals__c8e4eb9da3,/printables/animals/mandala-geometry-patterns-plushie-octopus-animals-c8e4eb9da3,present,seasonal|detail|audience,Detailed Coloring Pages for Adults|Detailed Coloring Pages for Adults,audience/detail candidate lacks independent review
mandala-geometry-patterns__mandala-geometry-patterns-plushie-okapi__c2bf4efd2a,/printables/detailed-for-adults/mandala-geometry-patterns-plushie-okapi-c2bf4efd2a,present,primary_subject|seasonal|detail|audience,Detailed Coloring Pages for Adults|Detailed Coloring Pages for Adults,audience/detail candidate lacks independent review
mandala-geometry-patterns__mandala-geometry-patterns-plushie-okapi-animals__ca43daa771,/printables/animals/mandala-geometry-patterns-plushie-okapi-animals-ca43daa771,present,seasonal|detail|audience,Detailed Coloring Pages for Adults|Detailed Coloring Pages for Adults,audience/detail candidate lacks independent review
mandala-geometry-patterns__mandala-geometry-patterns-plushie-orca__26ab0d8c4e,/printables/detailed-for-adults/mandala-geometry-patterns-plushie-orca-26ab0d8c4e,present,primary_subject|seasonal|detail|audience,Detailed Coloring Pages for Adults|Detailed Coloring Pages for Adults,audience/detail candidate lacks independent review
mandala-geometry-patterns__mandala-geometry-patterns-plushie-orca-animals__dd21ee45ca,/printables/animals/mandala-geometry-patterns-plushie-orca-animals-dd21ee45ca,present,seasonal|detail|audience,Detailed Coloring Pages for Adults|Detailed Coloring Pages for Adults,audience/detail candidate lacks independent review
mandala-geometry-patterns__mandala-geometry-patterns-plushie-otter__39736a9cc1,/printables/detailed-for-adults/mandala-geometry-patterns-plushie-otter-39736a9cc1,present,seasonal|detail|audience,Detailed Coloring Pages for Adults|Detailed Coloring Pages for Adults,audience/detail candidate lacks independent review
mandala-geometry-patterns__mandala-geometry-patterns-plushie-owl__0d06a9b14f,/printables/detailed-for-adults/mandala-geometry-patterns-plushie-owl-0d06a9b14f,present,seasonal|detail|audience,Detailed Coloring Pages for Adults|Detailed Coloring Pages for Adults,audience/detail candidate lacks independent review
mandala-geometry-patterns__mandala-geometry-patterns-plushie-owl-animals__861e789b81,/printables/animals/mandala-geometry-patterns-plushie-owl-animals-861e789b81,present,seasonal|detail|audience,Detailed Coloring Pages for Adults|Detailed Coloring Pages for Adults,audience/detail candidate lacks independent review
mandala-geometry-patterns__mandala-geometry-patterns-plushie-panda__e32b807fdb,/printables/detailed-for-adults/mandala-geometry-patterns-plushie-panda-e32b807fdb,present,seasonal|detail|audience,Detailed Coloring Pages for Adults|Detailed Coloring Pages for Adults,audience/detail candidate lacks independent review
mandala-geometry-patterns__mandala-geometry-patterns-plushie-panda-bear__fbd3c63bc8,/printables/bears/mandala-geometry-patterns-plushie-panda-bear-fbd3c63bc8,present,seasonal|detail|audience,Detailed Coloring Pages for Adults|Detailed Coloring Pages for Adults,audience/detail candidate lacks independent review
mandala-geometry-patterns__mandala-geometry-patterns-plushie-panda-bear-animals__5c9e2342f2,/printables/animals/mandala-geometry-patterns-plushie-panda-bear-animals-5c9e2342f2,present,seasonal|detail|audience,Detailed Coloring Pages for Adults|Detailed Coloring Pages for Adults,audience/detail candidate lacks independent review
mandala-geometry-patterns__mandala-geometry-patterns-plushie-pangolin__9f8bc3f428,/printables/detailed-for-adults/mandala-geometry-patterns-plushie-pangolin-9f8bc3f428,present,primary_subject|seasonal|detail|audience,Detailed Coloring Pages for Adults|Detailed Coloring Pages for Adults,audience/detail candidate lacks independent review
mandala-geometry-patterns__mandala-geometry-patterns-plushie-panther__cd8a510e1e,/printables/detailed-for-adults/mandala-geometry-patterns-plushie-panther-cd8a510e1e,present,primary_subject|seasonal|detail|audience,Detailed Coloring Pages for Adults|Detailed Coloring Pages for Adults,audience/detail candidate lacks independent review
mandala-geometry-patterns__mandala-geometry-patterns-plushie-parrot__9cf219a440,/printables/detailed-for-adults/mandala-geometry-patterns-plushie-parrot-9cf219a440,present,primary_subject|seasonal|detail|audience,Detailed Coloring Pages for Adults|Detailed Coloring Pages for Adults,audience/detail candidate lacks independent review
mandala-geometry-patterns__mandala-geometry-patterns-plushie-peacock__be64854bf6,/printables/detailed-for-adults/mandala-geometry-patterns-plushie-peacock-be64854bf6,present,primary_subject|seasonal|detail|audience,Detailed Coloring Pages for Adults|Detailed Coloring Pages for Adults,audience/detail candidate lacks independent review
mandala-geometry-patterns__mandala-geometry-patterns-plushie-pegasus__99ce0fa988,/printables/detailed-for-adults/mandala-geometry-patterns-plushie-pegasus-99ce0fa988,present,seasonal|detail|audience,Detailed Coloring Pages for Adults|Detailed Coloring Pages for Adults,audience/detail candidate lacks independent review
mandala-geometry-patterns__mandala-geometry-patterns-plushie-pegasus-animals__3068e80aa3,/printables/animals/mandala-geometry-patterns-plushie-pegasus-animals-3068e80aa3,present,seasonal|detail|audience,Detailed Coloring Pages for Adults|Detailed Coloring Pages for Adults,audience/detail candidate lacks independent review
mandala-geometry-patterns__mandala-geometry-patterns-plushie-penguin__2fc0125968,/printables/detailed-for-adults/mandala-geometry-patterns-plushie-penguin-2fc0125968,present,seasonal|detail|audience,Detailed Coloring Pages for Adults|Detailed Coloring Pages for Adults,audience/detail candidate lacks independent review
mandala-geometry-patterns__mandala-geometry-patterns-plushie-penguin-animals__9a13e10d31,/printables/animals/mandala-geometry-patterns-plushie-penguin-animals-9a13e10d31,present,seasonal|detail|audience,Detailed Coloring Pages for Adults|Detailed Coloring Pages for Adults,audience/detail candidate lacks independent review
mandala-geometry-patterns__mandala-geometry-patterns-plushie-phoenix__b2abc53ad3,/printables/detailed-for-adults/mandala-geometry-patterns-plushie-phoenix-b2abc53ad3,present,seasonal|detail|audience,Detailed Coloring Pages for Adults|Detailed Coloring Pages for Adults,audience/detail candidate lacks independent review
mandala-geometry-patterns__mandala-geometry-patterns-plushie-pig__c6cd3081bb,/printables/detailed-for-adults/mandala-geometry-patterns-plushie-pig-c6cd3081bb,present,primary_subject|seasonal|detail|audience,Detailed Coloring Pages for Adults|Detailed Coloring Pages for Adults,audience/detail candidate lacks independent review
mandala-geometry-patterns__mandala-geometry-patterns-plushie-piglet__bf6939a855,/printables/detailed-for-adults/mandala-geometry-patterns-plushie-piglet-bf6939a855,present,primary_subject|seasonal|detail|audience,Detailed Coloring Pages for Adults|Detailed Coloring Pages for Adults,audience/detail candidate lacks independent review
mandala-geometry-patterns__mandala-geometry-patterns-plushie-piglet-animals__8c7558428f,/printables/animals/mandala-geometry-patterns-plushie-piglet-animals-8c7558428f,present,seasonal|detail|audience,Detailed Coloring Pages for Adults|Detailed Coloring Pages for Adults,audience/detail candidate lacks independent review
mandala-geometry-patterns__mandala-geometry-patterns-plushie-pizza-slice-character__6de86b538e,/printables/detailed-for-adults/mandala-geometry-patterns-plushie-pizza-slice-character-6de86b538e,present,primary_subject|seasonal|detail|audience,Detailed Coloring Pages for Adults|Detailed Coloring Pages for Adults,audience/detail candidate lacks independent review
mandala-geometry-patterns__mandala-geometry-patterns-plushie-polar-bear__010c0eb0b7,/printables/bears/mandala-geometry-patterns-plushie-polar-bear-010c0eb0b7,present,seasonal|detail|audience,Detailed Coloring Pages for Adults|Detailed Coloring Pages for Adults,audience/detail candidate lacks independent review
mandala-geometry-patterns__mandala-geometry-patterns-plushie-polar-bear-animals__fd3dd1f797,/printables/animals/mandala-geometry-patterns-plushie-polar-bear-animals-fd3dd1f797,present,seasonal|detail|audience,Detailed Coloring Pages for Adults|Detailed Coloring Pages for Adults,audience/detail candidate lacks independent review
mandala-geometry-patterns__mandala-geometry-patterns-plushie-pony__ad87ee24f6,/printables/detailed-for-adults/mandala-geometry-patterns-plushie-pony-ad87ee24f6,present,primary_subject|seasonal|detail|audience,Detailed Coloring Pages for Adults|Detailed Coloring Pages for Adults,audience/detail candidate lacks independent review
mandala-geometry-patterns__mandala-geometry-patterns-plushie-popcorn-character__acc045752f,/printables/detailed-for-adults/mandala-geometry-patterns-plushie-popcorn-character-acc045752f,present,primary_subject|seasonal|detail|audience,Detailed Coloring Pages for Adults|Detailed Coloring Pages for Adults,audience/detail candidate lacks independent review
mandala-geometry-patterns__mandala-geometry-patterns-plushie-popsicle-character__f64bdcbd96,/printables/detailed-for-adults/mandala-geometry-patterns-plushie-popsicle-character-f64bdcbd96,present,primary_subject|seasonal|detail|audience,Detailed Coloring Pages for Adults|Detailed Coloring Pages for Adults,audience/detail candidate lacks independent review
mandala-geometry-patterns__mandala-geometry-patterns-plushie-porcupine__d9d7338360,/printables/detailed-for-adults/mandala-geometry-patterns-plushie-porcupine-d9d7338360,present,primary_subject|seasonal|detail|audience,Detailed Coloring Pages for Adults|Detailed Coloring Pages for Adults,audience/detail candidate lacks independent review
mandala-geometry-patterns__mandala-geometry-patterns-plushie-porcupine-animals__a28afe2633,/printables/animals/mandala-geometry-patterns-plushie-porcupine-animals-a28afe2633,present,seasonal|detail|audience,Detailed Coloring Pages for Adults|Detailed Coloring Pages for Adults,audience/detail candidate lacks independent review
mandala-geometry-patterns__mandala-geometry-patterns-plushie-possum__f33757093d,/printables/detailed-for-adults/mandala-geometry-patterns-plushie-possum-f33757093d,present,primary_subject|seasonal|detail|audience,Detailed Coloring Pages for Adults|Detailed Coloring Pages for Adults,audience/detail candidate lacks independent review
mandala-geometry-patterns__mandala-geometry-patterns-plushie-prehistoric-ankylosaurus__bae744a23b,/printables/detailed-for-adults/mandala-geometry-patterns-plushie-prehistoric-ankylosaurus-bae744a23b,present,seasonal|detail|audience,Detailed Coloring Pages for Adults|Detailed Coloring Pages for Adults,audience/detail candidate lacks independent review
mandala-geometry-patterns__mandala-geometry-patterns-plushie-prehistoric-brachiosaurus__11d92dfe99,/printables/animals/mandala-geometry-patterns-plushie-prehistoric-brachiosaurus-11d92dfe99,present,seasonal|detail|audience,Detailed Coloring Pages for Adults|Detailed Coloring Pages for Adults,audience/detail candidate lacks independent review
mandala-geometry-patterns__mandala-geometry-patterns-plushie-prehistoric-brachiosaurus-animal__620fe0f93e,/printables/animals/mandala-geometry-patterns-plushie-prehistoric-brachiosaurus-animal-620fe0f93e,present,seasonal|detail|audience,Detailed Coloring Pages for Adults|Detailed Coloring Pages for Adults,audience/detail candidate lacks independent review
mandala-geometry-patterns__mandala-geometry-patterns-plushie-prehistoric-diplodocus__4d2588117b,/printables/animals/mandala-geometry-patterns-plushie-prehistoric-diplodocus-4d2588117b,present,seasonal|detail|audience,Detailed Coloring Pages for Adults|Detailed Coloring Pages for Adults,audience/detail candidate lacks independent review
mandala-geometry-patterns__mandala-geometry-patterns-plushie-prehistoric-diplodocus-animal__62376b3847,/printables/animals/mandala-geometry-patterns-plushie-prehistoric-diplodocus-animal-62376b3847,present,seasonal|detail|audience,Detailed Coloring Pages for Adults|Detailed Coloring Pages for Adults,audience/detail candidate lacks independent review
mandala-geometry-patterns__mandala-geometry-patterns-plushie-prehistoric-dodo__791923b8b8,/printables/detailed-for-adults/mandala-geometry-patterns-plushie-prehistoric-dodo-791923b8b8,present,seasonal|detail|audience,Detailed Coloring Pages for Adults|Detailed Coloring Pages for Adults,audience/detail candidate lacks independent review
mandala-geometry-patterns__mandala-geometry-patterns-plushie-prehistoric-glyptodon__9338adbc4f,/printables/detailed-for-adults/mandala-geometry-patterns-plushie-prehistoric-glyptodon-9338adbc4f,present,primary_subject|seasonal|detail|audience,Detailed Coloring Pages for Adults|Detailed Coloring Pages for Adults,audience/detail candidate lacks independent review
mandala-geometry-patterns__mandala-geometry-patterns-plushie-prehistoric-iguanodon__03899dedf5,/printables/detailed-for-adults/mandala-geometry-patterns-plushie-prehistoric-iguanodon-03899dedf5,present,seasonal|detail|audience,Detailed Coloring Pages for Adults|Detailed Coloring Pages for Adults,audience/detail candidate lacks independent review
mandala-geometry-patterns__mandala-geometry-patterns-plushie-prehistoric-megalodon__9c0ba5615a,/printables/detailed-for-adults/mandala-geometry-patterns-plushie-prehistoric-megalodon-9c0ba5615a,present,seasonal|detail|audience,Detailed Coloring Pages for Adults|Detailed Coloring Pages for Adults,audience/detail candidate lacks independent review
mandala-geometry-patterns__mandala-geometry-patterns-plushie-prehistoric-megalodon-animal__9d34bc9b78,/printables/animals/mandala-geometry-patterns-plushie-prehistoric-megalodon-animal-9d34bc9b78,present,seasonal|detail|audience,Detailed Coloring Pages for Adults|Detailed Coloring Pages for Adults,audience/detail candidate lacks independent review
mandala-geometry-patterns__mandala-geometry-patterns-plushie-prehistoric-mosasaurus__079e399e24,/printables/detailed-for-adults/mandala-geometry-patterns-plushie-prehistoric-mosasaurus-079e399e24,present,seasonal|detail|audience,Detailed Coloring Pages for Adults|Detailed Coloring Pages for Adults,audience/detail candidate lacks independent review
mandala-geometry-patterns__mandala-geometry-patterns-plushie-prehistoric-plesiosaurus__260a1c9a0d,/printables/detailed-for-adults/mandala-geometry-patterns-plushie-prehistoric-plesiosaurus-260a1c9a0d,present,seasonal|detail|audience,Detailed Coloring Pages for Adults|Detailed Coloring Pages for Adults,audience/detail candidate lacks independent review
mandala-geometry-patterns__mandala-geometry-patterns-plushie-prehistoric-pterodactyl__ace6e4cc4b,/printables/detailed-for-adults/mandala-geometry-patterns-plushie-prehistoric-pterodactyl-ace6e4cc4b,present,seasonal|detail|audience,Detailed Coloring Pages for Adults|Detailed Coloring Pages for Adults,audience/detail candidate lacks independent review
mandala-geometry-patterns__mandala-geometry-patterns-plushie-prehistoric-saber-toothed__33eba16eca,/printables/detailed-for-adults/mandala-geometry-patterns-plushie-prehistoric-saber-toothed-33eba16eca,present,primary_subject|seasonal|detail|audience,Detailed Coloring Pages for Adults|Detailed Coloring Pages for Adults,audience/detail candidate lacks independent review
mandala-geometry-patterns__mandala-geometry-patterns-plushie-prehistoric-saber-toothed-tiger__bec95ffbcc,/printables/animals/mandala-geometry-patterns-plushie-prehistoric-saber-toothed-tiger-bec95ffbcc,present,seasonal|detail|audience,Detailed Coloring Pages for Adults|Detailed Coloring Pages for Adults,audience/detail candidate lacks independent review
mandala-geometry-patterns__mandala-geometry-patterns-plushie-prehistoric-stegosaurus__ba9fbccf49,/printables/animals/mandala-geometry-patterns-plushie-prehistoric-stegosaurus-ba9fbccf49,present,seasonal|detail|audience,Detailed Coloring Pages for Adults|Detailed Coloring Pages for Adults,audience/detail candidate lacks independent review
mandala-geometry-patterns__mandala-geometry-patterns-plushie-prehistoric-stegosaurus-animal__21fed11360,/printables/animals/mandala-geometry-patterns-plushie-prehistoric-stegosaurus-animal-21fed11360,present,seasonal|detail|audience,Detailed Coloring Pages for Adults|Detailed Coloring Pages for Adults,audience/detail candidate lacks independent review
mandala-geometry-patterns__mandala-geometry-patterns-plushie-prehistoric-triceratops__3252c556e3,/printables/animals/mandala-geometry-patterns-plushie-prehistoric-triceratops-3252c556e3,present,seasonal|detail|audience,Detailed Coloring Pages for Adults|Detailed Coloring Pages for Adults,audience/detail candidate lacks independent review
mandala-geometry-patterns__mandala-geometry-patterns-plushie-prehistoric-triceratops-animal__8412f3b319,/printables/animals/mandala-geometry-patterns-plushie-prehistoric-triceratops-animal-8412f3b319,present,seasonal|detail|audience,Detailed Coloring Pages for Adults|Detailed Coloring Pages for Adults,audience/detail candidate lacks independent review
mandala-geometry-patterns__mandala-geometry-patterns-plushie-prehistoric-tyrannosaurus-rex__06db7a17ec,/printables/animals/mandala-geometry-patterns-plushie-prehistoric-tyrannosaurus-rex-06db7a17ec,present,seasonal|detail|audience,Detailed Coloring Pages for Adults|Detailed Coloring Pages for Adults,audience/detail candidate lacks independent review
mandala-geometry-patterns__mandala-geometry-patterns-plushie-prehistoric-tyrannosaurus-rex-animal__857cd4f4bc,/printables/animals/mandala-geometry-patterns-plushie-prehistoric-tyrannosaurus-rex-animal-857cd4f4bc,present,seasonal|detail|audience,Detailed Coloring Pages for Adults|Detailed Coloring Pages for Adults,audience/detail candidate lacks independent review
mandala-geometry-patterns__mandala-geometry-patterns-plushie-prehistoric-velociraptor__41bbdeef1e,/printables/animals/mandala-geometry-patterns-plushie-prehistoric-velociraptor-41bbdeef1e,present,seasonal|detail|audience,Detailed Coloring Pages for Adults|Detailed Coloring Pages for Adults,audience/detail candidate lacks independent review
mandala-geometry-patterns__mandala-geometry-patterns-plushie-prehistoric-velociraptor-animal__cf250cfc20,/printables/animals/mandala-geometry-patterns-plushie-prehistoric-velociraptor-animal-cf250cfc20,present,seasonal|detail|audience,Detailed Coloring Pages for Adults|Detailed Coloring Pages for Adults,audience/detail candidate lacks independent review
mandala-geometry-patterns__mandala-geometry-patterns-plushie-prehistoric-woolly-mammoth__1ce5fe0e66,/printables/animals/mandala-geometry-patterns-plushie-prehistoric-woolly-mammoth-1ce5fe0e66,present,seasonal|detail|audience,Detailed Coloring Pages for Adults|Detailed Coloring Pages for Adults,audience/detail candidate lacks independent review
mandala-geometry-patterns__mandala-geometry-patterns-plushie-prehistoric-woolly-mammoth-animal__5667ccffb3,/printables/animals/mandala-geometry-patterns-plushie-prehistoric-woolly-mammoth-animal-5667ccffb3,present,seasonal|detail|audience,Detailed Coloring Pages for Adults|Detailed Coloring Pages for Adults,audience/detail candidate lacks independent review
mandala-geometry-patterns__mandala-geometry-patterns-plushie-pufferfish__95c258f5a8,/printables/detailed-for-adults/mandala-geometry-patterns-plushie-pufferfish-95c258f5a8,present,primary_subject|seasonal|detail|audience,Detailed Coloring Pages for Adults|Detailed Coloring Pages for Adults,audience/detail candidate lacks independent review
mandala-geometry-patterns__mandala-geometry-patterns-plushie-pumpkin-character__b5339415ed,/printables/detailed-for-adults/mandala-geometry-patterns-plushie-pumpkin-character-b5339415ed,present,seasonal|detail|audience,Detailed Coloring Pages for Adults|Detailed Coloring Pages for Adults,audience/detail candidate lacks independent review
mandala-geometry-patterns__mandala-geometry-patterns-plushie-puppy__1133351154,/printables/animals/mandala-geometry-patterns-plushie-puppy-1133351154,present,seasonal|detail|audience,Coloring Pages for Kids|Detailed Coloring Pages for Adults|Detailed Coloring Pages for Adults,audience/detail candidate lacks independent review
mandala-geometry-patterns__mandala-geometry-patterns-plushie-puppy-dog__fec833208b,/printables/animals/mandala-geometry-patterns-plushie-puppy-dog-fec833208b,present,seasonal|detail|audience,Coloring Pages for Kids|Detailed Coloring Pages for Adults|Detailed Coloring Pages for Adults,audience/detail candidate lacks independent review
mandala-geometry-patterns__mandala-geometry-patterns-plushie-puppy-dog-animals__821462a2fe,/printables/animals/mandala-geometry-patterns-plushie-puppy-dog-animals-821462a2fe,present,seasonal|detail|audience,Coloring Pages for Kids|Detailed Coloring Pages for Adults|Detailed Coloring Pages for Adults,audience/detail candidate lacks independent review
mandala-geometry-patterns__mandala-geometry-patterns-plushie-puppy-dog-halloween__e6b03b733b,/printables/animals/mandala-geometry-patterns-plushie-puppy-dog-halloween-e6b03b733b,present,detail|audience,Coloring Pages for Kids|Detailed Coloring Pages for Adults|Detailed Coloring Pages for Adults,audience/detail candidate lacks independent review
mandala-geometry-patterns__mandala-geometry-patterns-plushie-raccoon__2483c78eb8,/printables/detailed-for-adults/mandala-geometry-patterns-plushie-raccoon-2483c78eb8,present,primary_subject|seasonal|detail|audience,Detailed Coloring Pages for Adults|Detailed Coloring Pages for Adults,audience/detail candidate lacks independent review
mandala-geometry-patterns__mandala-geometry-patterns-plushie-raccoon-animals__2663dd432c,/printables/animals/mandala-geometry-patterns-plushie-raccoon-animals-2663dd432c,present,seasonal|detail|audience,Detailed Coloring Pages for Adults|Detailed Coloring Pages for Adults,audience/detail candidate lacks independent review
mandala-geometry-patterns__mandala-geometry-patterns-plushie-rat__0e25169712,/printables/detailed-for-adults/mandala-geometry-patterns-plushie-rat-0e25169712,present,primary_subject|seasonal|detail|audience,Detailed Coloring Pages for Adults|Detailed Coloring Pages for Adults,audience/detail candidate lacks independent review
mandala-geometry-patterns__mandala-geometry-patterns-plushie-rat-animals__dd017e5223,/printables/animals/mandala-geometry-patterns-plushie-rat-animals-dd017e5223,present,seasonal|detail|audience,Detailed Coloring Pages for Adults|Detailed Coloring Pages for Adults,audience/detail candidate lacks independent review
mandala-geometry-patterns__mandala-geometry-patterns-plushie-red-panda__c247252815,/printables/detailed-for-adults/mandala-geometry-patterns-plushie-red-panda-c247252815,present,seasonal|detail|audience,Detailed Coloring Pages for Adults|Detailed Coloring Pages for Adults,audience/detail candidate lacks independent review
mandala-geometry-patterns__mandala-geometry-patterns-plushie-reindeer__c6ad0ebbfb,/printables/detailed-for-adults/mandala-geometry-patterns-plushie-reindeer-c6ad0ebbfb,present,seasonal|detail|audience,Detailed Coloring Pages for Adults|Detailed Coloring Pages for Adults,audience/detail candidate lacks independent review
mandala-geometry-patterns__mandala-geometry-patterns-plushie-reindeer-animals__2878a77170,/printables/animals/mandala-geometry-patterns-plushie-reindeer-animals-2878a77170,present,seasonal|detail|audience,Detailed Coloring Pages for Adults|Detailed Coloring Pages for Adults,audience/detail candidate lacks independent review
mandala-geometry-patterns__mandala-geometry-patterns-plushie-reindeer-rudolph__33a574789b,/printables/detailed-for-adults/mandala-geometry-patterns-plushie-reindeer-rudolph-33a574789b,present,seasonal|detail|audience,Detailed Coloring Pages for Adults|Detailed Coloring Pages for Adults,audience/detail candidate lacks independent review
mandala-geometry-patterns__mandala-geometry-patterns-plushie-robot__3761befce4,/printables/detailed-for-adults/mandala-geometry-patterns-plushie-robot-3761befce4,present,seasonal|detail|audience,Detailed Coloring Pages for Adults|Detailed Coloring Pages for Adults,audience/detail candidate lacks independent review
mandala-geometry-patterns__mandala-geometry-patterns-plushie-robot-animal__04474f9dd3,/printables/animals/mandala-geometry-patterns-plushie-robot-animal-04474f9dd3,present,seasonal|detail|audience,Detailed Coloring Pages for Adults|Detailed Coloring Pages for Adults,audience/detail candidate lacks independent review
mandala-geometry-patterns__mandala-geometry-patterns-plushie-rocket-ship__3cdc05389e,/printables/detailed-for-adults/mandala-geometry-patterns-plushie-rocket-ship-3cdc05389e,present,primary_subject|seasonal|detail|audience,Detailed Coloring Pages for Adults|Detailed Coloring Pages for Adults,audience/detail candidate lacks independent review
mandala-geometry-patterns__mandala-geometry-patterns-plushie-rocket-ship-character__4eb1e5e9ab,/printables/detailed-for-adults/mandala-geometry-patterns-plushie-rocket-ship-character-4eb1e5e9ab,present,primary_subject|seasonal|detail|audience,Detailed Coloring Pages for Adults|Detailed Coloring Pages for Adults,audience/detail candidate lacks independent review
mandala-geometry-patterns__mandala-geometry-patterns-plushie-rooster__84054ba036,/printables/detailed-for-adults/mandala-geometry-patterns-plushie-rooster-84054ba036,present,primary_subject|seasonal|detail|audience,Detailed Coloring Pages for Adults|Detailed Coloring Pages for Adults,audience/detail candidate lacks independent review
mandala-geometry-patterns__mandala-geometry-patterns-plushie-salamander__c97b1d930f,/printables/detailed-for-adults/mandala-geometry-patterns-plushie-salamander-c97b1d930f,present,primary_subject|seasonal|detail|audience,Detailed Coloring Pages for Adults|Detailed Coloring Pages for Adults,audience/detail candidate lacks independent review
mandala-geometry-patterns__mandala-geometry-patterns-plushie-sea-anemone__746ceea317,/printables/detailed-for-adults/mandala-geometry-patterns-plushie-sea-anemone-746ceea317,present,primary_subject|seasonal|detail|audience,Detailed Coloring Pages for Adults|Detailed Coloring Pages for Adults,audience/detail candidate lacks independent review
mandala-geometry-patterns__mandala-geometry-patterns-plushie-sea-lion__554e91316d,/printables/detailed-for-adults/mandala-geometry-patterns-plushie-sea-lion-554e91316d,present,seasonal|detail|audience,Detailed Coloring Pages for Adults|Detailed Coloring Pages for Adults,audience/detail candidate lacks independent review
mandala-geometry-patterns__mandala-geometry-patterns-plushie-sea-otter__c9ca833719,/printables/detailed-for-adults/mandala-geometry-patterns-plushie-sea-otter-c9ca833719,present,seasonal|detail|audience,Detailed Coloring Pages for Adults|Detailed Coloring Pages for Adults,audience/detail candidate lacks independent review
mandala-geometry-patterns__mandala-geometry-patterns-plushie-sea-otter-animals__354f92ff35,/printables/animals/mandala-geometry-patterns-plushie-sea-otter-animals-354f92ff35,present,seasonal|detail|audience,Detailed Coloring Pages for Adults|Detailed Coloring Pages for Adults,audience/detail candidate lacks independent review
mandala-geometry-patterns__mandala-geometry-patterns-plushie-sea-turtle__2c276c20da,/printables/animals/mandala-geometry-patterns-plushie-sea-turtle-2c276c20da,present,seasonal|detail|audience,Detailed Coloring Pages for Adults|Detailed Coloring Pages for Adults,audience/detail candidate lacks independent review
mandala-geometry-patterns__mandala-geometry-patterns-plushie-sea-turtle-animal__171f0a58d7,/printables/animals/mandala-geometry-patterns-plushie-sea-turtle-animal-171f0a58d7,present,seasonal|detail|audience,Detailed Coloring Pages for Adults|Detailed Coloring Pages for Adults,audience/detail candidate lacks independent review
mandala-geometry-patterns__mandala-geometry-patterns-plushie-sea-turtle-hatchling__308f25523c,/printables/animals/mandala-geometry-patterns-plushie-sea-turtle-hatchling-308f25523c,present,seasonal|detail|audience,Detailed Coloring Pages for Adults|Detailed Coloring Pages for Adults,audience/detail candidate lacks independent review
mandala-geometry-patterns__mandala-geometry-patterns-plushie-sea-urchin__d9a232b0ca,/printables/detailed-for-adults/mandala-geometry-patterns-plushie-sea-urchin-d9a232b0ca,present,primary_subject|seasonal|detail|audience,Detailed Coloring Pages for Adults|Detailed Coloring Pages for Adults,audience/detail candidate lacks independent review
mandala-geometry-patterns__mandala-geometry-patterns-plushie-seahorse__72efbf8736,/printables/detailed-for-adults/mandala-geometry-patterns-plushie-seahorse-72efbf8736,present,primary_subject|seasonal|detail|audience,Detailed Coloring Pages for Adults|Detailed Coloring Pages for Adults,audience/detail candidate lacks independent review
mandala-geometry-patterns__mandala-geometry-patterns-plushie-seahorse-animals__c6240b21e8,/printables/animals/mandala-geometry-patterns-plushie-seahorse-animals-c6240b21e8,present,seasonal|detail|audience,Detailed Coloring Pages for Adults|Detailed Coloring Pages for Adults,audience/detail candidate lacks independent review
mandala-geometry-patterns__mandala-geometry-patterns-plushie-seal__a249413612,/printables/detailed-for-adults/mandala-geometry-patterns-plushie-seal-a249413612,present,primary_subject|seasonal|detail|audience,Detailed Coloring Pages for Adults|Detailed Coloring Pages for Adults,audience/detail candidate lacks independent review
mandala-geometry-patterns__mandala-geometry-patterns-plushie-seal-animals__51320afec7,/printables/animals/mandala-geometry-patterns-plushie-seal-animals-51320afec7,present,seasonal|detail|audience,Detailed Coloring Pages for Adults|Detailed Coloring Pages for Adults,audience/detail candidate lacks independent review
mandala-geometry-patterns__mandala-geometry-patterns-plushie-seal-underwater__05dd5c0051,/printables/detailed-for-adults/mandala-geometry-patterns-plushie-seal-underwater-05dd5c0051,present,primary_subject|seasonal|detail|audience,Detailed Coloring Pages for Adults|Detailed Coloring Pages for Adults,audience/detail candidate lacks independent review
mandala-geometry-patterns__mandala-geometry-patterns-plushie-skunk__be62484257,/printables/detailed-for-adults/mandala-geometry-patterns-plushie-skunk-be62484257,present,primary_subject|seasonal|detail|audience,Detailed Coloring Pages for Adults|Detailed Coloring Pages for Adults,audience/detail candidate lacks independent review
mandala-geometry-patterns__mandala-geometry-patterns-plushie-sloth__d8cdb27671,/printables/detailed-for-adults/mandala-geometry-patterns-plushie-sloth-d8cdb27671,present,seasonal|detail|audience,Detailed Coloring Pages for Adults|Detailed Coloring Pages for Adults,audience/detail candidate lacks independent review
mandala-geometry-patterns__mandala-geometry-patterns-plushie-sloth-baby__0efe16a7d5,/printables/detailed-for-adults/mandala-geometry-patterns-plushie-sloth-baby-0efe16a7d5,present,seasonal|detail|audience,Detailed Coloring Pages for Adults|Detailed Coloring Pages for Adults,audience/detail candidate lacks independent review
mandala-geometry-patterns__mandala-geometry-patterns-plushie-snail__197a6ee5d8,/printables/detailed-for-adults/mandala-geometry-patterns-plushie-snail-197a6ee5d8,present,primary_subject|seasonal|detail|audience,Detailed Coloring Pages for Adults|Detailed Coloring Pages for Adults,audience/detail candidate lacks independent review
mandala-geometry-patterns__mandala-geometry-patterns-plushie-snail-insects__159ae2c584,/printables/animals/mandala-geometry-patterns-plushie-snail-insects-159ae2c584,present,seasonal|detail|audience,Detailed Coloring Pages for Adults|Detailed Coloring Pages for Adults,audience/detail candidate lacks independent review
mandala-geometry-patterns__mandala-geometry-patterns-plushie-snake__eb230ed6d6,/printables/animals/mandala-geometry-patterns-plushie-snake-eb230ed6d6,present,seasonal|detail|audience,Detailed Coloring Pages for Adults|Detailed Coloring Pages for Adults,audience/detail candidate lacks independent review
mandala-geometry-patterns__mandala-geometry-patterns-plushie-snake-animals__4b6e5bf0de,/printables/animals/mandala-geometry-patterns-plushie-snake-animals-4b6e5bf0de,present,seasonal|detail|audience,Detailed Coloring Pages for Adults|Detailed Coloring Pages for Adults,audience/detail candidate lacks independent review
mandala-geometry-patterns__mandala-geometry-patterns-plushie-snow-leopard__250129dbea,/printables/detailed-for-adults/mandala-geometry-patterns-plushie-snow-leopard-250129dbea,present,primary_subject|seasonal|detail|audience,Detailed Coloring Pages for Adults|Detailed Coloring Pages for Adults,audience/detail candidate lacks independent review
mandala-geometry-patterns__mandala-geometry-patterns-plushie-snowman-character__5a2fc9c406,/printables/detailed-for-adults/mandala-geometry-patterns-plushie-snowman-character-5a2fc9c406,present,primary_subject|seasonal|detail|audience,Detailed Coloring Pages for Adults|Detailed Coloring Pages for Adults,audience/detail candidate lacks independent review
mandala-geometry-patterns__mandala-geometry-patterns-plushie-squirrel__f516f02719,/printables/detailed-for-adults/mandala-geometry-patterns-plushie-squirrel-f516f02719,present,primary_subject|seasonal|detail|audience,Detailed Coloring Pages for Adults|Detailed Coloring Pages for Adults,audience/detail candidate lacks independent review
mandala-geometry-patterns__mandala-geometry-patterns-plushie-squirrel-animals__d115e7ca25,/printables/animals/mandala-geometry-patterns-plushie-squirrel-animals-d115e7ca25,present,seasonal|detail|audience,Detailed Coloring Pages for Adults|Detailed Coloring Pages for Adults,audience/detail candidate lacks independent review
mandala-geometry-patterns__mandala-geometry-patterns-plushie-star__4ffdba3279,/printables/detailed-for-adults/mandala-geometry-patterns-plushie-star-4ffdba3279,present,primary_subject|seasonal|detail|audience,Detailed Coloring Pages for Adults|Detailed Coloring Pages for Adults,audience/detail candidate lacks independent review
mandala-geometry-patterns__mandala-geometry-patterns-plushie-starfish__15af37ef02,/printables/detailed-for-adults/mandala-geometry-patterns-plushie-starfish-15af37ef02,present,primary_subject|seasonal|detail|audience,Detailed Coloring Pages for Adults|Detailed Coloring Pages for Adults,audience/detail candidate lacks independent review
mandala-geometry-patterns__mandala-geometry-patterns-plushie-starfisha__43d5fdd1ca,/printables/detailed-for-adults/mandala-geometry-patterns-plushie-starfisha-43d5fdd1ca,present,primary_subject|seasonal|detail|audience,Detailed Coloring Pages for Adults|Detailed Coloring Pages for Adults,audience/detail candidate lacks independent review
mandala-geometry-patterns__mandala-geometry-patterns-plushie-stars__c9f83ed163,/printables/detailed-for-adults/mandala-geometry-patterns-plushie-stars-c9f83ed163,present,primary_subject|seasonal|detail|audience,Detailed Coloring Pages for Adults|Detailed Coloring Pages for Adults,audience/detail candidate lacks independent review
mandala-geometry-patterns__mandala-geometry-patterns-plushie-sun__8621d5caa8,/printables/detailed-for-adults/mandala-geometry-patterns-plushie-sun-8621d5caa8,present,primary_subject|seasonal|detail|audience,Detailed Coloring Pages for Adults|Detailed Coloring Pages for Adults,audience/detail candidate lacks independent review
mandala-geometry-patterns__mandala-geometry-patterns-plushie-sun-nature__f0bb9b1d32,/printables/detailed-for-adults/mandala-geometry-patterns-plushie-sun-nature-f0bb9b1d32,present,primary_subject|seasonal|detail|audience,Detailed Coloring Pages for Adults|Detailed Coloring Pages for Adults,audience/detail candidate lacks independent review
mandala-geometry-patterns__mandala-geometry-patterns-plushie-swan__b41a5edb38,/printables/detailed-for-adults/mandala-geometry-patterns-plushie-swan-b41a5edb38,present,primary_subject|seasonal|detail|audience,Detailed Coloring Pages for Adults|Detailed Coloring Pages for Adults,audience/detail candidate lacks independent review
mandala-geometry-patterns__mandala-geometry-patterns-plushie-tapir__46f7ca83ff,/printables/detailed-for-adults/mandala-geometry-patterns-plushie-tapir-46f7ca83ff,present,primary_subject|seasonal|detail|audience,Detailed Coloring Pages for Adults|Detailed Coloring Pages for Adults,audience/detail candidate lacks independent review
mandala-geometry-patterns__mandala-geometry-patterns-plushie-teddy-bear__672b08d48f,/printables/bears/mandala-geometry-patterns-plushie-teddy-bear-672b08d48f,present,seasonal|detail|audience,Detailed Coloring Pages for Adults|Detailed Coloring Pages for Adults,audience/detail candidate lacks independent review
mandala-geometry-patterns__mandala-geometry-patterns-plushie-teddy-bear-animals__b85a686f23,/printables/animals/mandala-geometry-patterns-plushie-teddy-bear-animals-b85a686f23,present,seasonal|detail|audience,Detailed Coloring Pages for Adults|Detailed Coloring Pages for Adults,audience/detail candidate lacks independent review
mandala-geometry-patterns__mandala-geometry-patterns-plushie-teddy-bear-waving__8e3285a3c9,/printables/bears/mandala-geometry-patterns-plushie-teddy-bear-waving-8e3285a3c9,present,seasonal|detail|audience,Detailed Coloring Pages for Adults|Detailed Coloring Pages for Adults,audience/detail candidate lacks independent review
mandala-geometry-patterns__mandala-geometry-patterns-plushie-tiger__ca58834562,/printables/detailed-for-adults/mandala-geometry-patterns-plushie-tiger-ca58834562,present,seasonal|detail|audience,Detailed Coloring Pages for Adults|Detailed Coloring Pages for Adults,audience/detail candidate lacks independent review
mandala-geometry-patterns__mandala-geometry-patterns-plushie-tiger-animals__d85e36217b,/printables/animals/mandala-geometry-patterns-plushie-tiger-animals-d85e36217b,present,seasonal|detail|audience,Detailed Coloring Pages for Adults|Detailed Coloring Pages for Adults,audience/detail candidate lacks independent review
mandala-geometry-patterns__mandala-geometry-patterns-plushie-tiger-sitting__756f24bcbe,/printables/detailed-for-adults/mandala-geometry-patterns-plushie-tiger-sitting-756f24bcbe,present,seasonal|detail|audience,Detailed Coloring Pages for Adults|Detailed Coloring Pages for Adults,audience/detail candidate lacks independent review
mandala-geometry-patterns__mandala-geometry-patterns-plushie-tortoise__1b82771ccb,/printables/detailed-for-adults/mandala-geometry-patterns-plushie-tortoise-1b82771ccb,present,primary_subject|seasonal|detail|audience,Detailed Coloring Pages for Adults|Detailed Coloring Pages for Adults,audience/detail candidate lacks independent review
mandala-geometry-patterns__mandala-geometry-patterns-plushie-toucan__6d499656d8,/printables/detailed-for-adults/mandala-geometry-patterns-plushie-toucan-6d499656d8,present,primary_subject|seasonal|detail|audience,Detailed Coloring Pages for Adults|Detailed Coloring Pages for Adults,audience/detail candidate lacks independent review
mandala-geometry-patterns__mandala-geometry-patterns-plushie-turkey__86f381aab0,/printables/detailed-for-adults/mandala-geometry-patterns-plushie-turkey-86f381aab0,present,primary_subject|seasonal|detail|audience,Detailed Coloring Pages for Adults|Detailed Coloring Pages for Adults,audience/detail candidate lacks independent review
mandala-geometry-patterns__mandala-geometry-patterns-plushie-turtle__3bb7e6142b,/printables/animals/mandala-geometry-patterns-plushie-turtle-3bb7e6142b,present,seasonal|detail|audience,Detailed Coloring Pages for Adults|Detailed Coloring Pages for Adults,audience/detail candidate lacks independent review
mandala-geometry-patterns__mandala-geometry-patterns-plushie-turtle-animals__02233a771a,/printables/animals/mandala-geometry-patterns-plushie-turtle-animals-02233a771a,present,seasonal|detail|audience,Detailed Coloring Pages for Adults|Detailed Coloring Pages for Adults,audience/detail candidate lacks independent review
mandala-geometry-patterns__mandala-geometry-patterns-plushie-unicorn__6a67847d3d,/printables/detailed-for-adults/mandala-geometry-patterns-plushie-unicorn-6a67847d3d,present,seasonal|detail|audience,Detailed Coloring Pages for Adults|Detailed Coloring Pages for Adults,audience/detail candidate lacks independent review
mandala-geometry-patterns__mandala-geometry-patterns-plushie-unicorn-samurai__652f6a5696,/printables/detailed-for-adults/mandala-geometry-patterns-plushie-unicorn-samurai-652f6a5696,present,seasonal|detail|audience,Detailed Coloring Pages for Adults|Detailed Coloring Pages for Adults,audience/detail candidate lacks independent review
mandala-geometry-patterns__mandala-geometry-patterns-plushie-walrus__4cc734e74c,/printables/detailed-for-adults/mandala-geometry-patterns-plushie-walrus-4cc734e74c,present,primary_subject|seasonal|detail|audience,Detailed Coloring Pages for Adults|Detailed Coloring Pages for Adults,audience/detail candidate lacks independent review
mandala-geometry-patterns__mandala-geometry-patterns-plushie-walrus-animals__e951a709dc,/printables/animals/mandala-geometry-patterns-plushie-walrus-animals-e951a709dc,present,seasonal|detail|audience,Detailed Coloring Pages for Adults|Detailed Coloring Pages for Adults,audience/detail candidate lacks independent review
mandala-geometry-patterns__mandala-geometry-patterns-plushie-whale__ab83729b39,/printables/animals/mandala-geometry-patterns-plushie-whale-ab83729b39,present,seasonal|detail|audience,Detailed Coloring Pages for Adults|Detailed Coloring Pages for Adults,audience/detail candidate lacks independent review
mandala-geometry-patterns__mandala-geometry-patterns-plushie-whale-animals__5f3802c656,/printables/animals/mandala-geometry-patterns-plushie-whale-animals-5f3802c656,present,seasonal|detail|audience,Detailed Coloring Pages for Adults|Detailed Coloring Pages for Adults,audience/detail candidate lacks independent review
mandala-geometry-patterns__mandala-geometry-patterns-plushie-witch-cat__c496426ef5,/printables/animals/mandala-geometry-patterns-plushie-witch-cat-c496426ef5,present,seasonal|detail|audience,Detailed Coloring Pages for Adults|Detailed Coloring Pages for Adults,audience/detail candidate lacks independent review
mandala-geometry-patterns__mandala-geometry-patterns-plushie-wolf__23a578ce7c,/printables/detailed-for-adults/mandala-geometry-patterns-plushie-wolf-23a578ce7c,present,seasonal|detail|audience,Detailed Coloring Pages for Adults|Detailed Coloring Pages for Adults,audience/detail candidate lacks independent review
mandala-geometry-patterns__mandala-geometry-patterns-plushie-wolf-animals__362a7f34f2,/printables/animals/mandala-geometry-patterns-plushie-wolf-animals-362a7f34f2,present,seasonal|detail|audience,Detailed Coloring Pages for Adults|Detailed Coloring Pages for Adults,audience/detail candidate lacks independent review
mandala-geometry-patterns__mandala-geometry-patterns-plushie-wolverine__0b95ed6496,/printables/detailed-for-adults/mandala-geometry-patterns-plushie-wolverine-0b95ed6496,present,primary_subject|seasonal|detail|audience,Detailed Coloring Pages for Adults|Detailed Coloring Pages for Adults,audience/detail candidate lacks independent review
mandala-geometry-patterns__mandala-geometry-patterns-plushie-yak__03b59f6948,/printables/detailed-for-adults/mandala-geometry-patterns-plushie-yak-03b59f6948,present,primary_subject|seasonal|detail|audience,Detailed Coloring Pages for Adults|Detailed Coloring Pages for Adults,audience/detail candidate lacks independent review
mandala-geometry-patterns__mandala-geometry-patterns-plushie-yeti__4f288b986e,/printables/detailed-for-adults/mandala-geometry-patterns-plushie-yeti-4f288b986e,present,primary_subject|seasonal|detail|audience,Detailed Coloring Pages for Adults|Detailed Coloring Pages for Adults,audience/detail candidate lacks independent review
mandala-geometry-patterns__mandala-geometry-patterns-plushie-yeti-fantasy__4325d10cb8,/printables/detailed-for-adults/mandala-geometry-patterns-plushie-yeti-fantasy-4325d10cb8,present,seasonal|detail|audience,Detailed Coloring Pages for Adults|Detailed Coloring Pages for Adults,audience/detail candidate lacks independent review
mandala-geometry-patterns__mandala-geometry-patterns-plushie-zebra__f5acd39e4c,/printables/detailed-for-adults/mandala-geometry-patterns-plushie-zebra-f5acd39e4c,present,seasonal|detail|audience,Detailed Coloring Pages for Adults|Detailed Coloring Pages for Adults,audience/detail candidate lacks independent review
mandala-geometry-patterns__mandala-geometry-patterns-plushie-zebra-animals__3b4e6a637b,/printables/animals/mandala-geometry-patterns-plushie-zebra-animals-3b4e6a637b,present,seasonal|detail|audience,Detailed Coloring Pages for Adults|Detailed Coloring Pages for Adults,audience/detail candidate lacks independent review
mandala-geometry-patterns__mandala-geometry-patterns-prehistoric-brachiosaurus__b391dcef46,/printables/animals/mandala-geometry-patterns-prehistoric-brachiosaurus-b391dcef46,present,style|seasonal|detail|audience,Detailed Coloring Pages for Adults|Detailed Coloring Pages for Adults,audience/detail candidate lacks independent review
mandala-geometry-patterns__mandala-geometry-patterns-prehistoric-cave-bear__65762de0fd,/printables/bears/mandala-geometry-patterns-prehistoric-cave-bear-65762de0fd,present,style|seasonal|detail|audience,Detailed Coloring Pages for Adults|Detailed Coloring Pages for Adults,audience/detail candidate lacks independent review
mandala-geometry-patterns__mandala-geometry-patterns-prehistoric-diplodocus__419361fd46,/printables/animals/mandala-geometry-patterns-prehistoric-diplodocus-419361fd46,present,style|seasonal|detail|audience,Detailed Coloring Pages for Adults|Detailed Coloring Pages for Adults,audience/detail candidate lacks independent review
mandala-geometry-patterns__mandala-geometry-patterns-prehistoric-diplodocus-roaming__584a516986,/printables/animals/mandala-geometry-patterns-prehistoric-diplodocus-roaming-584a516986,present,style|seasonal|detail|audience,Detailed Coloring Pages for Adults|Detailed Coloring Pages for Adults,audience/detail candidate lacks independent review
mandala-geometry-patterns__mandala-geometry-patterns-prehistoric-diplodocus-walking__6fdf44df40,/printables/animals/mandala-geometry-patterns-prehistoric-diplodocus-walking-6fdf44df40,present,style|seasonal|detail|audience,Detailed Coloring Pages for Adults|Detailed Coloring Pages for Adults,audience/detail candidate lacks independent review
mandala-geometry-patterns__mandala-geometry-patterns-prehistoric-dire-wolf__90dfef8677,/printables/detailed-for-adults/mandala-geometry-patterns-prehistoric-dire-wolf-90dfef8677,present,style|seasonal|detail|audience,Detailed Coloring Pages for Adults|Detailed Coloring Pages for Adults,audience/detail candidate lacks independent review
mandala-geometry-patterns__mandala-geometry-patterns-prehistoric-dodo-bird__b31714da2e,/printables/animals/mandala-geometry-patterns-prehistoric-dodo-bird-b31714da2e,present,style|seasonal|detail|audience,Detailed Coloring Pages for Adults|Detailed Coloring Pages for Adults,audience/detail candidate lacks independent review
mandala-geometry-patterns__mandala-geometry-patterns-prehistoric-extinction__58f24aa8e7,/printables/detailed-for-adults/mandala-geometry-patterns-prehistoric-extinction-58f24aa8e7,omitted,primary_subject|style|seasonal|detail|audience,Detailed Coloring Pages for Adults|Detailed Coloring Pages for Adults,audience/detail candidate lacks independent review
mandala-geometry-patterns__mandala-geometry-patterns-prehistoric-fossils__7a49eff1b9,/printables/detailed-for-adults/mandala-geometry-patterns-prehistoric-fossils-7a49eff1b9,omitted,primary_subject|style|seasonal|detail|audience,Detailed Coloring Pages for Adults|Detailed Coloring Pages for Adults,audience/detail candidate lacks independent review
mandala-geometry-patterns__mandala-geometry-patterns-prehistoric-fossils-dino-chimera__78bf57b3be,/printables/animals/mandala-geometry-patterns-prehistoric-fossils-dino-chimera-78bf57b3be,present,style|seasonal|detail|audience,Detailed Coloring Pages for Adults|Detailed Coloring Pages for Adults,audience/detail candidate lacks independent review
mandala-geometry-patterns__mandala-geometry-patterns-prehistoric-irish-elk__770ccf8d62,/printables/detailed-for-adults/mandala-geometry-patterns-prehistoric-irish-elk-770ccf8d62,omitted,primary_subject|style|seasonal|detail|audience,Detailed Coloring Pages for Adults|Detailed Coloring Pages for Adults,audience/detail candidate lacks independent review
mandala-geometry-patterns__mandala-geometry-patterns-prehistoric-mastodon__53af87a902,/printables/detailed-for-adults/mandala-geometry-patterns-prehistoric-mastodon-53af87a902,omitted,primary_subject|style|seasonal|detail|audience,Detailed Coloring Pages for Adults|Detailed Coloring Pages for Adults,audience/detail candidate lacks independent review
mandala-geometry-patterns__mandala-geometry-patterns-prehistoric-megaladon__c6f942b838,/printables/detailed-for-adults/mandala-geometry-patterns-prehistoric-megaladon-c6f942b838,omitted,primary_subject|style|seasonal|detail|audience,Detailed Coloring Pages for Adults|Detailed Coloring Pages for Adults,audience/detail candidate lacks independent review
mandala-geometry-patterns__mandala-geometry-patterns-prehistoric-megaladon-swimming__2b3060a058,/printables/detailed-for-adults/mandala-geometry-patterns-prehistoric-megaladon-swimming-2b3060a058,omitted,primary_subject|style|seasonal|detail|audience,Detailed Coloring Pages for Adults|Detailed Coloring Pages for Adults,audience/detail candidate lacks independent review
mandala-geometry-patterns__mandala-geometry-patterns-prehistoric-megalodon__905844cb15,/printables/detailed-for-adults/mandala-geometry-patterns-prehistoric-megalodon-905844cb15,present,style|seasonal|detail|audience,Detailed Coloring Pages for Adults|Detailed Coloring Pages for Adults,audience/detail candidate lacks independent review
mandala-geometry-patterns__mandala-geometry-patterns-prehistoric-pteranodon__d590ce1142,/printables/detailed-for-adults/mandala-geometry-patterns-prehistoric-pteranodon-d590ce1142,present,style|seasonal|detail|audience,Detailed Coloring Pages for Adults|Detailed Coloring Pages for Adults,audience/detail candidate lacks independent review
mandala-geometry-patterns__mandala-geometry-patterns-prehistoric-saber-toothed__39d6efefe0,/printables/detailed-for-adults/mandala-geometry-patterns-prehistoric-saber-toothed-39d6efefe0,omitted,primary_subject|style|seasonal|detail|audience,Detailed Coloring Pages for Adults|Detailed Coloring Pages for Adults,audience/detail candidate lacks independent review
mandala-geometry-patterns__mandala-geometry-patterns-prehistoric-sloth__5e3345d557,/printables/detailed-for-adults/mandala-geometry-patterns-prehistoric-sloth-5e3345d557,present,style|seasonal|detail|audience,Detailed Coloring Pages for Adults|Detailed Coloring Pages for Adults,audience/detail candidate lacks independent review
mandala-geometry-patterns__mandala-geometry-patterns-prehistoric-spineosaurus__1756cc07e2,/printables/detailed-for-adults/mandala-geometry-patterns-prehistoric-spineosaurus-1756cc07e2,omitted,primary_subject|style|seasonal|detail|audience,Detailed Coloring Pages for Adults|Detailed Coloring Pages for Adults,audience/detail candidate lacks independent review
mandala-geometry-patterns__mandala-geometry-patterns-prehistoric-stegosaurus__2716eb5f12,/printables/animals/mandala-geometry-patterns-prehistoric-stegosaurus-2716eb5f12,present,style|seasonal|detail|audience,Detailed Coloring Pages for Adults|Detailed Coloring Pages for Adults,audience/detail candidate lacks independent review
mandala-geometry-patterns__mandala-geometry-patterns-prehistoric-triceratops__9fb344868e,/printables/animals/mandala-geometry-patterns-prehistoric-triceratops-9fb344868e,present,style|seasonal|detail|audience,Detailed Coloring Pages for Adults|Detailed Coloring Pages for Adults,audience/detail candidate lacks independent review
mandala-geometry-patterns__mandala-geometry-patterns-prehistoric-tyrannosaurus-rex__23ee4428c8,/printables/animals/mandala-geometry-patterns-prehistoric-tyrannosaurus-rex-23ee4428c8,present,style|seasonal|detail|audience,Detailed Coloring Pages for Adults|Detailed Coloring Pages for Adults,audience/detail candidate lacks independent review
mandala-geometry-patterns__mandala-geometry-patterns-prehistoric-velociraptor__1587fa84b0,/printables/animals/mandala-geometry-patterns-prehistoric-velociraptor-1587fa84b0,present,style|seasonal|detail|audience,Detailed Coloring Pages for Adults|Detailed Coloring Pages for Adults,audience/detail candidate lacks independent review
mandala-geometry-patterns__mandala-geometry-patterns-prehistoric-woolly-mammoth__277aa61772,/printables/animals/mandala-geometry-patterns-prehistoric-woolly-mammoth-277aa61772,present,style|seasonal|detail|audience,Detailed Coloring Pages for Adults|Detailed Coloring Pages for Adults,audience/detail candidate lacks independent review
mandala-geometry-patterns__mandala-geometry-patterns-python__2569293315,/printables/detailed-for-adults/mandala-geometry-patterns-python-2569293315,omitted,primary_subject|style|seasonal|detail|audience,Detailed Coloring Pages for Adults|Detailed Coloring Pages for Adults,audience/detail candidate lacks independent review
mandala-geometry-patterns__mandala-geometry-patterns-python-face-patterns__b4ebf7d0cd,/printables/detailed-for-adults/mandala-geometry-patterns-python-face-patterns-b4ebf7d0cd,present,primary_subject|seasonal|detail|audience,Detailed Coloring Pages for Adults|Detailed Coloring Pages for Adults,audience/detail candidate lacks independent review
mandala-geometry-patterns__mandala-geometry-patterns-radial-patterns__00b633bf65,/printables/detailed-for-adults/mandala-geometry-patterns-radial-patterns-00b633bf65,present,primary_subject|seasonal|detail|audience,Detailed Coloring Pages for Adults|Detailed Coloring Pages for Adults,audience/detail candidate lacks independent review
mandala-geometry-patterns__mandala-geometry-patterns-rainbow-mandala__82e0bf5ffe,/printables/detailed-for-adults/mandala-geometry-patterns-rainbow-mandala-82e0bf5ffe,present,primary_subject|seasonal|detail|audience,Detailed Coloring Pages for Adults|Detailed Coloring Pages for Adults,audience/detail candidate lacks independent review
mandala-geometry-patterns__mandala-geometry-patterns-rattlesnake__134d333a31,/printables/detailed-for-adults/mandala-geometry-patterns-rattlesnake-134d333a31,omitted,primary_subject|style|seasonal|detail|audience,Detailed Coloring Pages for Adults|Detailed Coloring Pages for Adults,audience/detail candidate lacks independent review
mandala-geometry-patterns__mandala-geometry-patterns-sacred-geometry-mandala__98e7b1c27b,/printables/detailed-for-adults/mandala-geometry-patterns-sacred-geometry-mandala-98e7b1c27b,present,primary_subject|seasonal|detail|audience,Detailed Coloring Pages for Adults|Detailed Coloring Pages for Adults,audience/detail candidate lacks independent review
mandala-geometry-patterns__mandala-geometry-patterns-scorpion__89b1e3f461,/printables/detailed-for-adults/mandala-geometry-patterns-scorpion-89b1e3f461,omitted,primary_subject|style|seasonal|detail|audience,Detailed Coloring Pages for Adults|Detailed Coloring Pages for Adults,audience/detail candidate lacks independent review
mandala-geometry-patterns__mandala-geometry-patterns-scorpion-face-patterns__bde4b6b5cf,/printables/detailed-for-adults/mandala-geometry-patterns-scorpion-face-patterns-bde4b6b5cf,present,primary_subject|seasonal|detail|audience,Detailed Coloring Pages for Adults|Detailed Coloring Pages for Adults,audience/detail candidate lacks independent review
mandala-geometry-patterns__mandala-geometry-patterns-sea-turtle__a7fb2380ea,/printables/animals/mandala-geometry-patterns-sea-turtle-a7fb2380ea,present,style|seasonal|detail|audience,Detailed Coloring Pages for Adults|Detailed Coloring Pages for Adults,audience/detail candidate lacks independent review
mandala-geometry-patterns__mandala-geometry-patterns-sea-turtle-face-patterns__bcd1f173d7,/printables/animals/mandala-geometry-patterns-sea-turtle-face-patterns-bcd1f173d7,present,seasonal|detail|audience,Detailed Coloring Pages for Adults|Detailed Coloring Pages for Adults,audience/detail candidate lacks independent review
mandala-geometry-patterns__mandala-geometry-patterns-seahorse__1db6d415d6,/printables/detailed-for-adults/mandala-geometry-patterns-seahorse-1db6d415d6,omitted,primary_subject|style|seasonal|detail|audience,Detailed Coloring Pages for Adults|Detailed Coloring Pages for Adults,audience/detail candidate lacks independent review
mandala-geometry-patterns__mandala-geometry-patterns-seahorse-face-patterns__762473a336,/printables/detailed-for-adults/mandala-geometry-patterns-seahorse-face-patterns-762473a336,present,primary_subject|seasonal|detail|audience,Detailed Coloring Pages for Adults|Detailed Coloring Pages for Adults,audience/detail candidate lacks independent review
mandala-geometry-patterns__mandala-geometry-patterns-shark__0994913077,/printables/animals/mandala-geometry-patterns-shark-0994913077,present,style|seasonal|detail|audience,Detailed Coloring Pages for Adults|Detailed Coloring Pages for Adults,audience/detail candidate lacks independent review
mandala-geometry-patterns__mandala-geometry-patterns-shark-face-patterns__d79d65aafb,/printables/animals/mandala-geometry-patterns-shark-face-patterns-d79d65aafb,present,seasonal|detail|audience,Detailed Coloring Pages for Adults|Detailed Coloring Pages for Adults,audience/detail candidate lacks independent review
mandala-geometry-patterns__mandala-geometry-patterns-sloth__952346f26d,/printables/detailed-for-adults/mandala-geometry-patterns-sloth-952346f26d,present,style|seasonal|detail|audience,Detailed Coloring Pages for Adults|Detailed Coloring Pages for Adults,audience/detail candidate lacks independent review
mandala-geometry-patterns__mandala-geometry-patterns-sloth-climbing-tree-patterns__36b594c0e0,/printables/detailed-for-adults/mandala-geometry-patterns-sloth-climbing-tree-patterns-36b594c0e0,present,seasonal|detail|audience,Detailed Coloring Pages for Adults|Detailed Coloring Pages for Adults,audience/detail candidate lacks independent review
mandala-geometry-patterns__mandala-geometry-patterns-sloth-face-patterns__582d0015c8,/printables/detailed-for-adults/mandala-geometry-patterns-sloth-face-patterns-582d0015c8,present,seasonal|detail|audience,Detailed Coloring Pages for Adults|Detailed Coloring Pages for Adults,audience/detail candidate lacks independent review
mandala-geometry-patterns__mandala-geometry-patterns-snake__36358c6e6c,/printables/animals/mandala-geometry-patterns-snake-36358c6e6c,present,style|seasonal|detail|audience,Detailed Coloring Pages for Adults|Detailed Coloring Pages for Adults,audience/detail candidate lacks independent review
mandala-geometry-patterns__mandala-geometry-patterns-spider__9b470c341c,/printables/animals/mandala-geometry-patterns-spider-9b470c341c,present,style|seasonal|detail|audience,Detailed Coloring Pages for Adults|Detailed Coloring Pages for Adults,audience/detail candidate lacks independent review
mandala-geometry-patterns__mandala-geometry-patterns-spiral-mandala__481995f0ca,/printables/detailed-for-adults/mandala-geometry-patterns-spiral-mandala-481995f0ca,present,primary_subject|seasonal|detail|audience,Detailed Coloring Pages for Adults|Detailed Coloring Pages for Adults,audience/detail candidate lacks independent review
mandala-geometry-patterns__mandala-geometry-patterns-star-patterns__e41203999e,/printables/detailed-for-adults/mandala-geometry-patterns-star-patterns-e41203999e,present,primary_subject|seasonal|detail|audience,Detailed Coloring Pages for Adults|Detailed Coloring Pages for Adults,audience/detail candidate lacks independent review
mandala-geometry-patterns__mandala-geometry-patterns-sun-mandala__310260e102,/printables/detailed-for-adults/mandala-geometry-patterns-sun-mandala-310260e102,present,primary_subject|seasonal|detail|audience,Detailed Coloring Pages for Adults|Detailed Coloring Pages for Adults,audience/detail candidate lacks independent review
mandala-geometry-patterns__mandala-geometry-patterns-sushi__6b5ab1bad6,/printables/detailed-for-adults/mandala-geometry-patterns-sushi-6b5ab1bad6,present,style|seasonal|detail|audience,Detailed Coloring Pages for Adults|Detailed Coloring Pages for Adults,audience/detail candidate lacks independent review
mandala-geometry-patterns__mandala-geometry-patterns-sushi-aburi-ebi-nigiri__e6a7198dae,/printables/detailed-for-adults/mandala-geometry-patterns-sushi-aburi-ebi-nigiri-e6a7198dae,present,style|seasonal|detail|audience,Detailed Coloring Pages for Adults|Detailed Coloring Pages for Adults,audience/detail candidate lacks independent review
mandala-geometry-patterns__mandala-geometry-patterns-sushi-aburi-salmon-nigiri__6009e02cb8,/printables/detailed-for-adults/mandala-geometry-patterns-sushi-aburi-salmon-nigiri-6009e02cb8,present,style|seasonal|detail|audience,Detailed Coloring Pages for Adults|Detailed Coloring Pages for Adults,audience/detail candidate lacks independent review
mandala-geometry-patterns__mandala-geometry-patterns-sushi-aburi-tuna-nigiri__9b61ce7e48,/printables/detailed-for-adults/mandala-geometry-patterns-sushi-aburi-tuna-nigiri-9b61ce7e48,present,style|seasonal|detail|audience,Detailed Coloring Pages for Adults|Detailed Coloring Pages for Adults,audience/detail candidate lacks independent review
mandala-geometry-patterns__mandala-geometry-patterns-sushi-alaska-roll__14d367c215,/printables/detailed-for-adults/mandala-geometry-patterns-sushi-alaska-roll-14d367c215,present,style|seasonal|detail|audience,Detailed Coloring Pages for Adults|Detailed Coloring Pages for Adults,audience/detail candidate lacks independent review
mandala-geometry-patterns__mandala-geometry-patterns-sushi-amaebi-sweet-shrimp__094226eb27,/printables/detailed-for-adults/mandala-geometry-patterns-sushi-amaebi-sweet-shrimp-094226eb27,present,style|seasonal|detail|audience,Detailed Coloring Pages for Adults|Detailed Coloring Pages for Adults,audience/detail candidate lacks independent review
mandala-geometry-patterns__mandala-geometry-patterns-sushi-avocado-dragon-roll__0b7ba2cde8,/printables/detailed-for-adults/mandala-geometry-patterns-sushi-avocado-dragon-roll-0b7ba2cde8,present,style|seasonal|detail|audience,Detailed Coloring Pages for Adults|Detailed Coloring Pages for Adults,audience/detail candidate lacks independent review
mandala-geometry-patterns__mandala-geometry-patterns-sushi-avocado-maki__3325dd60e2,/printables/detailed-for-adults/mandala-geometry-patterns-sushi-avocado-maki-3325dd60e2,present,style|seasonal|detail|audience,Detailed Coloring Pages for Adults|Detailed Coloring Pages for Adults,audience/detail candidate lacks independent review
mandala-geometry-patterns__mandala-geometry-patterns-sushi-avocado-nigiri__288a9fc35f,/printables/detailed-for-adults/mandala-geometry-patterns-sushi-avocado-nigiri-288a9fc35f,present,style|seasonal|detail|audience,Detailed Coloring Pages for Adults|Detailed Coloring Pages for Adults,audience/detail candidate lacks independent review
mandala-geometry-patterns__mandala-geometry-patterns-sushi-baked-scallop-roll__e74e82c71d,/printables/detailed-for-adults/mandala-geometry-patterns-sushi-baked-scallop-roll-e74e82c71d,present,style|seasonal|detail|audience,Detailed Coloring Pages for Adults|Detailed Coloring Pages for Adults,audience/detail candidate lacks independent review
mandala-geometry-patterns__mandala-geometry-patterns-sushi-bamboo-chopstick-rest__5468fd1dab,/printables/detailed-for-adults/mandala-geometry-patterns-sushi-bamboo-chopstick-rest-5468fd1dab,present,style|seasonal|detail|audience,Detailed Coloring Pages for Adults|Detailed Coloring Pages for Adults,audience/detail candidate lacks independent review
mandala-geometry-patterns__mandala-geometry-patterns-sushi-bamboo-sushi-steamer__5322b09b7a,/printables/detailed-for-adults/mandala-geometry-patterns-sushi-bamboo-sushi-steamer-5322b09b7a,present,style|seasonal|detail|audience,Detailed Coloring Pages for Adults|Detailed Coloring Pages for Adults,audience/detail candidate lacks independent review
mandala-geometry-patterns__mandala-geometry-patterns-sushi-bear-shaped-onigiri__86e0e92626,/printables/bears/mandala-geometry-patterns-sushi-bear-shaped-onigiri-86e0e92626,present,style|seasonal|detail|audience,Detailed Coloring Pages for Adults|Detailed Coloring Pages for Adults,audience/detail candidate lacks independent review
mandala-geometry-patterns__mandala-geometry-patterns-sushi-bento-box-kawaii-roll-tuna__393d9cd66c,/printables/detailed-for-adults/mandala-geometry-patterns-sushi-bento-box-kawaii-roll-tuna-393d9cd66c,present,style|seasonal|detail|audience,Coloring Pages for Kids|Detailed Coloring Pages for Adults|Detailed Coloring Pages for Adults|Easy,audience/detail candidate lacks independent review
mandala-geometry-patterns__mandala-geometry-patterns-sushi-california-roll__0ad68615e7,/printables/detailed-for-adults/mandala-geometry-patterns-sushi-california-roll-0ad68615e7,present,style|seasonal|detail|audience,Detailed Coloring Pages for Adults|Detailed Coloring Pages for Adults,audience/detail candidate lacks independent review
mandala-geometry-patterns__mandala-geometry-patterns-sushi-cartoon-combo-box__fc945da5af,/printables/detailed-for-adults/mandala-geometry-patterns-sushi-cartoon-combo-box-fc945da5af,present,style|seasonal|detail|audience,Coloring Pages for Kids|Detailed Coloring Pages for Adults|Detailed Coloring Pages for Adults|Easy,audience/detail candidate lacks independent review
mandala-geometry-patterns__mandala-geometry-patterns-sushi-cartoon-snow-crab-roll__37bf46950d,/printables/animals/mandala-geometry-patterns-sushi-cartoon-snow-crab-roll-37bf46950d,present,style|seasonal|detail|audience,Coloring Pages for Kids|Detailed Coloring Pages for Adults|Detailed Coloring Pages for Adults|Easy,audience/detail candidate lacks independent review
mandala-geometry-patterns__mandala-geometry-patterns-sushi-cartoon-spider-roll__5c40f77da3,/printables/animals/mandala-geometry-patterns-sushi-cartoon-spider-roll-5c40f77da3,present,style|seasonal|detail|audience,Coloring Pages for Kids|Detailed Coloring Pages for Adults|Detailed Coloring Pages for Adults|Easy,audience/detail candidate lacks independent review
mandala-geometry-patterns__mandala-geometry-patterns-sushi-cat-shaped-onigiri__a336d3f931,/printables/animals/mandala-geometry-patterns-sushi-cat-shaped-onigiri-a336d3f931,present,style|seasonal|detail|audience,Detailed Coloring Pages for Adults|Detailed Coloring Pages for Adults,audience/detail candidate lacks independent review
mandala-geometry-patterns__mandala-geometry-patterns-sushi-caterpillar-roll__7f6e6f7506,/printables/detailed-for-adults/mandala-geometry-patterns-sushi-caterpillar-roll-7f6e6f7506,present,style|seasonal|detail|audience,Detailed Coloring Pages for Adults|Detailed Coloring Pages for Adults,audience/detail candidate lacks independent review
mandala-geometry-patterns__mandala-geometry-patterns-sushi-character-bento-box__c0ec6bce4b,/printables/detailed-for-adults/mandala-geometry-patterns-sushi-character-bento-box-c0ec6bce4b,present,style|seasonal|detail|audience,Detailed Coloring Pages for Adults|Detailed Coloring Pages for Adults,audience/detail candidate lacks independent review
mandala-geometry-patterns__mandala-geometry-patterns-sushi-chef-cutting-rolls__5b13a3c368,/printables/detailed-for-adults/mandala-geometry-patterns-sushi-chef-cutting-rolls-5b13a3c368,present,style|seasonal|detail|audience,Detailed Coloring Pages for Adults|Detailed Coloring Pages for Adults,audience/detail candidate lacks independent review
mandala-geometry-patterns__mandala-geometry-patterns-sushi-chef-flipping-knife__e4f39b7cc5,/printables/detailed-for-adults/mandala-geometry-patterns-sushi-chef-flipping-knife-e4f39b7cc5,present,style|seasonal|detail|audience,Detailed Coloring Pages for Adults|Detailed Coloring Pages for Adults,audience/detail candidate lacks independent review
mandala-geometry-patterns__mandala-geometry-patterns-sushi-chef-holding-platter__803f65197e,/printables/detailed-for-adults/mandala-geometry-patterns-sushi-chef-holding-platter-803f65197e,present,style|seasonal|detail|audience,Detailed Coloring Pages for Adults|Detailed Coloring Pages for Adults,audience/detail candidate lacks independent review
mandala-geometry-patterns__mandala-geometry-patterns-sushi-chef-knife-and-fish__f5fc485566,/printables/animals/mandala-geometry-patterns-sushi-chef-knife-and-fish-f5fc485566,present,style|seasonal|detail|audience,Detailed Coloring Pages for Adults|Detailed Coloring Pages for Adults,audience/detail candidate lacks independent review
mandala-geometry-patterns__mandala-geometry-patterns-sushi-chef-preparing-roll__9d21a2d774,/printables/detailed-for-adults/mandala-geometry-patterns-sushi-chef-preparing-roll-9d21a2d774,present,style|seasonal|detail|audience,Detailed Coloring Pages for Adults|Detailed Coloring Pages for Adults,audience/detail candidate lacks independent review
mandala-geometry-patterns__mandala-geometry-patterns-sushi-chef-rolling-hosomaki__f167d63578,/printables/detailed-for-adults/mandala-geometry-patterns-sushi-chef-rolling-hosomaki-f167d63578,present,style|seasonal|detail|audience,Detailed Coloring Pages for Adults|Detailed Coloring Pages for Adults,audience/detail candidate lacks independent review
mandala-geometry-patterns__mandala-geometry-patterns-sushi-chef-shaping-nigiri__27b23b7c83,/printables/detailed-for-adults/mandala-geometry-patterns-sushi-chef-shaping-nigiri-27b23b7c83,present,style|seasonal|detail|audience,Detailed Coloring Pages for Adults|Detailed Coloring Pages for Adults,audience/detail candidate lacks independent review
mandala-geometry-patterns__mandala-geometry-patterns-sushi-chef-torching-aburi-salmon__5868663f6f,/printables/detailed-for-adults/mandala-geometry-patterns-sushi-chef-torching-aburi-salmon-5868663f6f,present,style|seasonal|detail|audience,Detailed Coloring Pages for Adults|Detailed Coloring Pages for Adults,audience/detail candidate lacks independent review
mandala-geometry-patterns__mandala-geometry-patterns-sushi-chutoro-medium-fatty-tuna__fa24e9f4a5,/printables/detailed-for-adults/mandala-geometry-patterns-sushi-chutoro-medium-fatty-tuna-fa24e9f4a5,present,style|seasonal|detail|audience,Detailed Coloring Pages for Adults|Detailed Coloring Pages for Adults,audience/detail candidate lacks independent review
mandala-geometry-patterns__mandala-geometry-patterns-sushi-combo-box__cec19a1b5e,/printables/detailed-for-adults/mandala-geometry-patterns-sushi-combo-box-cec19a1b5e,present,style|seasonal|detail|audience,Detailed Coloring Pages for Adults|Detailed Coloring Pages for Adults,audience/detail candidate lacks independent review
mandala-geometry-patterns__mandala-geometry-patterns-sushi-crab-stick-nigiri__dc30d0670d,/printables/animals/mandala-geometry-patterns-sushi-crab-stick-nigiri-dc30d0670d,present,style|seasonal|detail|audience,Detailed Coloring Pages for Adults|Detailed Coloring Pages for Adults,audience/detail candidate lacks independent review
mandala-geometry-patterns__mandala-geometry-patterns-sushi-cream-cheese-roll__2ff1a8883a,/printables/detailed-for-adults/mandala-geometry-patterns-sushi-cream-cheese-roll-2ff1a8883a,present,style|seasonal|detail|audience,Detailed Coloring Pages for Adults|Detailed Coloring Pages for Adults,audience/detail candidate lacks independent review
mandala-geometry-patterns__mandala-geometry-patterns-sushi-crunchy-roll__52dc57744c,/printables/detailed-for-adults/mandala-geometry-patterns-sushi-crunchy-roll-52dc57744c,present,style|seasonal|detail|audience,Detailed Coloring Pages for Adults|Detailed Coloring Pages for Adults,audience/detail candidate lacks independent review
mandala-geometry-patterns__mandala-geometry-patterns-sushi-cucumber-maki__903fb7a768,/printables/detailed-for-adults/mandala-geometry-patterns-sushi-cucumber-maki-903fb7a768,present,style|seasonal|detail|audience,Detailed Coloring Pages for Adults|Detailed Coloring Pages for Adults,audience/detail candidate lacks independent review
mandala-geometry-patterns__mandala-geometry-patterns-sushi-cup-of-green-tea__da9a87fa49,/printables/detailed-for-adults/mandala-geometry-patterns-sushi-cup-of-green-tea-da9a87fa49,present,style|seasonal|detail|audience,Detailed Coloring Pages for Adults|Detailed Coloring Pages for Adults,audience/detail candidate lacks independent review
mandala-geometry-patterns__mandala-geometry-patterns-sushi-cup-of-miso-soup__5663462a14,/printables/detailed-for-adults/mandala-geometry-patterns-sushi-cup-of-miso-soup-5663462a14,present,style|seasonal|detail|audience,Detailed Coloring Pages for Adults|Detailed Coloring Pages for Adults,audience/detail candidate lacks independent review
mandala-geometry-patterns__mandala-geometry-patterns-sushi-cutting-board-and-knife-roll-tuna__b5387b0667,/printables/detailed-for-adults/mandala-geometry-patterns-sushi-cutting-board-and-knife-roll-tuna-b5387b0667,present,style|seasonal|detail|audience,Detailed Coloring Pages for Adults|Detailed Coloring Pages for Adults,audience/detail candidate lacks independent review
mandala-geometry-patterns__mandala-geometry-patterns-sushi-dancing-maki-roll__2a963b21f6,/printables/detailed-for-adults/mandala-geometry-patterns-sushi-dancing-maki-roll-2a963b21f6,present,style|seasonal|detail|audience,Detailed Coloring Pages for Adults|Detailed Coloring Pages for Adults,audience/detail candidate lacks independent review
mandala-geometry-patterns__mandala-geometry-patterns-sushi-decorated-bento-lunch__baa3695ecf,/printables/detailed-for-adults/mandala-geometry-patterns-sushi-decorated-bento-lunch-baa3695ecf,present,style|seasonal|detail|audience,Detailed Coloring Pages for Adults|Detailed Coloring Pages for Adults,audience/detail candidate lacks independent review
mandala-geometry-patterns__mandala-geometry-patterns-sushi-dragon-rol__d280bdb12d,/printables/detailed-for-adults/mandala-geometry-patterns-sushi-dragon-rol-d280bdb12d,present,style|seasonal|detail|audience,Detailed Coloring Pages for Adults|Detailed Coloring Pages for Adults,audience/detail candidate lacks independent review
mandala-geometry-patterns__mandala-geometry-patterns-sushi-dynamite-roll__59e95773cb,/printables/detailed-for-adults/mandala-geometry-patterns-sushi-dynamite-roll-59e95773cb,present,style|seasonal|detail|audience,Detailed Coloring Pages for Adults|Detailed Coloring Pages for Adults,audience/detail candidate lacks independent review
mandala-geometry-patterns__mandala-geometry-patterns-sushi-edamame-roll-tuna__dd3a5ca4a3,/printables/detailed-for-adults/mandala-geometry-patterns-sushi-edamame-roll-tuna-dd3a5ca4a3,present,style|seasonal|detail|audience,Detailed Coloring Pages for Adults|Detailed Coloring Pages for Adults,audience/detail candidate lacks independent review
mandala-geometry-patterns__mandala-geometry-patterns-sushi-eel-sauce-drizzle__19c4c4f42f,/printables/detailed-for-adults/mandala-geometry-patterns-sushi-eel-sauce-drizzle-19c4c4f42f,present,style|seasonal|detail|audience,Detailed Coloring Pages for Adults|Detailed Coloring Pages for Adults,audience/detail candidate lacks independent review
mandala-geometry-patterns__mandala-geometry-patterns-sushi-egg-tamago-nigiri__8f8f764ac0,/printables/detailed-for-adults/mandala-geometry-patterns-sushi-egg-tamago-nigiri-8f8f764ac0,present,style|seasonal|detail|audience,Detailed Coloring Pages for Adults|Detailed Coloring Pages for Adults,audience/detail candidate lacks independent review
mandala-geometry-patterns__mandala-geometry-patterns-sushi-family-sushi-night__87bd9f5ef3,/printables/detailed-for-adults/mandala-geometry-patterns-sushi-family-sushi-night-87bd9f5ef3,present,style|seasonal|detail|audience,Detailed Coloring Pages for Adults|Detailed Coloring Pages for Adults,audience/detail candidate lacks independent review
mandala-geometry-patterns__mandala-geometry-patterns-sushi-festival-sushi-food-cart__9e13ae5607,/printables/detailed-for-adults/mandala-geometry-patterns-sushi-festival-sushi-food-cart-9e13ae5607,present,style|seasonal|detail|audience,Detailed Coloring Pages for Adults|Detailed Coloring Pages for Adults,audience/detail candidate lacks independent review
mandala-geometry-patterns__mandala-geometry-patterns-sushi-festival-sushi-stall__114268e21a,/printables/detailed-for-adults/mandala-geometry-patterns-sushi-festival-sushi-stall-114268e21a,present,style|seasonal|detail|audience,Detailed Coloring Pages for Adults|Detailed Coloring Pages for Adults,audience/detail candidate lacks independent review
mandala-geometry-patterns__mandala-geometry-patterns-sushi-festival-sushi-stand__db56d56e59,/printables/detailed-for-adults/mandala-geometry-patterns-sushi-festival-sushi-stand-db56d56e59,present,style|seasonal|detail|audience,Detailed Coloring Pages for Adults|Detailed Coloring Pages for Adults,audience/detail candidate lacks independent review
mandala-geometry-patterns__mandala-geometry-patterns-sushi-fried-oyster-roll__e403a2cc75,/printables/detailed-for-adults/mandala-geometry-patterns-sushi-fried-oyster-roll-e403a2cc75,present,style|seasonal|detail|audience,Detailed Coloring Pages for Adults|Detailed Coloring Pages for Adults,audience/detail candidate lacks independent review
mandala-geometry-patterns__mandala-geometry-patterns-sushi-friends-eating-sushi__37d8dec023,/printables/detailed-for-adults/mandala-geometry-patterns-sushi-friends-eating-sushi-37d8dec023,present,style|seasonal|detail|audience,Detailed Coloring Pages for Adults|Detailed Coloring Pages for Adults,audience/detail candidate lacks independent review
mandala-geometry-patterns__mandala-geometry-patterns-sushi-futomaki__2d0ca86c89,/printables/detailed-for-adults/mandala-geometry-patterns-sushi-futomaki-2d0ca86c89,present,style|seasonal|detail|audience,Detailed Coloring Pages for Adults|Detailed Coloring Pages for Adults,audience/detail candidate lacks independent review
mandala-geometry-patterns__mandala-geometry-patterns-sushi-gunkan-sushi-crab-salad__db9b55fca5,/printables/animals/mandala-geometry-patterns-sushi-gunkan-sushi-crab-salad-db9b55fca5,present,style|seasonal|detail|audience,Detailed Coloring Pages for Adults|Detailed Coloring Pages for Adults,audience/detail candidate lacks independent review
mandala-geometry-patterns__mandala-geometry-patterns-sushi-gunkan-sushi-fish-roe-mix__a65d28bbf1,/printables/animals/mandala-geometry-patterns-sushi-gunkan-sushi-fish-roe-mix-a65d28bbf1,present,style|seasonal|detail|audience,Detailed Coloring Pages for Adults|Detailed Coloring Pages for Adults,audience/detail candidate lacks independent review
mandala-geometry-patterns__mandala-geometry-patterns-sushi-gunkan-sushi-salmon-roe__45d2bb243d,/printables/detailed-for-adults/mandala-geometry-patterns-sushi-gunkan-sushi-salmon-roe-45d2bb243d,present,style|seasonal|detail|audience,Detailed Coloring Pages for Adults|Detailed Coloring Pages for Adults,audience/detail candidate lacks independent review
mandala-geometry-patterns__mandala-geometry-patterns-sushi-gunkan-sushi-spicy-scallop__4bedc80de0,/printables/detailed-for-adults/mandala-geometry-patterns-sushi-gunkan-sushi-spicy-scallop-4bedc80de0,present,style|seasonal|detail|audience,Detailed Coloring Pages for Adults|Detailed Coloring Pages for Adults,audience/detail candidate lacks independent review
mandala-geometry-patterns__mandala-geometry-patterns-sushi-gunkan-sushi-uni-sea-urchin__522e9d1cef,/printables/detailed-for-adults/mandala-geometry-patterns-sushi-gunkan-sushi-uni-sea-urchin-522e9d1cef,present,style|seasonal|detail|audience,Detailed Coloring Pages for Adults|Detailed Coloring Pages for Adults,audience/detail candidate lacks independent review
mandala-geometry-patterns__mandala-geometry-patterns-sushi-hand-roll-salmon__a72f6a2c5a,/printables/detailed-for-adults/mandala-geometry-patterns-sushi-hand-roll-salmon-a72f6a2c5a,present,style|seasonal|detail|audience,Detailed Coloring Pages for Adults|Detailed Coloring Pages for Adults,audience/detail candidate lacks independent review
mandala-geometry-patterns__mandala-geometry-patterns-sushi-hand-roll-temaki__fbfa096a44,/printables/detailed-for-adults/mandala-geometry-patterns-sushi-hand-roll-temaki-fbfa096a44,present,style|seasonal|detail|audience,Detailed Coloring Pages for Adults|Detailed Coloring Pages for Adults,audience/detail candidate lacks independent review
mandala-geometry-patterns__mandala-geometry-patterns-sushi-hand-roll-tuna-roll-tuna__f5f95b5a03,/printables/detailed-for-adults/mandala-geometry-patterns-sushi-hand-roll-tuna-roll-tuna-f5f95b5a03,present,style|seasonal|detail|audience,Detailed Coloring Pages for Adults|Detailed Coloring Pages for Adults,audience/detail candidate lacks independent review
mandala-geometry-patterns__mandala-geometry-patterns-sushi-hand-roll-veggie-roll-tuna__d9e94ecd69,/printables/detailed-for-adults/mandala-geometry-patterns-sushi-hand-roll-veggie-roll-tuna-d9e94ecd69,present,style|seasonal|detail|audience,Detailed Coloring Pages for Adults|Detailed Coloring Pages for Adults,audience/detail candidate lacks independent review
mandala-geometry-patterns__mandala-geometry-patterns-sushi-hawaii-roll__5eb106a485,/printables/detailed-for-adults/mandala-geometry-patterns-sushi-hawaii-roll-5eb106a485,present,style|seasonal|detail|audience,Detailed Coloring Pages for Adults|Detailed Coloring Pages for Adults,audience/detail candidate lacks independent review
mandala-geometry-patterns__mandala-geometry-patterns-sushi-holiday-christmas-roll__44ec0c8f04,/printables/christmas/mandala-geometry-patterns-sushi-holiday-christmas-roll-44ec0c8f04,present,style|detail|audience,Detailed Coloring Pages for Adults|Detailed Coloring Pages for Adults,audience/detail candidate lacks independent review
mandala-geometry-patterns__mandala-geometry-patterns-sushi-holiday-diwali-roll__6f361384b3,/printables/detailed-for-adults/mandala-geometry-patterns-sushi-holiday-diwali-roll-6f361384b3,present,style|detail|audience,Detailed Coloring Pages for Adults|Detailed Coloring Pages for Adults,audience/detail candidate lacks independent review
mandala-geometry-patterns__mandala-geometry-patterns-sushi-holiday-halloween-roll__a39da25a9e,/printables/detailed-for-adults/mandala-geometry-patterns-sushi-holiday-halloween-roll-a39da25a9e,present,style|detail|audience,Detailed Coloring Pages for Adults|Detailed Coloring Pages for Adults,audience/detail candidate lacks independent review
mandala-geometry-patterns__mandala-geometry-patterns-sushi-holiday-new-year-roll__e3cd20e5be,/printables/detailed-for-adults/mandala-geometry-patterns-sushi-holiday-new-year-roll-e3cd20e5be,present,style|detail|audience,Detailed Coloring Pages for Adults|Detailed Coloring Pages for Adults,audience/detail candidate lacks independent review
mandala-geometry-patterns__mandala-geometry-patterns-sushi-holiday-valentine-heart-roll__b23bc22109,/printables/detailed-for-adults/mandala-geometry-patterns-sushi-holiday-valentine-heart-roll-b23bc22109,present,style|detail|audience,Detailed Coloring Pages for Adults|Detailed Coloring Pages for Adults,audience/detail candidate lacks independent review
mandala-geometry-patterns__mandala-geometry-patterns-sushi-hosomaki__86b34efab5,/printables/detailed-for-adults/mandala-geometry-patterns-sushi-hosomaki-86b34efab5,present,style|seasonal|detail|audience,Detailed Coloring Pages for Adults|Detailed Coloring Pages for Adults,audience/detail candidate lacks independent review
mandala-geometry-patterns__mandala-geometry-patterns-sushi-hotate-scallop__89da046633,/printables/detailed-for-adults/mandala-geometry-patterns-sushi-hotate-scallop-89da046633,present,style|seasonal|detail|audience,Detailed Coloring Pages for Adults|Detailed Coloring Pages for Adults,audience/detail candidate lacks independent review
mandala-geometry-patterns__mandala-geometry-patterns-sushi-ikura-salmon-roe__f287d54387,/printables/detailed-for-adults/mandala-geometry-patterns-sushi-ikura-salmon-roe-f287d54387,present,style|seasonal|detail|audience,Detailed Coloring Pages for Adults|Detailed Coloring Pages for Adults,audience/detail candidate lacks independent review
mandala-geometry-patterns__mandala-geometry-patterns-sushi-japanese-bridge-restaurant-view__352733f972,/printables/bridges/mandala-geometry-patterns-sushi-japanese-bridge-restaurant-view-352733f972,present,style|seasonal|detail|audience,Detailed Coloring Pages for Adults|Detailed Coloring Pages for Adults,audience/detail candidate lacks independent review
mandala-geometry-patterns__mandala-geometry-patterns-sushi-japanese-lantern-at-sushi-bar-roll-tuna__70470a726e,/printables/detailed-for-adults/mandala-geometry-patterns-sushi-japanese-lantern-at-sushi-bar-roll-tuna-70470a726e,present,style|seasonal|detail|audience,Detailed Coloring Pages for Adults|Detailed Coloring Pages for Adults,audience/detail candidate lacks independent review
mandala-geometry-patterns__mandala-geometry-patterns-sushi-japanese-lantern-at-sushi-bar-tuna-roll__1a3c1fc2bc,/printables/detailed-for-adults/mandala-geometry-patterns-sushi-japanese-lantern-at-sushi-bar-tuna-roll-1a3c1fc2bc,present,style|seasonal|detail|audience,Detailed Coloring Pages for Adults|Detailed Coloring Pages for Adults,audience/detail candidate lacks independent review
mandala-geometry-patterns__mandala-geometry-patterns-sushi-japanese-paper-lanterns__9ec2b6cc08,/printables/detailed-for-adults/mandala-geometry-patterns-sushi-japanese-paper-lanterns-9ec2b6cc08,present,style|seasonal|detail|audience,Detailed Coloring Pages for Adults|Detailed Coloring Pages for Adults,audience/detail candidate lacks independent review
mandala-geometry-patterns__mandala-geometry-patterns-sushi-japanese-restaurant-interior__90971dbdc5,/printables/detailed-for-adults/mandala-geometry-patterns-sushi-japanese-restaurant-interior-90971dbdc5,present,style|seasonal|detail|audience,Detailed Coloring Pages for Adults|Detailed Coloring Pages for Adults,audience/detail candidate lacks independent review
mandala-geometry-patterns__mandala-geometry-patterns-sushi-japanese-tea-cup__a79fc4d9c1,/printables/detailed-for-adults/mandala-geometry-patterns-sushi-japanese-tea-cup-a79fc4d9c1,present,style|seasonal|detail|audience,Detailed Coloring Pages for Adults|Detailed Coloring Pages for Adults,audience/detail candidate lacks independent review
mandala-geometry-patterns__mandala-geometry-patterns-sushi-kawaii-sushi-character-roll-tuna__d17a18e33d,/printables/detailed-for-adults/mandala-geometry-patterns-sushi-kawaii-sushi-character-roll-tuna-d17a18e33d,present,style|seasonal|detail|audience,Coloring Pages for Kids|Detailed Coloring Pages for Adults|Detailed Coloring Pages for Adults|Easy,audience/detail candidate lacks independent review
mandala-geometry-patterns__mandala-geometry-patterns-sushi-kids-making-sushi__805ffaf5b0,/printables/detailed-for-adults/mandala-geometry-patterns-sushi-kids-making-sushi-805ffaf5b0,present,style|seasonal|detail|audience,Detailed Coloring Pages for Adults|Detailed Coloring Pages for Adults,audience/detail candidate lacks independent review
mandala-geometry-patterns__mandala-geometry-patterns-sushi-king-crab-roll__952b5dcaf3,/printables/animals/mandala-geometry-patterns-sushi-king-crab-roll-952b5dcaf3,present,style|seasonal|detail|audience,Detailed Coloring Pages for Adults|Detailed Coloring Pages for Adults,audience/detail candidate lacks independent review
mandala-geometry-patterns__mandala-geometry-patterns-sushi-koi-fish-at-restaurant__a0e36f5608,/printables/animals/mandala-geometry-patterns-sushi-koi-fish-at-restaurant-a0e36f5608,present,style|seasonal|detail|audience,Detailed Coloring Pages for Adults|Detailed Coloring Pages for Adults,audience/detail candidate lacks independent review
mandala-geometry-patterns__mandala-geometry-patterns-sushi-koi-pond-garden-scene__bdce531eeb,/printables/detailed-for-adults/mandala-geometry-patterns-sushi-koi-pond-garden-scene-bdce531eeb,present,style|seasonal|detail|audience,Detailed Coloring Pages for Adults|Detailed Coloring Pages for Adults,audience/detail candidate lacks independent review
mandala-geometry-patterns__mandala-geometry-patterns-sushi-live-lobster-roll__a8db9c19d8,/printables/detailed-for-adults/mandala-geometry-patterns-sushi-live-lobster-roll-a8db9c19d8,present,style|seasonal|detail|audience,Detailed Coloring Pages for Adults|Detailed Coloring Pages for Adults,audience/detail candidate lacks independent review
mandala-geometry-patterns__mandala-geometry-patterns-sushi-maki-roll__8efd042908,/printables/detailed-for-adults/mandala-geometry-patterns-sushi-maki-roll-8efd042908,present,style|seasonal|detail|audience,Detailed Coloring Pages for Adults|Detailed Coloring Pages for Adults,audience/detail candidate lacks independent review
mandala-geometry-patterns__mandala-geometry-patterns-sushi-mango-roll__1756647d0c,/printables/detailed-for-adults/mandala-geometry-patterns-sushi-mango-roll-1756647d0c,present,style|seasonal|detail|audience,Detailed Coloring Pages for Adults|Detailed Coloring Pages for Adults,audience/detail candidate lacks independent review
mandala-geometry-patterns__mandala-geometry-patterns-sushi-nigiri-on-bamboo-leaf__eeff6e5baf,/printables/detailed-for-adults/mandala-geometry-patterns-sushi-nigiri-on-bamboo-leaf-eeff6e5baf,present,style|seasonal|detail|audience,Detailed Coloring Pages for Adults|Detailed Coloring Pages for Adults,audience/detail candidate lacks independent review
mandala-geometry-patterns__mandala-geometry-patterns-sushi-nigiri-on-lotus-leaf__8317d93647,/printables/detailed-for-adults/mandala-geometry-patterns-sushi-nigiri-on-lotus-leaf-8317d93647,present,style|seasonal|detail|audience,Detailed Coloring Pages for Adults|Detailed Coloring Pages for Adults,audience/detail candidate lacks independent review
mandala-geometry-patterns__mandala-geometry-patterns-sushi-octopus-nigiri__29d634566c,/printables/animals/mandala-geometry-patterns-sushi-octopus-nigiri-29d634566c,present,style|seasonal|detail|audience,Detailed Coloring Pages for Adults|Detailed Coloring Pages for Adults,audience/detail candidate lacks independent review
mandala-geometry-patterns__mandala-geometry-patterns-sushi-omakase-chef-choice__14a796e598,/printables/detailed-for-adults/mandala-geometry-patterns-sushi-omakase-chef-choice-14a796e598,present,style|seasonal|detail|audience,Detailed Coloring Pages for Adults|Detailed Coloring Pages for Adults,audience/detail candidate lacks independent review
mandala-geometry-patterns__mandala-geometry-patterns-sushi-onigiri-kawaii-face__3d52ac7efd,/printables/detailed-for-adults/mandala-geometry-patterns-sushi-onigiri-kawaii-face-3d52ac7efd,present,style|seasonal|detail|audience,Coloring Pages for Kids|Detailed Coloring Pages for Adults|Detailed Coloring Pages for Adults|Easy,audience/detail candidate lacks independent review
mandala-geometry-patterns__mandala-geometry-patterns-sushi-onigiri-with-salmon__aded18a643,/printables/detailed-for-adults/mandala-geometry-patterns-sushi-onigiri-with-salmon-aded18a643,present,style|seasonal|detail|audience,Detailed Coloring Pages for Adults|Detailed Coloring Pages for Adults,audience/detail candidate lacks independent review
mandala-geometry-patterns__mandala-geometry-patterns-sushi-pair-of-chopsticks-roll-tuna__499db159a5,/printables/detailed-for-adults/mandala-geometry-patterns-sushi-pair-of-chopsticks-roll-tuna-499db159a5,present,style|seasonal|detail|audience,Detailed Coloring Pages for Adults|Detailed Coloring Pages for Adults,audience/detail candidate lacks independent review
mandala-geometry-patterns__mandala-geometry-patterns-sushi-pair-of-chopsticks-tuna-roll__b078f04c2b,/printables/detailed-for-adults/mandala-geometry-patterns-sushi-pair-of-chopsticks-tuna-roll-b078f04c2b,present,style|seasonal|detail|audience,Detailed Coloring Pages for Adults|Detailed Coloring Pages for Adults,audience/detail candidate lacks independent review
mandala-geometry-patterns__mandala-geometry-patterns-sushi-pair-of-lacquer-chopsticks-be-creative__b2a604cefe,/printables/detailed-for-adults/mandala-geometry-patterns-sushi-pair-of-lacquer-chopsticks-be-creative-b2a604cefe,present,style|seasonal|detail|audience,Detailed Coloring Pages for Adults|Detailed Coloring Pages for Adults,audience/detail candidate lacks independent review
mandala-geometry-patterns__mandala-geometry-patterns-sushi-panda-onigiri__afcee57e08,/printables/detailed-for-adults/mandala-geometry-patterns-sushi-panda-onigiri-afcee57e08,present,style|seasonal|detail|audience,Detailed Coloring Pages for Adults|Detailed Coloring Pages for Adults,audience/detail candidate lacks independent review
mandala-geometry-patterns__mandala-geometry-patterns-sushi-panko-shrimp-roll__8ad0e098ed,/printables/detailed-for-adults/mandala-geometry-patterns-sushi-panko-shrimp-roll-8ad0e098ed,present,style|seasonal|detail|audience,Detailed Coloring Pages for Adults|Detailed Coloring Pages for Adults,audience/detail candidate lacks independent review
mandala-geometry-patterns__mandala-geometry-patterns-sushi-philadelphia-roll__0e83d8c8a4,/printables/detailed-for-adults/mandala-geometry-patterns-sushi-philadelphia-roll-0e83d8c8a4,present,style|seasonal|detail|audience,Detailed Coloring Pages for Adults|Detailed Coloring Pages for Adults,audience/detail candidate lacks independent review
mandala-geometry-patterns__mandala-geometry-patterns-sushi-pickled-ginger-roll-tuna__09af89a1e7,/printables/detailed-for-adults/mandala-geometry-patterns-sushi-pickled-ginger-roll-tuna-09af89a1e7,present,style|seasonal|detail|audience,Detailed Coloring Pages for Adults|Detailed Coloring Pages for Adults,audience/detail candidate lacks independent review
mandala-geometry-patterns__mandala-geometry-patterns-sushi-platter-with-ginger-rose__f2ad32c446,/printables/detailed-for-adults/mandala-geometry-patterns-sushi-platter-with-ginger-rose-f2ad32c446,present,style|seasonal|detail|audience,Detailed Coloring Pages for Adults|Detailed Coloring Pages for Adults,audience/detail candidate lacks independent review
mandala-geometry-patterns__mandala-geometry-patterns-sushi-rainbow-roll__b67a8f904d,/printables/detailed-for-adults/mandala-geometry-patterns-sushi-rainbow-roll-b67a8f904d,present,style|seasonal|detail|audience,Detailed Coloring Pages for Adults|Detailed Coloring Pages for Adults,audience/detail candidate lacks independent review
mandala-geometry-patterns__mandala-geometry-patterns-sushi-rainbow-sashimi-roll__b4b9e0cda5,/printables/detailed-for-adults/mandala-geometry-patterns-sushi-rainbow-sashimi-roll-b4b9e0cda5,present,style|seasonal|detail|audience,Detailed Coloring Pages for Adults|Detailed Coloring Pages for Adults,audience/detail candidate lacks independent review
mandala-geometry-patterns__mandala-geometry-patterns-sushi-rice-ball-onigiri__22db35c3cd,/printables/detailed-for-adults/mandala-geometry-patterns-sushi-rice-ball-onigiri-22db35c3cd,present,style|seasonal|detail|audience,Detailed Coloring Pages for Adults|Detailed Coloring Pages for Adults,audience/detail candidate lacks independent review
mandala-geometry-patterns__mandala-geometry-patterns-sushi-roll__0bd4cd7185,/printables/detailed-for-adults/mandala-geometry-patterns-sushi-roll-0bd4cd7185,present,style|seasonal|detail|audience,Detailed Coloring Pages for Adults|Detailed Coloring Pages for Adults,audience/detail candidate lacks independent review
mandala-geometry-patterns__mandala-geometry-patterns-sushi-rolling-mat-and-nori-roll-tuna__0e74cbe507,/printables/detailed-for-adults/mandala-geometry-patterns-sushi-rolling-mat-and-nori-roll-tuna-0e74cbe507,present,style|seasonal|detail|audience,Detailed Coloring Pages for Adults|Detailed Coloring Pages for Adults,audience/detail candidate lacks independent review
mandala-geometry-patterns__mandala-geometry-patterns-sushi-sake-bottle-and-cups__cfcc4824bb,/printables/detailed-for-adults/mandala-geometry-patterns-sushi-sake-bottle-and-cups-cfcc4824bb,present,style|seasonal|detail|audience,Detailed Coloring Pages for Adults|Detailed Coloring Pages for Adults,audience/detail candidate lacks independent review
mandala-geometry-patterns__mandala-geometry-patterns-sushi-salmon-maki__99d9b50ecc,/printables/detailed-for-adults/mandala-geometry-patterns-sushi-salmon-maki-99d9b50ecc,present,style|seasonal|detail|audience,Detailed Coloring Pages for Adults|Detailed Coloring Pages for Adults,audience/detail candidate lacks independent review
mandala-geometry-patterns__mandala-geometry-patterns-sushi-salmon-nigiri__106552eae9,/printables/detailed-for-adults/mandala-geometry-patterns-sushi-salmon-nigiri-106552eae9,present,style|seasonal|detail|audience,Detailed Coloring Pages for Adults|Detailed Coloring Pages for Adults,audience/detail candidate lacks independent review
mandala-geometry-patterns__mandala-geometry-patterns-sushi-salmon-skin-roll__f6a7d1bd6d,/printables/detailed-for-adults/mandala-geometry-patterns-sushi-salmon-skin-roll-f6a7d1bd6d,present,style|seasonal|detail|audience,Detailed Coloring Pages for Adults|Detailed Coloring Pages for Adults,audience/detail candidate lacks independent review
mandala-geometry-patterns__mandala-geometry-patterns-sushi-sashimi-assortment-platter__27e09a2f43,/printables/detailed-for-adults/mandala-geometry-patterns-sushi-sashimi-assortment-platter-27e09a2f43,present,style|seasonal|detail|audience,Detailed Coloring Pages for Adults|Detailed Coloring Pages for Adults,audience/detail candidate lacks independent review
mandala-geometry-patterns__mandala-geometry-patterns-sushi-sashimi-octopus__5bec3bfb00,/printables/animals/mandala-geometry-patterns-sushi-sashimi-octopus-5bec3bfb00,present,style|seasonal|detail|audience,Detailed Coloring Pages for Adults|Detailed Coloring Pages for Adults,audience/detail candidate lacks independent review
mandala-geometry-patterns__mandala-geometry-patterns-sushi-sashimi-salmon-roll-tuna__b8a5051892,/printables/detailed-for-adults/mandala-geometry-patterns-sushi-sashimi-salmon-roll-tuna-b8a5051892,present,style|seasonal|detail|audience,Detailed Coloring Pages for Adults|Detailed Coloring Pages for Adults,audience/detail candidate lacks independent review
mandala-geometry-patterns__mandala-geometry-patterns-sushi-sashimi-tuna-roll-tuna__3ff793c088,/printables/detailed-for-adults/mandala-geometry-patterns-sushi-sashimi-tuna-roll-tuna-3ff793c088,present,style|seasonal|detail|audience,Detailed Coloring Pages for Adults|Detailed Coloring Pages for Adults,audience/detail candidate lacks independent review
mandala-geometry-patterns__mandala-geometry-patterns-sushi-sashimi-yellowtail-roll-tuna__446a0168e3,/printables/detailed-for-adults/mandala-geometry-patterns-sushi-sashimi-yellowtail-roll-tuna-446a0168e3,present,style|seasonal|detail|audience,Detailed Coloring Pages for Adults|Detailed Coloring Pages for Adults,audience/detail candidate lacks independent review
mandala-geometry-patterns__mandala-geometry-patterns-sushi-scallop-nigiri__68b438d585,/printables/detailed-for-adults/mandala-geometry-patterns-sushi-scallop-nigiri-68b438d585,present,style|seasonal|detail|audience,Detailed Coloring Pages for Adults|Detailed Coloring Pages for Adults,audience/detail candidate lacks independent review
mandala-geometry-patterns__mandala-geometry-patterns-sushi-seared-beef-sushi__77fdc26918,/printables/detailed-for-adults/mandala-geometry-patterns-sushi-seared-beef-sushi-77fdc26918,present,style|seasonal|detail|audience,Detailed Coloring Pages for Adults|Detailed Coloring Pages for Adults,audience/detail candidate lacks independent review
mandala-geometry-patterns__mandala-geometry-patterns-sushi-seasonal-pumpkin-roll__03d44069b0,/printables/detailed-for-adults/mandala-geometry-patterns-sushi-seasonal-pumpkin-roll-03d44069b0,present,style|seasonal|detail|audience,Detailed Coloring Pages for Adults|Detailed Coloring Pages for Adults,audience/detail candidate lacks independent review
mandala-geometry-patterns__mandala-geometry-patterns-sushi-seasonal-sakura-roll__ca3c67fc0f,/printables/detailed-for-adults/mandala-geometry-patterns-sushi-seasonal-sakura-roll-ca3c67fc0f,present,style|seasonal|detail|audience,Detailed Coloring Pages for Adults|Detailed Coloring Pages for Adults,audience/detail candidate lacks independent review
mandala-geometry-patterns__mandala-geometry-patterns-sushi-seaweed-nori-sheet__f9ea8b1326,/printables/detailed-for-adults/mandala-geometry-patterns-sushi-seaweed-nori-sheet-f9ea8b1326,present,style|seasonal|detail|audience,Detailed Coloring Pages for Adults|Detailed Coloring Pages for Adults,audience/detail candidate lacks independent review
mandala-geometry-patterns__mandala-geometry-patterns-sushi-seaweed-salad-roll-tuna__70a6c1817c,/printables/detailed-for-adults/mandala-geometry-patterns-sushi-seaweed-salad-roll-tuna-70a6c1817c,present,style|seasonal|detail|audience,Detailed Coloring Pages for Adults|Detailed Coloring Pages for Adults,audience/detail candidate lacks independent review
mandala-geometry-patterns__mandala-geometry-patterns-sushi-shrimp-nigiri__ca1914a8fa,/printables/detailed-for-adults/mandala-geometry-patterns-sushi-shrimp-nigiri-ca1914a8fa,present,style|seasonal|detail|audience,Detailed Coloring Pages for Adults|Detailed Coloring Pages for Adults,audience/detail candidate lacks independent review
mandala-geometry-patterns__mandala-geometry-patterns-sushi-smiling-maki-roll-roll-tuna__0efb59be0a,/printables/detailed-for-adults/mandala-geometry-patterns-sushi-smiling-maki-roll-tuna-0efb59be0a,present,style|seasonal|detail|audience,Detailed Coloring Pages for Adults|Detailed Coloring Pages for Adults,audience/detail candidate lacks independent review
mandala-geometry-patterns__mandala-geometry-patterns-sushi-smiling-nigiri-roll-tuna__372fa1ba02,/printables/detailed-for-adults/mandala-geometry-patterns-sushi-smiling-nigiri-roll-tuna-372fa1ba02,present,style|seasonal|detail|audience,Detailed Coloring Pages for Adults|Detailed Coloring Pages for Adults,audience/detail candidate lacks independent review
mandala-geometry-patterns__mandala-geometry-patterns-sushi-soft-shell-crab-roll__bcb972f349,/printables/animals/mandala-geometry-patterns-sushi-soft-shell-crab-roll-bcb972f349,present,style|seasonal|detail|audience,Detailed Coloring Pages for Adults|Detailed Coloring Pages for Adults,audience/detail candidate lacks independent review
mandala-geometry-patterns__mandala-geometry-patterns-sushi-soy-sauce-dish-roll-tuna__8e32584e61,/printables/detailed-for-adults/mandala-geometry-patterns-sushi-soy-sauce-dish-roll-tuna-8e32584e61,present,style|seasonal|detail|audience,Detailed Coloring Pages for Adults|Detailed Coloring Pages for Adults,audience/detail candidate lacks independent review
mandala-geometry-patterns__mandala-geometry-patterns-sushi-spicy-crab-roll__f92ccad8ec,/printables/animals/mandala-geometry-patterns-sushi-spicy-crab-roll-f92ccad8ec,present,style|seasonal|detail|audience,Detailed Coloring Pages for Adults|Detailed Coloring Pages for Adults,audience/detail candidate lacks independent review
mandala-geometry-patterns__mandala-geometry-patterns-sushi-spicy-mayo-drizzle__20cc4a11c0,/printables/detailed-for-adults/mandala-geometry-patterns-sushi-spicy-mayo-drizzle-20cc4a11c0,present,style|seasonal|detail|audience,Detailed Coloring Pages for Adults|Detailed Coloring Pages for Adults,audience/detail candidate lacks independent review
mandala-geometry-patterns__mandala-geometry-patterns-sushi-spicy-scallop-roll__2ff826ebdd,/printables/detailed-for-adults/mandala-geometry-patterns-sushi-spicy-scallop-roll-2ff826ebdd,present,style|seasonal|detail|audience,Detailed Coloring Pages for Adults|Detailed Coloring Pages for Adults,audience/detail candidate lacks independent review
mandala-geometry-patterns__mandala-geometry-patterns-sushi-spicy-tuna-roll__b7798a486e,/printables/detailed-for-adults/mandala-geometry-patterns-sushi-spicy-tuna-roll-b7798a486e,present,style|seasonal|detail|audience,Detailed Coloring Pages for Adults|Detailed Coloring Pages for Adults,audience/detail candidate lacks independent review
mandala-geometry-patterns__mandala-geometry-patterns-sushi-spider-roll__307abddfe7,/printables/animals/mandala-geometry-patterns-sushi-spider-roll-307abddfe7,present,style|seasonal|detail|audience,Detailed Coloring Pages for Adults|Detailed Coloring Pages for Adults,audience/detail candidate lacks independent review
mandala-geometry-patterns__mandala-geometry-patterns-sushi-sushi-bar-counter-roll-tuna__f27ed67471,/printables/detailed-for-adults/mandala-geometry-patterns-sushi-bar-counter-roll-tuna-f27ed67471,present,style|seasonal|detail|audience,Detailed Coloring Pages for Adults|Detailed Coloring Pages for Adults,audience/detail candidate lacks independent review
mandala-geometry-patterns__mandala-geometry-patterns-sushi-sushi-bar-counter-tuna-roll__cb5599d57d,/printables/detailed-for-adults/mandala-geometry-patterns-sushi-bar-counter-tuna-roll-cb5599d57d,present,style|seasonal|detail|audience,Detailed Coloring Pages for Adults|Detailed Coloring Pages for Adults,audience/detail candidate lacks independent review
mandala-geometry-patterns__mandala-geometry-patterns-sushi-sushi-boat-roll-tuna__4e22f3c018,/printables/detailed-for-adults/mandala-geometry-patterns-sushi-boat-roll-tuna-4e22f3c018,present,style|seasonal|detail|audience,Detailed Coloring Pages for Adults|Detailed Coloring Pages for Adults,audience/detail candidate lacks independent review
mandala-geometry-patterns__mandala-geometry-patterns-sushi-sushi-catering-table__5ae8bddb73,/printables/detailed-for-adults/mandala-geometry-patterns-sushi-catering-table-5ae8bddb73,present,style|seasonal|detail|audience,Detailed Coloring Pages for Adults|Detailed Coloring Pages for Adults,audience/detail candidate lacks independent review
mandala-geometry-patterns__mandala-geometry-patterns-sushi-sushi-chef-roll-tuna__1a22732aea,/printables/detailed-for-adults/mandala-geometry-patterns-sushi-chef-roll-tuna-1a22732aea,present,style|seasonal|detail|audience,Detailed Coloring Pages for Adults|Detailed Coloring Pages for Adults,audience/detail candidate lacks independent review
mandala-geometry-patterns__mandala-geometry-patterns-sushi-sushi-chef-slicing-fish__fcc01d9185,/printables/animals/mandala-geometry-patterns-sushi-chef-slicing-fish-fcc01d9185,present,style|seasonal|detail|audience,Detailed Coloring Pages for Adults|Detailed Coloring Pages for Adults,audience/detail candidate lacks independent review
mandala-geometry-patterns__mandala-geometry-patterns-sushi-sushi-food-truck__c2ca139f32,/printables/detailed-for-adults/mandala-geometry-patterns-sushi-food-truck-c2ca139f32,present,style|seasonal|detail|audience,Detailed Coloring Pages for Adults|Detailed Coloring Pages for Adults,audience/detail candidate lacks independent review
mandala-geometry-patterns__mandala-geometry-patterns-sushi-sushi-making-class__967d051c5f,/printables/detailed-for-adults/mandala-geometry-patterns-sushi-making-class-967d051c5f,present,style|seasonal|detail|audience,Detailed Coloring Pages for Adults|Detailed Coloring Pages for Adults,audience/detail candidate lacks independent review
mandala-geometry-patterns__mandala-geometry-patterns-sushi-sushi-party-platter__6feb3acabf,/printables/detailed-for-adults/mandala-geometry-patterns-sushi-party-platter-6feb3acabf,present,style|seasonal|detail|audience,Detailed Coloring Pages for Adults|Detailed Coloring Pages for Adults,audience/detail candidate lacks independent review
mandala-geometry-patterns__mandala-geometry-patterns-sushi-sushi-platter-roll-tuna__8c2e5aadac,/printables/detailed-for-adults/mandala-geometry-patterns-sushi-platter-roll-tuna-8c2e5aadac,present,style|seasonal|detail|audience,Detailed Coloring Pages for Adults|Detailed Coloring Pages for Adults,audience/detail candidate lacks independent review
mandala-geometry-patterns__mandala-geometry-patterns-sushi-sushi-platter-with-flowers__f52317f8de,/printables/detailed-for-adults/mandala-geometry-patterns-sushi-platter-with-flowers-f52317f8de,present,style|seasonal|detail|audience,Detailed Coloring Pages for Adults|Detailed Coloring Pages for Adults,audience/detail candidate lacks independent review
mandala-geometry-patterns__mandala-geometry-patterns-sushi-sushi-takeout-box__4cdcf9994e,/printables/detailed-for-adults/mandala-geometry-patterns-sushi-takeout-box-4cdcf9994e,present,style|seasonal|detail|audience,Detailed Coloring Pages for Adults|Detailed Coloring Pages for Adults,audience/detail candidate lacks independent review
mandala-geometry-patterns__mandala-geometry-patterns-sushi-sushi-workstation__56b135d21f,/printables/detailed-for-adults/mandala-geometry-patterns-sushi-workstation-56b135d21f,present,style|seasonal|detail|audience,Detailed Coloring Pages for Adults|Detailed Coloring Pages for Adults,audience/detail candidate lacks independent review
mandala-geometry-patterns__mandala-geometry-patterns-sushi-table-setting-with-chopsticks__1de3af53e5,/printables/detailed-for-adults/mandala-geometry-patterns-sushi-table-setting-with-chopsticks-1de3af53e5,present,style|seasonal|detail|audience,Detailed Coloring Pages for Adults|Detailed Coloring Pages for Adults,audience/detail candidate lacks independent review
mandala-geometry-patterns__mandala-geometry-patterns-sushi-tempura-shrimp-roll__405e862542,/printables/detailed-for-adults/mandala-geometry-patterns-sushi-tempura-shrimp-roll-405e862542,present,style|seasonal|detail|audience,Detailed Coloring Pages for Adults|Detailed Coloring Pages for Adults,audience/detail candidate lacks independent review
mandala-geometry-patterns__mandala-geometry-patterns-sushi-tempura-veggie-roll__13361f6928,/printables/detailed-for-adults/mandala-geometry-patterns-sushi-tempura-veggie-roll-13361f6928,present,style|seasonal|detail|audience,Detailed Coloring Pages for Adults|Detailed Coloring Pages for Adults,audience/detail candidate lacks independent review
mandala-geometry-patterns__mandala-geometry-patterns-sushi-teriyaki-chicken-roll__6e2ceb4061,/printables/detailed-for-adults/mandala-geometry-patterns-sushi-teriyaki-chicken-roll-6e2ceb4061,present,style|seasonal|detail|audience,Detailed Coloring Pages for Adults|Detailed Coloring Pages for Adults,audience/detail candidate lacks independent review
mandala-geometry-patterns__mandala-geometry-patterns-sushi-tiger-roll__a4f72ee32c,/printables/detailed-for-adults/mandala-geometry-patterns-sushi-tiger-roll-a4f72ee32c,present,style|seasonal|detail|audience,Detailed Coloring Pages for Adults|Detailed Coloring Pages for Adults,audience/detail candidate lacks independent review
mandala-geometry-patterns__mandala-geometry-patterns-sushi-tobiko-flying-fish-roe__1bd94d7d0e,/printables/animals/mandala-geometry-patterns-sushi-tobiko-flying-fish-roe-1bd94d7d0e,present,style|seasonal|detail|audience,Detailed Coloring Pages for Adults|Detailed Coloring Pages for Adults,audience/detail candidate lacks independent review
mandala-geometry-patterns__mandala-geometry-patterns-sushi-toro-fatty-tuna__0460f8a1c3,/printables/detailed-for-adults/mandala-geometry-patterns-sushi-toro-fatty-tuna-0460f8a1c3,present,style|seasonal|detail|audience,Detailed Coloring Pages for Adults|Detailed Coloring Pages for Adults,audience/detail candidate lacks independent review
mandala-geometry-patterns__mandala-geometry-patterns-sushi-tuna-maki__c91cd34d10,/printables/detailed-for-adults/mandala-geometry-patterns-sushi-tuna-maki-c91cd34d10,present,style|seasonal|detail|audience,Detailed Coloring Pages for Adults|Detailed Coloring Pages for Adults,audience/detail candidate lacks independent review
mandala-geometry-patterns__mandala-geometry-patterns-sushi-tuna-nigiri__2eb0fe0ef4,/printables/detailed-for-adults/mandala-geometry-patterns-sushi-tuna-nigiri-2eb0fe0ef4,present,style|seasonal|detail|audience,Detailed Coloring Pages for Adults|Detailed Coloring Pages for Adults,audience/detail candidate lacks independent review
mandala-geometry-patterns__mandala-geometry-patterns-sushi-unagi-eel-nigiri__355eb06180,/printables/detailed-for-adults/mandala-geometry-patterns-sushi-unagi-eel-nigiri-355eb06180,present,style|seasonal|detail|audience,Detailed Coloring Pages for Adults|Detailed Coloring Pages for Adults,audience/detail candidate lacks independent review
mandala-geometry-patterns__mandala-geometry-patterns-sushi-unagi-roll__903665078b,/printables/detailed-for-adults/mandala-geometry-patterns-sushi-unagi-roll-903665078b,present,style|seasonal|detail|audience,Detailed Coloring Pages for Adults|Detailed Coloring Pages for Adults,audience/detail candidate lacks independent review
mandala-geometry-patterns__mandala-geometry-patterns-sushi-uramaki__ebab60f4f4,/printables/detailed-for-adults/mandala-geometry-patterns-sushi-uramaki-ebab60f4f4,present,style|seasonal|detail|audience,Detailed Coloring Pages for Adults|Detailed Coloring Pages for Adults,audience/detail candidate lacks independent review
mandala-geometry-patterns__mandala-geometry-patterns-sushi-veggie-roll__c6cd78b4bb,/printables/detailed-for-adults/mandala-geometry-patterns-sushi-veggie-roll-c6cd78b4bb,present,style|seasonal|detail|audience,Detailed Coloring Pages for Adults|Detailed Coloring Pages for Adults,audience/detail candidate lacks independent review
mandala-geometry-patterns__mandala-geometry-patterns-sushi-volcano-roll__2b95378730,/printables/detailed-for-adults/mandala-geometry-patterns-sushi-volcano-roll-2b95378730,present,style|seasonal|detail|audience,Detailed Coloring Pages for Adults|Detailed Coloring Pages for Adults,audience/detail candidate lacks independent review
mandala-geometry-patterns__mandala-geometry-patterns-sushi-wasabi-roll-tuna__1f183c0516,/printables/detailed-for-adults/mandala-geometry-patterns-sushi-wasabi-roll-tuna-1f183c0516,present,style|seasonal|detail|audience,Detailed Coloring Pages for Adults|Detailed Coloring Pages for Adults,audience/detail candidate lacks independent review
mandala-geometry-patterns__mandala-geometry-patterns-sushi-wooden-sushi-board__f48cec98d7,/printables/detailed-for-adults/mandala-geometry-patterns-sushi-wooden-sushi-board-f48cec98d7,present,style|seasonal|detail|audience,Detailed Coloring Pages for Adults|Detailed Coloring Pages for Adults,audience/detail candidate lacks independent review
mandala-geometry-patterns__mandala-geometry-patterns-symmetrical-mandala__ac49e50c14,/printables/detailed-for-adults/mandala-geometry-patterns-symmetrical-mandala-ac49e50c14,present,primary_subject|seasonal|detail|audience,Detailed Coloring Pages for Adults|Detailed Coloring Pages for Adults,audience/detail candidate lacks independent review
mandala-geometry-patterns__mandala-geometry-patterns-tiger-face-patterns__7707e09384,/printables/detailed-for-adults/mandala-geometry-patterns-tiger-face-patterns-7707e09384,present,seasonal|detail|audience,Detailed Coloring Pages for Adults|Detailed Coloring Pages for Adults,audience/detail candidate lacks independent review
mandala-geometry-patterns__mandala-geometry-patterns-tiger-running__924d53b46d,/printables/detailed-for-adults/mandala-geometry-patterns-tiger-running-924d53b46d,present,style|seasonal|detail|audience,Detailed Coloring Pages for Adults|Detailed Coloring Pages for Adults,audience/detail candidate lacks independent review
mandala-geometry-patterns__mandala-geometry-patterns-tiger-sitting__dde86be55f,/printables/detailed-for-adults/mandala-geometry-patterns-tiger-sitting-dde86be55f,present,style|seasonal|detail|audience,Detailed Coloring Pages for Adults|Detailed Coloring Pages for Adults,audience/detail candidate lacks independent review
mandala-geometry-patterns__mandala-geometry-patterns-trains-locomotives-african-savanna-safari-trai__8343621f41,/printables/detailed-for-adults/mandala-geometry-patterns-trains-locomotives-african-savanna-safari-8343621f41,present,style|seasonal|detail|audience,Detailed Coloring Pages for Adults|Detailed Coloring Pages for Adults,audience/detail candidate lacks independent review
mandala-geometry-patterns__mandala-geometry-patterns-trains-locomotives-arctic-train-on-snowy-ice-r__f87dc94339,/printables/detailed-for-adults/mandala-geometry-patterns-trains-locomotives-arctic-train-on-snowy-ice-f87dc94339,present,style|seasonal|detail|audience,Detailed Coloring Pages for Adults|Detailed Coloring Pages for Adults,audience/detail candidate lacks independent review
mandala-geometry-patterns__mandala-geometry-patterns-trains-locomotives-australian-outback-ghan-tra__f2c3f525d7,/printables/detailed-for-adults/mandala-geometry-patterns-trains-locomotives-australian-outback-ghan-f2c3f525d7,present,style|seasonal|detail|audience,Detailed Coloring Pages for Adults|Detailed Coloring Pages for Adults,audience/detail candidate lacks independent review
mandala-geometry-patterns__mandala-geometry-patterns-trains-locomotives-british-steam-heritage-trai__6969270142,/printables/detailed-for-adults/mandala-geometry-patterns-trains-locomotives-british-steam-heritage-6969270142,present,style|seasonal|detail|audience,Detailed Coloring Pages for Adults|Detailed Coloring Pages for Adults,audience/detail candidate lacks independent review
mandala-geometry-patterns__mandala-geometry-patterns-trains-locomotives-cable-car-climbing-mountain__a2809b8c72,/printables/cars/mandala-geometry-patterns-trains-locomotives-cable-car-climbing-mountain-a2809b8c72,present,style|seasonal|detail|audience,Detailed Coloring Pages for Adults|Detailed Coloring Pages for Adults,audience/detail candidate lacks independent review
mandala-geometry-patterns__mandala-geometry-patterns-trains-locomotives-canadian-rocky-mountain-tou__6415302ec2,/printables/detailed-for-adults/mandala-geometry-patterns-trains-locomotives-canadian-rocky-mountain-6415302ec2,present,style|seasonal|detail|audience,Detailed Coloring Pages for Adults|Detailed Coloring Pages for Adults,audience/detail candidate lacks independent review
mandala-geometry-patterns__mandala-geometry-patterns-trains-locomotives-cargo-freight-train-with-bo__a0770cfa7a,/printables/detailed-for-adults/mandala-geometry-patterns-trains-locomotives-cargo-freight-train-with-a0770cfa7a,present,style|seasonal|detail|audience,Detailed Coloring Pages for Adults|Detailed Coloring Pages for Adults,audience/detail candidate lacks independent review
mandala-geometry-patterns__mandala-geometry-patterns-trains-locomotives-cargo-freight-train-with-co__aa6ebc02d8,/printables/detailed-for-adults/mandala-geometry-patterns-trains-locomotives-cargo-freight-train-with-aa6ebc02d8,present,style|seasonal|detail|audience,Detailed Coloring Pages for Adults|Detailed Coloring Pages for Adults,audience/detail candidate lacks independent review
mandala-geometry-patterns__mandala-geometry-patterns-trains-locomotives-cargo-freight-train-with-lo__1d9488574e,/printables/cars/mandala-geometry-patterns-trains-locomotives-cargo-freight-train-with-1d9488574e,present,style|seasonal|detail|audience,Detailed Coloring Pages for Adults|Detailed Coloring Pages for Adults,audience/detail candidate lacks independent review
mandala-geometry-patterns__mandala-geometry-patterns-trains-locomotives-cargo-freight-train-with-ta__a8442f8cb7,/printables/cars/mandala-geometry-patterns-trains-locomotives-cargo-freight-train-with-a8442f8cb7,present,style|seasonal|detail|audience,Detailed Coloring Pages for Adults|Detailed Coloring Pages for Adults,audience/detail candidate lacks independent review
mandala-geometry-patterns__mandala-geometry-patterns-trains-locomotives-cartoon-smiling-bullet-trai__76b0f4b4c3,/printables/detailed-for-adults/mandala-geometry-patterns-trains-locomotives-cartoon-smiling-bullet-76b0f4b4c3,present,style|seasonal|detail|audience,Coloring Pages for Kids|Detailed Coloring Pages for Adults|Detailed Coloring Pages for Adults|Easy,audience/detail candidate lacks independent review
mandala-geometry-patterns__mandala-geometry-patterns-trains-locomotives-cartoon-smiling-diesel-engi__d5fbd7536b,/printables/detailed-for-adults/mandala-geometry-patterns-trains-locomotives-cartoon-smiling-diesel-d5fbd7536b,present,style|seasonal|detail|audience,Coloring Pages for Kids|Detailed Coloring Pages for Adults|Detailed Coloring Pages for Adults|Easy,audience/detail candidate lacks independent review
mandala-geometry-patterns__mandala-geometry-patterns-trains-locomotives-cartoon-smiling-steam-engin__18ac6c6422,/printables/detailed-for-adults/mandala-geometry-patterns-trains-locomotives-cartoon-smiling-steam-18ac6c6422,present,style|seasonal|detail|audience,Coloring Pages for Kids|Detailed Coloring Pages for Adults|Detailed Coloring Pages for Adults|Easy,audience/detail candidate lacks independent review
mandala-geometry-patterns__mandala-geometry-patterns-trains-locomotives-chinese-high-speed-crh-trai__4d8766c6dc,/printables/detailed-for-adults/mandala-geometry-patterns-trains-locomotives-chinese-high-speed-crh-4d8766c6dc,present,style|seasonal|detail|audience,Detailed Coloring Pages for Adults|Detailed Coloring Pages for Adults,audience/detail candidate lacks independent review
mandala-geometry-patterns__mandala-geometry-patterns-trains-locomotives-classic-steam-engine-front-__cce8c2a3b7,/printables/detailed-for-adults/mandala-geometry-patterns-trains-locomotives-classic-steam-engine-front-cce8c2a3b7,present,style|seasonal|detail|audience,Detailed Coloring Pages for Adults|Detailed Coloring Pages for Adults,audience/detail candidate lacks independent review
mandala-geometry-patterns__mandala-geometry-patterns-trains-locomotives-classic-steam-engine-side-v__45c322a426,/printables/detailed-for-adults/mandala-geometry-patterns-trains-locomotives-classic-steam-engine-side-45c322a426,present,style|seasonal|detail|audience,Detailed Coloring Pages for Adults|Detailed Coloring Pages for Adults,audience/detail candidate lacks independent review
mandala-geometry-patterns__mandala-geometry-patterns-trains-locomotives-classic-steam-engine-with-s__55eebd8c6c,/printables/detailed-for-adults/mandala-geometry-patterns-trains-locomotives-classic-steam-engine-with-55eebd8c6c,present,style|seasonal|detail|audience,Detailed Coloring Pages for Adults|Detailed Coloring Pages for Adults,audience/detail candidate lacks independent review
mandala-geometry-patterns__mandala-geometry-patterns-trains-locomotives-classic-steam-train-at-smal__937925e879,/printables/detailed-for-adults/mandala-geometry-patterns-trains-locomotives-classic-steam-train-at-937925e879,present,style|seasonal|detail|audience,Detailed Coloring Pages for Adults|Detailed Coloring Pages for Adults,audience/detail candidate lacks independent review
mandala-geometry-patterns__mandala-geometry-patterns-trains-locomotives-classic-steam-train-in-wint__a4f8bc4dbb,/printables/detailed-for-adults/mandala-geometry-patterns-trains-locomotives-classic-steam-train-in-a4f8bc4dbb,present,style|seasonal|detail|audience,Detailed Coloring Pages for Adults|Detailed Coloring Pages for Adults,audience/detail candidate lacks independent review
mandala-geometry-patterns__mandala-geometry-patterns-trains-locomotives-classic-steam-train-puffing__7e878a4bef,/printables/detailed-for-adults/mandala-geometry-patterns-trains-locomotives-classic-steam-train-puffing-7e878a4bef,present,style|seasonal|detail|audience,Detailed Coloring Pages for Adults|Detailed Coloring Pages for Adults,audience/detail candidate lacks independent review
mandala-geometry-patterns__mandala-geometry-patterns-trains-locomotives-classic-steam-train-with-di__77162dcc9f,/printables/cars/mandala-geometry-patterns-trains-locomotives-classic-steam-train-with-77162dcc9f,present,style|seasonal|detail|audience,Detailed Coloring Pages for Adults|Detailed Coloring Pages for Adults,audience/detail candidate lacks independent review
mandala-geometry-patterns__mandala-geometry-patterns-trains-locomotives-classic-steam-train-with-sl__01e70c6de0,/printables/cars/mandala-geometry-patterns-trains-locomotives-classic-steam-train-with-01e70c6de0,present,style|seasonal|detail|audience,Detailed Coloring Pages for Adults|Detailed Coloring Pages for Adults,audience/detail candidate lacks independent review
mandala-geometry-patterns__mandala-geometry-patterns-trains-locomotives-coastal-train-running-along__be3a6ae377,/printables/detailed-for-adults/mandala-geometry-patterns-trains-locomotives-coastal-train-running-along-be3a6ae377,present,style|seasonal|detail|audience,Detailed Coloring Pages for Adults|Detailed Coloring Pages for Adults,audience/detail candidate lacks independent review
mandala-geometry-patterns__mandala-geometry-patterns-trains-locomotives-cogwheel-train-on-alpine-ra__ee1196d89a,/printables/detailed-for-adults/mandala-geometry-patterns-trains-locomotives-cogwheel-train-on-alpine-ee1196d89a,present,style|seasonal|detail|audience,Detailed Coloring Pages for Adults|Detailed Coloring Pages for Adults,audience/detail candidate lacks independent review
mandala-geometry-patterns__mandala-geometry-patterns-trains-locomotives-commuter-train-in-city-stat__3accc1151e,/printables/detailed-for-adults/mandala-geometry-patterns-trains-locomotives-commuter-train-in-city-3accc1151e,present,style|seasonal|detail|audience,Detailed Coloring Pages for Adults|Detailed Coloring Pages for Adults,audience/detail candidate lacks independent review
mandala-geometry-patterns__mandala-geometry-patterns-trains-locomotives-desert-safari-train-crossin__fe5b536bcc,/printables/detailed-for-adults/mandala-geometry-patterns-trains-locomotives-desert-safari-train-fe5b536bcc,present,style|seasonal|detail|audience,Detailed Coloring Pages for Adults|Detailed Coloring Pages for Adults,audience/detail candidate lacks independent review
mandala-geometry-patterns__mandala-geometry-patterns-trains-locomotives-diesel-locomotive-hauling-h__40f58512b4,/printables/cars/mandala-geometry-patterns-trains-locomotives-diesel-locomotive-hauling-40f58512b4,present,style|seasonal|detail|audience,Detailed Coloring Pages for Adults|Detailed Coloring Pages for Adults,audience/detail candidate lacks independent review
mandala-geometry-patterns__mandala-geometry-patterns-trains-locomotives-diesel-locomotive-hauling-t__b89cad5ed9,/printables/cars/mandala-geometry-patterns-trains-locomotives-diesel-locomotive-hauling-b89cad5ed9,present,style|seasonal|detail|audience,Detailed Coloring Pages for Adults|Detailed Coloring Pages for Adults,audience/detail candidate lacks independent review
mandala-geometry-patterns__mandala-geometry-patterns-trains-locomotives-double-decker-passenger-tra__e2db070bec,/printables/detailed-for-adults/mandala-geometry-patterns-trains-locomotives-double-decker-passenger-e2db070bec,present,style|seasonal|detail|audience,Detailed Coloring Pages for Adults|Detailed Coloring Pages for Adults,audience/detail candidate lacks independent review
mandala-geometry-patterns__mandala-geometry-patterns-trains-locomotives-double-decker-passenger-tra__f736317bf4,/printables/detailed-for-adults/mandala-geometry-patterns-trains-locomotives-double-decker-passenger-f736317bf4,present,style|seasonal|detail|audience,Detailed Coloring Pages for Adults|Detailed Coloring Pages for Adults,audience/detail candidate lacks independent review
mandala-geometry-patterns__mandala-geometry-patterns-trains-locomotives-electric-commuter-train-at-__e2315ee4a1,/printables/detailed-for-adults/mandala-geometry-patterns-trains-locomotives-electric-commuter-train-at-e2315ee4a1,present,style|seasonal|detail|audience,Detailed Coloring Pages for Adults|Detailed Coloring Pages for Adults,audience/detail candidate lacks independent review
mandala-geometry-patterns__mandala-geometry-patterns-trains-locomotives-electric-light-rail-train-o__deb046a5d2,/printables/bridges/mandala-geometry-patterns-trains-locomotives-electric-light-rail-train-deb046a5d2,present,style|seasonal|detail|audience,Detailed Coloring Pages for Adults|Detailed Coloring Pages for Adults,audience/detail candidate lacks independent review
mandala-geometry-patterns__mandala-geometry-patterns-trains-locomotives-electric-locomotive-on-rail__56700cbf81,/printables/detailed-for-adults/mandala-geometry-patterns-trains-locomotives-electric-locomotive-on-56700cbf81,present,style|seasonal|detail|audience,Detailed Coloring Pages for Adults|Detailed Coloring Pages for Adults,audience/detail candidate lacks independent review
mandala-geometry-patterns__mandala-geometry-patterns-trains-locomotives-electric-metro-train-inside__8214b988e9,/printables/detailed-for-adults/mandala-geometry-patterns-trains-locomotives-electric-metro-train-inside-8214b988e9,present,style|seasonal|detail|audience,Detailed Coloring Pages for Adults|Detailed Coloring Pages for Adults,audience/detail candidate lacks independent review
mandala-geometry-patterns__mandala-geometry-patterns-trains-locomotives-electric-train-on-overhead-__8d0469941d,/printables/detailed-for-adults/mandala-geometry-patterns-trains-locomotives-electric-train-on-overhead-8d0469941d,present,style|seasonal|detail|audience,Detailed Coloring Pages for Adults|Detailed Coloring Pages for Adults,audience/detail candidate lacks independent review
mandala-geometry-patterns__mandala-geometry-patterns-trains-locomotives-excursion-train-crossing-hi__00002da099,/printables/bridges/mandala-geometry-patterns-trains-locomotives-excursion-train-crossing-00002da099,present,style|seasonal|detail|audience,Detailed Coloring Pages for Adults|Detailed Coloring Pages for Adults,audience/detail candidate lacks independent review
mandala-geometry-patterns__mandala-geometry-patterns-trains-locomotives-french-tgv-high-speed-train__9e03f0fcc7,/printables/detailed-for-adults/mandala-geometry-patterns-trains-locomotives-french-tgv-high-speed-train-9e03f0fcc7,present,style|seasonal|detail|audience,Detailed Coloring Pages for Adults|Detailed Coloring Pages for Adults,audience/detail candidate lacks independent review
mandala-geometry-patterns__mandala-geometry-patterns-trains-locomotives-funicular-train-on-steep-sl__e4f24ae1f6,/printables/detailed-for-adults/mandala-geometry-patterns-trains-locomotives-funicular-train-on-steep-e4f24ae1f6,present,style|seasonal|detail|audience,Detailed Coloring Pages for Adults|Detailed Coloring Pages for Adults,audience/detail candidate lacks independent review
mandala-geometry-patterns__mandala-geometry-patterns-trains-locomotives-german-ice-high-speed-train__0856777127,/printables/detailed-for-adults/mandala-geometry-patterns-trains-locomotives-german-ice-high-speed-train-0856777127,present,style|seasonal|detail|audience,Detailed Coloring Pages for Adults|Detailed Coloring Pages for Adults,audience/detail candidate lacks independent review
mandala-geometry-patterns__mandala-geometry-patterns-trains-locomotives-heritage-train-on-scenic-to__b3e6d5a856,/printables/detailed-for-adults/mandala-geometry-patterns-trains-locomotives-heritage-train-on-scenic-b3e6d5a856,present,style|seasonal|detail|audience,Detailed Coloring Pages for Adults|Detailed Coloring Pages for Adults,audience/detail candidate lacks independent review
mandala-geometry-patterns__mandala-geometry-patterns-trains-locomotives-high-speed-bullet-train-at-__ab0e0253c0,/printables/detailed-for-adults/mandala-geometry-patterns-trains-locomotives-high-speed-bullet-train-at-ab0e0253c0,present,style|seasonal|detail|audience,Detailed Coloring Pages for Adults|Detailed Coloring Pages for Adults,audience/detail candidate lacks independent review
mandala-geometry-patterns__mandala-geometry-patterns-trains-locomotives-high-speed-bullet-train-cro__130d98c162,/printables/bridges/mandala-geometry-patterns-trains-locomotives-high-speed-bullet-train-130d98c162,present,style|seasonal|detail|audience,Detailed Coloring Pages for Adults|Detailed Coloring Pages for Adults,audience/detail candidate lacks independent review
mandala-geometry-patterns__mandala-geometry-patterns-trains-locomotives-high-speed-bullet-train-lea__a45395998c,/printables/detailed-for-adults/mandala-geometry-patterns-trains-locomotives-high-speed-bullet-train-a45395998c,present,style|seasonal|detail|audience,Detailed Coloring Pages for Adults|Detailed Coloring Pages for Adults,audience/detail candidate lacks independent review
mandala-geometry-patterns__mandala-geometry-patterns-trains-locomotives-high-speed-bullet-train-on-__5e359d2a25,/printables/detailed-for-adults/mandala-geometry-patterns-trains-locomotives-high-speed-bullet-train-on-5e359d2a25,present,style|seasonal|detail|audience,Detailed Coloring Pages for Adults|Detailed Coloring Pages for Adults,audience/detail candidate lacks independent review
mandala-geometry-patterns__mandala-geometry-patterns-trains-locomotives-indian-palace-on-wheels-tra__fa10f9553b,/printables/detailed-for-adults/mandala-geometry-patterns-trains-locomotives-indian-palace-on-wheels-fa10f9553b,present,style|seasonal|detail|audience,Detailed Coloring Pages for Adults|Detailed Coloring Pages for Adults,audience/detail candidate lacks independent review
mandala-geometry-patterns__mandala-geometry-patterns-trains-locomotives-intercity-passenger-train-c__2b48d7893e,/printables/bridges/mandala-geometry-patterns-trains-locomotives-intercity-passenger-train-2b48d7893e,present,style|seasonal|detail|audience,Detailed Coloring Pages for Adults|Detailed Coloring Pages for Adults,audience/detail candidate lacks independent review
mandala-geometry-patterns__mandala-geometry-patterns-trains-locomotives-japanese-shinkansen-bullet-__6bb268158c,/printables/detailed-for-adults/mandala-geometry-patterns-trains-locomotives-japanese-shinkansen-bullet-6bb268158c,present,style|seasonal|detail|audience,Detailed Coloring Pages for Adults|Detailed Coloring Pages for Adults,audience/detail candidate lacks independent review
mandala-geometry-patterns__mandala-geometry-patterns-trains-locomotives-locomotive-engine-with-big-__0db286466b,/printables/detailed-for-adults/mandala-geometry-patterns-trains-locomotives-locomotive-engine-with-big-0db286466b,present,style|seasonal|detail|audience,Detailed Coloring Pages for Adults|Detailed Coloring Pages for Adults,audience/detail candidate lacks independent review
mandala-geometry-patterns__mandala-geometry-patterns-trains-locomotives-locomotive-engine-with-cowc__ea5d493702,/printables/detailed-for-adults/mandala-geometry-patterns-trains-locomotives-locomotive-engine-with-ea5d493702,present,style|seasonal|detail|audience,Detailed Coloring Pages for Adults|Detailed Coloring Pages for Adults,audience/detail candidate lacks independent review
mandala-geometry-patterns__mandala-geometry-patterns-trains-locomotives-locomotive-roundhouse-with-__84ec7d677b,/printables/detailed-for-adults/mandala-geometry-patterns-trains-locomotives-locomotive-roundhouse-with-84ec7d677b,present,style|seasonal|detail|audience,Detailed Coloring Pages for Adults|Detailed Coloring Pages for Adults,audience/detail candidate lacks independent review
mandala-geometry-patterns__mandala-geometry-patterns-trains-locomotives-long-distance-passenger-tra__a608d5a96b,/printables/detailed-for-adults/mandala-geometry-patterns-trains-locomotives-long-distance-passenger-a608d5a96b,present,style|seasonal|detail|audience,Detailed Coloring Pages for Adults|Detailed Coloring Pages for Adults,audience/detail candidate lacks independent review
mandala-geometry-patterns__mandala-geometry-patterns-trains-locomotives-luxury-orient-express-style__71b4230e37,/printables/detailed-for-adults/mandala-geometry-patterns-trains-locomotives-luxury-orient-express-style-71b4230e37,present,style|seasonal|detail|audience,Detailed Coloring Pages for Adults|Detailed Coloring Pages for Adults,audience/detail candidate lacks independent review
mandala-geometry-patterns__mandala-geometry-patterns-trains-locomotives-luxury-scenic-glass-dome-ca__2663ac3776,/printables/cars/mandala-geometry-patterns-trains-locomotives-luxury-scenic-glass-dome-2663ac3776,present,style|seasonal|detail|audience,Detailed Coloring Pages for Adults|Detailed Coloring Pages for Adults,audience/detail candidate lacks independent review
mandala-geometry-patterns__mandala-geometry-patterns-trains-locomotives-luxury-tourist-train-throug__3e573ac917,/printables/detailed-for-adults/mandala-geometry-patterns-trains-locomotives-luxury-tourist-train-3e573ac917,present,style|seasonal|detail|audience,Detailed Coloring Pages for Adults|Detailed Coloring Pages for Adults,audience/detail candidate lacks independent review
mandala-geometry-patterns__mandala-geometry-patterns-trains-locomotives-mexican-copper-canyon-touri__08f6ee2b24,/printables/detailed-for-adults/mandala-geometry-patterns-trains-locomotives-mexican-copper-canyon-08f6ee2b24,present,style|seasonal|detail|audience,Detailed Coloring Pages for Adults|Detailed Coloring Pages for Adults,audience/detail candidate lacks independent review
mandala-geometry-patterns__mandala-geometry-patterns-trains-locomotives-modern-diesel-locomotive-ha__aa94e5bbb1,/printables/detailed-for-adults/mandala-geometry-patterns-trains-locomotives-modern-diesel-locomotive-aa94e5bbb1,present,style|seasonal|detail|audience,Detailed Coloring Pages for Adults|Detailed Coloring Pages for Adults,audience/detail candidate lacks independent review
mandala-geometry-patterns__mandala-geometry-patterns-trains-locomotives-modern-diesel-locomotive-si__4accd7bb57,/printables/detailed-for-adults/mandala-geometry-patterns-trains-locomotives-modern-diesel-locomotive-4accd7bb57,present,style|seasonal|detail|audience,Detailed Coloring Pages for Adults|Detailed Coloring Pages for Adults,audience/detail candidate lacks independent review
mandala-geometry-patterns__mandala-geometry-patterns-trains-locomotives-monorail-train-on-elevated-__1cbc7596b7,/printables/detailed-for-adults/mandala-geometry-patterns-trains-locomotives-monorail-train-on-elevated-1cbc7596b7,present,style|seasonal|detail|audience,Detailed Coloring Pages for Adults|Detailed Coloring Pages for Adults,audience/detail candidate lacks independent review
mandala-geometry-patterns__mandala-geometry-patterns-trains-locomotives-mountain-rack-railway-train__e82ddfc415,/printables/detailed-for-adults/mandala-geometry-patterns-trains-locomotives-mountain-rack-railway-train-e82ddfc415,present,style|seasonal|detail|audience,Detailed Coloring Pages for Adults|Detailed Coloring Pages for Adults,audience/detail candidate lacks independent review
mandala-geometry-patterns__mandala-geometry-patterns-trains-locomotives-mountain-tourist-train-near__a7a794ee64,/printables/detailed-for-adults/mandala-geometry-patterns-trains-locomotives-mountain-tourist-train-near-a7a794ee64,present,style|seasonal|detail|audience,Detailed Coloring Pages for Adults|Detailed Coloring Pages for Adults,audience/detail candidate lacks independent review
mandala-geometry-patterns__mandala-geometry-patterns-trains-locomotives-narrow-gauge-railway-train-__220bfb7725,/printables/detailed-for-adults/mandala-geometry-patterns-trains-locomotives-narrow-gauge-railway-train-220bfb7725,present,style|seasonal|detail|audience,Detailed Coloring Pages for Adults|Detailed Coloring Pages for Adults,audience/detail candidate lacks independent review
mandala-geometry-patterns__mandala-geometry-patterns-trains-locomotives-old-fashioned-ticket-booth-__915925b6be,/printables/detailed-for-adults/mandala-geometry-patterns-trains-locomotives-old-fashioned-ticket-booth-915925b6be,present,style|seasonal|detail|audience,Detailed Coloring Pages for Adults|Detailed Coloring Pages for Adults,audience/detail candidate lacks independent review
mandala-geometry-patterns__mandala-geometry-patterns-trains-locomotives-passenger-train-arriving-at__37d1d6ceea,/printables/detailed-for-adults/mandala-geometry-patterns-trains-locomotives-passenger-train-arriving-at-37d1d6ceea,present,style|seasonal|detail|audience,Detailed Coloring Pages for Adults|Detailed Coloring Pages for Adults,audience/detail candidate lacks independent review
mandala-geometry-patterns__mandala-geometry-patterns-trains-locomotives-passenger-train-departing-t__44b33aa65b,/printables/detailed-for-adults/mandala-geometry-patterns-trains-locomotives-passenger-train-departing-44b33aa65b,present,style|seasonal|detail|audience,Detailed Coloring Pages for Adults|Detailed Coloring Pages for Adults,audience/detail candidate lacks independent review
mandala-geometry-patterns__mandala-geometry-patterns-trains-locomotives-rail-yard-with-multiple-tra__0e83827f3b,/printables/cars/mandala-geometry-patterns-trains-locomotives-rail-yard-with-multiple-0e83827f3b,present,style|seasonal|detail|audience,Detailed Coloring Pages for Adults|Detailed Coloring Pages for Adults,audience/detail candidate lacks independent review
mandala-geometry-patterns__mandala-geometry-patterns-trains-locomotives-railway-bridge-over-river-s__20aaf431d4,/printables/bridges/mandala-geometry-patterns-trains-locomotives-railway-bridge-over-river-20aaf431d4,present,style|seasonal|detail|audience,Detailed Coloring Pages for Adults|Detailed Coloring Pages for Adults,audience/detail candidate lacks independent review
mandala-geometry-patterns__mandala-geometry-patterns-trains-locomotives-railway-crossing-with-flash__2329f180b7,/printables/detailed-for-adults/mandala-geometry-patterns-trains-locomotives-railway-crossing-with-2329f180b7,present,style|seasonal|detail|audience,Detailed Coloring Pages for Adults|Detailed Coloring Pages for Adults,audience/detail candidate lacks independent review
mandala-geometry-patterns__mandala-geometry-patterns-trains-locomotives-railway-crossing-with-warni__bc802e98d3,/printables/detailed-for-adults/mandala-geometry-patterns-trains-locomotives-railway-crossing-with-bc802e98d3,present,style|seasonal|detail|audience,Detailed Coloring Pages for Adults|Detailed Coloring Pages for Adults,audience/detail candidate lacks independent review
mandala-geometry-patterns__mandala-geometry-patterns-trains-locomotives-railway-maintenance-train-w__093f35a6b5,/printables/cars/mandala-geometry-patterns-trains-locomotives-railway-maintenance-train-093f35a6b5,present,style|seasonal|detail|audience,Detailed Coloring Pages for Adults|Detailed Coloring Pages for Adults,audience/detail candidate lacks independent review
mandala-geometry-patterns__mandala-geometry-patterns-trains-locomotives-railway-tracks-leading-into__3c54d4a6b3,/printables/detailed-for-adults/mandala-geometry-patterns-trains-locomotives-railway-tracks-leading-into-3c54d4a6b3,present,style|seasonal|detail|audience,Detailed Coloring Pages for Adults|Detailed Coloring Pages for Adults,audience/detail candidate lacks independent review
mandala-geometry-patterns__mandala-geometry-patterns-trains-locomotives-small-shunting-engine-in-ra__9d08dccb65,/printables/detailed-for-adults/mandala-geometry-patterns-trains-locomotives-small-shunting-engine-in-9d08dccb65,present,style|seasonal|detail|audience,Detailed Coloring Pages for Adults|Detailed Coloring Pages for Adults,audience/detail candidate lacks independent review
mandala-geometry-patterns__mandala-geometry-patterns-trains-locomotives-steam-train-at-old-town-sta__0e1a4d8bf2,/printables/detailed-for-adults/mandala-geometry-patterns-trains-locomotives-steam-train-at-old-town-0e1a4d8bf2,present,style|seasonal|detail|audience,Detailed Coloring Pages for Adults|Detailed Coloring Pages for Adults,audience/detail candidate lacks independent review
mandala-geometry-patterns__mandala-geometry-patterns-trains-locomotives-steam-train-blowing-whistle__f01d80e633,/printables/detailed-for-adults/mandala-geometry-patterns-trains-locomotives-steam-train-blowing-whistle-f01d80e633,present,style|seasonal|detail|audience,Detailed Coloring Pages for Adults|Detailed Coloring Pages for Adults,audience/detail candidate lacks independent review
mandala-geometry-patterns__mandala-geometry-patterns-trains-locomotives-steam-train-on-coastal-rout__e2f4dddeaa,/printables/detailed-for-adults/mandala-geometry-patterns-trains-locomotives-steam-train-on-coastal-e2f4dddeaa,present,style|seasonal|detail|audience,Detailed Coloring Pages for Adults|Detailed Coloring Pages for Adults,audience/detail candidate lacks independent review
mandala-geometry-patterns__mandala-geometry-patterns-trains-locomotives-steam-train-on-forest-trest__2af0e9fe71,/printables/bridges/mandala-geometry-patterns-trains-locomotives-steam-train-on-forest-2af0e9fe71,present,style|seasonal|detail|audience,Detailed Coloring Pages for Adults|Detailed Coloring Pages for Adults,audience/detail candidate lacks independent review
mandala-geometry-patterns__mandala-geometry-patterns-trains-locomotives-steam-train-with-open-air-c__54a35e5c29,/printables/detailed-for-adults/mandala-geometry-patterns-trains-locomotives-steam-train-with-open-air-54a35e5c29,present,style|seasonal|detail|audience,Detailed Coloring Pages for Adults|Detailed Coloring Pages for Adults,audience/detail candidate lacks independent review
mandala-geometry-patterns__mandala-geometry-patterns-trains-locomotives-steam-train-with-open-air-c__ebd043ca33,/printables/detailed-for-adults/mandala-geometry-patterns-trains-locomotives-steam-train-with-open-air-ebd043ca33,present,style|seasonal|detail|audience,Detailed Coloring Pages for Adults|Detailed Coloring Pages for Adults,audience/detail candidate lacks independent review
mandala-geometry-patterns__mandala-geometry-patterns-trains-locomotives-steam-train-with-open-coal-__e8ec35f3aa,/printables/cars/mandala-geometry-patterns-trains-locomotives-steam-train-with-open-coal-e8ec35f3aa,present,style|seasonal|detail|audience,Detailed Coloring Pages for Adults|Detailed Coloring Pages for Adults,audience/detail candidate lacks independent review
mandala-geometry-patterns__mandala-geometry-patterns-trains-locomotives-steam-train-with-snowplow-f__346794c3f2,/printables/detailed-for-adults/mandala-geometry-patterns-trains-locomotives-steam-train-with-snowplow-346794c3f2,present,style|seasonal|detail|audience,Detailed Coloring Pages for Adults|Detailed Coloring Pages for Adults,audience/detail candidate lacks independent review
mandala-geometry-patterns__mandala-geometry-patterns-trains-locomotives-subway-train-at-platform-wi__cd271991e8,/printables/detailed-for-adults/mandala-geometry-patterns-trains-locomotives-subway-train-at-platform-cd271991e8,present,style|seasonal|detail|audience,Detailed Coloring Pages for Adults|Detailed Coloring Pages for Adults,audience/detail candidate lacks independent review
mandala-geometry-patterns__mandala-geometry-patterns-trains-locomotives-subway-train-entering-under__751f7bb691,/printables/detailed-for-adults/mandala-geometry-patterns-trains-locomotives-subway-train-entering-751f7bb691,present,style|seasonal|detail|audience,Detailed Coloring Pages for Adults|Detailed Coloring Pages for Adults,audience/detail candidate lacks independent review
mandala-geometry-patterns__mandala-geometry-patterns-trains-locomotives-train-entering-mountain-tun__d54768a03f,/printables/detailed-for-adults/mandala-geometry-patterns-trains-locomotives-train-entering-mountain-d54768a03f,present,style|seasonal|detail|audience,Detailed Coloring Pages for Adults|Detailed Coloring Pages for Adults,audience/detail candidate lacks independent review
mandala-geometry-patterns__mandala-geometry-patterns-trains-locomotives-train-passing-over-long-via__b6b87eb7c0,/printables/bridges/mandala-geometry-patterns-trains-locomotives-train-passing-over-long-b6b87eb7c0,present,style|seasonal|detail|audience,Detailed Coloring Pages for Adults|Detailed Coloring Pages for Adults,audience/detail candidate lacks independent review
mandala-geometry-patterns__mandala-geometry-patterns-trains-locomotives-train-passing-over-viaduct-__33a77a8607,/printables/bridges/mandala-geometry-patterns-trains-locomotives-train-passing-over-viaduct-33a77a8607,present,style|seasonal|detail|audience,Detailed Coloring Pages for Adults|Detailed Coloring Pages for Adults,audience/detail candidate lacks independent review
mandala-geometry-patterns__mandala-geometry-patterns-trains-locomotives-train-passing-through-snowy__5b3432cf1c,/printables/detailed-for-adults/mandala-geometry-patterns-trains-locomotives-train-passing-through-snowy-5b3432cf1c,present,style|seasonal|detail|audience,Detailed Coloring Pages for Adults|Detailed Coloring Pages for Adults,audience/detail candidate lacks independent review
mandala-geometry-patterns__mandala-geometry-patterns-trains-locomotives-train-passing-through-snowy__cf12022ea2,/printables/detailed-for-adults/mandala-geometry-patterns-trains-locomotives-train-passing-through-snowy-cf12022ea2,present,style|seasonal|detail|audience,Detailed Coloring Pages for Adults|Detailed Coloring Pages for Adults,audience/detail candidate lacks independent review
mandala-geometry-patterns__mandala-geometry-patterns-trains-locomotives-train-roundhouse-with-multi__eaa473bdb1,/printables/detailed-for-adults/mandala-geometry-patterns-trains-locomotives-train-roundhouse-with-eaa473bdb1,present,style|seasonal|detail|audience,Detailed Coloring Pages for Adults|Detailed Coloring Pages for Adults,audience/detail candidate lacks independent review
mandala-geometry-patterns__mandala-geometry-patterns-trains-locomotives-train-roundhouse-with-multi__ff4991ca7b,/printables/detailed-for-adults/mandala-geometry-patterns-trains-locomotives-train-roundhouse-with-ff4991ca7b,present,style|seasonal|detail|audience,Detailed Coloring Pages for Adults|Detailed Coloring Pages for Adults,audience/detail candidate lacks independent review
mandala-geometry-patterns__mandala-geometry-patterns-trains-locomotives-tram-streetcar-crossing-bri__e8e3c0e2c8,/printables/bridges/mandala-geometry-patterns-trains-locomotives-tram-streetcar-crossing-e8e3c0e2c8,present,style|seasonal|detail|audience,Detailed Coloring Pages for Adults|Detailed Coloring Pages for Adults,audience/detail candidate lacks independent review
mandala-geometry-patterns__mandala-geometry-patterns-trains-locomotives-tram-streetcar-on-city-rail__5683e60bd9,/printables/detailed-for-adults/mandala-geometry-patterns-trains-locomotives-tram-streetcar-on-city-5683e60bd9,present,style|seasonal|detail|audience,Detailed Coloring Pages for Adults|Detailed Coloring Pages for Adults,audience/detail candidate lacks independent review
mandala-geometry-patterns__mandala-geometry-patterns-trains-locomotives-vintage-caboose-carriage__2c50e80ed8,/printables/detailed-for-adults/mandala-geometry-patterns-trains-locomotives-vintage-caboose-carriage-2c50e80ed8,present,style|seasonal|detail|audience,Detailed Coloring Pages for Adults|Detailed Coloring Pages for Adults,audience/detail candidate lacks independent review
mandala-geometry-patterns__mandala-geometry-patterns-trains-locomotives-vintage-circus-train-with-a__50f1fa51be,/printables/animals/mandala-geometry-patterns-trains-locomotives-vintage-circus-train-with-50f1fa51be,present,style|seasonal|detail|audience,Detailed Coloring Pages for Adults|Detailed Coloring Pages for Adults,audience/detail candidate lacks independent review
mandala-geometry-patterns__mandala-geometry-patterns-trains-locomotives-vintage-coal-car-with-shove__24834c30e1,/printables/cars/mandala-geometry-patterns-trains-locomotives-vintage-coal-car-with-24834c30e1,present,style|seasonal|detail|audience,Detailed Coloring Pages for Adults|Detailed Coloring Pages for Adults,audience/detail candidate lacks independent review
mandala-geometry-patterns__mandala-geometry-patterns-trains-locomotives-vintage-logging-train-carry__4d5ab47f61,/printables/detailed-for-adults/mandala-geometry-patterns-trains-locomotives-vintage-logging-train-4d5ab47f61,present,style|seasonal|detail|audience,Detailed Coloring Pages for Adults|Detailed Coloring Pages for Adults,audience/detail candidate lacks independent review
mandala-geometry-patterns__mandala-geometry-patterns-trains-locomotives-vintage-mail-train-carriage__34df490867,/printables/detailed-for-adults/mandala-geometry-patterns-trains-locomotives-vintage-mail-train-carriage-34df490867,present,style|seasonal|detail|audience,Detailed Coloring Pages for Adults|Detailed Coloring Pages for Adults,audience/detail candidate lacks independent review
mandala-geometry-patterns__mandala-geometry-patterns-trains-locomotives-vintage-milk-train-with-dai__94a002da52,/printables/detailed-for-adults/mandala-geometry-patterns-trains-locomotives-vintage-milk-train-with-94a002da52,present,style|seasonal|detail|audience,Detailed Coloring Pages for Adults|Detailed Coloring Pages for Adults,audience/detail candidate lacks independent review
mandala-geometry-patterns__mandala-geometry-patterns-trains-locomotives-vintage-mining-train-with-o__edce191e28,/printables/cars/mandala-geometry-patterns-trains-locomotives-vintage-mining-train-with-edce191e28,present,style|seasonal|detail|audience,Detailed Coloring Pages for Adults|Detailed Coloring Pages for Adults,audience/detail candidate lacks independent review
mandala-geometry-patterns__mandala-geometry-patterns-trains-locomotives-vintage-steam-train-crossin__d38d0feae8,/printables/bridges/mandala-geometry-patterns-trains-locomotives-vintage-steam-train-d38d0feae8,present,style|seasonal|detail|audience,Detailed Coloring Pages for Adults|Detailed Coloring Pages for Adults,audience/detail candidate lacks independent review
mandala-geometry-patterns__mandala-geometry-patterns-trains-locomotives-vintage-steam-train-through__0d8ed0a223,/printables/detailed-for-adults/mandala-geometry-patterns-trains-locomotives-vintage-steam-train-through-0d8ed0a223,present,style|seasonal|detail|audience,Detailed Coloring Pages for Adults|Detailed Coloring Pages for Adults,audience/detail candidate lacks independent review
mandala-geometry-patterns__mandala-geometry-patterns-tree-of-life-mandala__4876445aa4,/printables/detailed-for-adults/mandala-geometry-patterns-tree-of-life-mandala-4876445aa4,present,seasonal|detail|audience,Detailed Coloring Pages for Adults|Detailed Coloring Pages for Adults,audience/detail candidate lacks independent review
mandala-geometry-patterns__mandala-geometry-patterns-two-headed-snake-patterns__ec28058965,/printables/animals/mandala-geometry-patterns-two-headed-snake-patterns-ec28058965,present,seasonal|detail|audience,Detailed Coloring Pages for Adults|Detailed Coloring Pages for Adults,audience/detail candidate lacks independent review
mandala-geometry-patterns__mandala-geometry-patterns-vehiacle-cars-aston-martin__ab69db5853,/printables/cars/mandala-geometry-patterns-vehicle-cars-aston-martin-ab69db5853,present,style|seasonal|detail|audience,Detailed Coloring Pages for Adults|Detailed Coloring Pages for Adults,audience/detail candidate lacks independent review
mandala-geometry-patterns__mandala-geometry-patterns-vehiacle-cars-audi__fafb7125ac,/printables/cars/mandala-geometry-patterns-vehicle-cars-audi-fafb7125ac,present,style|seasonal|detail|audience,Detailed Coloring Pages for Adults|Detailed Coloring Pages for Adults,audience/detail candidate lacks independent review
mandala-geometry-patterns__mandala-geometry-patterns-vehiacle-cars-bentley-continental__f8b19b37fe,/printables/cars/mandala-geometry-patterns-vehicle-cars-bentley-continental-f8b19b37fe,present,style|seasonal|detail|audience,Detailed Coloring Pages for Adults|Detailed Coloring Pages for Adults,audience/detail candidate lacks independent review
mandala-geometry-patterns__mandala-geometry-patterns-vehiacle-cars-bmw__22280a8843,/printables/cars/mandala-geometry-patterns-vehicle-cars-bmw-22280a8843,present,style|seasonal|detail|audience,Detailed Coloring Pages for Adults|Detailed Coloring Pages for Adults,audience/detail candidate lacks independent review
mandala-geometry-patterns__mandala-geometry-patterns-vehiacle-cars-bugatti-chiron__a667624af7,/printables/cars/mandala-geometry-patterns-vehicle-cars-bugatti-chiron-a667624af7,present,style|seasonal|detail|audience,Detailed Coloring Pages for Adults|Detailed Coloring Pages for Adults,audience/detail candidate lacks independent review
mandala-geometry-patterns__mandala-geometry-patterns-vehiacle-cars-chevrolet__a309eedb91,/printables/cars/mandala-geometry-patterns-vehicle-cars-chevrolet-a309eedb91,present,style|seasonal|detail|audience,Detailed Coloring Pages for Adults|Detailed Coloring Pages for Adults,audience/detail candidate lacks independent review
mandala-geometry-patterns__mandala-geometry-patterns-vehiacle-cars-chevrolet-silverado__22b82d2b8c,/printables/cars/mandala-geometry-patterns-vehicle-cars-chevrolet-silverado-22b82d2b8c,present,style|seasonal|detail|audience,Detailed Coloring Pages for Adults|Detailed Coloring Pages for Adults,audience/detail candidate lacks independent review
mandala-geometry-patterns__mandala-geometry-patterns-vehiacle-cars-corvette__fa3a7476f2,/printables/cars/mandala-geometry-patterns-vehicle-cars-corvette-fa3a7476f2,present,style|seasonal|detail|audience,Detailed Coloring Pages for Adults|Detailed Coloring Pages for Adults,audience/detail candidate lacks independent review
mandala-geometry-patterns__mandala-geometry-patterns-vehiacle-cars-cybertruck__f554115e3a,/printables/cars/mandala-geometry-patterns-vehicle-cars-cybertruck-f554115e3a,present,style|seasonal|detail|audience,Detailed Coloring Pages for Adults|Detailed Coloring Pages for Adults,audience/detail candidate lacks independent review
mandala-geometry-patterns__mandala-geometry-patterns-vehiacle-cars-dodge-challenger__524aab86f0,/printables/cars/mandala-geometry-patterns-vehicle-cars-dodge-challenger-524aab86f0,present,style|seasonal|detail|audience,Detailed Coloring Pages for Adults|Detailed Coloring Pages for Adults,audience/detail candidate lacks independent review
mandala-geometry-patterns__mandala-geometry-patterns-vehiacle-cars-dodge-ram-truck__8c6f201871,/printables/cars/mandala-geometry-patterns-vehicle-cars-dodge-ram-truck-8c6f201871,present,style|seasonal|detail|audience,Detailed Coloring Pages for Adults|Detailed Coloring Pages for Adults,audience/detail candidate lacks independent review
mandala-geometry-patterns__mandala-geometry-patterns-vehiacle-cars-dragster__17da0e6db2,/printables/cars/mandala-geometry-patterns-vehicle-cars-dragster-17da0e6db2,present,style|seasonal|detail|audience,Detailed Coloring Pages for Adults|Detailed Coloring Pages for Adults,audience/detail candidate lacks independent review
mandala-geometry-patterns__mandala-geometry-patterns-vehiacle-cars-ferrari__d41a45abd8,/printables/cars/mandala-geometry-patterns-vehicle-cars-ferrari-d41a45abd8,present,style|seasonal|detail|audience,Detailed Coloring Pages for Adults|Detailed Coloring Pages for Adults,audience/detail candidate lacks independent review
mandala-geometry-patterns__mandala-geometry-patterns-vehiacle-cars-ferrari-laferrari__0ee285bca5,/printables/cars/mandala-geometry-patterns-vehicle-cars-ferrari-laferrari-0ee285bca5,present,style|seasonal|detail|audience,Detailed Coloring Pages for Adults|Detailed Coloring Pages for Adults,audience/detail candidate lacks independent review
mandala-geometry-patterns__mandala-geometry-patterns-vehiacle-cars-ferrari-scorpion-mod__75017ead01,/printables/cars/mandala-geometry-patterns-vehicle-cars-ferrari-scorpion-mod-75017ead01,present,style|seasonal|detail|audience,Detailed Coloring Pages for Adults|Detailed Coloring Pages for Adults,audience/detail candidate lacks independent review
mandala-geometry-patterns__mandala-geometry-patterns-vehiacle-cars-fiat-500__6c67eb7382,/printables/cars/mandala-geometry-patterns-vehicle-cars-fiat-500-6c67eb7382,present,style|seasonal|detail|audience,Detailed Coloring Pages for Adults|Detailed Coloring Pages for Adults,audience/detail candidate lacks independent review
mandala-geometry-patterns__mandala-geometry-patterns-vehiacle-cars-ford__cf1e761eb7,/printables/cars/mandala-geometry-patterns-vehicle-cars-ford-cf1e761eb7,present,style|seasonal|detail|audience,Detailed Coloring Pages for Adults|Detailed Coloring Pages for Adults,audience/detail candidate lacks independent review
mandala-geometry-patterns__mandala-geometry-patterns-vehiacle-cars-formula-1__438b41cff6,/printables/cars/mandala-geometry-patterns-vehicle-cars-formula-1-438b41cff6,present,style|seasonal|detail|audience,Detailed Coloring Pages for Adults|Detailed Coloring Pages for Adults,audience/detail candidate lacks independent review
mandala-geometry-patterns__mandala-geometry-patterns-vehiacle-cars-go-kart__5ce92f6f04,/printables/cars/mandala-geometry-patterns-vehicle-cars-go-kart-5ce92f6f04,present,style|seasonal|detail|audience,Detailed Coloring Pages for Adults|Detailed Coloring Pages for Adults,audience/detail candidate lacks independent review
mandala-geometry-patterns__mandala-geometry-patterns-vehiacle-cars-honda__6c7956f8c7,/printables/cars/mandala-geometry-patterns-vehicle-cars-honda-6c7956f8c7,present,style|seasonal|detail|audience,Detailed Coloring Pages for Adults|Detailed Coloring Pages for Adults,audience/detail candidate lacks independent review
mandala-geometry-patterns__mandala-geometry-patterns-vehiacle-cars-jeep-wrangler__86e3b3ec52,/printables/cars/mandala-geometry-patterns-vehicle-cars-jeep-wrangler-86e3b3ec52,present,style|seasonal|detail|audience,Detailed Coloring Pages for Adults|Detailed Coloring Pages for Adults,audience/detail candidate lacks independent review
mandala-geometry-patterns__mandala-geometry-patterns-vehiacle-cars-lamborghini__5c3422c4f4,/printables/cars/mandala-geometry-patterns-vehicle-cars-lamborghini-5c3422c4f4,present,style|seasonal|detail|audience,Detailed Coloring Pages for Adults|Detailed Coloring Pages for Adults,audience/detail candidate lacks independent review
mandala-geometry-patterns__mandala-geometry-patterns-vehiacle-cars-lamborghini-aventador__95ae8f047a,/printables/cars/mandala-geometry-patterns-vehicle-cars-lamborghini-aventador-95ae8f047a,present,style|seasonal|detail|audience,Detailed Coloring Pages for Adults|Detailed Coloring Pages for Adults,audience/detail candidate lacks independent review
mandala-geometry-patterns__mandala-geometry-patterns-vehiacle-cars-lamborghini-sports-car__f5e4def2b4,/printables/cars/mandala-geometry-patterns-vehicle-cars-lamborghini-sports-car-f5e4def2b4,present,style|seasonal|detail|audience,Detailed Coloring Pages for Adults|Detailed Coloring Pages for Adults,audience/detail candidate lacks independent review
mandala-geometry-patterns__mandala-geometry-patterns-vehiacle-cars-maserati__561a642896,/printables/cars/mandala-geometry-patterns-vehicle-cars-maserati-561a642896,present,style|seasonal|detail|audience,Detailed Coloring Pages for Adults|Detailed Coloring Pages for Adults,audience/detail candidate lacks independent review
mandala-geometry-patterns__mandala-geometry-patterns-vehiacle-cars-mclaren__cc497412df,/printables/cars/mandala-geometry-patterns-vehicle-cars-mclaren-cc497412df,present,style|seasonal|detail|audience,Detailed Coloring Pages for Adults|Detailed Coloring Pages for Adults,audience/detail candidate lacks independent review
mandala-geometry-patterns__mandala-geometry-patterns-vehiacle-cars-mercedes-benz__a46615f208,/printables/cars/mandala-geometry-patterns-vehicle-cars-mercedes-benz-a46615f208,present,style|seasonal|detail|audience,Detailed Coloring Pages for Adults|Detailed Coloring Pages for Adults,audience/detail candidate lacks independent review
mandala-geometry-patterns__mandala-geometry-patterns-vehiacle-cars-mini-cooper__53f21f0ed4,/printables/cars/mandala-geometry-patterns-vehicle-cars-mini-cooper-53f21f0ed4,present,style|seasonal|detail|audience,Detailed Coloring Pages for Adults|Detailed Coloring Pages for Adults,audience/detail candidate lacks independent review
mandala-geometry-patterns__mandala-geometry-patterns-vehiacle-cars-monster-truck__0c057bb244,/printables/cars/mandala-geometry-patterns-vehicle-cars-monster-truck-0c057bb244,present,style|seasonal|detail|audience,Detailed Coloring Pages for Adults|Detailed Coloring Pages for Adults,audience/detail candidate lacks independent review
mandala-geometry-patterns__mandala-geometry-patterns-vehiacle-cars-nascar__f3512920b4,/printables/cars/mandala-geometry-patterns-vehicle-cars-nascar-f3512920b4,present,style|seasonal|detail|audience,Detailed Coloring Pages for Adults|Detailed Coloring Pages for Adults,audience/detail candidate lacks independent review
mandala-geometry-patterns__mandala-geometry-patterns-vehiacle-cars-nissan__eeb3d259ef,/printables/cars/mandala-geometry-patterns-vehicle-cars-nissan-eeb3d259ef,present,style|seasonal|detail|audience,Detailed Coloring Pages for Adults|Detailed Coloring Pages for Adults,audience/detail candidate lacks independent review
mandala-geometry-patterns__mandala-geometry-patterns-vehiacle-cars-pagani-huayra__974ebd3a07,/printables/cars/mandala-geometry-patterns-vehicle-cars-pagani-huayra-974ebd3a07,present,style|seasonal|detail|audience,Detailed Coloring Pages for Adults|Detailed Coloring Pages for Adults,audience/detail candidate lacks independent review
mandala-geometry-patterns__mandala-geometry-patterns-vehiacle-cars-porsche__6b7f6eeed9,/printables/cars/mandala-geometry-patterns-vehicle-cars-porsche-6b7f6eeed9,present,style|seasonal|detail|audience,Detailed Coloring Pages for Adults|Detailed Coloring Pages for Adults,audience/detail candidate lacks independent review
mandala-geometry-patterns__mandala-geometry-patterns-vehiacle-cars-porsche-911__6fbd05e8b4,/printables/cars/mandala-geometry-patterns-vehicle-cars-porsche-911-6fbd05e8b4,present,style|seasonal|detail|audience,Detailed Coloring Pages for Adults|Detailed Coloring Pages for Adults,audience/detail candidate lacks independent review
mandala-geometry-patterns__mandala-geometry-patterns-vehiacle-cars-rally-car__68f32ff3e6,/printables/cars/mandala-geometry-patterns-vehicle-cars-rally-car-68f32ff3e6,present,style|seasonal|detail|audience,Detailed Coloring Pages for Adults|Detailed Coloring Pages for Adults,audience/detail candidate lacks independent review
mandala-geometry-patterns__mandala-geometry-patterns-vehiacle-cars-rolls-royce__6bdf8ac827,/printables/cars/mandala-geometry-patterns-vehicle-cars-rolls-royce-6bdf8ac827,present,style|seasonal|detail|audience,Detailed Coloring Pages for Adults|Detailed Coloring Pages for Adults,audience/detail candidate lacks independent review
mandala-geometry-patterns__mandala-geometry-patterns-vehiacle-cars-sports-car__cc36617473,/printables/cars/mandala-geometry-patterns-vehicle-cars-sports-car-cc36617473,present,style|seasonal|detail|audience,Detailed Coloring Pages for Adults|Detailed Coloring Pages for Adults,audience/detail candidate lacks independent review
mandala-geometry-patterns__mandala-geometry-patterns-vehiacle-cars-tesla__aaa925357c,/printables/cars/mandala-geometry-patterns-vehicle-cars-tesla-aaa925357c,present,style|seasonal|detail|audience,Detailed Coloring Pages for Adults|Detailed Coloring Pages for Adults,audience/detail candidate lacks independent review
mandala-geometry-patterns__mandala-geometry-patterns-vehiacle-cars-tesla-model-s__d5ac80ecac,/printables/cars/mandala-geometry-patterns-vehicle-cars-tesla-model-s-d5ac80ecac,present,style|seasonal|detail|audience,Detailed Coloring Pages for Adults|Detailed Coloring Pages for Adults,audience/detail candidate lacks independent review
mandala-geometry-patterns__mandala-geometry-patterns-vehiacle-cars-toyota__7f992f500d,/printables/cars/mandala-geometry-patterns-vehicle-cars-toyota-7f992f500d,present,style|seasonal|detail|audience,Detailed Coloring Pages for Adults|Detailed Coloring Pages for Adults,audience/detail candidate lacks independent review
mandala-geometry-patterns__mandala-geometry-patterns-vehiacle-cars-toyota-supra__d87bfd042b,/printables/cars/mandala-geometry-patterns-vehicle-cars-toyota-supra-d87bfd042b,present,style|seasonal|detail|audience,Detailed Coloring Pages for Adults|Detailed Coloring Pages for Adults,audience/detail candidate lacks independent review
mandala-geometry-patterns__mandala-geometry-patterns-vehiacle-cars-volkswagen-golf__fcc590f433,/printables/cars/mandala-geometry-patterns-vehicle-cars-volkswagen-golf-fcc590f433,present,style|seasonal|detail|audience,Detailed Coloring Pages for Adults|Detailed Coloring Pages for Adults,audience/detail candidate lacks independent review
mandala-geometry-patterns__mandala-geometry-patterns-vehiacle-planes-a-10-thunderbolt-ii__2b4b4c8bc7,/printables/detailed-for-adults/mandala-geometry-patterns-vehicle-planes-a-10-thunderbolt-ii-2b4b4c8bc7,present,style|seasonal|detail|audience,Detailed Coloring Pages for Adults|Detailed Coloring Pages for Adults,audience/detail candidate lacks independent review
mandala-geometry-patterns__mandala-geometry-patterns-vehiacle-planes-agricultural-crop-duster__541d49f1cb,/printables/detailed-for-adults/mandala-geometry-patterns-vehicle-planes-agricultural-crop-duster-541d49f1cb,present,style|seasonal|detail|audience,Detailed Coloring Pages for Adults|Detailed Coloring Pages for Adults,audience/detail candidate lacks independent review
mandala-geometry-patterns__mandala-geometry-patterns-vehiacle-planes-ah-64-apache__a8d0acd27a,/printables/detailed-for-adults/mandala-geometry-patterns-vehicle-planes-ah-64-apache-a8d0acd27a,present,style|seasonal|detail|audience,Detailed Coloring Pages for Adults|Detailed Coloring Pages for Adults,audience/detail candidate lacks independent review
mandala-geometry-patterns__mandala-geometry-patterns-vehiacle-planes-air-ambulance-helicopter__f4cca7fe60,/printables/detailed-for-adults/mandala-geometry-patterns-vehicle-planes-air-ambulance-helicopter-f4cca7fe60,present,style|seasonal|detail|audience,Detailed Coloring Pages for Adults|Detailed Coloring Pages for Adults,audience/detail candidate lacks independent review
mandala-geometry-patterns__mandala-geometry-patterns-vehiacle-planes-airbus-a380__596b774bea,/printables/detailed-for-adults/mandala-geometry-patterns-vehicle-planes-airbus-a380-596b774bea,present,style|seasonal|detail|audience,Detailed Coloring Pages for Adults|Detailed Coloring Pages for Adults,audience/detail candidate lacks independent review
mandala-geometry-patterns__mandala-geometry-patterns-vehiacle-planes-airbus-helicopters-h145__c5671b4723,/printables/detailed-for-adults/mandala-geometry-patterns-vehicle-planes-airbus-helicopters-h145-c5671b4723,present,style|seasonal|detail|audience,Detailed Coloring Pages for Adults|Detailed Coloring Pages for Adults,audience/detail candidate lacks independent review
mandala-geometry-patterns__mandala-geometry-patterns-vehiacle-planes-amphibious-plane__2141d891fd,/printables/detailed-for-adults/mandala-geometry-patterns-vehicle-planes-amphibious-plane-2141d891fd,present,style|seasonal|detail|audience,Detailed Coloring Pages for Adults|Detailed Coloring Pages for Adults,audience/detail candidate lacks independent review
mandala-geometry-patterns__mandala-geometry-patterns-vehiacle-planes-antonov-an-225__77b9c44e3e,/printables/detailed-for-adults/mandala-geometry-patterns-vehicle-planes-antonov-an-225-77b9c44e3e,present,style|seasonal|detail|audience,Detailed Coloring Pages for Adults|Detailed Coloring Pages for Adults,audience/detail candidate lacks independent review
mandala-geometry-patterns__mandala-geometry-patterns-vehiacle-planes-avro-lancaster__bc2d28cd1f,/printables/detailed-for-adults/mandala-geometry-patterns-vehicle-planes-avro-lancaster-bc2d28cd1f,present,style|seasonal|detail|audience,Detailed Coloring Pages for Adults|Detailed Coloring Pages for Adults,audience/detail candidate lacks independent review
mandala-geometry-patterns__mandala-geometry-patterns-vehiacle-planes-beechcraft-king-air__bca81fdf18,/printables/detailed-for-adults/mandala-geometry-patterns-vehicle-planes-beechcraft-king-air-bca81fdf18,present,style|seasonal|detail|audience,Detailed Coloring Pages for Adults|Detailed Coloring Pages for Adults,audience/detail candidate lacks independent review
mandala-geometry-patterns__mandala-geometry-patterns-vehiacle-planes-bell-206-jet-ranger__910243d3e9,/printables/detailed-for-adults/mandala-geometry-patterns-vehicle-planes-bell-206-jet-ranger-910243d3e9,present,style|seasonal|detail|audience,Detailed Coloring Pages for Adults|Detailed Coloring Pages for Adults,audience/detail candidate lacks independent review
mandala-geometry-patterns__mandala-geometry-patterns-vehiacle-planes-bell-407__9f6e2acb32,/printables/detailed-for-adults/mandala-geometry-patterns-vehicle-planes-bell-407-9f6e2acb32,present,style|seasonal|detail|audience,Detailed Coloring Pages for Adults|Detailed Coloring Pages for Adults,audience/detail candidate lacks independent review
mandala-geometry-patterns__mandala-geometry-patterns-vehiacle-planes-bell-429__bd0f6d2a01,/printables/detailed-for-adults/mandala-geometry-patterns-vehicle-planes-bell-429-bd0f6d2a01,present,style|seasonal|detail|audience,Detailed Coloring Pages for Adults|Detailed Coloring Pages for Adults,audience/detail candidate lacks independent review
mandala-geometry-patterns__mandala-geometry-patterns-vehiacle-planes-biplane__c8e99b5eb8,/printables/detailed-for-adults/mandala-geometry-patterns-vehicle-planes-biplane-c8e99b5eb8,present,style|seasonal|detail|audience,Detailed Coloring Pages for Adults|Detailed Coloring Pages for Adults,audience/detail candidate lacks independent review
mandala-geometry-patterns__mandala-geometry-patterns-vehiacle-planes-blimp-goodyear__fb9671f86b,/printables/detailed-for-adults/mandala-geometry-patterns-vehicle-planes-blimp-goodyear-fb9671f86b,present,style|seasonal|detail|audience,Detailed Coloring Pages for Adults|Detailed Coloring Pages for Adults,audience/detail candidate lacks independent review
mandala-geometry-patterns__mandala-geometry-patterns-vehiacle-planes-boeing-314-clipper__ffae415f98,/printables/detailed-for-adults/mandala-geometry-patterns-vehicle-planes-boeing-314-clipper-ffae415f98,present,style|seasonal|detail|audience,Detailed Coloring Pages for Adults|Detailed Coloring Pages for Adults,audience/detail candidate lacks independent review
mandala-geometry-patterns__mandala-geometry-patterns-vehiacle-planes-boeing-737__3a9bc7e95e,/printables/detailed-for-adults/mandala-geometry-patterns-vehicle-planes-boeing-737-3a9bc7e95e,present,style|seasonal|detail|audience,Detailed Coloring Pages for Adults|Detailed Coloring Pages for Adults,audience/detail candidate lacks independent review
mandala-geometry-patterns__mandala-geometry-patterns-vehiacle-planes-boeing-747__a3e4ae5dae,/printables/detailed-for-adults/mandala-geometry-patterns-vehicle-planes-boeing-747-a3e4ae5dae,present,style|seasonal|detail|audience,Detailed Coloring Pages for Adults|Detailed Coloring Pages for Adults,audience/detail candidate lacks independent review
mandala-geometry-patterns__mandala-geometry-patterns-vehiacle-planes-boeing-747-flying__b9979ee4a9,/printables/detailed-for-adults/mandala-geometry-patterns-vehicle-planes-boeing-747-flying-b9979ee4a9,present,style|seasonal|detail|audience,Detailed Coloring Pages for Adults|Detailed Coloring Pages for Adults,audience/detail candidate lacks independent review
mandala-geometry-patterns__mandala-geometry-patterns-vehiacle-planes-boeing-b-52-stratofortresse__56b1079986,/printables/detailed-for-adults/mandala-geometry-patterns-vehicle-planes-boeing-b-52-stratofortresse-56b1079986,present,style|seasonal|detail|audience,Detailed Coloring Pages for Adults|Detailed Coloring Pages for Adults,audience/detail candidate lacks independent review
mandala-geometry-patterns__mandala-geometry-patterns-vehiacle-planes-c-17-globemaster-iii__beefa7ad5c,/printables/detailed-for-adults/mandala-geometry-patterns-vehicle-planes-c-17-globemaster-iii-beefa7ad5c,present,style|seasonal|detail|audience,Detailed Coloring Pages for Adults|Detailed Coloring Pages for Adults,audience/detail candidate lacks independent review
mandala-geometry-patterns__mandala-geometry-patterns-vehiacle-planes-c-5-galaxy__8706f882d3,/printables/detailed-for-adults/mandala-geometry-patterns-vehicle-planes-c-5-galaxy-8706f882d3,present,style|seasonal|detail|audience,Detailed Coloring Pages for Adults|Detailed Coloring Pages for Adults,audience/detail candidate lacks independent review
mandala-geometry-patterns__mandala-geometry-patterns-vehiacle-planes-cargo-plane__0f3b019736,/printables/detailed-for-adults/mandala-geometry-patterns-vehicle-planes-cargo-plane-0f3b019736,present,style|seasonal|detail|audience,Detailed Coloring Pages for Adults|Detailed Coloring Pages for Adults,audience/detail candidate lacks independent review
mandala-geometry-patterns__mandala-geometry-patterns-vehiacle-planes-ch-47-chinook__9cf94f61a5,/printables/detailed-for-adults/mandala-geometry-patterns-vehicle-planes-ch-47-chinook-9cf94f61a5,present,style|seasonal|detail|audience,Detailed Coloring Pages for Adults|Detailed Coloring Pages for Adults,audience/detail candidate lacks independent review
mandala-geometry-patterns__mandala-geometry-patterns-vehiacle-planes-commercial-airliner__32e0bc4952,/printables/detailed-for-adults/mandala-geometry-patterns-vehicle-planes-commercial-airliner-32e0bc4952,present,style|seasonal|detail|audience,Detailed Coloring Pages for Adults|Detailed Coloring Pages for Adults,audience/detail candidate lacks independent review
mandala-geometry-patterns__mandala-geometry-patterns-vehiacle-planes-concorde__87f27985ff,/printables/detailed-for-adults/mandala-geometry-patterns-vehicle-planes-concorde-87f27985ff,present,style|seasonal|detail|audience,Detailed Coloring Pages for Adults|Detailed Coloring Pages for Adults,audience/detail candidate lacks independent review
mandala-geometry-patterns__mandala-geometry-patterns-vehiacle-planes-consolidated-b-24-liberator__df3e976f4f,/printables/detailed-for-adults/mandala-geometry-patterns-vehicle-planes-consolidated-b-24-liberator-df3e976f4f,present,style|seasonal|detail|audience,Detailed Coloring Pages for Adults|Detailed Coloring Pages for Adults,audience/detail candidate lacks independent review
mandala-geometry-patterns__mandala-geometry-patterns-vehiacle-planes-dassault-falcon-7x__3195a9fe9f,/printables/detailed-for-adults/mandala-geometry-patterns-vehicle-planes-dassault-falcon-7x-3195a9fe9f,present,style|seasonal|detail|audience,Detailed Coloring Pages for Adults|Detailed Coloring Pages for Adults,audience/detail candidate lacks independent review
mandala-geometry-patterns__mandala-geometry-patterns-vehiacle-planes-dassault-mirage-2000__889a13a298,/printables/detailed-for-adults/mandala-geometry-patterns-vehicle-planes-dassault-mirage-2000-889a13a298,present,style|seasonal|detail|audience,Detailed Coloring Pages for Adults|Detailed Coloring Pages for Adults,audience/detail candidate lacks independent review
mandala-geometry-patterns__mandala-geometry-patterns-vehiacle-planes-dassault-rafale__21bbd70d3f,/printables/detailed-for-adults/mandala-geometry-patterns-vehicle-planes-dassault-rafale-21bbd70d3f,present,style|seasonal|detail|audience,Detailed Coloring Pages for Adults|Detailed Coloring Pages for Adults,audience/detail candidate lacks independent review
mandala-geometry-patterns__mandala-geometry-patterns-vehiacle-planes-dc-3__9e00586a0c,/printables/detailed-for-adults/mandala-geometry-patterns-vehicle-planes-dc-3-9e00586a0c,present,style|seasonal|detail|audience,Detailed Coloring Pages for Adults|Detailed Coloring Pages for Adults,audience/detail candidate lacks independent review
mandala-geometry-patterns__mandala-geometry-patterns-vehiacle-planes-de-havilland-comet__0f255a4f18,/printables/detailed-for-adults/mandala-geometry-patterns-vehicle-planes-de-havilland-comet-0f255a4f18,present,style|seasonal|detail|audience,Detailed Coloring Pages for Adults|Detailed Coloring Pages for Adults,audience/detail candidate lacks independent review
mandala-geometry-patterns__mandala-geometry-patterns-vehiacle-planes-diamond-da42__1114a7022a,/printables/detailed-for-adults/mandala-geometry-patterns-vehicle-planes-diamond-da42-1114a7022a,present,style|seasonal|detail|audience,Detailed Coloring Pages for Adults|Detailed Coloring Pages for Adults,audience/detail candidate lacks independent review
mandala-geometry-patterns__mandala-geometry-patterns-vehiacle-planes-douglas-dc-10__f17462261d,/printables/detailed-for-adults/mandala-geometry-patterns-vehicle-planes-douglas-dc-10-f17462261d,present,style|seasonal|detail|audience,Detailed Coloring Pages for Adults|Detailed Coloring Pages for Adults,audience/detail candidate lacks independent review
mandala-geometry-patterns__mandala-geometry-patterns-vehiacle-planes-ec135-helicopter__f0bf056423,/printables/detailed-for-adults/mandala-geometry-patterns-vehicle-planes-ec135-helicopter-f0bf056423,present,style|seasonal|detail|audience,Detailed Coloring Pages for Adults|Detailed Coloring Pages for Adults,audience/detail candidate lacks independent review
mandala-geometry-patterns__mandala-geometry-patterns-vehiacle-planes-eurofighter-typhoon__3850c1b2bf,/printables/detailed-for-adults/mandala-geometry-patterns-vehicle-planes-eurofighter-typhoon-3850c1b2bf,present,style|seasonal|detail|audience,Detailed Coloring Pages for Adults|Detailed Coloring Pages for Adults,audience/detail candidate lacks independent review
mandala-geometry-patterns__mandala-geometry-patterns-vehiacle-planes-f-14-tomcat__8304b379c3,/printables/detailed-for-adults/mandala-geometry-patterns-vehicle-planes-f-14-tomcat-8304b379c3,present,style|seasonal|detail|audience,Detailed Coloring Pages for Adults|Detailed Coloring Pages for Adults,audience/detail candidate lacks independent review
mandala-geometry-patterns__mandala-geometry-patterns-vehiacle-planes-f-16-fighting-falcon__3794e09cf6,/printables/detailed-for-adults/mandala-geometry-patterns-vehicle-planes-f-16-fighting-falcon-3794e09cf6,present,style|seasonal|detail|audience,Detailed Coloring Pages for Adults|Detailed Coloring Pages for Adults,audience/detail candidate lacks independent review
mandala-geometry-patterns__mandala-geometry-patterns-vehiacle-planes-f-a-18-hornet__41c6dea726,/printables/detailed-for-adults/mandala-geometry-patterns-vehicle-planes-f-a-18-hornet-41c6dea726,present,style|seasonal|detail|audience,Detailed Coloring Pages for Adults|Detailed Coloring Pages for Adults,audience/detail candidate lacks independent review
mandala-geometry-patterns__mandala-geometry-patterns-vehiacle-planes-fighter-jet__9661d81680,/printables/detailed-for-adults/mandala-geometry-patterns-vehicle-planes-fighter-jet-9661d81680,present,style|seasonal|detail|audience,Detailed Coloring Pages for Adults|Detailed Coloring Pages for Adults,audience/detail candidate lacks independent review
mandala-geometry-patterns__mandala-geometry-patterns-vehiacle-planes-fokker-dr1-triplane__bf05a95603,/printables/detailed-for-adults/mandala-geometry-patterns-vehicle-planes-fokker-dr1-triplane-bf05a95603,present,style|seasonal|detail|audience,Detailed Coloring Pages for Adults|Detailed Coloring Pages for Adults,audience/detail candidate lacks independent review
mandala-geometry-patterns__mandala-geometry-patterns-vehiacle-planes-glider__47f613f7d9,/printables/detailed-for-adults/mandala-geometry-patterns-vehicle-planes-glider-47f613f7d9,present,style|seasonal|detail|audience,Detailed Coloring Pages for Adults|Detailed Coloring Pages for Adults,audience/detail candidate lacks independent review
mandala-geometry-patterns__mandala-geometry-patterns-vehiacle-planes-gulfstream-g700__3339ce2138,/printables/detailed-for-adults/mandala-geometry-patterns-vehicle-planes-gulfstream-g700-3339ce2138,present,style|seasonal|detail|audience,Detailed Coloring Pages for Adults|Detailed Coloring Pages for Adults,audience/detail candidate lacks independent review
mandala-geometry-patterns__mandala-geometry-patterns-vehiacle-planes-harrier-jump-jet__f424b0d2fd,/printables/detailed-for-adults/mandala-geometry-patterns-vehicle-planes-harrier-jump-jet-f424b0d2fd,present,style|seasonal|detail|audience,Detailed Coloring Pages for Adults|Detailed Coloring Pages for Adults,audience/detail candidate lacks independent review
mandala-geometry-patterns__mandala-geometry-patterns-vehiacle-planes-heinkel-he-111__f0acbc13e0,/printables/detailed-for-adults/mandala-geometry-patterns-vehicle-planes-heinkel-he-111-f0acbc13e0,present,style|seasonal|detail|audience,Detailed Coloring Pages for Adults|Detailed Coloring Pages for Adults,audience/detail candidate lacks independent review
mandala-geometry-patterns__mandala-geometry-patterns-vehiacle-planes-helicopter__f93729f967,/printables/detailed-for-adults/mandala-geometry-patterns-vehicle-planes-helicopter-f93729f967,present,style|seasonal|detail|audience,Detailed Coloring Pages for Adults|Detailed Coloring Pages for Adults,audience/detail candidate lacks independent review
mandala-geometry-patterns__mandala-geometry-patterns-vehiacle-planes-hot-air-balloon__90684cd20e,/printables/detailed-for-adults/mandala-geometry-patterns-vehicle-planes-hot-air-balloon-90684cd20e,present,style|seasonal|detail|audience,Detailed Coloring Pages for Adults|Detailed Coloring Pages for Adults,audience/detail candidate lacks independent review
mandala-geometry-patterns__mandala-geometry-patterns-vehiacle-planes-hughes-h-4-hercules-spruce-goo__2c1a038e5e,/printables/detailed-for-adults/mandala-geometry-patterns-vehicle-planes-hughes-h-4-hercules-spruce-2c1a038e5e,present,style|seasonal|detail|audience,Detailed Coloring Pages for Adults|Detailed Coloring Pages for Adults,audience/detail candidate lacks independent review
mandala-geometry-patterns__mandala-geometry-patterns-vehiacle-planes-ju-87-stuka__1bafe721f1,/printables/detailed-for-adults/mandala-geometry-patterns-vehicle-planes-ju-87-stuka-1bafe721f1,present,style|seasonal|detail|audience,Detailed Coloring Pages for Adults|Detailed Coloring Pages for Adults,audience/detail candidate lacks independent review
mandala-geometry-patterns__mandala-geometry-patterns-vehiacle-planes-kc-135-stratotanker__4aaacc9f6b,/printables/detailed-for-adults/mandala-geometry-patterns-vehicle-planes-kc-135-stratotanker-4aaacc9f6b,present,style|seasonal|detail|audience,Detailed Coloring Pages for Adults|Detailed Coloring Pages for Adults,audience/detail candidate lacks independent review
mandala-geometry-patterns__mandala-geometry-patterns-vehiacle-planes-kc-46-pegasus__fcc7a92159,/printables/detailed-for-adults/mandala-geometry-patterns-vehicle-planes-kc-46-pegasus-fcc7a92159,present,style|seasonal|detail|audience,Detailed Coloring Pages for Adults|Detailed Coloring Pages for Adults,audience/detail candidate lacks independent review
mandala-geometry-patterns__mandala-geometry-patterns-vehiacle-planes-light-sport-plane__330bdb23e1,/printables/detailed-for-adults/mandala-geometry-patterns-vehicle-planes-light-sport-plane-330bdb23e1,present,style|seasonal|detail|audience,Detailed Coloring Pages for Adults|Detailed Coloring Pages for Adults,audience/detail candidate lacks independent review
mandala-geometry-patterns__mandala-geometry-patterns-vehiacle-planes-lockheed-c-130-hercules__20d3724ef4,/printables/detailed-for-adults/mandala-geometry-patterns-vehicle-planes-lockheed-c-130-hercules-20d3724ef4,present,style|seasonal|detail|audience,Detailed Coloring Pages for Adults|Detailed Coloring Pages for Adults,audience/detail candidate lacks independent review
mandala-geometry-patterns__mandala-geometry-patterns-vehiacle-planes-lockheed-constellation__0c4c30e57b,/printables/detailed-for-adults/mandala-geometry-patterns-vehicle-planes-lockheed-constellation-0c4c30e57b,present,style|seasonal|detail|audience,Detailed Coloring Pages for Adults|Detailed Coloring Pages for Adults,audience/detail candidate lacks independent review
mandala-geometry-patterns__mandala-geometry-patterns-vehiacle-planes-lockheed-l-1011-tristar__3b5b75dfd0,/printables/detailed-for-adults/mandala-geometry-patterns-vehicle-planes-lockheed-l-1011-tristar-3b5b75dfd0,present,style|seasonal|detail|audience,Detailed Coloring Pages for Adults|Detailed Coloring Pages for Adults,audience/detail candidate lacks independent review
mandala-geometry-patterns__mandala-geometry-patterns-vehiacle-planes-lockheed-martin-f-22-raptor__f9e439a4b7,/printables/detailed-for-adults/mandala-geometry-patterns-vehicle-planes-lockheed-martin-f-22-raptor-f9e439a4b7,present,style|seasonal|detail|audience,Detailed Coloring Pages for Adults|Detailed Coloring Pages for Adults,audience/detail candidate lacks independent review
mandala-geometry-patterns__mandala-geometry-patterns-vehiacle-planes-lockheed-martin-f-22-raptor-fl__0676466f36,/printables/detailed-for-adults/mandala-geometry-patterns-vehicle-planes-lockheed-martin-f-22-raptor-0676466f36,present,style|seasonal|detail|audience,Detailed Coloring Pages for Adults|Detailed Coloring Pages for Adults,audience/detail candidate lacks independent review
mandala-geometry-patterns__mandala-geometry-patterns-vehiacle-planes-lockheed-martin-f-35-lightning__d9d3965f54,/printables/detailed-for-adults/mandala-geometry-patterns-vehicle-planes-lockheed-martin-f-35-lightning-d9d3965f54,present,style|seasonal|detail|audience,Detailed Coloring Pages for Adults|Detailed Coloring Pages for Adults,audience/detail candidate lacks independent review
mandala-geometry-patterns__mandala-geometry-patterns-vehiacle-planes-messerschmitt-bf-109__06d9496ef9,/printables/detailed-for-adults/mandala-geometry-patterns-vehicle-planes-messerschmitt-bf-109-06d9496ef9,present,style|seasonal|detail|audience,Detailed Coloring Pages for Adults|Detailed Coloring Pages for Adults,audience/detail candidate lacks independent review
mandala-geometry-patterns__mandala-geometry-patterns-vehiacle-planes-mh-60-seahawk__001867dd2e,/printables/detailed-for-adults/mandala-geometry-patterns-vehicle-planes-mh-60-seahawk-001867dd2e,present,style|seasonal|detail|audience,Detailed Coloring Pages for Adults|Detailed Coloring Pages for Adults,audience/detail candidate lacks independent review
mandala-geometry-patterns__mandala-geometry-patterns-vehiacle-planes-mig-21__e84903bef6,/printables/detailed-for-adults/mandala-geometry-patterns-vehicle-planes-mig-21-e84903bef6,present,style|seasonal|detail|audience,Detailed Coloring Pages for Adults|Detailed Coloring Pages for Adults,audience/detail candidate lacks independent review
mandala-geometry-patterns__mandala-geometry-patterns-vehiacle-planes-mig-29-fulcrum__8900aacd1f,/printables/detailed-for-adults/mandala-geometry-patterns-vehicle-planes-mig-29-fulcrum-8900aacd1f,present,style|seasonal|detail|audience,Detailed Coloring Pages for Adults|Detailed Coloring Pages for Adults,audience/detail candidate lacks independent review
mandala-geometry-patterns__mandala-geometry-patterns-vehiacle-planes-military-aircraft__3de41fa0dc,/printables/detailed-for-adults/mandala-geometry-patterns-vehicle-planes-military-aircraft-3de41fa0dc,present,style|seasonal|detail|audience,Detailed Coloring Pages for Adults|Detailed Coloring Pages for Adults,audience/detail candidate lacks independent review
mandala-geometry-patterns__mandala-geometry-patterns-vehiacle-planes-mitsubishi-zero__1131fbaabb,/printables/detailed-for-adults/mandala-geometry-patterns-vehicle-planes-mitsubishi-zero-1131fbaabb,present,style|seasonal|detail|audience,Detailed Coloring Pages for Adults|Detailed Coloring Pages for Adults,audience/detail candidate lacks independent review
mandala-geometry-patterns__mandala-geometry-patterns-vehiacle-planes-mooney-m20__40369fe4ff,/printables/detailed-for-adults/mandala-geometry-patterns-vehicle-planes-mooney-m20-40369fe4ff,present,style|seasonal|detail|audience,Detailed Coloring Pages for Adults|Detailed Coloring Pages for Adults,audience/detail candidate lacks independent review
mandala-geometry-patterns__mandala-geometry-patterns-vehiacle-planes-northrop-grumman-b-2-spirite__324a9276cb,/printables/detailed-for-adults/mandala-geometry-patterns-vehicle-planes-northrop-grumman-b-2-spirite-324a9276cb,present,style|seasonal|detail|audience,Detailed Coloring Pages for Adults|Detailed Coloring Pages for Adults,audience/detail candidate lacks independent review
mandala-geometry-patterns__mandala-geometry-patterns-vehiacle-planes-northrop-t-38-talon__bb7949663a,/printables/detailed-for-adults/mandala-geometry-patterns-vehicle-planes-northrop-t-38-talon-bb7949663a,present,style|seasonal|detail|audience,Detailed Coloring Pages for Adults|Detailed Coloring Pages for Adults,audience/detail candidate lacks independent review
mandala-geometry-patterns__mandala-geometry-patterns-vehiacle-planes-p-51-mustange__9ebe284507,/printables/detailed-for-adults/mandala-geometry-patterns-vehicle-planes-p-51-mustange-9ebe284507,present,style|seasonal|detail|audience,Detailed Coloring Pages for Adults|Detailed Coloring Pages for Adults,audience/detail candidate lacks independent review
mandala-geometry-patterns__mandala-geometry-patterns-vehiacle-planes-passenger-plane__cd876c9f1b,/printables/detailed-for-adults/mandala-geometry-patterns-vehicle-planes-passenger-plane-cd876c9f1b,present,style|seasonal|detail|audience,Detailed Coloring Pages for Adults|Detailed Coloring Pages for Adults,audience/detail candidate lacks independent review
mandala-geometry-patterns__mandala-geometry-patterns-vehiacle-planes-pilatus-pc-12__071ff9b940,/printables/detailed-for-adults/mandala-geometry-patterns-vehicle-planes-pilatus-pc-12-071ff9b940,present,style|seasonal|detail|audience,Detailed Coloring Pages for Adults|Detailed Coloring Pages for Adults,audience/detail candidate lacks independent review
mandala-geometry-patterns__mandala-geometry-patterns-vehiacle-planes-piper-pa-28-cherokee__236fafca45,/printables/detailed-for-adults/mandala-geometry-patterns-vehicle-planes-piper-pa-28-cherokee-236fafca45,present,style|seasonal|detail|audience,Detailed Coloring Pages for Adults|Detailed Coloring Pages for Adults,audience/detail candidate lacks independent review
mandala-geometry-patterns__mandala-geometry-patterns-vehiacle-planes-private-jet__84009470b8,/printables/detailed-for-adults/mandala-geometry-patterns-vehicle-planes-private-jet-84009470b8,present,style|seasonal|detail|audience,Detailed Coloring Pages for Adults|Detailed Coloring Pages for Adults,audience/detail candidate lacks independent review
mandala-geometry-patterns__mandala-geometry-patterns-vehiacle-planes-rc-model-plane__45c7dda4f7,/printables/detailed-for-adults/mandala-geometry-patterns-vehicle-planes-rc-model-plane-45c7dda4f7,present,style|seasonal|detail|audience,Detailed Coloring Pages for Adults|Detailed Coloring Pages for Adults,audience/detail candidate lacks independent review
mandala-geometry-patterns__mandala-geometry-patterns-vehiacle-planes-saab-jas-39-gripen__187e37dc75,/printables/detailed-for-adults/mandala-geometry-patterns-vehicle-planes-saab-jas-39-gripen-187e37dc75,present,style|seasonal|detail|audience,Detailed Coloring Pages for Adults|Detailed Coloring Pages for Adults,audience/detail candidate lacks independent review
mandala-geometry-patterns__mandala-geometry-patterns-vehiacle-planes-seaplane__0402fbf714,/printables/detailed-for-adults/mandala-geometry-patterns-vehicle-planes-seaplane-0402fbf714,present,style|seasonal|detail|audience,Detailed Coloring Pages for Adults|Detailed Coloring Pages for Adults,audience/detail candidate lacks independent review
mandala-geometry-patterns__mandala-geometry-patterns-vehiacle-planes-sikorsky-s-76__131315d324,/printables/detailed-for-adults/mandala-geometry-patterns-vehicle-planes-sikorsky-s-76-131315d324,present,style|seasonal|detail|audience,Detailed Coloring Pages for Adults|Detailed Coloring Pages for Adults,audience/detail candidate lacks independent review
mandala-geometry-patterns__mandala-geometry-patterns-vehiacle-planes-sikorsky-s-92__624b3684ca,/printables/detailed-for-adults/mandala-geometry-patterns-vehicle-planes-sikorsky-s-92-624b3684ca,present,style|seasonal|detail|audience,Detailed Coloring Pages for Adults|Detailed Coloring Pages for Adults,audience/detail candidate lacks independent review
mandala-geometry-patterns__mandala-geometry-patterns-vehiacle-planes-spitfire__5a662d8cba,/printables/detailed-for-adults/mandala-geometry-patterns-vehicle-planes-spitfire-5a662d8cba,present,style|seasonal|detail|audience,Detailed Coloring Pages for Adults|Detailed Coloring Pages for Adults,audience/detail candidate lacks independent review
mandala-geometry-patterns__mandala-geometry-patterns-vehiacle-planes-stunt-plane__241110c28a,/printables/detailed-for-adults/mandala-geometry-patterns-vehicle-planes-stunt-plane-241110c28a,present,style|seasonal|detail|audience,Detailed Coloring Pages for Adults|Detailed Coloring Pages for Adults,audience/detail candidate lacks independent review
mandala-geometry-patterns__mandala-geometry-patterns-vehiacle-planes-sukhoi-su-27__733b1979d1,/printables/detailed-for-adults/mandala-geometry-patterns-vehicle-planes-sukhoi-su-27-733b1979d1,present,style|seasonal|detail|audience,Detailed Coloring Pages for Adults|Detailed Coloring Pages for Adults,audience/detail candidate lacks independent review
mandala-geometry-patterns__mandala-geometry-patterns-vehiacle-planes-sukhoi-su-35__753d8e23fb,/printables/detailed-for-adults/mandala-geometry-patterns-vehicle-planes-sukhoi-su-35-753d8e23fb,present,style|seasonal|detail|audience,Detailed Coloring Pages for Adults|Detailed Coloring Pages for Adults,audience/detail candidate lacks independent review
mandala-geometry-patterns__mandala-geometry-patterns-vehiacle-planes-sukhoi-su-57__c108dcd749,/printables/detailed-for-adults/mandala-geometry-patterns-vehicle-planes-sukhoi-su-57-c108dcd749,present,style|seasonal|detail|audience,Detailed Coloring Pages for Adults|Detailed Coloring Pages for Adults,audience/detail candidate lacks independent review
mandala-geometry-patterns__mandala-geometry-patterns-vehiacle-planes-supersonic-jet__bfd2f21c17,/printables/detailed-for-adults/mandala-geometry-patterns-vehicle-planes-supersonic-jet-bfd2f21c17,present,style|seasonal|detail|audience,Detailed Coloring Pages for Adults|Detailed Coloring Pages for Adults,audience/detail candidate lacks independent review
mandala-geometry-patterns__mandala-geometry-patterns-vehiacle-planes-tupolev-tu-160-blackjack__228223568d,/printables/detailed-for-adults/mandala-geometry-patterns-vehicle-planes-tupolev-tu-160-blackjack-228223568d,present,style|seasonal|detail|audience,Detailed Coloring Pages for Adults|Detailed Coloring Pages for Adults,audience/detail candidate lacks independent review
mandala-geometry-patterns__mandala-geometry-patterns-vehiacle-planes-tupolev-tu-95-bear__828c737e46,/printables/bears/mandala-geometry-patterns-vehicle-planes-tupolev-tu-95-bear-828c737e46,present,style|seasonal|detail|audience,Detailed Coloring Pages for Adults|Detailed Coloring Pages for Adults,audience/detail candidate lacks independent review
mandala-geometry-patterns__mandala-geometry-patterns-vehiacle-planes-uh-60-black-hawk__f6a4fe3312,/printables/detailed-for-adults/mandala-geometry-patterns-vehicle-planes-uh-60-black-hawk-f6a4fe3312,present,style|seasonal|detail|audience,Detailed Coloring Pages for Adults|Detailed Coloring Pages for Adults,audience/detail candidate lacks independent review
mandala-geometry-patterns__mandala-geometry-patterns-vehiacle-planes-ultralight-plane__440201365b,/printables/detailed-for-adults/mandala-geometry-patterns-vehicle-planes-ultralight-plane-440201365b,present,style|seasonal|detail|audience,Detailed Coloring Pages for Adults|Detailed Coloring Pages for Adults,audience/detail candidate lacks independent review
mandala-geometry-patterns__mandala-geometry-patterns-vehiacle-planes-v-22-osprey-tiltrotor__b5a4ab72e2,/printables/detailed-for-adults/mandala-geometry-patterns-vehicle-planes-v-22-osprey-tiltrotor-b5a4ab72e2,present,style|seasonal|detail|audience,Detailed Coloring Pages for Adults|Detailed Coloring Pages for Adults,audience/detail candidate lacks independent review
mandala-geometry-patterns__mandala-geometry-patterns-vehiacle-planes-vickers-vc10__ae838b1f73,/printables/detailed-for-adults/mandala-geometry-patterns-vehicle-planes-vickers-vc10-ae838b1f73,present,style|seasonal|detail|audience,Detailed Coloring Pages for Adults|Detailed Coloring Pages for Adults,audience/detail candidate lacks independent review
mandala-geometry-patterns__mandala-geometry-patterns-vehiacle-planes-water-bomber-firefighting-plan__ff1df93cd8,/printables/detailed-for-adults/mandala-geometry-patterns-vehicle-planes-water-bomber-firefighting-plane-ff1df93cd8,present,style|seasonal|detail|audience,Detailed Coloring Pages for Adults|Detailed Coloring Pages for Adults,audience/detail candidate lacks independent review
mandala-geometry-patterns__mandala-geometry-patterns-vehiacle-planes-wright-flyer-1903__f9dd72ee5d,/printables/detailed-for-adults/mandala-geometry-patterns-vehicle-planes-wright-flyer-1903-f9dd72ee5d,present,style|seasonal|detail|audience,Detailed Coloring Pages for Adults|Detailed Coloring Pages for Adults,audience/detail candidate lacks independent review
mandala-geometry-patterns__mandala-geometry-patterns-vehiacle-planes-zeppelin-airship__2d54f2751f,/printables/detailed-for-adults/mandala-geometry-patterns-vehicle-planes-zeppelin-airship-2d54f2751f,present,style|seasonal|detail|audience,Detailed Coloring Pages for Adults|Detailed Coloring Pages for Adults,audience/detail candidate lacks independent review
mandala-geometry-patterns__mandala-geometry-patterns-vehicle-cars-acura-integra-type-s__280c6a8a29,/printables/cars/mandala-geometry-patterns-vehicle-cars-acura-integra-type-s-280c6a8a29,present,style|seasonal|detail|audience,Detailed Coloring Pages for Adults|Detailed Coloring Pages for Adults,audience/detail candidate lacks independent review
mandala-geometry-patterns__mandala-geometry-patterns-vehicle-cars-acura-nsx__9c89bcaa03,/printables/cars/mandala-geometry-patterns-vehicle-cars-acura-nsx-9c89bcaa03,present,style|seasonal|detail|audience,Detailed Coloring Pages for Adults|Detailed Coloring Pages for Adults,audience/detail candidate lacks independent review
mandala-geometry-patterns__mandala-geometry-patterns-vehicle-cars-alfa-romeo-4c__7d2e86dfbc,/printables/cars/mandala-geometry-patterns-vehicle-cars-alfa-romeo-4c-7d2e86dfbc,present,style|seasonal|detail|audience,Detailed Coloring Pages for Adults|Detailed Coloring Pages for Adults,audience/detail candidate lacks independent review
mandala-geometry-patterns__mandala-geometry-patterns-vehicle-cars-alfa-romeo-giulia-quadrifoglio__3629454fb8,/printables/cars/mandala-geometry-patterns-vehicle-cars-alfa-romeo-giulia-quadrifoglio-3629454fb8,present,style|seasonal|detail|audience,Detailed Coloring Pages for Adults|Detailed Coloring Pages for Adults,audience/detail candidate lacks independent review
mandala-geometry-patterns__mandala-geometry-patterns-vehicle-cars-aston-martin-db11__9a3ad2c1da,/printables/cars/mandala-geometry-patterns-vehicle-cars-aston-martin-db11-9a3ad2c1da,present,style|seasonal|detail|audience,Detailed Coloring Pages for Adults|Detailed Coloring Pages for Adults,audience/detail candidate lacks independent review
mandala-geometry-patterns__mandala-geometry-patterns-vehicle-cars-aston-martin-db11-car__1d0cf1e42b,/printables/cars/mandala-geometry-patterns-vehicle-cars-aston-martin-db11-car-1d0cf1e42b,present,style|seasonal|detail|audience,Detailed Coloring Pages for Adults|Detailed Coloring Pages for Adults,audience/detail candidate lacks independent review
mandala-geometry-patterns__mandala-geometry-patterns-vehicle-cars-audi-e-tron-ev__22a6df7097,/printables/cars/mandala-geometry-patterns-vehicle-cars-audi-e-tron-ev-22a6df7097,present,style|seasonal|detail|audience,Detailed Coloring Pages for Adults|Detailed Coloring Pages for Adults,audience/detail candidate lacks independent review
mandala-geometry-patterns__mandala-geometry-patterns-vehicle-cars-audi-e-tron-ev-car__2a773e18e0,/printables/cars/mandala-geometry-patterns-vehicle-cars-audi-e-tron-ev-car-2a773e18e0,present,style|seasonal|detail|audience,Detailed Coloring Pages for Adults|Detailed Coloring Pages for Adults,audience/detail candidate lacks independent review
mandala-geometry-patterns__mandala-geometry-patterns-vehicle-cars-audi-r8__209ad97c54,/printables/cars/mandala-geometry-patterns-vehicle-cars-audi-r8-209ad97c54,present,style|seasonal|detail|audience,Detailed Coloring Pages for Adults|Detailed Coloring Pages for Adults,audience/detail candidate lacks independent review
mandala-geometry-patterns__mandala-geometry-patterns-vehicle-cars-audi-r8-car__9a715ebaa5,/printables/cars/mandala-geometry-patterns-vehicle-cars-audi-r8-car-9a715ebaa5,present,style|seasonal|detail|audience,Detailed Coloring Pages for Adults|Detailed Coloring Pages for Adults,audience/detail candidate lacks independent review
mandala-geometry-patterns__mandala-geometry-patterns-vehicle-cars-bmw-i8-hybrid__3b67a66a3f,/printables/cars/mandala-geometry-patterns-vehicle-cars-bmw-i8-hybrid-3b67a66a3f,present,style|seasonal|detail|audience,Detailed Coloring Pages for Adults|Detailed Coloring Pages for Adults,audience/detail candidate lacks independent review
mandala-geometry-patterns__mandala-geometry-patterns-vehicle-cars-bmw-ix__0b7c0979bb,/printables/cars/mandala-geometry-patterns-vehicle-cars-bmw-ix-0b7c0979bb,present,style|seasonal|detail|audience,Detailed Coloring Pages for Adults|Detailed Coloring Pages for Adults,audience/detail candidate lacks independent review
mandala-geometry-patterns__mandala-geometry-patterns-vehicle-cars-bmw-m3__9dc2591155,/printables/cars/mandala-geometry-patterns-vehicle-cars-bmw-m3-9dc2591155,present,style|seasonal|detail|audience,Detailed Coloring Pages for Adults|Detailed Coloring Pages for Adults,audience/detail candidate lacks independent review
mandala-geometry-patterns__mandala-geometry-patterns-vehicle-cars-bmw-x5__019ef1608a,/printables/cars/mandala-geometry-patterns-vehicle-cars-bmw-x5-019ef1608a,present,style|seasonal|detail|audience,Detailed Coloring Pages for Adults|Detailed Coloring Pages for Adults,audience/detail candidate lacks independent review
mandala-geometry-patterns__mandala-geometry-patterns-vehicle-cars-bmw-x6__a084574bf6,/printables/cars/mandala-geometry-patterns-vehicle-cars-bmw-x6-a084574bf6,present,style|seasonal|detail|audience,Detailed Coloring Pages for Adults|Detailed Coloring Pages for Adults,audience/detail candidate lacks independent review
mandala-geometry-patterns__mandala-geometry-patterns-vehicle-cars-bmw-xm__bcb579b2e4,/printables/cars/mandala-geometry-patterns-vehicle-cars-bmw-xm-bcb579b2e4,present,style|seasonal|detail|audience,Detailed Coloring Pages for Adults|Detailed Coloring Pages for Adults,audience/detail candidate lacks independent review
mandala-geometry-patterns__mandala-geometry-patterns-vehicle-cars-bugatti-bolide__fe9ba774da,/printables/cars/mandala-geometry-patterns-vehicle-cars-bugatti-bolide-fe9ba774da,present,style|seasonal|detail|audience,Detailed Coloring Pages for Adults|Detailed Coloring Pages for Adults,audience/detail candidate lacks independent review
mandala-geometry-patterns__mandala-geometry-patterns-vehicle-cars-bugatti-divo__d481440818,/printables/cars/mandala-geometry-patterns-vehicle-cars-bugatti-divo-d481440818,present,style|seasonal|detail|audience,Detailed Coloring Pages for Adults|Detailed Coloring Pages for Adults,audience/detail candidate lacks independent review
mandala-geometry-patterns__mandala-geometry-patterns-vehicle-cars-bugatti-veyron__a00ced3e35,/printables/cars/mandala-geometry-patterns-vehicle-cars-bugatti-veyron-a00ced3e35,present,style|seasonal|detail|audience,Detailed Coloring Pages for Adults|Detailed Coloring Pages for Adults,audience/detail candidate lacks independent review
mandala-geometry-patterns__mandala-geometry-patterns-vehicle-cars-bugatti-veyrone__c9dc4d6832,/printables/cars/mandala-geometry-patterns-vehicle-cars-bugatti-veyrone-c9dc4d6832,present,style|seasonal|detail|audience,Detailed Coloring Pages for Adults|Detailed Coloring Pages for Adults,audience/detail candidate lacks independent review
mandala-geometry-patterns__mandala-geometry-patterns-vehicle-cars-chevrolet-blazer__25b0a2d57e,/printables/cars/mandala-geometry-patterns-vehicle-cars-chevrolet-blazer-25b0a2d57e,present,style|seasonal|detail|audience,Detailed Coloring Pages for Adults|Detailed Coloring Pages for Adults,audience/detail candidate lacks independent review
mandala-geometry-patterns__mandala-geometry-patterns-vehicle-cars-chevrolet-blazer-ev__58a4fb66a7,/printables/cars/mandala-geometry-patterns-vehicle-cars-chevrolet-blazer-ev-58a4fb66a7,present,style|seasonal|detail|audience,Detailed Coloring Pages for Adults|Detailed Coloring Pages for Adults,audience/detail candidate lacks independent review
mandala-geometry-patterns__mandala-geometry-patterns-vehicle-cars-chevrolet-camaro__9ce735cd28,/printables/cars/mandala-geometry-patterns-vehicle-cars-chevrolet-camaro-9ce735cd28,present,style|seasonal|detail|audience,Detailed Coloring Pages for Adults|Detailed Coloring Pages for Adults,audience/detail candidate lacks independent review
mandala-geometry-patterns__mandala-geometry-patterns-vehicle-cars-chevrolet-camaro-car__144044ffc5,/printables/cars/mandala-geometry-patterns-vehicle-cars-chevrolet-camaro-car-144044ffc5,present,style|seasonal|detail|audience,Detailed Coloring Pages for Adults|Detailed Coloring Pages for Adults,audience/detail candidate lacks independent review
mandala-geometry-patterns__mandala-geometry-patterns-vehicle-cars-chevrolet-corvette-c8__2ad0260f72,/printables/cars/mandala-geometry-patterns-vehicle-cars-chevrolet-corvette-c8-2ad0260f72,present,style|seasonal|detail|audience,Detailed Coloring Pages for Adults|Detailed Coloring Pages for Adults,audience/detail candidate lacks independent review
mandala-geometry-patterns__mandala-geometry-patterns-vehicle-cars-chevrolet-impala-classic__d8a251c4b9,/printables/cars/mandala-geometry-patterns-vehicle-cars-chevrolet-impala-classic-d8a251c4b9,present,style|seasonal|detail|audience,Detailed Coloring Pages for Adults|Detailed Coloring Pages for Adults,audience/detail candidate lacks independent review
mandala-geometry-patterns__mandala-geometry-patterns-vehicle-cars-chevrolet-tahoe__d8beaa4de3,/printables/cars/mandala-geometry-patterns-vehicle-cars-chevrolet-tahoe-d8beaa4de3,present,style|seasonal|detail|audience,Detailed Coloring Pages for Adults|Detailed Coloring Pages for Adults,audience/detail candidate lacks independent review
mandala-geometry-patterns__mandala-geometry-patterns-vehicle-cars-classic-chevy-bel-air__2bb12fb520,/printables/cars/mandala-geometry-patterns-vehicle-cars-classic-chevy-bel-air-2bb12fb520,present,style|seasonal|detail|audience,Detailed Coloring Pages for Adults|Detailed Coloring Pages for Adults,audience/detail candidate lacks independent review
mandala-geometry-patterns__mandala-geometry-patterns-vehicle-cars-classic-chevy-bel-air-car__8693c33091,/printables/cars/mandala-geometry-patterns-vehicle-cars-classic-chevy-bel-air-car-8693c33091,present,style|seasonal|detail|audience,Detailed Coloring Pages for Adults|Detailed Coloring Pages for Adults,audience/detail candidate lacks independent review
mandala-geometry-patterns__mandala-geometry-patterns-vehicle-cars-classic-dodge-dart__fb8a0518ef,/printables/cars/mandala-geometry-patterns-vehicle-cars-classic-dodge-dart-fb8a0518ef,present,style|seasonal|detail|audience,Detailed Coloring Pages for Adults|Detailed Coloring Pages for Adults,audience/detail candidate lacks independent review
mandala-geometry-patterns__mandala-geometry-patterns-vehicle-cars-classic-dodge-dart-car__3e948e0221,/printables/cars/mandala-geometry-patterns-vehicle-cars-classic-dodge-dart-car-3e948e0221,present,style|seasonal|detail|audience,Detailed Coloring Pages for Adults|Detailed Coloring Pages for Adults,audience/detail candidate lacks independent review
mandala-geometry-patterns__mandala-geometry-patterns-vehicle-cars-classic-ford-model-t__1e85ab8567,/printables/cars/mandala-geometry-patterns-vehicle-cars-classic-ford-model-t-1e85ab8567,present,style|seasonal|detail|audience,Detailed Coloring Pages for Adults|Detailed Coloring Pages for Adults,audience/detail candidate lacks independent review
mandala-geometry-patterns__mandala-geometry-patterns-vehicle-cars-classic-ford-model-t-car__df0f54a273,/printables/cars/mandala-geometry-patterns-vehicle-cars-classic-ford-model-t-car-df0f54a273,present,style|seasonal|detail|audience,Detailed Coloring Pages for Adults|Detailed Coloring Pages for Adults,audience/detail candidate lacks independent review
mandala-geometry-patterns__mandala-geometry-patterns-vehicle-cars-classic-ford-thunderbird__f8dc8efa85,/printables/cars/mandala-geometry-patterns-vehicle-cars-classic-ford-thunderbird-f8dc8efa85,present,style|seasonal|detail|audience,Detailed Coloring Pages for Adults|Detailed Coloring Pages for Adults,audience/detail candidate lacks independent review
mandala-geometry-patterns__mandala-geometry-patterns-vehicle-cars-classic-volkswagen-beetle__5efd045f2e,/printables/animals/mandala-geometry-patterns-vehicle-cars-classic-volkswagen-beetle-5efd045f2e,present,style|seasonal|detail|audience,Detailed Coloring Pages for Adults|Detailed Coloring Pages for Adults,audience/detail candidate lacks independent review
mandala-geometry-patterns__mandala-geometry-patterns-vehicle-cars-classic-volkswagen-beetle-car__879b59fd65,/printables/animals/mandala-geometry-patterns-vehicle-cars-classic-volkswagen-beetle-car-879b59fd65,present,style|seasonal|detail|audience,Detailed Coloring Pages for Adults|Detailed Coloring Pages for Adults,audience/detail candidate lacks independent review
mandala-geometry-patterns__mandala-geometry-patterns-vehicle-cars-dodge-charger__15a278a942,/printables/cars/mandala-geometry-patterns-vehicle-cars-dodge-charger-15a278a942,present,style|seasonal|detail|audience,Detailed Coloring Pages for Adults|Detailed Coloring Pages for Adults,audience/detail candidate lacks independent review
mandala-geometry-patterns__mandala-geometry-patterns-vehicle-cars-dodge-charger-car__66163503e7,/printables/cars/mandala-geometry-patterns-vehicle-cars-dodge-charger-car-66163503e7,present,style|seasonal|detail|audience,Detailed Coloring Pages for Adults|Detailed Coloring Pages for Adults,audience/detail candidate lacks independent review
mandala-geometry-patterns__mandala-geometry-patterns-vehicle-cars-dodge-demon__f0b5d9d3ea,/printables/cars/mandala-geometry-patterns-vehicle-cars-dodge-demon-f0b5d9d3ea,present,style|seasonal|detail|audience,Detailed Coloring Pages for Adults|Detailed Coloring Pages for Adults,audience/detail candidate lacks independent review
mandala-geometry-patterns__mandala-geometry-patterns-vehicle-cars-dodge-viper__dc3e94db7d,/printables/cars/mandala-geometry-patterns-vehicle-cars-dodge-viper-dc3e94db7d,present,style|seasonal|detail|audience,Detailed Coloring Pages for Adults|Detailed Coloring Pages for Adults,audience/detail candidate lacks independent review
mandala-geometry-patterns__mandala-geometry-patterns-vehicle-cars-electric-sports-car__63aa3a648e,/printables/cars/mandala-geometry-patterns-vehicle-cars-electric-sports-car-63aa3a648e,present,style|seasonal|detail|audience,Detailed Coloring Pages for Adults|Detailed Coloring Pages for Adults,audience/detail candidate lacks independent review
mandala-geometry-patterns__mandala-geometry-patterns-vehicle-cars-electric-sports-car-charging__545b0f228c,/printables/cars/mandala-geometry-patterns-vehicle-cars-electric-sports-car-charging-545b0f228c,present,style|seasonal|detail|audience,Detailed Coloring Pages for Adults|Detailed Coloring Pages for Adults,audience/detail candidate lacks independent review
mandala-geometry-patterns__mandala-geometry-patterns-vehicle-cars-electric-sports-car-driving__25704f3b69,/printables/cars/mandala-geometry-patterns-vehicle-cars-electric-sports-car-driving-25704f3b69,present,style|seasonal|detail|audience,Detailed Coloring Pages for Adults|Detailed Coloring Pages for Adults,audience/detail candidate lacks independent review
mandala-geometry-patterns__mandala-geometry-patterns-vehicle-cars-ferrari-488-gtb__f728e4f33f,/printables/cars/mandala-geometry-patterns-vehicle-cars-ferrari-488-gtb-f728e4f33f,present,style|seasonal|detail|audience,Detailed Coloring Pages for Adults|Detailed Coloring Pages for Adults,audience/detail candidate lacks independent review
mandala-geometry-patterns__mandala-geometry-patterns-vehicle-cars-ferrari-f8-tributo__69bd9008dc,/printables/cars/mandala-geometry-patterns-vehicle-cars-ferrari-f8-tributo-69bd9008dc,present,style|seasonal|detail|audience,Detailed Coloring Pages for Adults|Detailed Coloring Pages for Adults,audience/detail candidate lacks independent review
mandala-geometry-patterns__mandala-geometry-patterns-vehicle-cars-ferrari-sf90-stradale__df215dcb6b,/printables/cars/mandala-geometry-patterns-vehicle-cars-ferrari-sf90-stradale-df215dcb6b,present,style|seasonal|detail|audience,Detailed Coloring Pages for Adults|Detailed Coloring Pages for Adults,audience/detail candidate lacks independent review
mandala-geometry-patterns__mandala-geometry-patterns-vehicle-cars-ford-bronco__1156753432,/printables/cars/mandala-geometry-patterns-vehicle-cars-ford-bronco-1156753432,present,style|seasonal|detail|audience,Detailed Coloring Pages for Adults|Detailed Coloring Pages for Adults,audience/detail candidate lacks independent review
mandala-geometry-patterns__mandala-geometry-patterns-vehicle-cars-ford-f150-lightning__620124ef9c,/printables/cars/mandala-geometry-patterns-vehicle-cars-ford-f150-lightning-620124ef9c,present,style|seasonal|detail|audience,Detailed Coloring Pages for Adults|Detailed Coloring Pages for Adults,audience/detail candidate lacks independent review
mandala-geometry-patterns__mandala-geometry-patterns-vehicle-cars-ford-f150-raptor__06b2bed764,/printables/cars/mandala-geometry-patterns-vehicle-cars-ford-f150-raptor-06b2bed764,present,style|seasonal|detail|audience,Detailed Coloring Pages for Adults|Detailed Coloring Pages for Adults,audience/detail candidate lacks independent review
mandala-geometry-patterns__mandala-geometry-patterns-vehicle-cars-ford-gt-supercar__4c55ef5237,/printables/cars/mandala-geometry-patterns-vehicle-cars-ford-gt-supercar-4c55ef5237,present,style|seasonal|detail|audience,Detailed Coloring Pages for Adults|Detailed Coloring Pages for Adults,audience/detail candidate lacks independent review
mandala-geometry-patterns__mandala-geometry-patterns-vehicle-cars-ford-gt-supercar-car__6531d8dbd1,/printables/cars/mandala-geometry-patterns-vehicle-cars-ford-gt-supercar-car-6531d8dbd1,present,style|seasonal|detail|audience,Detailed Coloring Pages for Adults|Detailed Coloring Pages for Adults,audience/detail candidate lacks independent review
mandala-geometry-patterns__mandala-geometry-patterns-vehicle-cars-ford-mustang__abec4dd39b,/printables/cars/mandala-geometry-patterns-vehicle-cars-ford-mustang-abec4dd39b,present,style|seasonal|detail|audience,Detailed Coloring Pages for Adults|Detailed Coloring Pages for Adults,audience/detail candidate lacks independent review
mandala-geometry-patterns__mandala-geometry-patterns-vehicle-cars-ford-mustang-car__09d536064f,/printables/cars/mandala-geometry-patterns-vehicle-cars-ford-mustang-car-09d536064f,present,style|seasonal|detail|audience,Detailed Coloring Pages for Adults|Detailed Coloring Pages for Adults,audience/detail candidate lacks independent review
mandala-geometry-patterns__mandala-geometry-patterns-vehicle-cars-future-concept-car__c69c8d8da9,/printables/cars/mandala-geometry-patterns-vehicle-cars-future-concept-car-c69c8d8da9,present,style|seasonal|detail|audience,Detailed Coloring Pages for Adults|Detailed Coloring Pages for Adults,audience/detail candidate lacks independent review
mandala-geometry-patterns__mandala-geometry-patterns-vehicle-cars-future-concept-car-driving__377193adc5,/printables/cars/mandala-geometry-patterns-vehicle-cars-future-concept-car-driving-377193adc5,present,style|seasonal|detail|audience,Detailed Coloring Pages for Adults|Detailed Coloring Pages for Adults,audience/detail candidate lacks independent review
mandala-geometry-patterns__mandala-geometry-patterns-vehicle-cars-future-concept-model-car__7aa745ed0a,/printables/cars/mandala-geometry-patterns-vehicle-cars-future-concept-model-car-7aa745ed0a,present,style|seasonal|detail|audience,Detailed Coloring Pages for Adults|Detailed Coloring Pages for Adults,audience/detail candidate lacks independent review
mandala-geometry-patterns__mandala-geometry-patterns-vehicle-cars-gmc-hummer-ev__6e2d5421bd,/printables/cars/mandala-geometry-patterns-vehicle-cars-gmc-hummer-ev-6e2d5421bd,present,style|seasonal|detail|audience,Detailed Coloring Pages for Adults|Detailed Coloring Pages for Adults,audience/detail candidate lacks independent review
mandala-geometry-patterns__mandala-geometry-patterns-vehicle-cars-hennessey-venom-f5__f36742b3ff,/printables/cars/mandala-geometry-patterns-vehicle-cars-hennessey-venom-f5-f36742b3ff,present,style|seasonal|detail|audience,Detailed Coloring Pages for Adults|Detailed Coloring Pages for Adults,audience/detail candidate lacks independent review
mandala-geometry-patterns__mandala-geometry-patterns-vehicle-cars-hennessey-venom-gt__4187a2bd80,/printables/cars/mandala-geometry-patterns-vehicle-cars-hennessey-venom-gt-4187a2bd80,present,style|seasonal|detail|audience,Detailed Coloring Pages for Adults|Detailed Coloring Pages for Adults,audience/detail candidate lacks independent review
mandala-geometry-patterns__mandala-geometry-patterns-vehicle-cars-honda-civic-type-r__327e29e835,/printables/cars/mandala-geometry-patterns-vehicle-cars-honda-civic-type-r-327e29e835,present,style|seasonal|detail|audience,Detailed Coloring Pages for Adults|Detailed Coloring Pages for Adults,audience/detail candidate lacks independent review
mandala-geometry-patterns__mandala-geometry-patterns-vehicle-cars-honda-civic-type-r-car__d86bf41cc5,/printables/cars/mandala-geometry-patterns-vehicle-cars-honda-civic-type-r-car-d86bf41cc5,present,style|seasonal|detail|audience,Detailed Coloring Pages for Adults|Detailed Coloring Pages for Adults,audience/detail candidate lacks independent review
mandala-geometry-patterns__mandala-geometry-patterns-vehicle-cars-honda-crv__53d94a7350,/printables/cars/mandala-geometry-patterns-vehicle-cars-honda-crv-53d94a7350,present,style|seasonal|detail|audience,Detailed Coloring Pages for Adults|Detailed Coloring Pages for Adults,audience/detail candidate lacks independent review
mandala-geometry-patterns__mandala-geometry-patterns-vehicle-cars-honda-pilot__d01277d561,/printables/cars/mandala-geometry-patterns-vehicle-cars-honda-pilot-d01277d561,present,style|seasonal|detail|audience,Detailed Coloring Pages for Adults|Detailed Coloring Pages for Adults,audience/detail candidate lacks independent review
mandala-geometry-patterns__mandala-geometry-patterns-vehicle-cars-honda-s2000__d4d3bbdabe,/printables/cars/mandala-geometry-patterns-vehicle-cars-honda-s2000-d4d3bbdabe,present,style|seasonal|detail|audience,Detailed Coloring Pages for Adults|Detailed Coloring Pages for Adults,audience/detail candidate lacks independent review
mandala-geometry-patterns__mandala-geometry-patterns-vehicle-cars-honda-s2000-car__e4aac7368f,/printables/cars/mandala-geometry-patterns-vehicle-cars-honda-s2000-car-e4aac7368f,present,style|seasonal|detail|audience,Detailed Coloring Pages for Adults|Detailed Coloring Pages for Adults,audience/detail candidate lacks independent review
mandala-geometry-patterns__mandala-geometry-patterns-vehicle-cars-hot-rod__f70daa8792,/printables/cars/mandala-geometry-patterns-vehicle-cars-hot-rod-f70daa8792,present,style|seasonal|detail|audience,Detailed Coloring Pages for Adults|Detailed Coloring Pages for Adults,audience/detail candidate lacks independent review
mandala-geometry-patterns__mandala-geometry-patterns-vehicle-cars-hot-rod-classic__c6026cd0f5,/printables/cars/mandala-geometry-patterns-vehicle-cars-hot-rod-classic-c6026cd0f5,present,style|seasonal|detail|audience,Detailed Coloring Pages for Adults|Detailed Coloring Pages for Adults,audience/detail candidate lacks independent review
mandala-geometry-patterns__mandala-geometry-patterns-vehicle-cars-hot-rod-classic-car__a4c19f6032,/printables/cars/mandala-geometry-patterns-vehicle-cars-hot-rod-classic-car-a4c19f6032,present,style|seasonal|detail|audience,Detailed Coloring Pages for Adults|Detailed Coloring Pages for Adults,audience/detail candidate lacks independent review
mandala-geometry-patterns__mandala-geometry-patterns-vehicle-cars-hyundai-ioniq-5-ev__d13f14f50b,/printables/cars/mandala-geometry-patterns-vehicle-cars-hyundai-ioniq-5-ev-d13f14f50b,present,style|seasonal|detail|audience,Detailed Coloring Pages for Adults|Detailed Coloring Pages for Adults,audience/detail candidate lacks independent review
mandala-geometry-patterns__mandala-geometry-patterns-vehicle-cars-hyundai-ioniq-5-ev-car__4d9c85909e,/printables/cars/mandala-geometry-patterns-vehicle-cars-hyundai-ioniq-5-ev-car-4d9c85909e,present,style|seasonal|detail|audience,Detailed Coloring Pages for Adults|Detailed Coloring Pages for Adults,audience/detail candidate lacks independent review
mandala-geometry-patterns__mandala-geometry-patterns-vehicle-cars-hyundai-tucson__2c75a8983e,/printables/cars/mandala-geometry-patterns-vehicle-cars-hyundai-tucson-2c75a8983e,present,style|seasonal|detail|audience,Detailed Coloring Pages for Adults|Detailed Coloring Pages for Adults,audience/detail candidate lacks independent review
mandala-geometry-patterns__mandala-geometry-patterns-vehicle-cars-jaguar-f-type__8d159b399c,/printables/cars/mandala-geometry-patterns-vehicle-cars-jaguar-f-type-8d159b399c,present,style|seasonal|detail|audience,Detailed Coloring Pages for Adults|Detailed Coloring Pages for Adults,audience/detail candidate lacks independent review
mandala-geometry-patterns__mandala-geometry-patterns-vehicle-cars-jaguar-xj220-classic__8249950871,/printables/cars/mandala-geometry-patterns-vehicle-cars-jaguar-xj220-classic-8249950871,present,style|seasonal|detail|audience,Detailed Coloring Pages for Adults|Detailed Coloring Pages for Adults,audience/detail candidate lacks independent review
mandala-geometry-patterns__mandala-geometry-patterns-vehicle-cars-jeep-gladiator__c33bd1e46c,/printables/cars/mandala-geometry-patterns-vehicle-cars-jeep-gladiator-c33bd1e46c,present,style|seasonal|detail|audience,Detailed Coloring Pages for Adults|Detailed Coloring Pages for Adults,audience/detail candidate lacks independent review
mandala-geometry-patterns__mandala-geometry-patterns-vehicle-cars-jeep-grand-cherokee__7649bba7fc,/printables/cars/mandala-geometry-patterns-vehicle-cars-jeep-grand-cherokee-7649bba7fc,present,style|seasonal|detail|audience,Detailed Coloring Pages for Adults|Detailed Coloring Pages for Adults,audience/detail candidate lacks independent review
mandala-geometry-patterns__mandala-geometry-patterns-vehicle-cars-kia-ev6-electric__f04d85b8b0,/printables/cars/mandala-geometry-patterns-vehicle-cars-kia-ev6-electric-f04d85b8b0,present,style|seasonal|detail|audience,Detailed Coloring Pages for Adults|Detailed Coloring Pages for Adults,audience/detail candidate lacks independent review
mandala-geometry-patterns__mandala-geometry-patterns-vehicle-cars-kia-ev6-electric-car__acfc263280,/printables/cars/mandala-geometry-patterns-vehicle-cars-kia-ev6-electric-car-acfc263280,present,style|seasonal|detail|audience,Detailed Coloring Pages for Adults|Detailed Coloring Pages for Adults,audience/detail candidate lacks independent review
mandala-geometry-patterns__mandala-geometry-patterns-vehicle-cars-koenigsegg-agera-rs__308e2e2f7d,/printables/cars/mandala-geometry-patterns-vehicle-cars-koenigsegg-agera-rs-308e2e2f7d,present,style|seasonal|detail|audience,Detailed Coloring Pages for Adults|Detailed Coloring Pages for Adults,audience/detail candidate lacks independent review
mandala-geometry-patterns__mandala-geometry-patterns-vehicle-cars-koenigsegg-jesko__ba8491b5ab,/printables/cars/mandala-geometry-patterns-vehicle-cars-koenigsegg-jesko-ba8491b5ab,present,style|seasonal|detail|audience,Detailed Coloring Pages for Adults|Detailed Coloring Pages for Adults,audience/detail candidate lacks independent review
mandala-geometry-patterns__mandala-geometry-patterns-vehicle-cars-koenigsegg-regera__c1c6150bec,/printables/cars/mandala-geometry-patterns-vehicle-cars-koenigsegg-regera-c1c6150bec,present,style|seasonal|detail|audience,Detailed Coloring Pages for Adults|Detailed Coloring Pages for Adults,audience/detail candidate lacks independent review
mandala-geometry-patterns__mandala-geometry-patterns-vehicle-cars-lamborghini-gallardo__f662c88db4,/printables/cars/mandala-geometry-patterns-vehicle-cars-lamborghini-gallardo-f662c88db4,present,style|seasonal|detail|audience,Detailed Coloring Pages for Adults|Detailed Coloring Pages for Adults,audience/detail candidate lacks independent review
mandala-geometry-patterns__mandala-geometry-patterns-vehicle-cars-lamborghini-huracan__2c21ca84cc,/printables/cars/mandala-geometry-patterns-vehicle-cars-lamborghini-huracan-2c21ca84cc,present,style|seasonal|detail|audience,Detailed Coloring Pages for Adults|Detailed Coloring Pages for Adults,audience/detail candidate lacks independent review
mandala-geometry-patterns__mandala-geometry-patterns-vehicle-cars-lamborghini-huracane__1cd1c62e10,/printables/cars/mandala-geometry-patterns-vehicle-cars-lamborghini-huracane-1cd1c62e10,present,style|seasonal|detail|audience,Detailed Coloring Pages for Adults|Detailed Coloring Pages for Adults,audience/detail candidate lacks independent review
mandala-geometry-patterns__mandala-geometry-patterns-vehicle-cars-lamborghini-revuelto__972d6d6a24,/printables/cars/mandala-geometry-patterns-vehicle-cars-lamborghini-revuelto-972d6d6a24,present,style|seasonal|detail|audience,Detailed Coloring Pages for Adults|Detailed Coloring Pages for Adults,audience/detail candidate lacks independent review
mandala-geometry-patterns__mandala-geometry-patterns-vehicle-cars-lamborghini-sian__4124ded437,/printables/cars/mandala-geometry-patterns-vehicle-cars-lamborghini-sian-4124ded437,present,style|seasonal|detail|audience,Detailed Coloring Pages for Adults|Detailed Coloring Pages for Adults,audience/detail candidate lacks independent review
mandala-geometry-patterns__mandala-geometry-patterns-vehicle-cars-land-rover-defender__d48a39057f,/printables/cars/mandala-geometry-patterns-vehicle-cars-land-rover-defender-d48a39057f,present,style|seasonal|detail|audience,Detailed Coloring Pages for Adults|Detailed Coloring Pages for Adults,audience/detail candidate lacks independent review
mandala-geometry-patterns__mandala-geometry-patterns-vehicle-cars-land-rover-discovery__c01c283523,/printables/cars/mandala-geometry-patterns-vehicle-cars-land-rover-discovery-c01c283523,present,style|seasonal|detail|audience,Detailed Coloring Pages for Adults|Detailed Coloring Pages for Adults,audience/detail candidate lacks independent review
mandala-geometry-patterns__mandala-geometry-patterns-vehicle-cars-land-rover-range-rover__3bc59f3d78,/printables/cars/mandala-geometry-patterns-vehicle-cars-land-rover-range-rover-3bc59f3d78,present,style|seasonal|detail|audience,Detailed Coloring Pages for Adults|Detailed Coloring Pages for Adults,audience/detail candidate lacks independent review
mandala-geometry-patterns__mandala-geometry-patterns-vehicle-cars-lexus-lfa__ed1dd6c1d8,/printables/cars/mandala-geometry-patterns-vehicle-cars-lexus-lfa-ed1dd6c1d8,present,style|seasonal|detail|audience,Detailed Coloring Pages for Adults|Detailed Coloring Pages for Adults,audience/detail candidate lacks independent review
mandala-geometry-patterns__mandala-geometry-patterns-vehicle-cars-lexus-rc-f__1aea8cc24c,/printables/cars/mandala-geometry-patterns-vehicle-cars-lexus-rc-f-1aea8cc24c,present,style|seasonal|detail|audience,Detailed Coloring Pages for Adults|Detailed Coloring Pages for Adults,audience/detail candidate lacks independent review
mandala-geometry-patterns__mandala-geometry-patterns-vehicle-cars-lucid-air__ce41dbfde4,/printables/cars/mandala-geometry-patterns-vehicle-cars-lucid-air-ce41dbfde4,present,style|seasonal|detail|audience,Detailed Coloring Pages for Adults|Detailed Coloring Pages for Adults,audience/detail candidate lacks independent review
mandala-geometry-patterns__mandala-geometry-patterns-vehicle-cars-maserati-granturismo__e7c2a56f1e,/printables/cars/mandala-geometry-patterns-vehicle-cars-maserati-granturismo-e7c2a56f1e,present,style|seasonal|detail|audience,Detailed Coloring Pages for Adults|Detailed Coloring Pages for Adults,audience/detail candidate lacks independent review
mandala-geometry-patterns__mandala-geometry-patterns-vehicle-cars-mazda-mx-5-miata__e3f4d65e96,/printables/cars/mandala-geometry-patterns-vehicle-cars-mazda-mx-5-miata-e3f4d65e96,present,style|seasonal|detail|audience,Detailed Coloring Pages for Adults|Detailed Coloring Pages for Adults,audience/detail candidate lacks independent review
mandala-geometry-patterns__mandala-geometry-patterns-vehicle-cars-mclaren-720s__b60a8c9155,/printables/cars/mandala-geometry-patterns-vehicle-cars-mclaren-720s-b60a8c9155,present,style|seasonal|detail|audience,Detailed Coloring Pages for Adults|Detailed Coloring Pages for Adults,audience/detail candidate lacks independent review
mandala-geometry-patterns__mandala-geometry-patterns-vehicle-cars-mclaren-720se__b9de426da2,/printables/cars/mandala-geometry-patterns-vehicle-cars-mclaren-720se-b9de426da2,present,style|seasonal|detail|audience,Detailed Coloring Pages for Adults|Detailed Coloring Pages for Adults,audience/detail candidate lacks independent review
mandala-geometry-patterns__mandala-geometry-patterns-vehicle-cars-mclaren-p1__565581bb7c,/printables/cars/mandala-geometry-patterns-vehicle-cars-mclaren-p1-565581bb7c,present,style|seasonal|detail|audience,Detailed Coloring Pages for Adults|Detailed Coloring Pages for Adults,audience/detail candidate lacks independent review
mandala-geometry-patterns__mandala-geometry-patterns-vehicle-cars-mclaren-p1e__7e537aacdf,/printables/cars/mandala-geometry-patterns-vehicle-cars-mclaren-p1e-7e537aacdf,present,style|seasonal|detail|audience,Detailed Coloring Pages for Adults|Detailed Coloring Pages for Adults,audience/detail candidate lacks independent review
mandala-geometry-patterns__mandala-geometry-patterns-vehicle-cars-mercedes-amg-gt__50dd298d03,/printables/cars/mandala-geometry-patterns-vehicle-cars-mercedes-amg-gt-50dd298d03,present,style|seasonal|detail|audience,Detailed Coloring Pages for Adults|Detailed Coloring Pages for Adults,audience/detail candidate lacks independent review
mandala-geometry-patterns__mandala-geometry-patterns-vehicle-cars-mercedes-amg-gt-car__fc1bca60fa,/printables/cars/mandala-geometry-patterns-vehicle-cars-mercedes-amg-gt-car-fc1bca60fa,present,style|seasonal|detail|audience,Detailed Coloring Pages for Adults|Detailed Coloring Pages for Adults,audience/detail candidate lacks independent review
mandala-geometry-patterns__mandala-geometry-patterns-vehicle-cars-mercedes-g-class-g-wagon__d4024dfe85,/printables/cars/mandala-geometry-patterns-vehicle-cars-mercedes-g-class-g-wagon-d4024dfe85,present,style|seasonal|detail|audience,Detailed Coloring Pages for Adults|Detailed Coloring Pages for Adults,audience/detail candidate lacks independent review
mandala-geometry-patterns__mandala-geometry-patterns-vehicle-cars-mercedes-gle-coupe__fb04317309,/printables/cars/mandala-geometry-patterns-vehicle-cars-mercedes-gle-coupe-fb04317309,present,style|seasonal|detail|audience,Detailed Coloring Pages for Adults|Detailed Coloring Pages for Adults,audience/detail candidate lacks independent review
mandala-geometry-patterns__mandala-geometry-patterns-vehicle-cars-muscle-car-collection__ead044c20d,/printables/cars/mandala-geometry-patterns-vehicle-cars-muscle-car-collection-ead044c20d,present,style|seasonal|detail|audience,Detailed Coloring Pages for Adults|Detailed Coloring Pages for Adults,audience/detail candidate lacks independent review
mandala-geometry-patterns__mandala-geometry-patterns-vehicle-cars-muscle-car-collections__120377eb24,/printables/cars/mandala-geometry-patterns-vehicle-cars-muscle-car-collections-120377eb24,present,style|seasonal|detail|audience,Detailed Coloring Pages for Adults|Detailed Coloring Pages for Adults,audience/detail candidate lacks independent review
mandala-geometry-patterns__mandala-geometry-patterns-vehicle-cars-nissan-370z__6d6c01804e,/printables/cars/mandala-geometry-patterns-vehicle-cars-nissan-370z-6d6c01804e,present,style|seasonal|detail|audience,Detailed Coloring Pages for Adults|Detailed Coloring Pages for Adults,audience/detail candidate lacks independent review
mandala-geometry-patterns__mandala-geometry-patterns-vehicle-cars-nissan-370z-car__c549727cca,/printables/cars/mandala-geometry-patterns-vehicle-cars-nissan-370z-car-c549727cca,present,style|seasonal|detail|audience,Detailed Coloring Pages for Adults|Detailed Coloring Pages for Adults,audience/detail candidate lacks independent review
mandala-geometry-patterns__mandala-geometry-patterns-vehicle-cars-nissan-armada__cfd8104625,/printables/cars/mandala-geometry-patterns-vehicle-cars-nissan-armada-cfd8104625,present,style|seasonal|detail|audience,Detailed Coloring Pages for Adults|Detailed Coloring Pages for Adults,audience/detail candidate lacks independent review
mandala-geometry-patterns__mandala-geometry-patterns-vehicle-cars-nissan-gt-r__70b740562f,/printables/cars/mandala-geometry-patterns-vehicle-cars-nissan-gt-r-70b740562f,present,style|seasonal|detail|audience,Detailed Coloring Pages for Adults|Detailed Coloring Pages for Adults,audience/detail candidate lacks independent review
mandala-geometry-patterns__mandala-geometry-patterns-vehicle-cars-nissan-patrol__e178de2153,/printables/cars/mandala-geometry-patterns-vehicle-cars-nissan-patrol-e178de2153,present,style|seasonal|detail|audience,Detailed Coloring Pages for Adults|Detailed Coloring Pages for Adults,audience/detail candidate lacks independent review
mandala-geometry-patterns__mandala-geometry-patterns-vehicle-cars-pagani-imola__aa60f10974,/printables/cars/mandala-geometry-patterns-vehicle-cars-pagani-imola-aa60f10974,present,style|seasonal|detail|audience,Detailed Coloring Pages for Adults|Detailed Coloring Pages for Adults,audience/detail candidate lacks independent review
mandala-geometry-patterns__mandala-geometry-patterns-vehicle-cars-pagani-zonda__9b7362e48d,/printables/cars/mandala-geometry-patterns-vehicle-cars-pagani-zonda-9b7362e48d,present,style|seasonal|detail|audience,Detailed Coloring Pages for Adults|Detailed Coloring Pages for Adults,audience/detail candidate lacks independent review
mandala-geometry-patterns__mandala-geometry-patterns-vehicle-cars-pagani-zondae__d76d885454,/printables/cars/mandala-geometry-patterns-vehicle-cars-pagani-zondae-d76d885454,present,style|seasonal|detail|audience,Detailed Coloring Pages for Adults|Detailed Coloring Pages for Adults,audience/detail candidate lacks independent review
mandala-geometry-patterns__mandala-geometry-patterns-vehicle-cars-porsche-718-cayman__44127f27d1,/printables/cars/mandala-geometry-patterns-vehicle-cars-porsche-718-cayman-44127f27d1,present,style|seasonal|detail|audience,Detailed Coloring Pages for Adults|Detailed Coloring Pages for Adults,audience/detail candidate lacks independent review
mandala-geometry-patterns__mandala-geometry-patterns-vehicle-cars-porsche-cayenne__63bdc2b122,/printables/cars/mandala-geometry-patterns-vehicle-cars-porsche-cayenne-63bdc2b122,present,style|seasonal|detail|audience,Detailed Coloring Pages for Adults|Detailed Coloring Pages for Adults,audience/detail candidate lacks independent review
mandala-geometry-patterns__mandala-geometry-patterns-vehicle-cars-porsche-cayman__1e07266d06,/printables/cars/mandala-geometry-patterns-vehicle-cars-porsche-cayman-1e07266d06,present,style|seasonal|detail|audience,Detailed Coloring Pages for Adults|Detailed Coloring Pages for Adults,audience/detail candidate lacks independent review
mandala-geometry-patterns__mandala-geometry-patterns-vehicle-cars-porsche-panamera__a9b7e0109a,/printables/cars/mandala-geometry-patterns-vehicle-cars-porsche-panamera-a9b7e0109a,present,style|seasonal|detail|audience,Detailed Coloring Pages for Adults|Detailed Coloring Pages for Adults,audience/detail candidate lacks independent review
mandala-geometry-patterns__mandala-geometry-patterns-vehicle-cars-porsche-taycan-ev__91407a6673,/printables/cars/mandala-geometry-patterns-vehicle-cars-porsche-taycan-ev-91407a6673,present,style|seasonal|detail|audience,Detailed Coloring Pages for Adults|Detailed Coloring Pages for Adults,audience/detail candidate lacks independent review
mandala-geometry-patterns__mandala-geometry-patterns-vehicle-cars-rivian-r1s__72d69ecd42,/printables/cars/mandala-geometry-patterns-vehicle-cars-rivian-r1s-72d69ecd42,present,style|seasonal|detail|audience,Detailed Coloring Pages for Adults|Detailed Coloring Pages for Adults,audience/detail candidate lacks independent review
mandala-geometry-patterns__mandala-geometry-patterns-vehicle-cars-rivian-r1t__771ecad1b0,/printables/cars/mandala-geometry-patterns-vehicle-cars-rivian-r1t-771ecad1b0,present,style|seasonal|detail|audience,Detailed Coloring Pages for Adults|Detailed Coloring Pages for Adults,audience/detail candidate lacks independent review
mandala-geometry-patterns__mandala-geometry-patterns-vehicle-cars-rolls-royce-phantom__b1d6c68822,/printables/cars/mandala-geometry-patterns-vehicle-cars-rolls-royce-phantom-b1d6c68822,present,style|seasonal|detail|audience,Detailed Coloring Pages for Adults|Detailed Coloring Pages for Adults,audience/detail candidate lacks independent review
mandala-geometry-patterns__mandala-geometry-patterns-vehicle-cars-subaru-brz__b31bff5b52,/printables/cars/mandala-geometry-patterns-vehicle-cars-subaru-brz-b31bff5b52,present,style|seasonal|detail|audience,Detailed Coloring Pages for Adults|Detailed Coloring Pages for Adults,audience/detail candidate lacks independent review
mandala-geometry-patterns__mandala-geometry-patterns-vehicle-cars-subaru-forester__356188f528,/printables/cars/mandala-geometry-patterns-vehicle-cars-subaru-forester-356188f528,present,style|seasonal|detail|audience,Detailed Coloring Pages for Adults|Detailed Coloring Pages for Adults,audience/detail candidate lacks independent review
mandala-geometry-patterns__mandala-geometry-patterns-vehicle-cars-subaru-outback__9bfcc64198,/printables/cars/mandala-geometry-patterns-vehicle-cars-subaru-outback-9bfcc64198,present,style|seasonal|detail|audience,Detailed Coloring Pages for Adults|Detailed Coloring Pages for Adults,audience/detail candidate lacks independent review
mandala-geometry-patterns__mandala-geometry-patterns-vehicle-cars-tesla-model-3__f789385ff7,/printables/cars/mandala-geometry-patterns-vehicle-cars-tesla-model-3-f789385ff7,present,style|seasonal|detail|audience,Detailed Coloring Pages for Adults|Detailed Coloring Pages for Adults,audience/detail candidate lacks independent review
mandala-geometry-patterns__mandala-geometry-patterns-vehicle-cars-tesla-model-x__755c819002,/printables/cars/mandala-geometry-patterns-vehicle-cars-tesla-model-x-755c819002,present,style|seasonal|detail|audience,Detailed Coloring Pages for Adults|Detailed Coloring Pages for Adults,audience/detail candidate lacks independent review
mandala-geometry-patterns__mandala-geometry-patterns-vehicle-cars-tesla-model-y__45d2095f0d,/printables/cars/mandala-geometry-patterns-vehicle-cars-tesla-model-y-45d2095f0d,present,style|seasonal|detail|audience,Detailed Coloring Pages for Adults|Detailed Coloring Pages for Adults,audience/detail candidate lacks independent review
mandala-geometry-patterns__mandala-geometry-patterns-vehicle-cars-tesla-roadster-2025__bc2e3030a8,/printables/cars/mandala-geometry-patterns-vehicle-cars-tesla-roadster-2025-bc2e3030a8,present,style|seasonal|detail|audience,Detailed Coloring Pages for Adults|Detailed Coloring Pages for Adults,audience/detail candidate lacks independent review
mandala-geometry-patterns__mandala-geometry-patterns-vehicle-cars-toyota-4runner__e92ebebbe6,/printables/cars/mandala-geometry-patterns-vehicle-cars-toyota-4runner-e92ebebbe6,present,style|seasonal|detail|audience,Detailed Coloring Pages for Adults|Detailed Coloring Pages for Adults,audience/detail candidate lacks independent review
mandala-geometry-patterns__mandala-geometry-patterns-vehicle-cars-toyota-celica-classic__f3e9dadec5,/printables/cars/mandala-geometry-patterns-vehicle-cars-toyota-celica-classic-f3e9dadec5,present,style|seasonal|detail|audience,Detailed Coloring Pages for Adults|Detailed Coloring Pages for Adults,audience/detail candidate lacks independent review
mandala-geometry-patterns__mandala-geometry-patterns-vehicle-cars-toyota-gr86__ebf724f458,/printables/cars/mandala-geometry-patterns-vehicle-cars-toyota-gr86-ebf724f458,present,style|seasonal|detail|audience,Detailed Coloring Pages for Adults|Detailed Coloring Pages for Adults,audience/detail candidate lacks independent review
mandala-geometry-patterns__mandala-geometry-patterns-vehicle-cars-toyota-land-cruiser__7ea39a8c59,/printables/cars/mandala-geometry-patterns-vehicle-cars-toyota-land-cruiser-7ea39a8c59,present,style|seasonal|detail|audience,Detailed Coloring Pages for Adults|Detailed Coloring Pages for Adults,audience/detail candidate lacks independent review
mandala-geometry-patterns__mandala-geometry-patterns-vehicle-cars-toyota-prius-hybrid__f49de4b908,/printables/cars/mandala-geometry-patterns-vehicle-cars-toyota-prius-hybrid-f49de4b908,present,style|seasonal|detail|audience,Detailed Coloring Pages for Adults|Detailed Coloring Pages for Adults,audience/detail candidate lacks independent review
mandala-geometry-patterns__mandala-geometry-patterns-vehicle-cars-toyota-prius-hybrid-car__90fb7c9c7c,/printables/cars/mandala-geometry-patterns-vehicle-cars-toyota-prius-hybrid-car-90fb7c9c7c,present,style|seasonal|detail|audience,Detailed Coloring Pages for Adults|Detailed Coloring Pages for Adults,audience/detail candidate lacks independent review
mandala-geometry-patterns__mandala-geometry-patterns-vehicle-cars-volvo-xc90__4aa184509b,/printables/cars/mandala-geometry-patterns-vehicle-cars-volvo-xc90-4aa184509b,present,style|seasonal|detail|audience,Detailed Coloring Pages for Adults|Detailed Coloring Pages for Adults,audience/detail candidate lacks independent review
mandala-geometry-patterns__mandala-geometry-patterns-whale__54cde12339,/printables/animals/mandala-geometry-patterns-whale-54cde12339,present,style|seasonal|detail|audience,Detailed Coloring Pages for Adults|Detailed Coloring Pages for Adults,audience/detail candidate lacks independent review
mandala-geometry-patterns__mandala-geometry-patterns-whale-face-patterns__bc98c5da78,/printables/animals/mandala-geometry-patterns-whale-face-patterns-bc98c5da78,present,seasonal|detail|audience,Detailed Coloring Pages for Adults|Detailed Coloring Pages for Adults,audience/detail candidate lacks independent review
mandala-geometry-patterns__mandala-geometry-patterns-wolf-face-patterns__1858ef896c,/printables/detailed-for-adults/mandala-geometry-patterns-wolf-face-patterns-1858ef896c,present,seasonal|detail|audience,Detailed Coloring Pages for Adults|Detailed Coloring Pages for Adults,audience/detail candidate lacks independent review
mandala-geometry-patterns__mandala-geometry-patterns-wolf-sitting__11771a32df,/printables/detailed-for-adults/mandala-geometry-patterns-wolf-sitting-11771a32df,present,style|seasonal|detail|audience,Detailed Coloring Pages for Adults|Detailed Coloring Pages for Adults,audience/detail candidate lacks independent review
mandala-geometry-patterns__mandala-geometry-patterns-yin-yang-mandala__f2c9a87009,/printables/detailed-for-adults/mandala-geometry-patterns-yin-yang-mandala-f2c9a87009,present,primary_subject|seasonal|detail|audience,Detailed Coloring Pages for Adults|Detailed Coloring Pages for Adults,audience/detail candidate lacks independent review
mandala-geometry-patterns__mandala-geometry-patterns-yosakoi-dance-parade__775214f097,/printables/detailed-for-adults/mandala-geometry-patterns-yosakoi-dance-parade-775214f097,omitted,primary_subject|style|seasonal|detail|audience,Detailed Coloring Pages for Adults|Detailed Coloring Pages for Adults,audience/detail candidate lacks independent review
mandala-geometry-patterns__mandala-geometry-patterns-zebra__1eafa3ad41,/printables/detailed-for-adults/mandala-geometry-patterns-zebra-1eafa3ad41,present,style|seasonal|detail|audience,Detailed Coloring Pages for Adults|Detailed Coloring Pages for Adults,audience/detail candidate lacks independent review
mandala-geometry-patterns__mandala-geometry-patterns-zebra-face-patterns__2907320aa9,/printables/detailed-for-adults/mandala-geometry-patterns-zebra-face-patterns-2907320aa9,present,seasonal|detail|audience,Detailed Coloring Pages for Adults|Detailed Coloring Pages for Adults,audience/detail candidate lacks independent review
plushie__plushie-alligator__7a469a9dce,/printables/cute/plushie-alligator-7a469a9dce,present,seasonal|detail|audience,Coloring Pages for Kids|Easy,audience/detail candidate lacks independent review
plushie__plushie-alligator-family__76ee38269b,/printables/cute/plushie-alligator-family-76ee38269b,present,seasonal|detail|audience,Coloring Pages for Kids|Easy,audience/detail candidate lacks independent review
plushie__plushie-alpaca__1304a7d0be,/printables/cute/plushie-alpaca-1304a7d0be,present,seasonal|detail|audience,Coloring Pages for Kids|Easy,audience/detail candidate lacks independent review
plushie__plushie-alpaca-family__806014acc4,/printables/cute/plushie-alpaca-family-806014acc4,present,seasonal|detail|audience,Coloring Pages for Kids|Easy,audience/detail candidate lacks independent review
plushie__plushie-angelfish__0a4b06df42,/printables/cute/plushie-angelfish-0a4b06df42,present,seasonal|detail|audience,Coloring Pages for Kids|Easy,audience/detail candidate lacks independent review
plushie__plushie-angelfish-family__95ff4d67e3,/printables/cute/plushie-angelfish-family-95ff4d67e3,present,seasonal|detail|audience,Coloring Pages for Kids|Easy,audience/detail candidate lacks independent review
plushie__plushie-anteater__983e26180e,/printables/cute/plushie-anteater-983e26180e,present,seasonal|detail|audience,Coloring Pages for Kids|Easy,audience/detail candidate lacks independent review
plushie__plushie-anteater-family__85cc8417fb,/printables/cute/plushie-anteater-family-85cc8417fb,present,seasonal|detail|audience,Coloring Pages for Kids|Easy,audience/detail candidate lacks independent review
plushie__plushie-antelope__5408d45f3c,/printables/cute/plushie-antelope-5408d45f3c,present,seasonal|detail|audience,Coloring Pages for Kids|Easy,audience/detail candidate lacks independent review
plushie__plushie-antelope-family__1a82cd5c8d,/printables/cute/plushie-antelope-family-1a82cd5c8d,present,seasonal|detail|audience,Coloring Pages for Kids|Easy,audience/detail candidate lacks independent review
plushie__plushie-antelope-family-picnic__a731553443,/printables/cute/plushie-antelope-family-picnic-a731553443,present,seasonal|detail|audience,Coloring Pages for Kids|Easy,audience/detail candidate lacks independent review
plushie__plushie-arctic-deer-family__f87343140f,/printables/cute/plushie-arctic-deer-family-f87343140f,present,seasonal|detail|audience,Coloring Pages for Kids|Easy,audience/detail candidate lacks independent review
plushie__plushie-armadillo__d4920f3b41,/printables/cute/plushie-armadillo-d4920f3b41,present,seasonal|detail|audience,Coloring Pages for Kids|Easy,audience/detail candidate lacks independent review
plushie__plushie-armadillo-family__39dd853cf4,/printables/cute/plushie-armadillo-family-39dd853cf4,present,seasonal|detail|audience,Coloring Pages for Kids|Easy,audience/detail candidate lacks independent review
plushie__plushie-axolotl__82aeaf7ca3,/printables/cute/plushie-axolotl-82aeaf7ca3,present,seasonal|detail|audience,Coloring Pages for Kids|Easy,audience/detail candidate lacks independent review
plushie__plushie-axolotl-family__ec8c112db0,/printables/cute/plushie-axolotl-family-ec8c112db0,present,seasonal|detail|audience,Coloring Pages for Kids|Easy,audience/detail candidate lacks independent review
plushie__plushie-baby-alien__d1101640ce,/printables/cute/plushie-baby-alien-d1101640ce,present,seasonal|detail|audience,Coloring Pages for Kids|Easy,audience/detail candidate lacks independent review
plushie__plushie-baby-alien-family__e7ee73df4d,/printables/cute/plushie-baby-alien-family-e7ee73df4d,present,seasonal|detail|audience,Coloring Pages for Kids|Easy,audience/detail candidate lacks independent review
plushie__plushie-baby-dragon__5ed6730a4b,/printables/cute/plushie-baby-dragon-5ed6730a4b,present,seasonal|detail|audience,Coloring Pages for Kids|Easy,audience/detail candidate lacks independent review
plushie__plushie-baby-dragon-family__f216d18d8b,/printables/cute/plushie-baby-dragon-family-f216d18d8b,present,seasonal|detail|audience,Coloring Pages for Kids|Easy,audience/detail candidate lacks independent review
plushie__plushie-baby-hydra__4b6cab1173,/printables/cute/plushie-baby-hydra-4b6cab1173,present,seasonal|detail|audience,Coloring Pages for Kids|Easy,audience/detail candidate lacks independent review
plushie__plushie-baby-kangaroo-family__6e06d034c4,/printables/cute/plushie-baby-kangaroo-family-6e06d034c4,present,seasonal|detail|audience,Coloring Pages for Kids|Easy,audience/detail candidate lacks independent review
plushie__plushie-baby-kitsune__2e29e1859a,/printables/cute/plushie-baby-kitsune-2e29e1859a,present,seasonal|detail|audience,Coloring Pages for Kids|Easy,audience/detail candidate lacks independent review
plushie__plushie-baby-kraken__4fe09408ab,/printables/cute/plushie-baby-kraken-4fe09408ab,present,seasonal|detail|audience,Coloring Pages for Kids|Easy,audience/detail candidate lacks independent review
plushie__plushie-badger__92b856f2f4,/printables/cute/plushie-badger-92b856f2f4,present,seasonal|detail|audience,Coloring Pages for Kids|Easy,audience/detail candidate lacks independent review
plushie__plushie-badger-family__2d335fc9ca,/printables/cute/plushie-badger-family-2d335fc9ca,present,seasonal|detail|audience,Coloring Pages for Kids|Easy,audience/detail candidate lacks independent review
plushie__plushie-bat__9cb0b647cd,/printables/bats/plushie-bat-9cb0b647cd,present,seasonal|detail|audience,Coloring Pages for Kids|Easy,audience/detail candidate lacks independent review
plushie__plushie-bat-family__bac79c207a,/printables/bats/plushie-bat-family-bac79c207a,present,seasonal|detail|audience,Coloring Pages for Kids|Easy,audience/detail candidate lacks independent review
plushie__plushie-beaver__0e2a882124,/printables/cute/plushie-beaver-0e2a882124,present,seasonal|detail|audience,Coloring Pages for Kids|Easy,audience/detail candidate lacks independent review
plushie__plushie-beaver-family__6f18bfb2fa,/printables/cute/plushie-beaver-family-6f18bfb2fa,present,seasonal|detail|audience,Coloring Pages for Kids|Easy,audience/detail candidate lacks independent review
plushie__plushie-bee__db7b1f07db,/printables/animals/plushie-bee-db7b1f07db,present,seasonal|detail|audience,Coloring Pages for Kids|Easy,audience/detail candidate lacks independent review
plushie__plushie-bee-family__d3015a6101,/printables/animals/plushie-bee-family-d3015a6101,present,seasonal|detail|audience,Coloring Pages for Kids|Easy,audience/detail candidate lacks independent review
plushie__plushie-beluga__e59f4282eb,/printables/cute/plushie-beluga-e59f4282eb,present,seasonal|detail|audience,Coloring Pages for Kids|Easy,audience/detail candidate lacks independent review
plushie__plushie-beluga-family__0cc12fa47c,/printables/cute/plushie-beluga-family-0cc12fa47c,present,seasonal|detail|audience,Coloring Pages for Kids|Easy,audience/detail candidate lacks independent review
plushie__plushie-bighorn-sheep__f5fdfd4d72,/printables/cute/plushie-bighorn-sheep-f5fdfd4d72,present,seasonal|detail|audience,Coloring Pages for Kids|Easy,audience/detail candidate lacks independent review
plushie__plushie-bighorn-sheep-family__c418fdb20f,/printables/cute/plushie-bighorn-sheep-family-c418fdb20f,present,seasonal|detail|audience,Coloring Pages for Kids|Easy,audience/detail candidate lacks independent review
plushie__plushie-blue-whale__17d0990688,/printables/animals/plushie-blue-whale-17d0990688,present,seasonal|detail|audience,Coloring Pages for Kids|Easy,audience/detail candidate lacks independent review
plushie__plushie-blue-whale-family__b536e62edd,/printables/animals/plushie-blue-whale-family-b536e62edd,present,seasonal|detail|audience,Coloring Pages for Kids|Easy,audience/detail candidate lacks independent review
plushie__plushie-bobcat__5e2d192d27,/printables/cute/plushie-bobcat-5e2d192d27,present,seasonal|detail|audience,Coloring Pages for Kids|Easy,audience/detail candidate lacks independent review
plushie__plushie-bobcat-family__4532317f83,/printables/cute/plushie-bobcat-family-4532317f83,present,seasonal|detail|audience,Coloring Pages for Kids|Easy,audience/detail candidate lacks independent review
plushie__plushie-buffalo__124525d9c9,/printables/cute/plushie-buffalo-124525d9c9,present,seasonal|detail|audience,Coloring Pages for Kids|Easy,audience/detail candidate lacks independent review
plushie__plushie-buffalo-family__12c5f96035,/printables/cute/plushie-buffalo-family-12c5f96035,present,seasonal|detail|audience,Coloring Pages for Kids|Easy,audience/detail candidate lacks independent review
plushie__plushie-bunny-rabbit__30af2f6c7d,/printables/cute/plushie-bunny-rabbit-30af2f6c7d,present,seasonal|detail|audience,Coloring Pages for Kids|Easy,audience/detail candidate lacks independent review
plushie__plushie-bunny-rabbit-family__afb374a3b7,/printables/cute/plushie-bunny-rabbit-family-afb374a3b7,present,seasonal|detail|audience,Coloring Pages for Kids|Easy,audience/detail candidate lacks independent review
plushie__plushie-butterfly__87adf6efb7,/printables/animals/plushie-butterfly-87adf6efb7,present,seasonal|detail|audience,Coloring Pages for Kids|Easy,audience/detail candidate lacks independent review
plushie__plushie-butterfly-family__4f50832a37,/printables/animals/plushie-butterfly-family-4f50832a37,present,seasonal|detail|audience,Coloring Pages for Kids|Easy,audience/detail candidate lacks independent review
plushie__plushie-camel__de5b2660a2,/printables/cute/plushie-camel-de5b2660a2,present,seasonal|detail|audience,Coloring Pages for Kids|Easy,audience/detail candidate lacks independent review
plushie__plushie-camel-family__509f68c598,/printables/cute/plushie-camel-family-509f68c598,present,seasonal|detail|audience,Coloring Pages for Kids|Easy,audience/detail candidate lacks independent review
plushie__plushie-capibara__324c58df67,/printables/cute/plushie-capibara-324c58df67,present,seasonal|detail|audience,Coloring Pages for Kids|Easy,audience/detail candidate lacks independent review
plushie__plushie-capibara-family__30de4d9854,/printables/cute/plushie-capibara-family-30de4d9854,present,seasonal|detail|audience,Coloring Pages for Kids|Easy,audience/detail candidate lacks independent review
plushie__plushie-caribou__dde6d5b060,/printables/cute/plushie-caribou-dde6d5b060,present,seasonal|detail|audience,Coloring Pages for Kids|Easy,audience/detail candidate lacks independent review
plushie__plushie-caribou-family__e71fdf7a7c,/printables/cute/plushie-caribou-family-e71fdf7a7c,present,seasonal|detail|audience,Coloring Pages for Kids|Easy,audience/detail candidate lacks independent review
plushie__plushie-centaur__b143146d22,/printables/cute/plushie-centaur-b143146d22,present,seasonal|detail|audience,Coloring Pages for Kids|Easy,audience/detail candidate lacks independent review
plushie__plushie-cerberus__e7bbc85e92,/printables/cute/plushie-cerberus-e7bbc85e92,present,seasonal|detail|audience,Coloring Pages for Kids|Easy,audience/detail candidate lacks independent review
plushie__plushie-chameleon__7326b00474,/printables/animals/plushie-chameleon-7326b00474,present,seasonal|detail|audience,Coloring Pages for Kids|Easy,audience/detail candidate lacks independent review
plushie__plushie-chameleon-family__93ff3d14b2,/printables/animals/plushie-chameleon-family-93ff3d14b2,present,seasonal|detail|audience,Coloring Pages for Kids|Easy,audience/detail candidate lacks independent review
plushie__plushie-cheetah__c748ac1b09,/printables/cute/plushie-cheetah-c748ac1b09,present,seasonal|detail|audience,Coloring Pages for Kids|Easy,audience/detail candidate lacks independent review
plushie__plushie-cheetah-family__a3061ec075,/printables/cute/plushie-cheetah-family-a3061ec075,present,seasonal|detail|audience,Coloring Pages for Kids|Easy,audience/detail candidate lacks independent review
plushie__plushie-chick__c8defbfe1b,/printables/cute/plushie-chick-c8defbfe1b,present,seasonal|detail|audience,Coloring Pages for Kids|Easy,audience/detail candidate lacks independent review
plushie__plushie-chick-family__04dfdbcb7a,/printables/cute/plushie-chick-family-04dfdbcb7a,present,seasonal|detail|audience,Coloring Pages for Kids|Easy,audience/detail candidate lacks independent review
plushie__plushie-chinchilla__a7b4a62ade,/printables/cute/plushie-chinchilla-a7b4a62ade,present,seasonal|detail|audience,Coloring Pages for Kids|Easy,audience/detail candidate lacks independent review
plushie__plushie-chinchilla-family__175153d4e7,/printables/cute/plushie-chinchilla-family-175153d4e7,present,seasonal|detail|audience,Coloring Pages for Kids|Easy,audience/detail candidate lacks independent review
plushie__plushie-chipmunk__69ba1e8369,/printables/cute/plushie-chipmunk-69ba1e8369,present,seasonal|detail|audience,Coloring Pages for Kids|Easy,audience/detail candidate lacks independent review
plushie__plushie-chipmunk-family__bf02491cf1,/printables/cute/plushie-chipmunk-family-bf02491cf1,present,seasonal|detail|audience,Coloring Pages for Kids|Easy,audience/detail candidate lacks independent review
plushie__plushie-cloud-character__6f97d59e58,/printables/cute/plushie-cloud-character-6f97d59e58,present,seasonal|detail|audience,Coloring Pages for Kids|Easy,audience/detail candidate lacks independent review
plushie__plushie-cloud-family__752fd7d6b5,/printables/cute/plushie-cloud-family-752fd7d6b5,present,seasonal|detail|audience,Coloring Pages for Kids|Easy,audience/detail candidate lacks independent review
plushie__plushie-cougar__7d81aefb4b,/printables/cute/plushie-cougar-7d81aefb4b,present,seasonal|detail|audience,Coloring Pages for Kids|Easy,audience/detail candidate lacks independent review
plushie__plushie-cougar-family__2e0a0ac2c1,/printables/cute/plushie-cougar-family-2e0a0ac2c1,present,seasonal|detail|audience,Coloring Pages for Kids|Easy,audience/detail candidate lacks independent review
plushie__plushie-cow__fc41be5b71,/printables/cows/plushie-cow-fc41be5b71,present,seasonal|detail|audience,Coloring Pages for Kids|Easy,audience/detail candidate lacks independent review
plushie__plushie-cow-family__bd5d205193,/printables/cows/plushie-cow-family-bd5d205193,present,seasonal|detail|audience,Coloring Pages for Kids|Easy,audience/detail candidate lacks independent review
plushie__plushie-coyote__d06fcbed29,/printables/cute/plushie-coyote-d06fcbed29,present,seasonal|detail|audience,Coloring Pages for Kids|Easy,audience/detail candidate lacks independent review
plushie__plushie-coyote-family__e67598b752,/printables/cute/plushie-coyote-family-e67598b752,present,seasonal|detail|audience,Coloring Pages for Kids|Easy,audience/detail candidate lacks independent review
plushie__plushie-crab__7b10916843,/printables/animals/plushie-crab-7b10916843,present,seasonal|detail|audience,Coloring Pages for Kids|Easy,audience/detail candidate lacks independent review
plushie__plushie-crab-family__48f338e7c6,/printables/animals/plushie-crab-family-48f338e7c6,present,seasonal|detail|audience,Coloring Pages for Kids|Easy,audience/detail candidate lacks independent review
plushie__plushie-cute-armadillo-family__b5283f1612,/printables/cute/plushie-cute-armadillo-family-b5283f1612,present,seasonal|detail|audience,Coloring Pages for Kids|Easy,audience/detail candidate lacks independent review
plushie__plushie-cute-gerbil-family__aaa6eee315,/printables/cute/plushie-cute-gerbil-family-aaa6eee315,present,seasonal|detail|audience,Coloring Pages for Kids|Easy,audience/detail candidate lacks independent review
plushie__plushie-cute-hippogriff__57c7e17bd9,/printables/cute/plushie-cute-hippogriff-57c7e17bd9,present,seasonal|detail|audience,Coloring Pages for Kids|Easy,audience/detail candidate lacks independent review
plushie__plushie-cute-lemur-family__8d9e82c18d,/printables/cute/plushie-cute-lemur-family-8d9e82c18d,present,seasonal|detail|audience,Coloring Pages for Kids|Easy,audience/detail candidate lacks independent review
plushie__plushie-cute-newt__48719415b7,/printables/cute/plushie-cute-newt-48719415b7,present,seasonal|detail|audience,Coloring Pages for Kids|Easy,audience/detail candidate lacks independent review
plushie__plushie-cute-otter__b34390d563,/printables/cute/plushie-cute-otter-b34390d563,present,seasonal|detail|audience,Coloring Pages for Kids|Easy,audience/detail candidate lacks independent review
plushie__plushie-cute-tapir-family__c8479ba124,/printables/cute/plushie-cute-tapir-family-c8479ba124,present,seasonal|detail|audience,Coloring Pages for Kids|Easy,audience/detail candidate lacks independent review
plushie__plushie-cute-tortoise__39fda56fb7,/printables/cute/plushie-cute-tortoise-39fda56fb7,present,seasonal|detail|audience,Coloring Pages for Kids|Easy,audience/detail candidate lacks independent review
plushie__plushie-deer__0ebc646aad,/printables/cute/plushie-deer-0ebc646aad,present,seasonal|detail|audience,Coloring Pages for Kids|Easy,audience/detail candidate lacks independent review
plushie__plushie-deer-family__e161efcc4b,/printables/cute/plushie-deer-family-e161efcc4b,present,seasonal|detail|audience,Coloring Pages for Kids|Easy,audience/detail candidate lacks independent review
plushie__plushie-dinosaur__c5df706fb6,/printables/animals/plushie-dinosaur-c5df706fb6,present,seasonal|detail|audience,Coloring Pages for Kids|Easy,audience/detail candidate lacks independent review
plushie__plushie-dinosaur-family__2d6d4fbbc6,/printables/animals/plushie-dinosaur-family-2d6d4fbbc6,present,seasonal|detail|audience,Coloring Pages for Kids|Easy,audience/detail candidate lacks independent review
plushie__plushie-dolphin__844c216c6c,/printables/animals/plushie-dolphin-844c216c6c,present,seasonal|detail|audience,Coloring Pages for Kids|Easy,audience/detail candidate lacks independent review
plushie__plushie-dolphin-family__ee9ebd659c,/printables/animals/plushie-dolphin-family-ee9ebd659c,present,seasonal|detail|audience,Coloring Pages for Kids|Easy,audience/detail candidate lacks independent review
plushie__plushie-dragon__698e75c51a,/printables/cute/plushie-dragon-698e75c51a,present,seasonal|detail|audience,Coloring Pages for Kids|Easy,audience/detail candidate lacks independent review
plushie__plushie-dragon-family__e1767e2711,/printables/cute/plushie-dragon-family-e1767e2711,present,seasonal|detail|audience,Coloring Pages for Kids|Easy,audience/detail candidate lacks independent review
plushie__plushie-duck-family__4520e116a4,/printables/cute/plushie-duck-family-4520e116a4,present,seasonal|detail|audience,Coloring Pages for Kids|Easy,audience/detail candidate lacks independent review
plushie__plushie-dugong__f90feaaa50,/printables/cute/plushie-dugong-f90feaaa50,present,seasonal|detail|audience,Coloring Pages for Kids|Easy,audience/detail candidate lacks independent review
plushie__plushie-dugong-family__61e8f74294,/printables/cute/plushie-dugong-family-61e8f74294,present,seasonal|detail|audience,Coloring Pages for Kids|Easy,audience/detail candidate lacks independent review
plushie__plushie-eagle__ed562bc967,/printables/cute/plushie-eagle-ed562bc967,present,seasonal|detail|audience,Coloring Pages for Kids|Easy,audience/detail candidate lacks independent review
plushie__plushie-eagle-family__766bc08b7f,/printables/cute/plushie-eagle-family-766bc08b7f,present,seasonal|detail|audience,Coloring Pages for Kids|Easy,audience/detail candidate lacks independent review
plushie__plushie-elephant__a8c7b4ae41,/printables/cute/plushie-elephant-a8c7b4ae41,present,seasonal|detail|audience,Coloring Pages for Kids|Easy,audience/detail candidate lacks independent review
plushie__plushie-elephant-family__d61dbc16d3,/printables/cute/plushie-elephant-family-d61dbc16d3,present,seasonal|detail|audience,Coloring Pages for Kids|Easy,audience/detail candidate lacks independent review
plushie__plushie-fairy__7d50500df3,/printables/cute/plushie-fairy-7d50500df3,present,seasonal|detail|audience,Coloring Pages for Kids|Easy,audience/detail candidate lacks independent review
plushie__plushie-fennec-fox__82e912ecfc,/printables/cute/plushie-fennec-fox-82e912ecfc,present,seasonal|detail|audience,Coloring Pages for Kids|Easy,audience/detail candidate lacks independent review
plushie__plushie-fennec-fox-family__6b675eb032,/printables/cute/plushie-fennec-fox-family-6b675eb032,present,seasonal|detail|audience,Coloring Pages for Kids|Easy,audience/detail candidate lacks independent review
plushie__plushie-ferret__60e32c7e72,/printables/cute/plushie-ferret-60e32c7e72,present,seasonal|detail|audience,Coloring Pages for Kids|Easy,audience/detail candidate lacks independent review
plushie__plushie-ferret-family__13b71efa42,/printables/cute/plushie-ferret-family-13b71efa42,present,seasonal|detail|audience,Coloring Pages for Kids|Easy,audience/detail candidate lacks independent review
plushie__plushie-flamingo__13b4fbc22e,/printables/cute/plushie-flamingo-13b4fbc22e,present,seasonal|detail|audience,Coloring Pages for Kids|Easy,audience/detail candidate lacks independent review
plushie__plushie-flamingo-family__54f0758e31,/printables/cute/plushie-flamingo-family-54f0758e31,present,seasonal|detail|audience,Coloring Pages for Kids|Easy,audience/detail candidate lacks independent review
plushie__plushie-fox__218b394227,/printables/cute/plushie-fox-218b394227,present,seasonal|detail|audience,Coloring Pages for Kids|Easy,audience/detail candidate lacks independent review
plushie__plushie-fox-family__f18d293db5,/printables/cute/plushie-fox-family-f18d293db5,present,seasonal|detail|audience,Coloring Pages for Kids|Easy,audience/detail candidate lacks independent review
plushie__plushie-fox-pup__79cc9dd983,/printables/cute/plushie-fox-pup-79cc9dd983,present,seasonal|detail|audience,Coloring Pages for Kids|Easy,audience/detail candidate lacks independent review
plushie__plushie-frog__18d9abcdaf,/printables/animals/plushie-frog-18d9abcdaf,present,seasonal|detail|audience,Coloring Pages for Kids|Easy,audience/detail candidate lacks independent review
plushie__plushie-frog-family__7707b11a8d,/printables/animals/plushie-frog-family-7707b11a8d,present,seasonal|detail|audience,Coloring Pages for Kids|Easy,audience/detail candidate lacks independent review
plushie__plushie-gazelle__f095eb4c04,/printables/cute/plushie-gazelle-f095eb4c04,present,seasonal|detail|audience,Coloring Pages for Kids|Easy,audience/detail candidate lacks independent review
plushie__plushie-gazelle-family__db398ecadc,/printables/cute/plushie-gazelle-family-db398ecadc,present,seasonal|detail|audience,Coloring Pages for Kids|Easy,audience/detail candidate lacks independent review
plushie__plushie-gecko__ea89eb4b8b,/printables/cute/plushie-gecko-ea89eb4b8b,present,seasonal|detail|audience,Coloring Pages for Kids|Easy,audience/detail candidate lacks independent review
plushie__plushie-gecko-family__5c2755c389,/printables/cute/plushie-gecko-family-5c2755c389,present,seasonal|detail|audience,Coloring Pages for Kids|Easy,audience/detail candidate lacks independent review
plushie__plushie-gerbil__6af3142ec7,/printables/cute/plushie-gerbil-6af3142ec7,present,seasonal|detail|audience,Coloring Pages for Kids|Easy,audience/detail candidate lacks independent review
plushie__plushie-gerbil-family__dd3b0aada0,/printables/cute/plushie-gerbil-family-dd3b0aada0,present,seasonal|detail|audience,Coloring Pages for Kids|Easy,audience/detail candidate lacks independent review
plushie__plushie-giraffe__ac033ade30,/printables/cute/plushie-giraffe-ac033ade30,present,seasonal|detail|audience,Coloring Pages for Kids|Easy,audience/detail candidate lacks independent review
plushie__plushie-giraffe-family__91011633a5,/printables/cute/plushie-giraffe-family-91011633a5,present,seasonal|detail|audience,Coloring Pages for Kids|Easy,audience/detail candidate lacks independent review
plushie__plushie-goose__ba54e95ffe,/printables/cute/plushie-goose-ba54e95ffe,present,seasonal|detail|audience,Coloring Pages for Kids|Easy,audience/detail candidate lacks independent review
plushie__plushie-goose-family__482a1a089c,/printables/cute/plushie-goose-family-482a1a089c,present,seasonal|detail|audience,Coloring Pages for Kids|Easy,audience/detail candidate lacks independent review
plushie__plushie-griffin__62ef01ee09,/printables/cute/plushie-griffin-62ef01ee09,present,seasonal|detail|audience,Coloring Pages for Kids|Easy,audience/detail candidate lacks independent review
plushie__plushie-griffin-family__418936b102,/printables/cute/plushie-griffin-family-418936b102,present,seasonal|detail|audience,Coloring Pages for Kids|Easy,audience/detail candidate lacks independent review
plushie__plushie-guinea-pig__29c0d9818e,/printables/cute/plushie-guinea-pig-29c0d9818e,present,seasonal|detail|audience,Coloring Pages for Kids|Easy,audience/detail candidate lacks independent review
plushie__plushie-guinea-pig-family__9ed4cfcc6d,/printables/cute/plushie-guinea-pig-family-9ed4cfcc6d,present,seasonal|detail|audience,Coloring Pages for Kids|Easy,audience/detail candidate lacks independent review
plushie__plushie-hamster__b0ac017214,/printables/cute/plushie-hamster-b0ac017214,present,seasonal|detail|audience,Coloring Pages for Kids|Easy,audience/detail candidate lacks independent review
plushie__plushie-hamster-family__aa7d3b5fb3,/printables/cute/plushie-hamster-family-aa7d3b5fb3,present,seasonal|detail|audience,Coloring Pages for Kids|Easy,audience/detail candidate lacks independent review
plushie__plushie-heart-character__6ce188e44d,/printables/cute/plushie-heart-character-6ce188e44d,present,seasonal|detail|audience,Coloring Pages for Kids|Easy,audience/detail candidate lacks independent review
plushie__plushie-heart-character-family__7ca36df76e,/printables/cute/plushie-heart-character-family-7ca36df76e,present,seasonal|detail|audience,Coloring Pages for Kids|Easy,audience/detail candidate lacks independent review
plushie__plushie-hedgehog__9cac079e16,/printables/cute/plushie-hedgehog-9cac079e16,present,seasonal|detail|audience,Coloring Pages for Kids|Easy,audience/detail candidate lacks independent review
plushie__plushie-hedgehog-family__1f3b659186,/printables/cute/plushie-hedgehog-family-1f3b659186,present,seasonal|detail|audience,Coloring Pages for Kids|Easy,audience/detail candidate lacks independent review
plushie__plushie-hippo__85817ca00f,/printables/cute/plushie-hippo-85817ca00f,present,seasonal|detail|audience,Coloring Pages for Kids|Easy,audience/detail candidate lacks independent review
plushie__plushie-hippo-family__6c951d966c,/printables/cute/plushie-hippo-family-6c951d966c,present,seasonal|detail|audience,Coloring Pages for Kids|Easy,audience/detail candidate lacks independent review
plushie__plushie-hippogriff__1d83e9080f,/printables/cute/plushie-hippogriff-1d83e9080f,present,seasonal|detail|audience,Coloring Pages for Kids|Easy,audience/detail candidate lacks independent review
plushie__plushie-horned-sheep-family__49f14eb8e9,/printables/cute/plushie-horned-sheep-family-49f14eb8e9,present,seasonal|detail|audience,Coloring Pages for Kids|Easy,audience/detail candidate lacks independent review
plushie__plushie-horse__2df912c4a1,/printables/cute/plushie-horse-2df912c4a1,present,seasonal|detail|audience,Coloring Pages for Kids|Easy,audience/detail candidate lacks independent review
plushie__plushie-horse-family__e93dd80318,/printables/cute/plushie-horse-family-e93dd80318,present,seasonal|detail|audience,Coloring Pages for Kids|Easy,audience/detail candidate lacks independent review
plushie__plushie-hummingbird__d2c06a986a,/printables/cute/plushie-hummingbird-d2c06a986a,present,seasonal|detail|audience,Coloring Pages for Kids|Easy,audience/detail candidate lacks independent review
plushie__plushie-hummingbird-family__0c5923546c,/printables/cute/plushie-hummingbird-family-0c5923546c,present,seasonal|detail|audience,Coloring Pages for Kids|Easy,audience/detail candidate lacks independent review
plushie__plushie-humpback-whale__830b64e0f7,/printables/animals/plushie-humpback-whale-830b64e0f7,present,seasonal|detail|audience,Coloring Pages for Kids|Easy,audience/detail candidate lacks independent review
plushie__plushie-humpback-whale-family__69a869b6df,/printables/animals/plushie-humpback-whale-family-69a869b6df,present,seasonal|detail|audience,Coloring Pages for Kids|Easy,audience/detail candidate lacks independent review
plushie__plushie-hyena__1e6ca69323,/printables/cute/plushie-hyena-1e6ca69323,present,seasonal|detail|audience,Coloring Pages for Kids|Easy,audience/detail candidate lacks independent review
plushie__plushie-hyena-family__7310e5d859,/printables/cute/plushie-hyena-family-7310e5d859,present,seasonal|detail|audience,Coloring Pages for Kids|Easy,audience/detail candidate lacks independent review
plushie__plushie-iguana__ddf261a79b,/printables/cute/plushie-iguana-ddf261a79b,present,seasonal|detail|audience,Coloring Pages for Kids|Easy,audience/detail candidate lacks independent review
plushie__plushie-iguana-family__9f4c50c81e,/printables/cute/plushie-iguana-family-9f4c50c81e,present,seasonal|detail|audience,Coloring Pages for Kids|Easy,audience/detail candidate lacks independent review
plushie__plushie-jackal__0394683b3a,/printables/cute/plushie-jackal-0394683b3a,present,seasonal|detail|audience,Coloring Pages for Kids|Easy,audience/detail candidate lacks independent review
plushie__plushie-jackal-family__d47fff4ab1,/printables/cute/plushie-jackal-family-d47fff4ab1,present,seasonal|detail|audience,Coloring Pages for Kids|Easy,audience/detail candidate lacks independent review
plushie__plushie-jaguar__3f0e206fe2,/printables/cute/plushie-jaguar-3f0e206fe2,present,seasonal|detail|audience,Coloring Pages for Kids|Easy,audience/detail candidate lacks independent review
plushie__plushie-jaguar-family__7fd7ff3a16,/printables/cute/plushie-jaguar-family-7fd7ff3a16,present,seasonal|detail|audience,Coloring Pages for Kids|Easy,audience/detail candidate lacks independent review
plushie__plushie-jellyfish__f06ec86cc3,/printables/cute/plushie-jellyfish-f06ec86cc3,present,seasonal|detail|audience,Coloring Pages for Kids|Easy,audience/detail candidate lacks independent review
plushie__plushie-jellyfish-family__d509382900,/printables/cute/plushie-jellyfish-family-d509382900,present,seasonal|detail|audience,Coloring Pages for Kids|Easy,audience/detail candidate lacks independent review
plushie__plushie-kangaroo__f19185fcf0,/printables/cute/plushie-kangaroo-f19185fcf0,present,seasonal|detail|audience,Coloring Pages for Kids|Easy,audience/detail candidate lacks independent review
plushie__plushie-kawaii-kitsune__f6cde9051a,/printables/cute/plushie-kawaii-kitsune-f6cde9051a,present,seasonal|detail|audience,Coloring Pages for Kids|Easy,audience/detail candidate lacks independent review
plushie__plushie-kitten-cat__d91852677c,/printables/animals/plushie-kitten-cat-d91852677c,present,seasonal|detail|audience,Coloring Pages for Kids|Easy,audience/detail candidate lacks independent review
plushie__plushie-kitten-cat-family__b943ef2b83,/printables/animals/plushie-kitten-cat-family-b943ef2b83,present,seasonal|detail|audience,Coloring Pages for Kids|Easy,audience/detail candidate lacks independent review
plushie__plushie-kiwi-bird__7158ababd8,/printables/animals/plushie-kiwi-bird-7158ababd8,present,seasonal|detail|audience,Coloring Pages for Kids|Easy,audience/detail candidate lacks independent review
plushie__plushie-kiwi-bird-family__149d70d668,/printables/animals/plushie-kiwi-bird-family-149d70d668,present,seasonal|detail|audience,Coloring Pages for Kids|Easy,audience/detail candidate lacks independent review
plushie__plushie-koala-bear__89dc27d559,/printables/bears/plushie-koala-bear-89dc27d559,present,seasonal|detail|audience,Coloring Pages for Kids|Easy,audience/detail candidate lacks independent review
plushie__plushie-koala-bear-family__73acb9bbd1,/printables/bears/plushie-koala-bear-family-73acb9bbd1,present,seasonal|detail|audience,Coloring Pages for Kids|Easy,audience/detail candidate lacks independent review
plushie__plushie-koala-joey__0444a38632,/printables/cute/plushie-koala-joey-0444a38632,present,seasonal|detail|audience,Coloring Pages for Kids|Easy,audience/detail candidate lacks independent review
plushie__plushie-komodo-dragon__3b74d686aa,/printables/cute/plushie-komodo-dragon-3b74d686aa,present,seasonal|detail|audience,Coloring Pages for Kids|Easy,audience/detail candidate lacks independent review
plushie__plushie-komodo-dragon-family__98963914c3,/printables/cute/plushie-komodo-dragon-family-98963914c3,present,seasonal|detail|audience,Coloring Pages for Kids|Easy,audience/detail candidate lacks independent review
plushie__plushie-lamb__0f115cdc46,/printables/cute/plushie-lamb-0f115cdc46,present,seasonal|detail|audience,Coloring Pages for Kids|Easy,audience/detail candidate lacks independent review
plushie__plushie-lamb-family__1ef034fbd6,/printables/cute/plushie-lamb-family-1ef034fbd6,present,seasonal|detail|audience,Coloring Pages for Kids|Easy,audience/detail candidate lacks independent review
plushie__plushie-lemur__383f195453,/printables/cute/plushie-lemur-383f195453,present,seasonal|detail|audience,Coloring Pages for Kids|Easy,audience/detail candidate lacks independent review
plushie__plushie-lemur-family__a0daff045c,/printables/cute/plushie-lemur-family-a0daff045c,present,seasonal|detail|audience,Coloring Pages for Kids|Easy,audience/detail candidate lacks independent review
plushie__plushie-lion__fbccbe1314,/printables/cute/plushie-lion-fbccbe1314,present,seasonal|detail|audience,Coloring Pages for Kids|Easy,audience/detail candidate lacks independent review
plushie__plushie-lion-family__ec2f89fdf8,/printables/cute/plushie-lion-family-ec2f89fdf8,present,seasonal|detail|audience,Coloring Pages for Kids|Easy,audience/detail candidate lacks independent review
plushie__plushie-little-sheep__e4c8628ce3,/printables/cute/plushie-little-sheep-e4c8628ce3,present,seasonal|detail|audience,Coloring Pages for Kids|Easy,audience/detail candidate lacks independent review
plushie__plushie-llama__afc781ae32,/printables/cute/plushie-llama-afc781ae32,present,seasonal|detail|audience,Coloring Pages for Kids|Easy,audience/detail candidate lacks independent review
plushie__plushie-llama-family__7548ce4980,/printables/cute/plushie-llama-family-7548ce4980,present,seasonal|detail|audience,Coloring Pages for Kids|Easy,audience/detail candidate lacks independent review
plushie__plushie-lobster__5b607db4aa,/printables/cute/plushie-lobster-5b607db4aa,present,seasonal|detail|audience,Coloring Pages for Kids|Easy,audience/detail candidate lacks independent review
plushie__plushie-lobster-family__7e66a17596,/printables/cute/plushie-lobster-family-7e66a17596,present,seasonal|detail|audience,Coloring Pages for Kids|Easy,audience/detail candidate lacks independent review
plushie__plushie-lynx__04c58818eb,/printables/cute/plushie-lynx-04c58818eb,present,seasonal|detail|audience,Coloring Pages for Kids|Easy,audience/detail candidate lacks independent review
plushie__plushie-lynx-family__5d5139966f,/printables/cute/plushie-lynx-family-5d5139966f,present,seasonal|detail|audience,Coloring Pages for Kids|Easy,audience/detail candidate lacks independent review
plushie__plushie-macaw__57fa7a367d,/printables/cute/plushie-macaw-57fa7a367d,present,seasonal|detail|audience,Coloring Pages for Kids|Easy,audience/detail candidate lacks independent review
plushie__plushie-macaw-family__d5b9e5efe0,/printables/cute/plushie-macaw-family-d5b9e5efe0,present,seasonal|detail|audience,Coloring Pages for Kids|Easy,audience/detail candidate lacks independent review
plushie__plushie-manatee__6a8502b37e,/printables/cute/plushie-manatee-6a8502b37e,present,seasonal|detail|audience,Coloring Pages for Kids|Easy,audience/detail candidate lacks independent review
plushie__plushie-manatee-family__07349a65eb,/printables/cute/plushie-manatee-family-07349a65eb,present,seasonal|detail|audience,Coloring Pages for Kids|Easy,audience/detail candidate lacks independent review
plushie__plushie-manta-ray__898cbf111d,/printables/cute/plushie-manta-ray-898cbf111d,present,seasonal|detail|audience,Coloring Pages for Kids|Easy,audience/detail candidate lacks independent review
plushie__plushie-manta-ray-family__786221ce68,/printables/cute/plushie-manta-ray-family-786221ce68,present,seasonal|detail|audience,Coloring Pages for Kids|Easy,audience/detail candidate lacks independent review
plushie__plushie-meerkat__4587cbf631,/printables/cute/plushie-meerkat-4587cbf631,present,seasonal|detail|audience,Coloring Pages for Kids|Easy,audience/detail candidate lacks independent review
plushie__plushie-meerkat-family__10c322d1ce,/printables/cute/plushie-meerkat-family-10c322d1ce,present,seasonal|detail|audience,Coloring Pages for Kids|Easy,audience/detail candidate lacks independent review
plushie__plushie-mermaid__efac90e21b,/printables/cute/plushie-mermaid-efac90e21b,present,seasonal|detail|audience,Coloring Pages for Kids|Easy,audience/detail candidate lacks independent review
plushie__plushie-mermaid-family__a525356d0c,/printables/cute/plushie-mermaid-family-a525356d0c,present,seasonal|detail|audience,Coloring Pages for Kids|Easy,audience/detail candidate lacks independent review
plushie__plushie-monkey__243a9c7cad,/printables/cute/plushie-monkey-243a9c7cad,present,seasonal|detail|audience,Coloring Pages for Kids|Easy,audience/detail candidate lacks independent review
plushie__plushie-monkey-family__e4bbbf7879,/printables/cute/plushie-monkey-family-e4bbbf7879,present,seasonal|detail|audience,Coloring Pages for Kids|Easy,audience/detail candidate lacks independent review
plushie__plushie-moon-character__35a960b6cd,/printables/cute/plushie-moon-character-35a960b6cd,present,seasonal|detail|audience,Coloring Pages for Kids|Easy,audience/detail candidate lacks independent review
plushie__plushie-moon-character-family__c57670ac97,/printables/cute/plushie-moon-character-family-c57670ac97,present,seasonal|detail|audience,Coloring Pages for Kids|Easy,audience/detail candidate lacks independent review
plushie__plushie-moose__13554fbff3,/printables/cute/plushie-moose-13554fbff3,present,seasonal|detail|audience,Coloring Pages for Kids|Easy,audience/detail candidate lacks independent review
plushie__plushie-moose-family__dc04425cb3,/printables/cute/plushie-moose-family-dc04425cb3,present,seasonal|detail|audience,Coloring Pages for Kids|Easy,audience/detail candidate lacks independent review
plushie__plushie-mountain-goat__8d99449403,/printables/cute/plushie-mountain-goat-8d99449403,present,seasonal|detail|audience,Coloring Pages for Kids|Easy,audience/detail candidate lacks independent review
plushie__plushie-mountain-goat-family__b8aebe54a6,/printables/cute/plushie-mountain-goat-family-b8aebe54a6,present,seasonal|detail|audience,Coloring Pages for Kids|Easy,audience/detail candidate lacks independent review
plushie__plushie-mouse__fecc100c29,/printables/cute/plushie-mouse-fecc100c29,present,seasonal|detail|audience,Coloring Pages for Kids|Easy,audience/detail candidate lacks independent review
plushie__plushie-mouse-family__ee66b542bd,/printables/cute/plushie-mouse-family-ee66b542bd,present,seasonal|detail|audience,Coloring Pages for Kids|Easy,audience/detail candidate lacks independent review
plushie__plushie-mushroom-character__fb8b6be143,/printables/cute/plushie-mushroom-character-fb8b6be143,present,seasonal|detail|audience,Coloring Pages for Kids|Easy,audience/detail candidate lacks independent review
plushie__plushie-mushroom-family__9128023705,/printables/cute/plushie-mushroom-family-9128023705,present,seasonal|detail|audience,Coloring Pages for Kids|Easy,audience/detail candidate lacks independent review
plushie__plushie-newt__17d63ffa8d,/printables/cute/plushie-newt-17d63ffa8d,present,seasonal|detail|audience,Coloring Pages for Kids|Easy,audience/detail candidate lacks independent review
plushie__plushie-newt-family__099765390d,/printables/cute/plushie-newt-family-099765390d,present,seasonal|detail|audience,Coloring Pages for Kids|Easy,audience/detail candidate lacks independent review
plushie__plushie-octopus__1e0d0f7d88,/printables/animals/plushie-octopus-1e0d0f7d88,present,seasonal|detail|audience,Coloring Pages for Kids|Easy,audience/detail candidate lacks independent review
plushie__plushie-octopus-family__6fa891a493,/printables/animals/plushie-octopus-family-6fa891a493,present,seasonal|detail|audience,Coloring Pages for Kids|Easy,audience/detail candidate lacks independent review
plushie__plushie-okapi__e85848d818,/printables/cute/plushie-okapi-e85848d818,present,seasonal|detail|audience,Coloring Pages for Kids|Easy,audience/detail candidate lacks independent review
plushie__plushie-okapi-family__ac712e592f,/printables/cute/plushie-okapi-family-ac712e592f,present,seasonal|detail|audience,Coloring Pages for Kids|Easy,audience/detail candidate lacks independent review
plushie__plushie-orca__3696a67bad,/printables/cute/plushie-orca-3696a67bad,present,seasonal|detail|audience,Coloring Pages for Kids|Easy,audience/detail candidate lacks independent review
plushie__plushie-orca-family__24ab0a12d6,/printables/cute/plushie-orca-family-24ab0a12d6,present,seasonal|detail|audience,Coloring Pages for Kids|Easy,audience/detail candidate lacks independent review
plushie__plushie-otter__754155540f,/printables/cute/plushie-otter-754155540f,present,seasonal|detail|audience,Coloring Pages for Kids|Easy,audience/detail candidate lacks independent review
plushie__plushie-otter-family__76ab4a722d,/printables/cute/plushie-otter-family-76ab4a722d,present,seasonal|detail|audience,Coloring Pages for Kids|Easy,audience/detail candidate lacks independent review
plushie__plushie-otter-starfish__e310a1717c,/printables/cute/plushie-otter-starfish-e310a1717c,present,seasonal|detail|audience,Coloring Pages for Kids|Easy,audience/detail candidate lacks independent review
plushie__plushie-owl__1ba3e9caa9,/printables/cute/plushie-owl-1ba3e9caa9,present,seasonal|detail|audience,Coloring Pages for Kids|Easy,audience/detail candidate lacks independent review
plushie__plushie-owl-family__68ef197d31,/printables/cute/plushie-owl-family-68ef197d31,present,seasonal|detail|audience,Coloring Pages for Kids|Easy,audience/detail candidate lacks independent review
plushie__plushie-panda-bear__55e19c765b,/printables/bears/plushie-panda-bear-55e19c765b,present,seasonal|detail|audience,Coloring Pages for Kids|Easy,audience/detail candidate lacks independent review
plushie__plushie-panda-bear-family__38d72dff21,/printables/bears/plushie-panda-bear-family-38d72dff21,present,seasonal|detail|audience,Coloring Pages for Kids|Easy,audience/detail candidate lacks independent review
plushie__plushie-pangolin__c6cc2f0878,/printables/cute/plushie-pangolin-c6cc2f0878,present,seasonal|detail|audience,Coloring Pages for Kids|Easy,audience/detail candidate lacks independent review
plushie__plushie-pangolin-family__788ec14fe3,/printables/cute/plushie-pangolin-family-788ec14fe3,present,seasonal|detail|audience,Coloring Pages for Kids|Easy,audience/detail candidate lacks independent review
plushie__plushie-panther__5ba4ad7c46,/printables/cute/plushie-panther-5ba4ad7c46,present,seasonal|detail|audience,Coloring Pages for Kids|Easy,audience/detail candidate lacks independent review
plushie__plushie-panther-family__cb97389491,/printables/cute/plushie-panther-family-cb97389491,present,seasonal|detail|audience,Coloring Pages for Kids|Easy,audience/detail candidate lacks independent review
plushie__plushie-parrot__2c0898500e,/printables/cute/plushie-parrot-2c0898500e,present,seasonal|detail|audience,Coloring Pages for Kids|Easy,audience/detail candidate lacks independent review
plushie__plushie-parrot-family__bdc8900b4b,/printables/cute/plushie-parrot-family-bdc8900b4b,present,seasonal|detail|audience,Coloring Pages for Kids|Easy,audience/detail candidate lacks independent review
plushie__plushie-peacock__762d0706e9,/printables/cute/plushie-peacock-762d0706e9,present,seasonal|detail|audience,Coloring Pages for Kids|Easy,audience/detail candidate lacks independent review
plushie__plushie-peacock-family__8a07e7fa72,/printables/cute/plushie-peacock-family-8a07e7fa72,present,seasonal|detail|audience,Coloring Pages for Kids|Easy,audience/detail candidate lacks independent review
plushie__plushie-pegasus__96d32b33b0,/printables/cute/plushie-pegasus-96d32b33b0,present,seasonal|detail|audience,Coloring Pages for Kids|Easy,audience/detail candidate lacks independent review
plushie__plushie-pegasus-family__2a82483f56,/printables/cute/plushie-pegasus-family-2a82483f56,present,seasonal|detail|audience,Coloring Pages for Kids|Easy,audience/detail candidate lacks independent review
plushie__plushie-penguin__b8d05ee7b1,/printables/cute/plushie-penguin-b8d05ee7b1,present,seasonal|detail|audience,Coloring Pages for Kids|Easy,audience/detail candidate lacks independent review
plushie__plushie-penguin-family__dff3d62a50,/printables/cute/plushie-penguin-family-dff3d62a50,present,seasonal|detail|audience,Coloring Pages for Kids|Easy,audience/detail candidate lacks independent review
plushie__plushie-pets-dogs-labrador-retriever__bb94084dfd,/printables/animals/plushie-pets-dogs-labrador-retriever-bb94084dfd,present,seasonal|detail|audience,Coloring Pages for Kids|Easy,audience/detail candidate lacks independent review
plushie__plushie-phoenix__ce1528f732,/printables/cute/plushie-phoenix-ce1528f732,present,seasonal|detail|audience,Coloring Pages for Kids|Easy,audience/detail candidate lacks independent review
plushie__plushie-piglet__5cb5f9858c,/printables/cute/plushie-piglet-5cb5f9858c,present,seasonal|detail|audience,Coloring Pages for Kids|Easy,audience/detail candidate lacks independent review
plushie__plushie-piglet-family__a23efd5235,/printables/cute/plushie-piglet-family-a23efd5235,present,seasonal|detail|audience,Coloring Pages for Kids|Easy,audience/detail candidate lacks independent review
plushie__plushie-polar-bear__96dd1a6798,/printables/bears/plushie-polar-bear-96dd1a6798,present,seasonal|detail|audience,Coloring Pages for Kids|Easy,audience/detail candidate lacks independent review
plushie__plushie-polar-bear-family__5a285bfcc2,/printables/bears/plushie-polar-bear-family-5a285bfcc2,present,seasonal|detail|audience,Coloring Pages for Kids|Easy,audience/detail candidate lacks independent review
plushie__plushie-porcupine__ae035e0c89,/printables/cute/plushie-porcupine-ae035e0c89,present,seasonal|detail|audience,Coloring Pages for Kids|Easy,audience/detail candidate lacks independent review
plushie__plushie-porcupine-family__593addc5df,/printables/cute/plushie-porcupine-family-593addc5df,present,seasonal|detail|audience,Coloring Pages for Kids|Easy,audience/detail candidate lacks independent review
plushie__plushie-possum__36fedf2fcf,/printables/cute/plushie-possum-36fedf2fcf,present,seasonal|detail|audience,Coloring Pages for Kids|Easy,audience/detail candidate lacks independent review
plushie__plushie-possum-family__84a0f76648,/printables/cute/plushie-possum-family-84a0f76648,present,seasonal|detail|audience,Coloring Pages for Kids|Easy,audience/detail candidate lacks independent review
plushie__plushie-prehistoric-ankylosaurus__09cacc6e89,/printables/cute/plushie-prehistoric-ankylosaurus-09cacc6e89,present,seasonal|detail|audience,Coloring Pages for Kids|Easy,audience/detail candidate lacks independent review
plushie__plushie-prehistoric-ankylosaurus-family__ab128ccabe,/printables/cute/plushie-prehistoric-ankylosaurus-family-ab128ccabe,present,seasonal|detail|audience,Coloring Pages for Kids|Easy,audience/detail candidate lacks independent review
plushie__plushie-prehistoric-brachiosaurus__35dc7192a9,/printables/animals/plushie-prehistoric-brachiosaurus-35dc7192a9,present,seasonal|detail|audience,Coloring Pages for Kids|Easy,audience/detail candidate lacks independent review
plushie__plushie-prehistoric-brachiosaurus-family__603f5c3652,/printables/animals/plushie-prehistoric-brachiosaurus-family-603f5c3652,present,seasonal|detail|audience,Coloring Pages for Kids|Easy,audience/detail candidate lacks independent review
plushie__plushie-prehistoric-diplodocus__aba0073854,/printables/animals/plushie-prehistoric-diplodocus-aba0073854,present,seasonal|detail|audience,Coloring Pages for Kids|Easy,audience/detail candidate lacks independent review
plushie__plushie-prehistoric-diplodocus-family__b058376ac2,/printables/animals/plushie-prehistoric-diplodocus-family-b058376ac2,present,seasonal|detail|audience,Coloring Pages for Kids|Easy,audience/detail candidate lacks independent review
plushie__plushie-prehistoric-dodo__5dab4996f4,/printables/cute/plushie-prehistoric-dodo-5dab4996f4,present,seasonal|detail|audience,Coloring Pages for Kids|Easy,audience/detail candidate lacks independent review
plushie__plushie-prehistoric-dodo-family__b9c90d1a10,/printables/cute/plushie-prehistoric-dodo-family-b9c90d1a10,present,seasonal|detail|audience,Coloring Pages for Kids|Easy,audience/detail candidate lacks independent review
plushie__plushie-prehistoric-glyptodon__280cd7084f,/printables/cute/plushie-prehistoric-glyptodon-280cd7084f,present,seasonal|detail|audience,Coloring Pages for Kids|Easy,audience/detail candidate lacks independent review
plushie__plushie-prehistoric-glyptodon-family__ca8232933c,/printables/cute/plushie-prehistoric-glyptodon-family-ca8232933c,present,seasonal|detail|audience,Coloring Pages for Kids|Easy,audience/detail candidate lacks independent review
plushie__plushie-prehistoric-iguanodon__e7b84e5ffd,/printables/cute/plushie-prehistoric-iguanodon-e7b84e5ffd,present,seasonal|detail|audience,Coloring Pages for Kids|Easy,audience/detail candidate lacks independent review
plushie__plushie-prehistoric-iguanodon-family__c4187c932f,/printables/cute/plushie-prehistoric-iguanodon-family-c4187c932f,present,seasonal|detail|audience,Coloring Pages for Kids|Easy,audience/detail candidate lacks independent review
plushie__plushie-prehistoric-kitty-family__308e9dc567,/printables/animals/plushie-prehistoric-kitty-family-308e9dc567,present,seasonal|detail|audience,Coloring Pages for Kids|Easy,audience/detail candidate lacks independent review
plushie__plushie-prehistoric-land-shark-family__7271437a5c,/printables/animals/plushie-prehistoric-land-shark-family-7271437a5c,present,seasonal|detail|audience,Coloring Pages for Kids|Easy,audience/detail candidate lacks independent review
plushie__plushie-prehistoric-megalodon__da9c4f6e78,/printables/cute/plushie-prehistoric-megalodon-da9c4f6e78,present,seasonal|detail|audience,Coloring Pages for Kids|Easy,audience/detail candidate lacks independent review
plushie__plushie-prehistoric-megalodon-family__95304a8f2d,/printables/cute/plushie-prehistoric-megalodon-family-95304a8f2d,present,seasonal|detail|audience,Coloring Pages for Kids|Easy,audience/detail candidate lacks independent review
plushie__plushie-prehistoric-mosasaurus__01b25e6877,/printables/cute/plushie-prehistoric-mosasaurus-01b25e6877,present,seasonal|detail|audience,Coloring Pages for Kids|Easy,audience/detail candidate lacks independent review
plushie__plushie-prehistoric-mosasaurus-family__2e21ed9326,/printables/cute/plushie-prehistoric-mosasaurus-family-2e21ed9326,present,seasonal|detail|audience,Coloring Pages for Kids|Easy,audience/detail candidate lacks independent review
plushie__plushie-prehistoric-plesiosaurus__647139d0a1,/printables/cute/plushie-prehistoric-plesiosaurus-647139d0a1,present,seasonal|detail|audience,Coloring Pages for Kids|Easy,audience/detail candidate lacks independent review
plushie__plushie-prehistoric-plesiosaurus-family__e72b02f5ea,/printables/cute/plushie-prehistoric-plesiosaurus-family-e72b02f5ea,present,seasonal|detail|audience,Coloring Pages for Kids|Easy,audience/detail candidate lacks independent review
plushie__plushie-prehistoric-pterodactyl__02b477d371,/printables/cute/plushie-prehistoric-pterodactyl-02b477d371,present,seasonal|detail|audience,Coloring Pages for Kids|Easy,audience/detail candidate lacks independent review
plushie__plushie-prehistoric-pterodactyl-family__60e25e5c60,/printables/cute/plushie-prehistoric-pterodactyl-family-60e25e5c60,present,seasonal|detail|audience,Coloring Pages for Kids|Easy,audience/detail candidate lacks independent review
plushie__plushie-prehistoric-saber-toothed-tiger__2e07a63ef0,/printables/animals/plushie-prehistoric-saber-toothed-tiger-2e07a63ef0,present,seasonal|detail|audience,Coloring Pages for Kids|Easy,audience/detail candidate lacks independent review
plushie__plushie-prehistoric-saber-toothed-tiger-family__9c58c3125b,/printables/animals/plushie-prehistoric-saber-toothed-tiger-family-9c58c3125b,present,seasonal|detail|audience,Coloring Pages for Kids|Easy,audience/detail candidate lacks independent review
plushie__plushie-prehistoric-stegosaurus__506a221408,/printables/animals/plushie-prehistoric-stegosaurus-506a221408,present,seasonal|detail|audience,Coloring Pages for Kids|Easy,audience/detail candidate lacks independent review
plushie__plushie-prehistoric-stegosaurus-family__60411a9819,/printables/animals/plushie-prehistoric-stegosaurus-family-60411a9819,present,seasonal|detail|audience,Coloring Pages for Kids|Easy,audience/detail candidate lacks independent review
plushie__plushie-prehistoric-triceratops__cfbd98566a,/printables/animals/plushie-prehistoric-triceratops-cfbd98566a,present,seasonal|detail|audience,Coloring Pages for Kids|Easy,audience/detail candidate lacks independent review
plushie__plushie-prehistoric-triceratops-family__8c943d7b8a,/printables/animals/plushie-prehistoric-triceratops-family-8c943d7b8a,present,seasonal|detail|audience,Coloring Pages for Kids|Easy,audience/detail candidate lacks independent review
plushie__plushie-prehistoric-tyrannosaurus-rex__b45810534e,/printables/animals/plushie-prehistoric-tyrannosaurus-rex-b45810534e,present,seasonal|detail|audience,Coloring Pages for Kids|Easy,audience/detail candidate lacks independent review
plushie__plushie-prehistoric-tyrannosaurus-rex-family__201a927475,/printables/animals/plushie-prehistoric-tyrannosaurus-rex-family-201a927475,present,seasonal|detail|audience,Coloring Pages for Kids|Easy,audience/detail candidate lacks independent review
plushie__plushie-prehistoric-velociraptor__0c65e87c0b,/printables/animals/plushie-prehistoric-velociraptor-0c65e87c0b,present,seasonal|detail|audience,Coloring Pages for Kids|Easy,audience/detail candidate lacks independent review
plushie__plushie-prehistoric-velociraptor-family__a55479f748,/printables/animals/plushie-prehistoric-velociraptor-family-a55479f748,present,seasonal|detail|audience,Coloring Pages for Kids|Easy,audience/detail candidate lacks independent review
plushie__plushie-prehistoric-woolly-mammoth__1aa7408597,/printables/animals/plushie-prehistoric-woolly-mammoth-1aa7408597,present,seasonal|detail|audience,Coloring Pages for Kids|Easy,audience/detail candidate lacks independent review
plushie__plushie-prehistoric-woolly-mammoth-family__c18df365d4,/printables/animals/plushie-prehistoric-woolly-mammoth-family-c18df365d4,present,seasonal|detail|audience,Coloring Pages for Kids|Easy,audience/detail candidate lacks independent review
plushie__plushie-pufferfish__c2579cf839,/printables/cute/plushie-pufferfish-c2579cf839,present,seasonal|detail|audience,Coloring Pages for Kids|Easy,audience/detail candidate lacks independent review
plushie__plushie-pufferfish-family__6cdb3e4538,/printables/cute/plushie-pufferfish-family-6cdb3e4538,present,seasonal|detail|audience,Coloring Pages for Kids|Easy,audience/detail candidate lacks independent review
plushie__plushie-puppy-dog__4a35ced072,/printables/animals/plushie-puppy-dog-4a35ced072,present,seasonal|detail|audience,Coloring Pages for Kids|Easy,audience/detail candidate lacks independent review
plushie__plushie-puppy-dog-family__7b2724d55e,/printables/animals/plushie-puppy-dog-family-7b2724d55e,present,seasonal|detail|audience,Coloring Pages for Kids|Easy,audience/detail candidate lacks independent review
plushie__plushie-raccoon__74ddc5de14,/printables/cute/plushie-raccoon-74ddc5de14,present,seasonal|detail|audience,Coloring Pages for Kids|Easy,audience/detail candidate lacks independent review
plushie__plushie-raccoon-family__3e24e9c80f,/printables/cute/plushie-raccoon-family-3e24e9c80f,present,seasonal|detail|audience,Coloring Pages for Kids|Easy,audience/detail candidate lacks independent review
plushie__plushie-rat__44e71c01f2,/printables/cute/plushie-rat-44e71c01f2,present,seasonal|detail|audience,Coloring Pages for Kids|Easy,audience/detail candidate lacks independent review
plushie__plushie-red-panda__a34b59be5b,/printables/cute/plushie-red-panda-a34b59be5b,present,seasonal|detail|audience,Coloring Pages for Kids|Easy,audience/detail candidate lacks independent review
plushie__plushie-red-panda-family__d559c6eb62,/printables/cute/plushie-red-panda-family-d559c6eb62,present,seasonal|detail|audience,Coloring Pages for Kids|Easy,audience/detail candidate lacks independent review
plushie__plushie-reindeer__16c9ff7ddf,/printables/cute/plushie-reindeer-16c9ff7ddf,present,seasonal|detail|audience,Coloring Pages for Kids|Easy,audience/detail candidate lacks independent review
plushie__plushie-reindeer-family__4c1ed39dc2,/printables/cute/plushie-reindeer-family-4c1ed39dc2,present,seasonal|detail|audience,Coloring Pages for Kids|Easy,audience/detail candidate lacks independent review
plushie__plushie-robot__03bc6c06ce,/printables/cute/plushie-robot-03bc6c06ce,present,seasonal|detail|audience,Coloring Pages for Kids|Easy,audience/detail candidate lacks independent review
plushie__plushie-robot-family__39a52a2d15,/printables/cute/plushie-robot-family-39a52a2d15,present,seasonal|detail|audience,Coloring Pages for Kids|Easy,audience/detail candidate lacks independent review
plushie__plushie-rodent__5d0d6fd8f9,/printables/cute/plushie-rodent-5d0d6fd8f9,present,seasonal|detail|audience,Coloring Pages for Kids|Easy,audience/detail candidate lacks independent review
plushie__plushie-rooster__9249cc68cf,/printables/cute/plushie-rooster-9249cc68cf,present,seasonal|detail|audience,Coloring Pages for Kids|Easy,audience/detail candidate lacks independent review
plushie__plushie-rooster-family__272a2022e4,/printables/cute/plushie-rooster-family-272a2022e4,present,seasonal|detail|audience,Coloring Pages for Kids|Easy,audience/detail candidate lacks independent review
plushie__plushie-salamander__f2220a8ebd,/printables/cute/plushie-salamander-f2220a8ebd,present,seasonal|detail|audience,Coloring Pages for Kids|Easy,audience/detail candidate lacks independent review
plushie__plushie-salamander-family__1224496b8d,/printables/cute/plushie-salamander-family-1224496b8d,present,seasonal|detail|audience,Coloring Pages for Kids|Easy,audience/detail candidate lacks independent review
plushie__plushie-sea-anemone__bcd201c1d4,/printables/cute/plushie-sea-anemone-bcd201c1d4,present,seasonal|detail|audience,Coloring Pages for Kids|Easy,audience/detail candidate lacks independent review
plushie__plushie-sea-anemone-family__10812fde5d,/printables/cute/plushie-sea-anemone-family-10812fde5d,present,seasonal|detail|audience,Coloring Pages for Kids|Easy,audience/detail candidate lacks independent review
plushie__plushie-sea-lion__a6e77f19e5,/printables/cute/plushie-sea-lion-a6e77f19e5,present,seasonal|detail|audience,Coloring Pages for Kids|Easy,audience/detail candidate lacks independent review
plushie__plushie-sea-lion-family__81df1e34ad,/printables/cute/plushie-sea-lion-family-81df1e34ad,present,seasonal|detail|audience,Coloring Pages for Kids|Easy,audience/detail candidate lacks independent review
plushie__plushie-sea-otter__996eb2521d,/printables/cute/plushie-sea-otter-996eb2521d,present,seasonal|detail|audience,Coloring Pages for Kids|Easy,audience/detail candidate lacks independent review
plushie__plushie-sea-otter-family__027090413c,/printables/cute/plushie-sea-otter-family-027090413c,present,seasonal|detail|audience,Coloring Pages for Kids|Easy,audience/detail candidate lacks independent review
plushie__plushie-sea-turtle-family__e655d6bab9,/printables/animals/plushie-sea-turtle-family-e655d6bab9,present,seasonal|detail|audience,Coloring Pages for Kids|Easy,audience/detail candidate lacks independent review
plushie__plushie-sea-turtle-hatchling__69a0b0d361,/printables/animals/plushie-sea-turtle-hatchling-69a0b0d361,present,seasonal|detail|audience,Coloring Pages for Kids|Easy,audience/detail candidate lacks independent review
plushie__plushie-sea-urchin__dd4bdf5211,/printables/cute/plushie-sea-urchin-dd4bdf5211,present,seasonal|detail|audience,Coloring Pages for Kids|Easy,audience/detail candidate lacks independent review
plushie__plushie-sea-urchin-family__89585b5a33,/printables/cute/plushie-sea-urchin-family-89585b5a33,present,seasonal|detail|audience,Coloring Pages for Kids|Easy,audience/detail candidate lacks independent review
plushie__plushie-seahorse__4daf84c30b,/printables/cute/plushie-seahorse-4daf84c30b,present,seasonal|detail|audience,Coloring Pages for Kids|Easy,audience/detail candidate lacks independent review
plushie__plushie-seahorse-family__7e2cacb571,/printables/cute/plushie-seahorse-family-7e2cacb571,present,seasonal|detail|audience,Coloring Pages for Kids|Easy,audience/detail candidate lacks independent review
plushie__plushie-seal__b5cf0a7c25,/printables/cute/plushie-seal-b5cf0a7c25,present,seasonal|detail|audience,Coloring Pages for Kids|Easy,audience/detail candidate lacks independent review
plushie__plushie-seal-family__e4bf0b32d1,/printables/cute/plushie-seal-family-e4bf0b32d1,present,seasonal|detail|audience,Coloring Pages for Kids|Easy,audience/detail candidate lacks independent review
plushie__plushie-skunk__b9e524ff05,/printables/cute/plushie-skunk-b9e524ff05,present,seasonal|detail|audience,Coloring Pages for Kids|Easy,audience/detail candidate lacks independent review
plushie__plushie-skunk-family__944dcc772e,/printables/cute/plushie-skunk-family-944dcc772e,present,seasonal|detail|audience,Coloring Pages for Kids|Easy,audience/detail candidate lacks independent review
plushie__plushie-sloth__1724cb28fc,/printables/cute/plushie-sloth-1724cb28fc,present,seasonal|detail|audience,Coloring Pages for Kids|Easy,audience/detail candidate lacks independent review
plushie__plushie-sloth-baby__42878ec95b,/printables/cute/plushie-sloth-baby-42878ec95b,present,seasonal|detail|audience,Coloring Pages for Kids|Easy,audience/detail candidate lacks independent review
plushie__plushie-sloth-baby-family__2c71ec5f6c,/printables/cute/plushie-sloth-baby-family-2c71ec5f6c,present,seasonal|detail|audience,Coloring Pages for Kids|Easy,audience/detail candidate lacks independent review
plushie__plushie-sloth-family__ea4091da6f,/printables/cute/plushie-sloth-family-ea4091da6f,present,seasonal|detail|audience,Coloring Pages for Kids|Easy,audience/detail candidate lacks independent review
plushie__plushie-snail__cf8f83323b,/printables/cute/plushie-snail-cf8f83323b,present,seasonal|detail|audience,Coloring Pages for Kids|Easy,audience/detail candidate lacks independent review
plushie__plushie-snail-family__62d6d7a905,/printables/cute/plushie-snail-family-62d6d7a905,present,seasonal|detail|audience,Coloring Pages for Kids|Easy,audience/detail candidate lacks independent review
plushie__plushie-snake__3411115798,/printables/animals/plushie-snake-3411115798,present,seasonal|detail|audience,Coloring Pages for Kids|Easy,audience/detail candidate lacks independent review
plushie__plushie-snake-family__e6f58b4c7c,/printables/animals/plushie-snake-family-e6f58b4c7c,present,seasonal|detail|audience,Coloring Pages for Kids|Easy,audience/detail candidate lacks independent review
plushie__plushie-snow-leopard__1278ce67e3,/printables/cute/plushie-snow-leopard-1278ce67e3,present,seasonal|detail|audience,Coloring Pages for Kids|Easy,audience/detail candidate lacks independent review
plushie__plushie-snow-leopard-family__7fbcd334ee,/printables/cute/plushie-snow-leopard-family-7fbcd334ee,present,seasonal|detail|audience,Coloring Pages for Kids|Easy,audience/detail candidate lacks independent review
plushie__plushie-squirrel__c0815d6787,/printables/cute/plushie-squirrel-c0815d6787,present,seasonal|detail|audience,Coloring Pages for Kids|Easy,audience/detail candidate lacks independent review
plushie__plushie-squirrel-family__232e8cf9d8,/printables/cute/plushie-squirrel-family-232e8cf9d8,present,seasonal|detail|audience,Coloring Pages for Kids|Easy,audience/detail candidate lacks independent review
plushie__plushie-star-character__a83668c989,/printables/cute/plushie-star-character-a83668c989,present,seasonal|detail|audience,Coloring Pages for Kids|Easy,audience/detail candidate lacks independent review
plushie__plushie-star-family__e2b4662931,/printables/cute/plushie-star-family-e2b4662931,present,seasonal|detail|audience,Coloring Pages for Kids|Easy,audience/detail candidate lacks independent review
plushie__plushie-starfish__42c6fc6c27,/printables/cute/plushie-starfish-42c6fc6c27,present,seasonal|detail|audience,Coloring Pages for Kids|Easy,audience/detail candidate lacks independent review
plushie__plushie-starfish-family__59247c484b,/printables/cute/plushie-starfish-family-59247c484b,present,seasonal|detail|audience,Coloring Pages for Kids|Easy,audience/detail candidate lacks independent review
plushie__plushie-sun-character__f6fc59a422,/printables/cute/plushie-sun-character-f6fc59a422,present,seasonal|detail|audience,Coloring Pages for Kids|Easy,audience/detail candidate lacks independent review
plushie__plushie-swan__22f056c840,/printables/cute/plushie-swan-22f056c840,present,seasonal|detail|audience,Coloring Pages for Kids|Easy,audience/detail candidate lacks independent review
plushie__plushie-swan-family__ef035606f5,/printables/cute/plushie-swan-family-ef035606f5,present,seasonal|detail|audience,Coloring Pages for Kids|Easy,audience/detail candidate lacks independent review
plushie__plushie-tapir__d80925c84e,/printables/cute/plushie-tapir-d80925c84e,present,seasonal|detail|audience,Coloring Pages for Kids|Easy,audience/detail candidate lacks independent review
plushie__plushie-tapir-family__75a02aa33b,/printables/cute/plushie-tapir-family-75a02aa33b,present,seasonal|detail|audience,Coloring Pages for Kids|Easy,audience/detail candidate lacks independent review
plushie__plushie-teddy-bear__6ff12516dd,/printables/bears/plushie-teddy-bear-6ff12516dd,present,seasonal|detail|audience,Coloring Pages for Kids|Easy,audience/detail candidate lacks independent review
plushie__plushie-teddy-bear-family__6558929238,/printables/bears/plushie-teddy-bear-family-6558929238,present,seasonal|detail|audience,Coloring Pages for Kids|Easy,audience/detail candidate lacks independent review
plushie__plushie-the-flamingo-family__62cbe3995c,/printables/cute/plushie-the-flamingo-family-62cbe3995c,present,seasonal|detail|audience,Coloring Pages for Kids|Easy,audience/detail candidate lacks independent review
plushie__plushie-tiger__143d528817,/printables/cute/plushie-tiger-143d528817,present,seasonal|detail|audience,Coloring Pages for Kids|Easy,audience/detail candidate lacks independent review
plushie__plushie-tiger-family__ced40e6c26,/printables/cute/plushie-tiger-family-ced40e6c26,present,seasonal|detail|audience,Coloring Pages for Kids|Easy,audience/detail candidate lacks independent review
plushie__plushie-tortoise__3b16b42013,/printables/cute/plushie-tortoise-3b16b42013,present,seasonal|detail|audience,Coloring Pages for Kids|Easy,audience/detail candidate lacks independent review
plushie__plushie-tortoise-family__a1cd5f2358,/printables/cute/plushie-tortoise-family-a1cd5f2358,present,seasonal|detail|audience,Coloring Pages for Kids|Easy,audience/detail candidate lacks independent review
plushie__plushie-toucan__b45bb8c059,/printables/cute/plushie-toucan-b45bb8c059,present,seasonal|detail|audience,Coloring Pages for Kids|Easy,audience/detail candidate lacks independent review
plushie__plushie-toucan-family__f030fca00c,/printables/cute/plushie-toucan-family-f030fca00c,present,seasonal|detail|audience,Coloring Pages for Kids|Easy,audience/detail candidate lacks independent review
plushie__plushie-trash-panda-raccoon-family__58d43c336d,/printables/cute/plushie-trash-panda-raccoon-family-58d43c336d,present,seasonal|detail|audience,Coloring Pages for Kids|Easy,audience/detail candidate lacks independent review
plushie__plushie-turkey__3420e71353,/printables/cute/plushie-turkey-3420e71353,present,seasonal|detail|audience,Coloring Pages for Kids|Easy,audience/detail candidate lacks independent review
plushie__plushie-turkey-family__060468d2bd,/printables/cute/plushie-turkey-family-060468d2bd,present,seasonal|detail|audience,Coloring Pages for Kids|Easy,audience/detail candidate lacks independent review
plushie__plushie-turkey-farmer-family__c7e1ada1e2,/printables/cute/plushie-turkey-farmer-family-c7e1ada1e2,present,seasonal|detail|audience,Coloring Pages for Kids|Easy,audience/detail candidate lacks independent review
plushie__plushie-turtle__e4e0e8b947,/printables/animals/plushie-turtle-e4e0e8b947,present,seasonal|detail|audience,Coloring Pages for Kids|Easy,audience/detail candidate lacks independent review
plushie__plushie-turtle-duck__21f3bf6ed3,/printables/animals/plushie-turtle-duck-21f3bf6ed3,present,seasonal|detail|audience,Coloring Pages for Kids|Easy,audience/detail candidate lacks independent review
plushie__plushie-turtle-family__5d1944745c,/printables/animals/plushie-turtle-family-5d1944745c,present,seasonal|detail|audience,Coloring Pages for Kids|Easy,audience/detail candidate lacks independent review
plushie__plushie-unicorn__1d3fec1967,/printables/cute/plushie-unicorn-1d3fec1967,present,seasonal|detail|audience,Coloring Pages for Kids|Easy,audience/detail candidate lacks independent review
plushie__plushie-unicorn-family__52ffbc1328,/printables/cute/plushie-unicorn-family-52ffbc1328,present,seasonal|detail|audience,Coloring Pages for Kids|Easy,audience/detail candidate lacks independent review
plushie__plushie-walrus__6e11d6bad1,/printables/cute/plushie-walrus-6e11d6bad1,present,seasonal|detail|audience,Coloring Pages for Kids|Easy,audience/detail candidate lacks independent review
plushie__plushie-walrus-family__b2366b6c50,/printables/cute/plushie-walrus-family-b2366b6c50,present,seasonal|detail|audience,Coloring Pages for Kids|Easy,audience/detail candidate lacks independent review
plushie__plushie-whale__a231dbfc5f,/printables/animals/plushie-whale-a231dbfc5f,present,seasonal|detail|audience,Coloring Pages for Kids|Easy,audience/detail candidate lacks independent review
plushie__plushie-whale-family__5619df441a,/printables/animals/plushie-whale-family-5619df441a,present,seasonal|detail|audience,Coloring Pages for Kids|Easy,audience/detail candidate lacks independent review
plushie__plushie-winged-pegasus__685ae5ed40,/printables/cute/plushie-winged-pegasus-685ae5ed40,present,seasonal|detail|audience,Coloring Pages for Kids|Easy,audience/detail candidate lacks independent review
plushie__plushie-witch-cat__bcbee96e9b,/printables/animals/plushie-witch-cat-bcbee96e9b,present,seasonal|detail|audience,Coloring Pages for Kids|Easy,audience/detail candidate lacks independent review
plushie__plushie-wolf__524607a857,/printables/cute/plushie-wolf-524607a857,present,seasonal|detail|audience,Coloring Pages for Kids|Easy,audience/detail candidate lacks independent review
plushie__plushie-wolf-family__2b579a1ced,/printables/cute/plushie-wolf-family-2b579a1ced,present,seasonal|detail|audience,Coloring Pages for Kids|Easy,audience/detail candidate lacks independent review
plushie__plushie-wolverine__3a46b5d777,/printables/cute/plushie-wolverine-3a46b5d777,present,seasonal|detail|audience,Coloring Pages for Kids|Easy,audience/detail candidate lacks independent review
plushie__plushie-wolverine-family__14cdcafdfc,/printables/cute/plushie-wolverine-family-14cdcafdfc,present,seasonal|detail|audience,Coloring Pages for Kids|Easy,audience/detail candidate lacks independent review
plushie__plushie-yak__e5eb8e9e0b,/printables/cute/plushie-yak-e5eb8e9e0b,present,seasonal|detail|audience,Coloring Pages for Kids|Easy,audience/detail candidate lacks independent review
plushie__plushie-yak-family__275c7022ab,/printables/cute/plushie-yak-family-275c7022ab,present,seasonal|detail|audience,Coloring Pages for Kids|Easy,audience/detail candidate lacks independent review
plushie__plushie-yeti__e7815d65c4,/printables/cute/plushie-yeti-e7815d65c4,present,seasonal|detail|audience,Coloring Pages for Kids|Easy,audience/detail candidate lacks independent review
plushie__plushie-yeti-family__c37f4bfdec,/printables/cute/plushie-yeti-family-c37f4bfdec,present,seasonal|detail|audience,Coloring Pages for Kids|Easy,audience/detail candidate lacks independent review
plushie__plushie-zebra__596540fe40,/printables/cute/plushie-zebra-596540fe40,present,seasonal|detail|audience,Coloring Pages for Kids|Easy,audience/detail candidate lacks independent review
plushie__plushie-zebra-family__873d8b8bee,/printables/cute/plushie-zebra-family-873d8b8bee,present,seasonal|detail|audience,Coloring Pages for Kids|Easy,audience/detail candidate lacks independent review
reptiles__reptiles-cute-bearded-dragon__5e8e228ece,/printables/animals/reptiles-cute-bearded-dragon-5e8e228ece,present,style|seasonal|detail|audience,Coloring Pages for Kids|Easy,audience/detail candidate lacks independent review
reptiles__reptiles-cute-crocodile__10549a3825,/printables/animals/reptiles-cute-crocodile-10549a3825,present,style|seasonal|detail|audience,Coloring Pages for Kids|Easy,audience/detail candidate lacks independent review
sea-life__sea-life-cartoon-sea-shell__8da9465263,/printables/animals/sea-life-cartoon-sea-shell-8da9465263,present,style|seasonal|detail|audience,Coloring Pages for Kids|Easy,audience/detail candidate lacks independent review
sea-life__sea-life-cartoon-sea-urchin__b67b36c318,/printables/animals/sea-life-cartoon-sea-urchin-b67b36c318,present,style|seasonal|detail|audience,Coloring Pages for Kids|Easy,audience/detail candidate lacks independent review
st-patricks-day__st-patricks-day-celtic-knot-mandala-pattern-coloring-page__46e5c80f77,/printables/detailed-for-adults/st-patricks-day-celtic-knot-mandala-pattern-46e5c80f77,present,primary_subject|detail|audience,Detailed Coloring Pages for Adults|Detailed Coloring Pages for Adults,audience/detail candidate lacks independent review
st-patricks-day__st-patricks-day-irish-harp-with-shamrocks-coloring-page__118da3d1f5,/printables/holidays/st-patricks-day-irish-harp-with-shamrocks-118da3d1f5,omitted,primary_subject|style|detail|audience,,verified structured details are available but do not support additional prose
st-patricks-day__st-patricks-day-kids-dressed-as-leprechauns-coloring-page__fa10cf2184,/printables/holidays/st-patricks-day-kids-dressed-as-leprechauns-fa10cf2184,omitted,primary_subject|style|detail|audience,,verified structured details are available but do not support additional prose
st-patricks-day__st-patricks-day-leprechaun-dancing-jig-coloring-page__24da6e22e3,/printables/holidays/st-patricks-day-leprechaun-dancing-jig-24da6e22e3,omitted,primary_subject|style|detail|audience,,verified structured details are available but do not support additional prose
st-patricks-day__st-patricks-day-leprechaun-holding-shamrock-coloring-page__f607fb59c7,/printables/holidays/st-patricks-day-leprechaun-holding-shamrock-f607fb59c7,omitted,primary_subject|style|detail|audience,,verified structured details are available but do not support additional prose
st-patricks-day__st-patricks-day-leprechaun-rainbow-and-gold-coloring-page__e0a5ebbce1,/printables/holidays/st-patricks-day-leprechaun-rainbow-and-gold-e0a5ebbce1,omitted,primary_subject|style|detail|audience,,verified structured details are available but do not support additional prose
st-patricks-day__st-patricks-day-leprechaun-with-pot-of-gold-coloring-page__3da829fc28,/printables/holidays/st-patricks-day-leprechaun-with-pot-of-gold-3da829fc28,omitted,primary_subject|style|detail|audience,,verified structured details are available but do not support additional prose
st-patricks-day__st-patricks-day-lucky-clover-field-landscape-coloring-page__606f1c9a7b,/printables/holidays/st-patricks-day-lucky-clover-field-landscape-606f1c9a7b,omitted,primary_subject|style|detail|audience,,verified structured details are available but do not support additional prose
st-patricks-day__st-patricks-day-lucky-gnome-holding-pot-of-gold-coloring-page__a4cb083c40,/printables/holidays/st-patricks-day-lucky-gnome-holding-pot-of-gold-a4cb083c40,omitted,primary_subject|style|detail|audience,,verified structured details are available but do not support additional prose
st-patricks-day__st-patricks-day-lucky-horseshoe-with-clovers-coloring-page__7c1f426b75,/printables/holidays/st-patricks-day-lucky-horseshoe-with-clovers-7c1f426b75,omitted,primary_subject|style|detail|audience,,verified structured details are available but do not support additional prose
st-patricks-day__st-patricks-day-pot-of-gold-guarded-by-leprechaun-coloring-page__0cac522f50,/printables/holidays/st-patricks-day-pot-of-gold-guarded-by-leprechaun-0cac522f50,omitted,primary_subject|style|detail|audience,,verified structured details are available but do not support additional prose
st-patricks-day__st-patricks-day-pot-of-gold-under-rainbow-coloring-page__1dad44bef5,/printables/holidays/st-patricks-day-pot-of-gold-under-rainbow-1dad44bef5,omitted,primary_subject|style|detail|audience,,verified structured details are available but do not support additional prose
st-patricks-day__st-patricks-day-puppy-wearing-leprechaun-hat-coloring-page__16a305e6b2,/printables/animals/st-patricks-day-puppy-wearing-leprechaun-hat-16a305e6b2,present,style|detail|audience,Coloring Pages for Kids,audience/detail candidate lacks independent review
st-patricks-day__st-patricks-day-rainbow-arch-with-gold-coins-coloring-page__b0dcaa0204,/printables/holidays/st-patricks-day-rainbow-arch-with-gold-coins-b0dcaa0204,omitted,primary_subject|style|detail|audience,,verified structured details are available but do not support additional prose
st-patricks-day__st-patricks-day-rainbow-over-green-hills-coloring-page__df165a35b6,/printables/holidays/st-patricks-day-rainbow-over-green-hills-df165a35b6,omitted,primary_subject|style|detail|audience,,verified structured details are available but do not support additional prose
st-patricks-day__st-patricks-day-shamrock-clover-pattern-coloring-page__ffa1652840,/printables/holidays/st-patricks-day-shamrock-clover-pattern-ffa1652840,omitted,primary_subject|style|detail|audience,,verified structured details are available but do not support additional prose
st-patricks-day__st-patricks-day-shamrock-mandala-pattern-coloring-page__8993f17565,/printables/detailed-for-adults/st-patricks-day-shamrock-mandala-pattern-8993f17565,present,primary_subject|detail|audience,Detailed Coloring Pages for Adults|Detailed Coloring Pages for Adults,audience/detail candidate lacks independent review
